Workbook
Name _10월_변동내역_메모_확인: #REF!
Name _Order1: 255
Name _Order2: 255
Name asd: #REF!
Name HTML_CodePage: 949
Name HTML_Control: {"'손익현황'!$A$1:$J$29"}
Name HTML_Description: ""
Name HTML_Email: ""
Name HTML_Header: "손익현황"
Name HTML_LastUpdate: "99-04-13"
Name HTML_LineAfter: FALSE
Name HTML_LineBefore: FALSE
Name HTML_Name: "윤찬영"
Name HTML_OBDlg2: TRUE
Name HTML_OBDlg4: TRUE
Name HTML_OS: 0
Name HTML_PathFile: "C:\d7100\MyHTML.htm"
Name HTML_Title: "결산요약보고3월"
Name MPLS: #REF!
Name MPLS2: #REF!
Name MPLSLine: #REF!
Name N_A: #REF!
Name O: #REF!
Name P: #REF!
Name PC: [1]목록!$T$7:$T$9
Name X: #REF!
Name 건물: {"'손익현황'!$A$1:$J$29"}
Name 건물임.: {"'손익현황'!$A$1:$J$29"}
Name 공: {"'손익현황'!$A$1:$J$29"}
Name 공구: {"'손익현황'!$A$1:$J$29"}
Name 공구기구: {"'손익현황'!$A$1:$J$29"}
Name 구: {"'손익현황'!$A$1:$J$29"}
Name 구축물: {"'손익현황'!$A$1:$J$29"}
Name 구축물임: {"'손익현황'!$A$1:$J$29"}
Name 기계장치: {"'손익현황'!$A$1:$J$29"}
Name 기술2팀: #REF!
Name 기준반영: #REF!
Name 네트워크: [1]목록!$R$7:$R$9
Name 담당자: [1]목록!$A$36:$A$66
Name 동의여부: #REF!
Name 보안시스템: [1]목록!$S$7:$S$10
Name ㅅㅅㅅ: {"'손익현황'!$A$1:$J$29"}
Name 서버: [1]목록!$Q$7:$Q$8
Name 적정성: #REF!
Name 종류: [1]목록!$P$7:$P$10
Name 차량운반구: {"'손익현황'!$A$1:$J$29"}
Name 훈: 255

Sheet 표지
F11: 45992

Sheet 자산목록
A1: ■ 자산목록
A3: No. | B3: 호스트명 | C3: IP | D3: 제조업체 | E3: 구분 | F3: 모델명 | G3: OS/SW | H3: 버전 | I3: 자산명/용도 | J3: 설치위치 | K3: 부서 | L3: 담당자 | M3: 비고 | N3: 자산 평가
N4: 기밀성 | O4: 무결성 | P4: 가용성 | Q4: 등급 | R4: 점수(Hidden)
A5: 1 | B5: WEB-HQ-Ubuntu | C5: 10.10.40.1 | G5: Ubuntu | H5: 24.04.2 LTS | I5: Web 서버 / 딩동독 서비스 | J5: 본사 DMZ망 | K5: 본사 개발팀 | L5: 김민준 | N5: 3 | O5: 3 | P5: 3 | Q5: =IF(R5>=7,"H",IF(R5>=5,"M","L")) -> H | R5: =SUM(N5:P5) -> 9
A6: 2 | B6: LOG_HQ_Rocky | C6: 10.10.40.3 | G6: Rocky | H6: 8.1 | I6: 본사 LOG 서버 | J6: 본사 DMZ망 | K6: 본사 개발팀 | L6: 이서연 | N6: 3 | O6: 3 | P6: 3 | Q6: =IF(R6>=7,"H",IF(R6>=5,"M","L")) -> H | R6: =SUM(N6:P6) -> 9
A7: 4 | B7: DB_HQ_Rocky | C7: 10.10.40.18 | G7: Rocky | H7: 8.1 | I7: 본사 DB 서버 | J7: 본사 서버망 | K7: 지사 개발팀 | L7: 박지훈 | N7: 3 | O7: 3 | P7: 3 | Q7: =IF(R7>=7,"H",IF(R7>=5,"M","L")) -> H | R7: =SUM(N7:P7) -> 9
A8: 4 | B8: BDB_HQ_Rocky | C8: 10.10.40.33 | G8: Rocky | H8: 8.1 | I8: DB 백업 서버 / 지사 DB 백업 | J8: 본사 백업망 | K8: 본사 개발팀 | L8: 이지훈 | N8: 3 | O8: 3 | P8: 3 | Q8: =IF(R8>=7,"H",IF(R8>=5,"M","L")) -> H | R8: =SUM(N8:P8) -> 9
A9: 5 | B9: BLOG_HQ_Rocky | C9: 10.10.40.34 | G9: Rocky | H9: 8.1 | I9: LOG 백업 서버 / 지사 LOG 백업 | J9: 본사 백업망 | K9: 지사 개발팀 | L9: 김승우 | N9: 3 | O9: 3 | P9: 3 | Q9: =IF(R9>=7,"H",IF(R9>=5,"M","L")) -> H | R9: =SUM(N9:P9) -> 9
A10: 6 | B10: PHP_BR_Rocky | C10: 10.200.40.1 | G10: Rocky | H10: 8.1 | I10: PHP 서버 / 딩동몰 서비스 | J10: 지사 DMZ망 | K10: 본사 개발팀 | L10: 강도윤 | N10: 3 | O10: 3 | P10: 3 | Q10: =IF(R10>=7,"H",IF(R10>=5,"M","L")) -> H | R10: =SUM(N10:P10) -> 9
A11: 7 | B11: LOG_BR_Rocky | C11: 10.200.40.3 | G11: Rocky | H11: 8.1 | I11: 지사 LOG 서버 | J11: 지사 DMZ망 | K11: 지사 개발팀 | L11: 조아린 | N11: 3 | O11: 3 | P11: 3 | Q11: =IF(R11>=7,"H",IF(R11>=5,"M","L")) -> H | R11: =SUM(N11:P11) -> 9
A12: 8 | B12: DB_BR_Rocky | C12: 10.200.40.18 | G12: Rocky | H12: 8.1 | I12: 지사 DB 서버 | J12: 지사 서버망 | K12: 본사 전산팀 | L12: 윤은우 | N12: 3 | O12: 3 | P12: 3 | Q12: =IF(R12>=7,"H",IF(R12>=5,"M","L")) -> H | R12: =SUM(N12:P12) -> 9
A13: 9 | B13: BDB_BR_Rocky | C13: 10.200.40.33 | G13: Rocky | H13: 8.1 | I13: DB 백업 서버 / 본사 DB 백업 | J13: 지사 백업망 | K13: 본사 전산팀 | L13: 장예나 | N13: 3 | O13: 3 | P13: 3 | Q13: =IF(R13>=7,"H",IF(R13>=5,"M","L")) -> H | R13: =SUM(N13:P13) -> 9
A14: 10 | B14: BLOG_BR_Rocky | C14: 10.200.40.34 | G14: Rocky | H14: 8.1 | I14: LOG 백업 서버 / 본사 LOG 백업 | J14: 지사 백업망 | K14: 본사 전산팀 | L14: 임시우 | N14: 3 | O14: 3 | P14: 3 | Q14: =IF(R14>=7,"H",IF(R14>=5,"M","L")) -> H | R14: =SUM(N14:P14) -> 9

Sheet parm(hidden)
B2: 1. 분류 Code
B3: Code
B4: Linux Server
B6: 2. 중요도, 자산등급, 위협도 점수
B7: 중요도 | C7: 점수
B8: H | C8: 3
B9: M | C9: 2
B10: L | C10: 1
B12: 3. 점검결과 점수
B13: 점검 결과 | C13: 점수
C14: 취약점 진단 | D14: 위험평가
B15: Y | C15: 1 | D15: 0
B16: N | C16: 0 | D16: 3 | F16: P | G16: 0.5 | H16: 0.5
B17: N/A | C17: 0 | D17: 0
B18: R/A | C18: 0 | D18: 0
B19: Y(즉시조치) | C19: 1 | D19: 0
B21: 4. DoA
B22: DoA
B23: 21
B25: 5. 자산등급 점수 범위 | F25: 8_2. 위험평가 방법론
B26: 위험 등급 | C26: 점수 범위
C27: 최저 | D27: 최고
B28: H | C28: 7 | D28: 9
B29: M | C29: 5 | D29: 6
B30: L | C30: 3 | D30: 4
B32: 6. 위협도 점수 범위
B33: 위험 등급 | C33: 점수 범위
C34: 최저 | D34: 최고
B35: H | C35: 5 | D35: 6
B36: M | C36: 4 | D36: 4
B37: L | C37: 2 | D37: 3
B39: 7. 위험도 점수 범위
B40: 위험 등급 | C40: 점수 범위
C41: 최저 | D41: 최고
B42: H | C42: =$B$23 -> 21 | D42: 30
B43: M | C43: 11 | D43: =$C$42-1 -> 20
B44: L | C44: 1 | D44: =$C$43-1 -> 10
B46: 8. 위험도 평가표
B47: 8_1. 위험도 평가표
B48: V' | C48: 보호대책 | D48: Y=0(보호대책 있음) | M48: N=1(보호대책 없음)
C49: 취약점(Vulnerability) | D49: L | G49: M | J49: H | M49: L | P49: M | S49: H
B50: 위협(Threats) | D50: L | E50: M | F50: H | G50: L | H50: M | I50: H | J50: L | K50: M | L50: H | M50: L | N50: M | O50: H | P50: L | Q50: M | R50: H | S50: L | T50: M | U50: H
B51: 자산 | C51: L | D51: =VLOOKUP($C51,$B$8:$C$10,2,FALSE)*(1+VLOOKUP($D$49,$B$8:$C$10,2,FALSE)*0*VLOOKUP(D$50,$B$8:$C$10,2,FALSE)) -> 1 | E51: =VLOOKUP($C51,$B$8:$C$10,2,FALSE)*(1+VLOOKUP($D$49,$B$8:$C$10,2,FALSE)*0*VLOOKUP(E$50,$B$8:$C$10,2,FALSE)) -> 1 | F51: =VLOOKUP($C51,$B$8:$C$10,2,FALSE)*(1+VLOOKUP($D$49,$B$8:$C$10,2,FALSE)*0*VLOOKUP(F$50,$B$8:$C$10,2,FALSE)) -> 1 | G51: =VLOOKUP($C51,$B$8:$C$10,2,FALSE)*(1+VLOOKUP($G$49,$B$8:$C$10,2,FALSE)*0*VLOOKUP(G$50,$B$8:$C$10,2,FALSE)) -> 1 | H51: =VLOOKUP($C51,$B$8:$C$10,2,FALSE)*(1+VLOOKUP($G$49,$B$8:$C$10,2,FALSE)*0*VLOOKUP(H$50,$B$8:$C$10,2,FALSE)) -> 1 | I51: =VLOOKUP($C51,$B$8:$C$10,2,FALSE)*(1+VLOOKUP($G$49,$B$8:$C$10,2,FALSE)*0*VLOOKUP(I$50,$B$8:$C$10,2,FALSE)) -> 1 | J51: =VLOOKUP($C51,$B$8:$C$10,2,FALSE)*(1+VLOOKUP($J$49,$B$8:$C$10,2,FALSE)*0*VLOOKUP(J$50,$B$8:$C$10,2,FALSE)) -> 1 | K51: =VLOOKUP($C51,$B$8:$C$10,2,FALSE)*(1+VLOOKUP($J$49,$B$8:$C$10,2,FALSE)*0*VLOOKUP(K$50,$B$8:$C$10,2,FALSE)) -> 1 | L51: =VLOOKUP($C51,$B$8:$C$10,2,FALSE)*(1+VLOOKUP($J$49,$B$8:$C$10,2,FALSE)*0*VLOOKUP(L$50,$B$8:$C$10,2,FALSE)) -> 1 | M51: =VLOOKUP($C51,$B$8:$C$10,2,FALSE)*(1+VLOOKUP($M$49,$B$8:$C$10,2,FALSE)*1*VLOOKUP(M$50,$B$8:$C$10,2,FALSE)) -> 2 | N51: =VLOOKUP($C51,$B$8:$C$10,2,FALSE)*(1+VLOOKUP($M$49,$B$8:$C$10,2,FALSE)*1*VLOOKUP(N$50,$B$8:$C$10,2,FALSE)) -> 3 | O51: =VLOOKUP($C51,$B$8:$C$10,2,FALSE)*(1+VLOOKUP($M$49,$B$8:$C$10,2,FALSE)*1*VLOOKUP(O$50,$B$8:$C$10,2,FALSE)) -> 4 | P51: =VLOOKUP($C51,$B$8:$C$10,2,FALSE)*(1+VLOOKUP($P$49,$B$8:$C$10,2,FALSE)*1*VLOOKUP(P$50,$B$8:$C$10,2,FALSE)) -> 3 | Q51: =VLOOKUP($C51,$B$8:$C$10,2,FALSE)*(1+VLOOKUP($P$49,$B$8:$C$10,2,FALSE)*1*VLOOKUP(Q$50,$B$8:$C$10,2,FALSE)) -> 5 | R51: =VLOOKUP($C51,$B$8:$C$10,2,FALSE)*(1+VLOOKUP($P$49,$B$8:$C$10,2,FALSE)*1*VLOOKUP(R$50,$B$8:$C$10,2,FALSE)) -> 7 | S51: =VLOOKUP($C51,$B$8:$C$10,2,FALSE)*(1+VLOOKUP($S$49,$B$8:$C$10,2,FALSE)*1*VLOOKUP(S$50,$B$8:$C$10,2,FALSE)) -> 4 | T51: =VLOOKUP($C51,$B$8:$C$10,2,FALSE)*(1+VLOOKUP($S$49,$B$8:$C$10,2,FALSE)*1*VLOOKUP(T$50,$B$8:$C$10,2,FALSE)) -> 7 | U51: =VLOOKUP($C51,$B$8:$C$10,2,FALSE)*(1+VLOOKUP($S$49,$B$8:$C$10,2,FALSE)*1*VLOOKUP(U$50,$B$8:$C$10,2,FALSE)) -> 10
C52: M | D52: =VLOOKUP($C52,$B$8:$C$10,2,FALSE)*(1+VLOOKUP($D$49,$B$8:$C$10,2,FALSE)*0*VLOOKUP(D$50,$B$8:$C$10,2,FALSE)) -> 2 | E52: =VLOOKUP($C52,$B$8:$C$10,2,FALSE)*(1+VLOOKUP($D$49,$B$8:$C$10,2,FALSE)*0*VLOOKUP(E$50,$B$8:$C$10,2,FALSE)) -> 2 | F52: =VLOOKUP($C52,$B$8:$C$10,2,FALSE)*(1+VLOOKUP($D$49,$B$8:$C$10,2,FALSE)*0*VLOOKUP(F$50,$B$8:$C$10,2,FALSE)) -> 2 | G52: =VLOOKUP($C52,$B$8:$C$10,2,FALSE)*(1+VLOOKUP($G$49,$B$8:$C$10,2,FALSE)*0*VLOOKUP(G$50,$B$8:$C$10,2,FALSE)) -> 2 | H52: =VLOOKUP($C52,$B$8:$C$10,2,FALSE)*(1+VLOOKUP($G$49,$B$8:$C$10,2,FALSE)*0*VLOOKUP(H$50,$B$8:$C$10,2,FALSE)) -> 2 | I52: =VLOOKUP($C52,$B$8:$C$10,2,FALSE)*(1+VLOOKUP($G$49,$B$8:$C$10,2,FALSE)*0*VLOOKUP(I$50,$B$8:$C$10,2,FALSE)) -> 2 | J52: =VLOOKUP($C52,$B$8:$C$10,2,FALSE)*(1+VLOOKUP($J$49,$B$8:$C$10,2,FALSE)*0*VLOOKUP(J$50,$B$8:$C$10,2,FALSE)) -> 2 | K52: =VLOOKUP($C52,$B$8:$C$10,2,FALSE)*(1+VLOOKUP($J$49,$B$8:$C$10,2,FALSE)*0*VLOOKUP(K$50,$B$8:$C$10,2,FALSE)) -> 2 | L52: =VLOOKUP($C52,$B$8:$C$10,2,FALSE)*(1+VLOOKUP($J$49,$B$8:$C$10,2,FALSE)*0*VLOOKUP(L$50,$B$8:$C$10,2,FALSE)) -> 2 | M52: =VLOOKUP($C52,$B$8:$C$10,2,FALSE)*(1+VLOOKUP($M$49,$B$8:$C$10,2,FALSE)*1*VLOOKUP(M$50,$B$8:$C$10,2,FALSE)) -> 4 | N52: =VLOOKUP($C52,$B$8:$C$10,2,FALSE)*(1+VLOOKUP($M$49,$B$8:$C$10,2,FALSE)*1*VLOOKUP(N$50,$B$8:$C$10,2,FALSE)) -> 6 | O52: =VLOOKUP($C52,$B$8:$C$10,2,FALSE)*(1+VLOOKUP($M$49,$B$8:$C$10,2,FALSE)*1*VLOOKUP(O$50,$B$8:$C$10,2,FALSE)) -> 8 | P52: =VLOOKUP($C52,$B$8:$C$10,2,FALSE)*(1+VLOOKUP($P$49,$B$8:$C$10,2,FALSE)*1*VLOOKUP(P$50,$B$8:$C$10,2,FALSE)) -> 6 | Q52: =VLOOKUP($C52,$B$8:$C$10,2,FALSE)*(1+VLOOKUP($P$49,$B$8:$C$10,2,FALSE)*1*VLOOKUP(Q$50,$B$8:$C$10,2,FALSE)) -> 10 | R52: =VLOOKUP($C52,$B$8:$C$10,2,FALSE)*(1+VLOOKUP($P$49,$B$8:$C$10,2,FALSE)*1*VLOOKUP(R$50,$B$8:$C$10,2,FALSE)) -> 14 | S52: =VLOOKUP($C52,$B$8:$C$10,2,FALSE)*(1+VLOOKUP($S$49,$B$8:$C$10,2,FALSE)*1*VLOOKUP(S$50,$B$8:$C$10,2,FALSE)) -> 8 | T52: =VLOOKUP($C52,$B$8:$C$10,2,FALSE)*(1+VLOOKUP($S$49,$B$8:$C$10,2,FALSE)*1*VLOOKUP(T$50,$B$8:$C$10,2,FALSE)) -> 14 | U52: =VLOOKUP($C52,$B$8:$C$10,2,FALSE)*(1+VLOOKUP($S$49,$B$8:$C$10,2,FALSE)*1*VLOOKUP(U$50,$B$8:$C$10,2,FALSE)) -> 20
C53: H | D53: =VLOOKUP($C53,$B$8:$C$10,2,FALSE)*(1+VLOOKUP($D$49,$B$8:$C$10,2,FALSE)*0*VLOOKUP(D$50,$B$8:$C$10,2,FALSE)) -> 3 | E53: =VLOOKUP($C53,$B$8:$C$10,2,FALSE)*(1+VLOOKUP($D$49,$B$8:$C$10,2,FALSE)*0*VLOOKUP(E$50,$B$8:$C$10,2,FALSE)) -> 3 | F53: =VLOOKUP($C53,$B$8:$C$10,2,FALSE)*(1+VLOOKUP($D$49,$B$8:$C$10,2,FALSE)*0*VLOOKUP(F$50,$B$8:$C$10,2,FALSE)) -> 3 | G53: =VLOOKUP($C53,$B$8:$C$10,2,FALSE)*(1+VLOOKUP($G$49,$B$8:$C$10,2,FALSE)*0*VLOOKUP(G$50,$B$8:$C$10,2,FALSE)) -> 3 | H53: =VLOOKUP($C53,$B$8:$C$10,2,FALSE)*(1+VLOOKUP($G$49,$B$8:$C$10,2,FALSE)*0*VLOOKUP(H$50,$B$8:$C$10,2,FALSE)) -> 3 | I53: =VLOOKUP($C53,$B$8:$C$10,2,FALSE)*(1+VLOOKUP($G$49,$B$8:$C$10,2,FALSE)*0*VLOOKUP(I$50,$B$8:$C$10,2,FALSE)) -> 3 | J53: =VLOOKUP($C53,$B$8:$C$10,2,FALSE)*(1+VLOOKUP($J$49,$B$8:$C$10,2,FALSE)*0*VLOOKUP(J$50,$B$8:$C$10,2,FALSE)) -> 3 | K53: =VLOOKUP($C53,$B$8:$C$10,2,FALSE)*(1+VLOOKUP($J$49,$B$8:$C$10,2,FALSE)*0*VLOOKUP(K$50,$B$8:$C$10,2,FALSE)) -> 3 | L53: =VLOOKUP($C53,$B$8:$C$10,2,FALSE)*(1+VLOOKUP($J$49,$B$8:$C$10,2,FALSE)*0*VLOOKUP(L$50,$B$8:$C$10,2,FALSE)) -> 3 | M53: =VLOOKUP($C53,$B$8:$C$10,2,FALSE)*(1+VLOOKUP($M$49,$B$8:$C$10,2,FALSE)*1*VLOOKUP(M$50,$B$8:$C$10,2,FALSE)) -> 6 | N53: =VLOOKUP($C53,$B$8:$C$10,2,FALSE)*(1+VLOOKUP($M$49,$B$8:$C$10,2,FALSE)*1*VLOOKUP(N$50,$B$8:$C$10,2,FALSE)) -> 9 | O53: =VLOOKUP($C53,$B$8:$C$10,2,FALSE)*(1+VLOOKUP($M$49,$B$8:$C$10,2,FALSE)*1*VLOOKUP(O$50,$B$8:$C$10,2,FALSE)) -> 12 | P53: =VLOOKUP($C53,$B$8:$C$10,2,FALSE)*(1+VLOOKUP($P$49,$B$8:$C$10,2,FALSE)*1*VLOOKUP(P$50,$B$8:$C$10,2,FALSE)) -> 9 | Q53: =VLOOKUP($C53,$B$8:$C$10,2,FALSE)*(1+VLOOKUP($P$49,$B$8:$C$10,2,FALSE)*1*VLOOKUP(Q$50,$B$8:$C$10,2,FALSE)) -> 15 | R53: =VLOOKUP($C53,$B$8:$C$10,2,FALSE)*(1+VLOOKUP($P$49,$B$8:$C$10,2,FALSE)*1*VLOOKUP(R$50,$B$8:$C$10,2,FALSE)) -> 21 | S53: =VLOOKUP($C53,$B$8:$C$10,2,FALSE)*(1+VLOOKUP($S$49,$B$8:$C$10,2,FALSE)*1*VLOOKUP(S$50,$B$8:$C$10,2,FALSE)) -> 12 | T53: =VLOOKUP($C53,$B$8:$C$10,2,FALSE)*(1+VLOOKUP($S$49,$B$8:$C$10,2,FALSE)*1*VLOOKUP(T$50,$B$8:$C$10,2,FALSE)) -> 21 | U53: =VLOOKUP($C53,$B$8:$C$10,2,FALSE)*(1+VLOOKUP($S$49,$B$8:$C$10,2,FALSE)*1*VLOOKUP(U$50,$B$8:$C$10,2,FALSE)) -> 30

Sheet ChkList
A1: ■ 자산목록
A3: 취약점 진단항목 | F3: 개선방안 및 보호대책
A4: 분류 | B4: 항목코드 | C4: 진단항목 | D4: 중요도 | E4: 위험도 | F4: Linux
A5: 계정 관리 | B5: U-01 | C5: root 계정 원격 접속 제한 | D5: H | E5: 3 | F5: root 계정의 원격 접속을 차단하고 일반 사용자 계정으로 로그인 후 su 또는 sudo를 사용하도록 설정
A6: 계정 관리 | B6: U-02 | C6: 비밀번호 관리정책 설정 | D6: H | E6: 3 | F6: 비밀번호 복잡도, 최소 길이, 최대 사용기간 등을 적용하여 안전한 비밀번호 관리정책을 설정
A7: 계정 관리 | B7: U-03 | C7: 계정 잠금 임계값 설정 | D7: H | E7: 3 | F7: 로그인 실패 횟수에 따른 계정 잠금 정책을 적용하여 무차별 대입 공격을 방지
A8: 계정 관리 | B8: U-04 | C8: 비밀번호 파일 보호 | D8: H | E8: 3 | F8: 쉐도우 비밀번호를 사용하거나 비밀번호를 암호화하여 저장·관리하도록 설정
A9: 계정 관리 | B9: U-05 | C9: root 이외의 UID가 ‘0’ 금지 | D9: H | E9: 3 | F9: UID가 0인 계정을 root 계정으로만 제한하고 불필요한 UID 0 계정을 삭제 또는 변경
A10: 계정 관리 | B10: U-06 | C10: 사용자 계정 su 기능 제한 | D10: H | E10: 3 | F10: su 명령어 사용 권한을 wheel 등 관리자 그룹으로 제한
A11: 계정 관리 | B11: U-07 | C11: 불필요한 계정 제거 | D11: L | E11: 1 | F11: 장기간 미사용 계정 및 불필요한 기본 계정을 삭제 또는 잠금 처리
A12: 계정 관리 | B12: U-08 | C12: 관리자 그룹에 최소한의 계정 포함 | D12: M | E12: 2 | F12: 관리자 그룹에는 반드시 필요한 사용자만 포함하도록 관리
A13: 계정 관리 | B13: U-09 | C13: 계정이 존재하지 않는 GID 금지 | D13: L | E13: 1 | F13: 존재하지 않는 그룹(GID)을 사용하는 계정을 수정하거나 삭제
A14: 계정 관리 | B14: U-10 | C14: 동일한 UID 금지 | D14: M | E14: 2 | F14: 동일한 UID를 사용하는 계정이 없도록 변경하여 계정을 고유하게 관리
A15: 계정 관리 | B15: U-11 | C15: 사용자 Shell 점검 | D15: L | E15: 1 | F15: 로그인이 불필요한 계정은 /bin/false 또는 /sbin/nologin 등 로그인 불가능한 Shell을 사용하도록 설정
A16: 계정 관리 | B16: U-12 | C16: 세션 종료 시간 설정 | D16: L | E16: 1 | F16: TMOUT 등 세션 자동 종료 시간을 설정하여 일정 시간 미사용 시 자동 로그아웃되도록 설정
... A71: 로그 관리 | B71: U-67 | C71: 로그 디렉터리 소유자 및 권한 설정 | D71: M | E71: 2 | F71: 로그 디렉터리의 소유자 및 접근 권한을 적절하게 설정

Sheet 취약점 진단 통계
A1: ■ 자산목록
A3: 1) 영역별 보안수준
A4: 분류 | E4: 진단 결과 | J4: 중요도점수
E5: 전체항목 | F5: 진단항목 | G5: 양호 | H5: 취약 | I5: 해당없음 | J5: 전체점수 | K5: 평가점수 | L5: 보안수준
A6: 계정 관리 | E6: =SUMIF('취약점 진단 항목별 통계'!$A:$A,$A6&"*",'취약점 진단 항목별 통계'!$F:$F) -> 65 | F6: =E6-I6 -> 65 | G6: =SUMIF('취약점 진단 항목별 통계'!$A:$A,$A6&"*",'취약점 진단 항목별 통계'!$G:$G)+SUMIF('취약점 진단 항목별 통계'!$A:$A,$A6&"*",'취약점 진단 항목별 통계'!$H:$H) -> 59 | H6: =SUMIF('취약점 진단 항목별 통계'!$A:$A,$A6&"*",'취약점 진단 항목별 통계'!$I:$I) -> 6 | I6: =SUMIF('취약점 진단 항목별 통계'!$A:$A,$A6&"*",'취약점 진단 항목별 통계'!$J:$J) -> 0 | J6: =SUMIF('취약점 진단 항목별 통계'!$A:$A,$A6&"*",'취약점 진단 항목별 통계'!$K:$K) -> 140 | K6: =SUMIF('취약점 진단 항목별 통계'!$A:$A,$A6&"*",'취약점 진단 항목별 통계'!$L:$L) -> 122 | L6: =IF($I6=$E6, "N/A", (K6/J6)) -> 0.87142857
A7: 파일 및 디렉터리 관리 | E7: =SUMIF('취약점 진단 항목별 통계'!$A:$A,$A7&"*",'취약점 진단 항목별 통계'!$F:$F) -> 100 | F7: =E7-I7 -> 100 | G7: =SUMIF('취약점 진단 항목별 통계'!$A:$A,$A7&"*",'취약점 진단 항목별 통계'!$G:$G)+SUMIF('취약점 진단 항목별 통계'!$A:$A,$A7&"*",'취약점 진단 항목별 통계'!$H:$H) -> 55 | H7: =SUMIF('취약점 진단 항목별 통계'!$A:$A,$A7&"*",'취약점 진단 항목별 통계'!$I:$I) -> 45 | I7: =SUMIF('취약점 진단 항목별 통계'!$A:$A,$A7&"*",'취약점 진단 항목별 통계'!$J:$J) -> 0 | J7: =SUMIF('취약점 진단 항목별 통계'!$A:$A,$A7&"*",'취약점 진단 항목별 통계'!$K:$K) -> 265 | K7: =SUMIF('취약점 진단 항목별 통계'!$A:$A,$A7&"*",'취약점 진단 항목별 통계'!$L:$L) -> 140 | L7: =IF($I7=$E7, "N/A", (K7/J7)) -> 0.52830189
A8: 서비스 관리 | E8: =SUMIF('취약점 진단 항목별 통계'!$A:$A,$A8&"*",'취약점 진단 항목별 통계'!$F:$F) -> 150 | F8: =E8-I8 -> 150 | G8: =SUMIF('취약점 진단 항목별 통계'!$A:$A,$A8&"*",'취약점 진단 항목별 통계'!$G:$G)+SUMIF('취약점 진단 항목별 통계'!$A:$A,$A8&"*",'취약점 진단 항목별 통계'!$H:$H) -> 122 | H8: =SUMIF('취약점 진단 항목별 통계'!$A:$A,$A8&"*",'취약점 진단 항목별 통계'!$I:$I) -> 23 | I8: =SUMIF('취약점 진단 항목별 통계'!$A:$A,$A8&"*",'취약점 진단 항목별 통계'!$J:$J) -> 0 | J8: =SUMIF('취약점 진단 항목별 통계'!$A:$A,$A8&"*",'취약점 진단 항목별 통계'!$K:$K) -> 375 | K8: =SUMIF('취약점 진단 항목별 통계'!$A:$A,$A8&"*",'취약점 진단 항목별 통계'!$L:$L) -> 315 | L8: =IF($I8=$E8, "N/A", (K8/J8)) -> 0.84
A9: 패치 관리 | E9: =SUMIF('취약점 진단 항목별 통계'!$A:$A,$A9&"*",'취약점 진단 항목별 통계'!$F:$F) -> 5 | F9: =E9-I9 -> 5 | G9: =SUMIF('취약점 진단 항목별 통계'!$A:$A,$A9&"*",'취약점 진단 항목별 통계'!$G:$G)+SUMIF('취약점 진단 항목별 통계'!$A:$A,$A9&"*",'취약점 진단 항목별 통계'!$H:$H) -> 5 | H9: =SUMIF('취약점 진단 항목별 통계'!$A:$A,$A9&"*",'취약점 진단 항목별 통계'!$I:$I) -> 0 | I9: =SUMIF('취약점 진단 항목별 통계'!$A:$A,$A9&"*",'취약점 진단 항목별 통계'!$J:$J) -> 0 | J9: =SUMIF('취약점 진단 항목별 통계'!$A:$A,$A9&"*",'취약점 진단 항목별 통계'!$K:$K) -> 15 | K9: =SUMIF('취약점 진단 항목별 통계'!$A:$A,$A9&"*",'취약점 진단 항목별 통계'!$L:$L) -> 15 | L9: =IF($I9=$E9, "N/A", (K9/J9)) -> 1
A10: 로그 관리 | E10: =SUMIF('취약점 진단 항목별 통계'!$A:$A,$A10&"*",'취약점 진단 항목별 통계'!$F:$F) -> 15 | F10: =E10-I10 -> 15 | G10: =SUMIF('취약점 진단 항목별 통계'!$A:$A,$A10&"*",'취약점 진단 항목별 통계'!$G:$G)+SUMIF('취약점 진단 항목별 통계'!$A:$A,$A10&"*",'취약점 진단 항목별 통계'!$H:$H) -> 15 | H10: =SUMIF('취약점 진단 항목별 통계'!$A:$A,$A10&"*",'취약점 진단 항목별 통계'!$I:$I) -> 0 | I10: =SUMIF('취약점 진단 항목별 통계'!$A:$A,$A10&"*",'취약점 진단 항목별 통계'!$J:$J) -> 0 | J10: =SUMIF('취약점 진단 항목별 통계'!$A:$A,$A10&"*",'취약점 진단 항목별 통계'!$K:$K) -> 30 | K10: =SUMIF('취약점 진단 항목별 통계'!$A:$A,$A10&"*",'취약점 진단 항목별 통계'!$L:$L) -> 30 | L10: =IF($I10=$E10, "N/A", (K10/J10)) -> 1
A11: 계 | E11: =SUM(E6:E10) -> 335 | F11: =SUM(F6:F10) -> 335 | G11: =SUM(G6:G10) -> 256 | H11: =SUM(H6:H10) -> 74 | I11: =SUM(I6:I10) -> 0 | J11: =SUM(J6:J10) -> 825 | K11: =SUM(K6:K10) -> 622 | L11: =IFERROR(K11/J11, 0) -> 0.75393939
A39: 2) 장비별 보안수준
A40: 장비 구분 | E40: 진단 결과 | J40: 중요도점수
E41: 전체항목 | F41: 진단항목 | G41: 양호 | H41: 취약 | I41: 해당없음 | J41: 전체점수 | K41: 평가점수 | L41: 보안수준
A42: =HYPERLINK("[" & MID(CELL("filename"),SEARCH("[",CELL("filename"))+1, SEARCH("]",CELL("filename"))-SEARCH("[",CELL("filename"))-1) & "]" & INDIRECT(ADDRESS(ROW()-37,2,1,TRUE,"자산목록")) & "!A1",INDIRECT(ADDRESS(ROW()-37,2,1,TRUE,"자산목록"))) -> WEB-HQ-Ubuntu | C42: =IFERROR(VLOOKUP($A42,자산목록!$B$1:$M$835,6,FALSE),"-") -> Ubuntu | E42: =IFERROR(INDIRECT(ADDRESS(17, 4, 1,TRUE,$A42)),0) -> 59 | F42: =E42-I42 -> 59 | G42: =IFERROR(INDIRECT(ADDRESS(17, 5, 1,TRUE,$A42)),0) -> 39 | H42: =IFERROR(INDIRECT(ADDRESS(17, 6, 1,TRUE,$A42)),0) -> 20 | I42: =IFERROR(INDIRECT(ADDRESS(17, 7, 1,TRUE,$A42)),0) -> 0 | J42: =IFERROR(INDIRECT(ADDRESS(17, 18, 1,TRUE,$A42)),0) -> 146 | K42: =IFERROR(INDIRECT(ADDRESS(17, 19, 1,TRUE,$A42)),0) -> 90 | L42: =IFERROR(INDIRECT(ADDRESS(17,8, 1,TRUE,$A42)),0) -> 0.61643836
A43: =HYPERLINK("[" & MID(CELL("filename"),SEARCH("[",CELL("filename"))+1, SEARCH("]",CELL("filename"))-SEARCH("[",CELL("filename"))-1) & "]" & INDIRECT(ADDRESS(ROW()-37,2,1,TRUE,"자산목록")) & "!A1",INDIRECT(ADDRESS(ROW()-37,2,1,TRUE,"자산목록"))) -> LOG_HQ_Rocky | C43: =IFERROR(VLOOKUP($A43,자산목록!$B$1:$M$835,6,FALSE),"-") -> Rocky | E43: =IFERROR(INDIRECT(ADDRESS(17, 4, 1,TRUE,$A43)),0) -> 59 | F43: =E43-I43 -> 59 | G43: =IFERROR(INDIRECT(ADDRESS(17, 5, 1,TRUE,$A43)),0) -> 41 | H43: =IFERROR(INDIRECT(ADDRESS(17, 6, 1,TRUE,$A43)),0) -> 18 | I43: =IFERROR(INDIRECT(ADDRESS(17, 7, 1,TRUE,$A43)),0) -> 0 | J43: =IFERROR(INDIRECT(ADDRESS(17, 18, 1,TRUE,$A43)),0) -> 146 | K43: =IFERROR(INDIRECT(ADDRESS(17, 19, 1,TRUE,$A43)),0) -> 96 | L43: =IFERROR(INDIRECT(ADDRESS(17,8, 1,TRUE,$A43)),0) -> 0.65753425
A44: =HYPERLINK("[" & MID(CELL("filename"),SEARCH("[",CELL("filename"))+1, SEARCH("]",CELL("filename"))-SEARCH("[",CELL("filename"))-1) & "]" & INDIRECT(ADDRESS(ROW()-37,2,1,TRUE,"자산목록")) & "!A1",INDIRECT(ADDRESS(ROW()-37,2,1,TRUE,"자산목록"))) -> DB_HQ_Rocky | C44: =IFERROR(VLOOKUP($A44,자산목록!$B$1:$M$835,6,FALSE),"-") -> Rocky | E44: =IFERROR(INDIRECT(ADDRESS(17, 4, 1,TRUE,$A44)),0) -> 59 | F44: =E44-I44 -> 59 | G44: =IFERROR(INDIRECT(ADDRESS(17, 5, 1,TRUE,$A44)),0) -> 41 | H44: =IFERROR(INDIRECT(ADDRESS(17, 6, 1,TRUE,$A44)),0) -> 18 | I44: =IFERROR(INDIRECT(ADDRESS(17, 7, 1,TRUE,$A44)),0) -> 0 | J44: =IFERROR(INDIRECT(ADDRESS(17, 18, 1,TRUE,$A44)),0) -> 146 | K44: =IFERROR(INDIRECT(ADDRESS(17, 19, 1,TRUE,$A44)),0) -> 96 | L44: =IFERROR(INDIRECT(ADDRESS(17,8, 1,TRUE,$A44)),0) -> 0.65753425
A45: =HYPERLINK("[" & MID(CELL("filename"),SEARCH("[",CELL("filename"))+1, SEARCH("]",CELL("filename"))-SEARCH("[",CELL("filename"))-1) & "]" & INDIRECT(ADDRESS(ROW()-37,2,1,TRUE,"자산목록")) & "!A1",INDIRECT(ADDRESS(ROW()-37,2,1,TRUE,"자산목록"))) -> BDB_HQ_Rocky | C45: =IFERROR(VLOOKUP($A45,자산목록!$B$1:$M$835,6,FALSE),"-") -> Rocky | E45: =IFERROR(INDIRECT(ADDRESS(17, 4, 1,TRUE,$A45)),0) -> 59 | F45: =E45-I45 -> 59 | G45: =IFERROR(INDIRECT(ADDRESS(17, 5, 1,TRUE,$A45)),0) -> 39 | H45: =IFERROR(INDIRECT(ADDRESS(17, 6, 1,TRUE,$A45)),0) -> 20 | I45: =IFERROR(INDIRECT(ADDRESS(17, 7, 1,TRUE,$A45)),0) -> 0 | J45: =IFERROR(INDIRECT(ADDRESS(17, 18, 1,TRUE,$A45)),0) -> 146 | K45: =IFERROR(INDIRECT(ADDRESS(17, 19, 1,TRUE,$A45)),0) -> 90 | L45: =IFERROR(INDIRECT(ADDRESS(17,8, 1,TRUE,$A45)),0) -> 0.61643836
A46: =HYPERLINK("[" & MID(CELL("filename"),SEARCH("[",CELL("filename"))+1, SEARCH("]",CELL("filename"))-SEARCH("[",CELL("filename"))-1) & "]" & INDIRECT(ADDRESS(ROW()-37,2,1,TRUE,"자산목록")) & "!A1",INDIRECT(ADDRESS(ROW()-37,2,1,TRUE,"자산목록"))) -> BLOG_HQ_Rocky | C46: =IFERROR(VLOOKUP($A46,자산목록!$B$1:$M$835,6,FALSE),"-") -> Rocky | E46: =IFERROR(INDIRECT(ADDRESS(17, 4, 1,TRUE,$A46)),0) -> 59 | F46: =E46-I46 -> 59 | G46: =IFERROR(INDIRECT(ADDRESS(17, 5, 1,TRUE,$A46)),0) -> 39 | H46: =IFERROR(INDIRECT(ADDRESS(17, 6, 1,TRUE,$A46)),0) -> 20 | I46: =IFERROR(INDIRECT(ADDRESS(17, 7, 1,TRUE,$A46)),0) -> 0 | J46: =IFERROR(INDIRECT(ADDRESS(17, 18, 1,TRUE,$A46)),0) -> 146 | K46: =IFERROR(INDIRECT(ADDRESS(17, 19, 1,TRUE,$A46)),0) -> 90 | L46: =IFERROR(INDIRECT(ADDRESS(17,8, 1,TRUE,$A46)),0) -> 0.61643836
A47: =HYPERLINK("[" & MID(CELL("filename"),SEARCH("[",CELL("filename"))+1, SEARCH("]",CELL("filename"))-SEARCH("[",CELL("filename"))-1) & "]" & INDIRECT(ADDRESS(ROW()-37,2,1,TRUE,"자산목록")) & "!A1",INDIRECT(ADDRESS(ROW()-37,2,1,TRUE,"자산목록"))) -> PHP_BR_Rocky | C47: =IFERROR(VLOOKUP($A47,자산목록!$B$1:$M$835,6,FALSE),"-") -> Rocky | E47: =IFERROR(INDIRECT(ADDRESS(17, 4, 1,TRUE,$A47)),0) -> 59 | F47: =E47-I47 -> 59 | G47: =IFERROR(INDIRECT(ADDRESS(17, 5, 1,TRUE,$A47)),0) -> 59 | H47: =IFERROR(INDIRECT(ADDRESS(17, 6, 1,TRUE,$A47)),0) -> 0 | I47: =IFERROR(INDIRECT(ADDRESS(17, 7, 1,TRUE,$A47)),0) -> 0 | J47: =IFERROR(INDIRECT(ADDRESS(17, 18, 1,TRUE,$A47)),0) -> 146 | K47: =IFERROR(INDIRECT(ADDRESS(17, 19, 1,TRUE,$A47)),0) -> 146 | L47: =IFERROR(INDIRECT(ADDRESS(17,8, 1,TRUE,$A47)),0) -> 1
A48: =HYPERLINK("[" & MID(CELL("filename"),SEARCH("[",CELL("filename"))+1, SEARCH("]",CELL("filename"))-SEARCH("[",CELL("filename"))-1) & "]" & INDIRECT(ADDRESS(ROW()-37,2,1,TRUE,"자산목록")) & "!A1",INDIRECT(ADDRESS(ROW()-37,2,1,TRUE,"자산목록"))) -> LOG_BR_Rocky | C48: =IFERROR(VLOOKUP($A48,자산목록!$B$1:$M$835,6,FALSE),"-") -> Rocky | E48: =IFERROR(INDIRECT(ADDRESS(17, 4, 1,TRUE,$A48)),0) -> 59 | F48: =E48-I48 -> 59 | G48: =IFERROR(INDIRECT(ADDRESS(17, 5, 1,TRUE,$A48)),0) -> 59 | H48: =IFERROR(INDIRECT(ADDRESS(17, 6, 1,TRUE,$A48)),0) -> 0 | I48: =IFERROR(INDIRECT(ADDRESS(17, 7, 1,TRUE,$A48)),0) -> 0 | J48: =IFERROR(INDIRECT(ADDRESS(17, 18, 1,TRUE,$A48)),0) -> 146 | K48: =IFERROR(INDIRECT(ADDRESS(17, 19, 1,TRUE,$A48)),0) -> 146 | L48: =IFERROR(INDIRECT(ADDRESS(17,8, 1,TRUE,$A48)),0) -> 1
A49: =HYPERLINK("[" & MID(CELL("filename"),SEARCH("[",CELL("filename"))+1, SEARCH("]",CELL("filename"))-SEARCH("[",CELL("filename"))-1) & "]" & INDIRECT(ADDRESS(ROW()-37,2,1,TRUE,"자산목록")) & "!A1",INDIRECT(ADDRESS(ROW()-37,2,1,TRUE,"자산목록"))) -> DB_BR_Rocky | C49: =IFERROR(VLOOKUP($A49,자산목록!$B$1:$M$835,6,FALSE),"-") -> Rocky | E49: =IFERROR(INDIRECT(ADDRESS(17, 4, 1,TRUE,$A49)),0) -> 59 | F49: =E49-I49 -> 59 | G49: =IFERROR(INDIRECT(ADDRESS(17, 5, 1,TRUE,$A49)),0) -> 59 | H49: =IFERROR(INDIRECT(ADDRESS(17, 6, 1,TRUE,$A49)),0) -> 0 | I49: =IFERROR(INDIRECT(ADDRESS(17, 7, 1,TRUE,$A49)),0) -> 0 | J49: =IFERROR(INDIRECT(ADDRESS(17, 18, 1,TRUE,$A49)),0) -> 146 | K49: =IFERROR(INDIRECT(ADDRESS(17, 19, 1,TRUE,$A49)),0) -> 146 | L49: =IFERROR(INDIRECT(ADDRESS(17,8, 1,TRUE,$A49)),0) -> 1
A50: =HYPERLINK("[" & MID(CELL("filename"),SEARCH("[",CELL("filename"))+1, SEARCH("]",CELL("filename"))-SEARCH("[",CELL("filename"))-1) & "]" & INDIRECT(ADDRESS(ROW()-37,2,1,TRUE,"자산목록")) & "!A1",INDIRECT(ADDRESS(ROW()-37,2,1,TRUE,"자산목록"))) -> BDB_BR_Rocky | C50: =IFERROR(VLOOKUP($A50,자산목록!$B$1:$M$835,6,FALSE),"-") -> Rocky | E50: =IFERROR(INDIRECT(ADDRESS(17, 4, 1,TRUE,$A50)),0) -> 59 | F50: =E50-I50 -> 59 | G50: =IFERROR(INDIRECT(ADDRESS(17, 5, 1,TRUE,$A50)),0) -> 59 | H50: =IFERROR(INDIRECT(ADDRESS(17, 6, 1,TRUE,$A50)),0) -> 0 | I50: =IFERROR(INDIRECT(ADDRESS(17, 7, 1,TRUE,$A50)),0) -> 0 | J50: =IFERROR(INDIRECT(ADDRESS(17, 18, 1,TRUE,$A50)),0) -> 146 | K50: =IFERROR(INDIRECT(ADDRESS(17, 19, 1,TRUE,$A50)),0) -> 146 | L50: =IFERROR(INDIRECT(ADDRESS(17,8, 1,TRUE,$A50)),0) -> 1
A51: =HYPERLINK("[" & MID(CELL("filename"),SEARCH("[",CELL("filename"))+1, SEARCH("]",CELL("filename"))-SEARCH("[",CELL("filename"))-1) & "]" & INDIRECT(ADDRESS(ROW()-37,2,1,TRUE,"자산목록")) & "!A1",INDIRECT(ADDRESS(ROW()-37,2,1,TRUE,"자산목록"))) -> BLOG_BR_Rocky | C51: =IFERROR(VLOOKUP($A51,자산목록!$B$1:$M$835,6,FALSE),"-") -> Rocky | E51: =IFERROR(INDIRECT(ADDRESS(17, 4, 1,TRUE,$A51)),0) -> 59 | F51: =E51-I51 -> 59 | G51: =IFERROR(INDIRECT(ADDRESS(17, 5, 1,TRUE,$A51)),0) -> 59 | H51: =IFERROR(INDIRECT(ADDRESS(17, 6, 1,TRUE,$A51)),0) -> 0 | I51: =IFERROR(INDIRECT(ADDRESS(17, 7, 1,TRUE,$A51)),0) -> 0 | J51: =IFERROR(INDIRECT(ADDRESS(17, 18, 1,TRUE,$A51)),0) -> 146 | K51: =IFERROR(INDIRECT(ADDRESS(17, 19, 1,TRUE,$A51)),0) -> 146 | L51: =IFERROR(INDIRECT(ADDRESS(17,8, 1,TRUE,$A51)),0) -> 1
A52: 계 | E52: =SUM(E42:E42) -> 59 | F52: =SUM(F42:F42) -> 59 | G52: =SUM(G42:G42) -> 39 | H52: =SUM(H42:H42) -> 20 | I52: =SUM(I42:I42) -> 0 | J52: =SUM(J42:J42) -> 146 | K52: =SUM(K42:K42) -> 90 | L52: =IFERROR(K52/J52, 0) -> 0.61643836

Sheet 취약점 진단 통계 (이행)
A1: ■ 자산목록
A3: 1) 영역별 보안수준
A4: 분류 | E4: 진단 결과 | J4: 이행 결과 | O4: 중요도점수
E5: 전체항목 | F5: 진단항목 | G5: 양호 | H5: 취약 | I5: 해당없음 | J5: 조치 | K5: 미조치 | L5: 위험수용 | M5: 해당없음 | N5: 잔여취약점 (미조치+위험수용) | O5: 전체점수 (이행전) | P5: 전체점수 (이행후) | Q5: 평가점수 (이행전) | R5: 평가점수 (이행후) | S5: 이행율 | T5: 보안수준 (이행 전) | U5: 보안수준 (이행 후)
A6: 계정 관리 | E6: =SUMIF('취약점 진단 항목별 통계 (이행)'!$A:$A,$A6&"*",'취약점 진단 항목별 통계 (이행)'!$F:$F) -> 65 | F6: =E6-I6 -> 65 | G6: =SUMIF('취약점 진단 항목별 통계'!$A:$A,$A6&"*",'취약점 진단 항목별 통계'!$G:$G)+SUMIF('취약점 진단 항목별 통계'!$A:$A,$A6&"*",'취약점 진단 항목별 통계'!$H:$H) -> 59 | H6: =SUMIF('취약점 진단 항목별 통계'!$A:$A,$A6&"*",'취약점 진단 항목별 통계'!$I:$I) -> 6 | I6: =SUMIF('취약점 진단 항목별 통계'!$A:$A,$A6&"*",'취약점 진단 항목별 통계'!$J:$J) -> 0 | J6: =SUMIF('취약점 진단 항목별 통계 (이행)'!$A:$A,$A6&"*",'취약점 진단 항목별 통계 (이행)'!$K:$K) -> 6 | K6: =SUMIF('취약점 진단 항목별 통계 (이행)'!$A:$A,$A6&"*",'취약점 진단 항목별 통계 (이행)'!$L:$L) -> 0 | L6: =SUMIF('취약점 진단 항목별 통계 (이행)'!$A:$A,$A6&"*",'취약점 진단 항목별 통계 (이행)'!$M:$M) -> 0 | M6: =SUMIF('취약점 진단 항목별 통계 (이행)'!$A:$A,$A6&"*",'취약점 진단 항목별 통계 (이행)'!$N:$N) -> 0 | N6: =K6+L6 -> 0 | O6: =SUMIF('취약점 진단 항목별 통계 (이행)'!$A:$A,$A6&"*",'취약점 진단 항목별 통계 (이행)'!$O:$O) -> 140 | P6: =SUMIF('취약점 진단 항목별 통계 (이행)'!$A:$A,$A6&"*",'취약점 진단 항목별 통계 (이행)'!$P:$P) -> 140 | Q6: =SUMIF('취약점 진단 항목별 통계 (이행)'!$A:$A,$A6&"*",'취약점 진단 항목별 통계 (이행)'!$Q:$Q) -> 122 | R6: =SUMIF('취약점 진단 항목별 통계 (이행)'!$A:$A,$A6&"*",'취약점 진단 항목별 통계 (이행)'!$R:$R) -> 140 | S6: =IFERROR(K6/(C6-(L6-F6)),"N/A") -> 0 | T6: =IF($I6=$E6, "N/A", (Q6/O6)) -> 0.87142857 | U6: =IF(OR(H6=G6, G6=I6),"N/A", R6/P6) -> 1
A7: 파일 및 디렉터리 관리 | E7: =SUMIF('취약점 진단 항목별 통계 (이행)'!$A:$A,$A7&"*",'취약점 진단 항목별 통계 (이행)'!$F:$F) -> 100 | F7: =E7-I7 -> 100 | G7: =SUMIF('취약점 진단 항목별 통계'!$A:$A,$A7&"*",'취약점 진단 항목별 통계'!$G:$G)+SUMIF('취약점 진단 항목별 통계'!$A:$A,$A7&"*",'취약점 진단 항목별 통계'!$H:$H) -> 55 | H7: =SUMIF('취약점 진단 항목별 통계'!$A:$A,$A7&"*",'취약점 진단 항목별 통계'!$I:$I) -> 45 | I7: =SUMIF('취약점 진단 항목별 통계'!$A:$A,$A7&"*",'취약점 진단 항목별 통계'!$J:$J) -> 0 | J7: =SUMIF('취약점 진단 항목별 통계 (이행)'!$A:$A,$A7&"*",'취약점 진단 항목별 통계 (이행)'!$K:$K) -> 45 | K7: =SUMIF('취약점 진단 항목별 통계 (이행)'!$A:$A,$A7&"*",'취약점 진단 항목별 통계 (이행)'!$L:$L) -> 0 | L7: =SUMIF('취약점 진단 항목별 통계 (이행)'!$A:$A,$A7&"*",'취약점 진단 항목별 통계 (이행)'!$M:$M) -> 0 | M7: =SUMIF('취약점 진단 항목별 통계 (이행)'!$A:$A,$A7&"*",'취약점 진단 항목별 통계 (이행)'!$N:$N) -> 0 | N7: =K7+L7 -> 0 | O7: =SUMIF('취약점 진단 항목별 통계 (이행)'!$A:$A,$A7&"*",'취약점 진단 항목별 통계 (이행)'!$O:$O) -> 265 | P7: =SUMIF('취약점 진단 항목별 통계 (이행)'!$A:$A,$A7&"*",'취약점 진단 항목별 통계 (이행)'!$P:$P) -> 265 | Q7: =SUMIF('취약점 진단 항목별 통계 (이행)'!$A:$A,$A7&"*",'취약점 진단 항목별 통계 (이행)'!$Q:$Q) -> 140 | R7: =SUMIF('취약점 진단 항목별 통계 (이행)'!$A:$A,$A7&"*",'취약점 진단 항목별 통계 (이행)'!$R:$R) -> 265 | S7: =IFERROR(K7/(C7-(L7-F7)),"N/A") -> 0 | T7: =IF($I7=$E7, "N/A", (Q7/O7)) -> 0.52830189 | U7: =IF(OR(H7=G7, G7=I7),"N/A", R7/P7) -> 1
A8: 서비스 관리 | E8: =SUMIF('취약점 진단 항목별 통계 (이행)'!$A:$A,$A8&"*",'취약점 진단 항목별 통계 (이행)'!$F:$F) -> 150 | F8: =E8-I8 -> 150 | G8: =SUMIF('취약점 진단 항목별 통계'!$A:$A,$A8&"*",'취약점 진단 항목별 통계'!$G:$G)+SUMIF('취약점 진단 항목별 통계'!$A:$A,$A8&"*",'취약점 진단 항목별 통계'!$H:$H) -> 122 | H8: =SUMIF('취약점 진단 항목별 통계'!$A:$A,$A8&"*",'취약점 진단 항목별 통계'!$I:$I) -> 23 | I8: =SUMIF('취약점 진단 항목별 통계'!$A:$A,$A8&"*",'취약점 진단 항목별 통계'!$J:$J) -> 0 | J8: =SUMIF('취약점 진단 항목별 통계 (이행)'!$A:$A,$A8&"*",'취약점 진단 항목별 통계 (이행)'!$K:$K) -> 23 | K8: =SUMIF('취약점 진단 항목별 통계 (이행)'!$A:$A,$A8&"*",'취약점 진단 항목별 통계 (이행)'!$L:$L) -> 0 | L8: =SUMIF('취약점 진단 항목별 통계 (이행)'!$A:$A,$A8&"*",'취약점 진단 항목별 통계 (이행)'!$M:$M) -> 0 | M8: =SUMIF('취약점 진단 항목별 통계 (이행)'!$A:$A,$A8&"*",'취약점 진단 항목별 통계 (이행)'!$N:$N) -> 0 | N8: =K8+L8 -> 0 | O8: =SUMIF('취약점 진단 항목별 통계 (이행)'!$A:$A,$A8&"*",'취약점 진단 항목별 통계 (이행)'!$O:$O) -> 375 | P8: =SUMIF('취약점 진단 항목별 통계 (이행)'!$A:$A,$A8&"*",'취약점 진단 항목별 통계 (이행)'!$P:$P) -> 375 | Q8: =SUMIF('취약점 진단 항목별 통계 (이행)'!$A:$A,$A8&"*",'취약점 진단 항목별 통계 (이행)'!$Q:$Q) -> 315 | R8: =SUMIF('취약점 진단 항목별 통계 (이행)'!$A:$A,$A8&"*",'취약점 진단 항목별 통계 (이행)'!$R:$R) -> 360 | S8: =IFERROR(K8/(C8-(L8-F8)),"N/A") -> 0 | T8: =IF($I8=$E8, "N/A", (Q8/O8)) -> 0.84 | U8: =IF(OR(H8=G8, G8=I8),"N/A", R8/P8) -> 0.96
A9: 패치 관리 | E9: =SUMIF('취약점 진단 항목별 통계 (이행)'!$A:$A,$A9&"*",'취약점 진단 항목별 통계 (이행)'!$F:$F) -> 5 | F9: =E9-I9 -> 5 | G9: =SUMIF('취약점 진단 항목별 통계'!$A:$A,$A9&"*",'취약점 진단 항목별 통계'!$G:$G)+SUMIF('취약점 진단 항목별 통계'!$A:$A,$A9&"*",'취약점 진단 항목별 통계'!$H:$H) -> 5 | H9: =SUMIF('취약점 진단 항목별 통계'!$A:$A,$A9&"*",'취약점 진단 항목별 통계'!$I:$I) -> 0 | I9: =SUMIF('취약점 진단 항목별 통계'!$A:$A,$A9&"*",'취약점 진단 항목별 통계'!$J:$J) -> 0 | J9: =SUMIF('취약점 진단 항목별 통계 (이행)'!$A:$A,$A9&"*",'취약점 진단 항목별 통계 (이행)'!$K:$K) -> 0 | K9: =SUMIF('취약점 진단 항목별 통계 (이행)'!$A:$A,$A9&"*",'취약점 진단 항목별 통계 (이행)'!$L:$L) -> 0 | L9: =SUMIF('취약점 진단 항목별 통계 (이행)'!$A:$A,$A9&"*",'취약점 진단 항목별 통계 (이행)'!$M:$M) -> 0 | M9: =SUMIF('취약점 진단 항목별 통계 (이행)'!$A:$A,$A9&"*",'취약점 진단 항목별 통계 (이행)'!$N:$N) -> 0 | N9: =K9+L9 -> 0 | O9: =SUMIF('취약점 진단 항목별 통계 (이행)'!$A:$A,$A9&"*",'취약점 진단 항목별 통계 (이행)'!$O:$O) -> 15 | P9: =SUMIF('취약점 진단 항목별 통계 (이행)'!$A:$A,$A9&"*",'취약점 진단 항목별 통계 (이행)'!$P:$P) -> 15 | Q9: =SUMIF('취약점 진단 항목별 통계 (이행)'!$A:$A,$A9&"*",'취약점 진단 항목별 통계 (이행)'!$Q:$Q) -> 15 | R9: =SUMIF('취약점 진단 항목별 통계 (이행)'!$A:$A,$A9&"*",'취약점 진단 항목별 통계 (이행)'!$R:$R) -> 15 | S9: =IFERROR(K9/(C9-(L9-F9)),"N/A") -> 0 | T9: =IF($I9=$E9, "N/A", (Q9/O9)) -> 1 | U9: =IF(OR(H9=G9, G8=I9), 1, R9/P9) -> 1
A10: 로그 관리 | E10: =SUMIF('취약점 진단 항목별 통계 (이행)'!$A:$A,$A10&"*",'취약점 진단 항목별 통계 (이행)'!$F:$F) -> 15 | F10: =E10-I10 -> 15 | G10: =SUMIF('취약점 진단 항목별 통계'!$A:$A,$A10&"*",'취약점 진단 항목별 통계'!$G:$G)+SUMIF('취약점 진단 항목별 통계'!$A:$A,$A10&"*",'취약점 진단 항목별 통계'!$H:$H) -> 15 | H10: =SUMIF('취약점 진단 항목별 통계'!$A:$A,$A10&"*",'취약점 진단 항목별 통계'!$I:$I) -> 0 | I10: =SUMIF('취약점 진단 항목별 통계'!$A:$A,$A10&"*",'취약점 진단 항목별 통계'!$J:$J) -> 0 | J10: =SUMIF('취약점 진단 항목별 통계 (이행)'!$A:$A,$A10&"*",'취약점 진단 항목별 통계 (이행)'!$K:$K) -> 0 | K10: =SUMIF('취약점 진단 항목별 통계 (이행)'!$A:$A,$A10&"*",'취약점 진단 항목별 통계 (이행)'!$L:$L) -> 0 | L10: =SUMIF('취약점 진단 항목별 통계 (이행)'!$A:$A,$A10&"*",'취약점 진단 항목별 통계 (이행)'!$M:$M) -> 0 | M10: =SUMIF('취약점 진단 항목별 통계 (이행)'!$A:$A,$A10&"*",'취약점 진단 항목별 통계 (이행)'!$N:$N) -> 0 | N10: =K10+L10 -> 0 | O10: =SUMIF('취약점 진단 항목별 통계 (이행)'!$A:$A,$A10&"*",'취약점 진단 항목별 통계 (이행)'!$O:$O) -> 30 | P10: =SUMIF('취약점 진단 항목별 통계 (이행)'!$A:$A,$A10&"*",'취약점 진단 항목별 통계 (이행)'!$P:$P) -> 30 | Q10: =SUMIF('취약점 진단 항목별 통계 (이행)'!$A:$A,$A10&"*",'취약점 진단 항목별 통계 (이행)'!$Q:$Q) -> 30 | R10: =SUMIF('취약점 진단 항목별 통계 (이행)'!$A:$A,$A10&"*",'취약점 진단 항목별 통계 (이행)'!$R:$R) -> 30 | S10: =IFERROR(K10/(C10-(L10-F10)),"N/A") -> 0 | T10: =IF($I10=$E10, "N/A", (Q10/O10)) -> 1 | U10: =IF(OR(H10=G10, G10=I10),"N/A", R10/P10) -> 1
A11: 계 | E11: =SUM(E6:E10) -> 335 | F11: =SUM(F6:F10) -> 335 | G11: =SUM(G6:G10) -> 256 | H11: =SUM(H6:H10) -> 74 | I11: =SUM(I6:I10) -> 0 | J11: =SUM(J6:J10) -> 74 | K11: =SUM(K6:K10) -> 0 | L11: =SUM(L6:L10) -> 0 | ... R11: =SUM(R6:R10) -> 810 | S11: =IFERROR($J11/($H11-(M11-I11)),"N/A") -> 1 | T11: =IF($I11=$E11, "N/A", (Q11/O11)) -> 0.75393939 | U11: =IF(OR($I11=$E11,$E11=$M11),"N/A", ($R11/$P11)) -> 0.98181818
A39: 2) 장비별 보안수준
A40: 장비 구분 | E40: 진단 결과 | J40: 이행 결과 | O40: 중요도점수
E41: 전체항목 | F41: 진단항목 | G41: 양호 | H41: 취약 | I41: 해당없음 | J41: 조치 | K41: 미조치 | L41: 위험수용 | M41: 해당없음 | N41: 잔여취약점 (미조치+위험수용) | O41: 전체점수 (이행전) | P41: 전체점수 (이행후) | Q41: 평가점수 (이행전) | R41: 평가점수 (이행후) | S41: 이행율 | T41: 보안수준 (이행 전) | U41: 보안수준 (이행 후)
A42: =HYPERLINK("[" & MID(CELL("filename"),SEARCH("[",CELL("filename"))+1, SEARCH("]",CELL("filename"))-SEARCH("[",CELL("filename"))-1) & "]" & INDIRECT(ADDRESS(ROW()-37,2,1,TRUE,"자산목록")) & "!A1",INDIRECT(ADDRESS(ROW()-37,2,1,TRUE,"자산목록"))) -> WEB-HQ-Ubuntu | C42: =IFERROR(VLOOKUP($A42,자산목록!$B$1:$M$835,6,FALSE),"-") -> Ubuntu | E42: =IFERROR(INDIRECT(ADDRESS(17, 4, 1,TRUE,$A42)),0) -> 59 | F42: =E42-I42 -> 59 | G42: =IFERROR(INDIRECT(ADDRESS(17,5, 1,TRUE,$A42)),0) -> 39 | H42: =IFERROR(INDIRECT(ADDRESS(17,6, 1,TRUE,$A42)),0) -> 20 | I42: =IFERROR(INDIRECT(ADDRESS(17,7, 1,TRUE,$A42)),0) -> 0 | J42: =IFERROR(INDIRECT(ADDRESS(17,10, 1,TRUE,$A42)),0) -> 20 | K42: =IFERROR(INDIRECT(ADDRESS(17,11, 1,TRUE,$A42)),0) -> 0 | L42: =IFERROR(INDIRECT(ADDRESS(17,12, 1,TRUE,$A42)),0) -> 0 | M42: =IFERROR(INDIRECT(ADDRESS(17,13, 1,TRUE,$A42)),0) -> 0 | N42: =K42+L42 -> 0 | O42: =IFERROR(INDIRECT(ADDRESS(17,18, 1,TRUE,$A42)),0) -> 146 | P42: =IFERROR(INDIRECT(ADDRESS(17,21, 1,TRUE,$A42)),0) -> 146 | Q42: =IFERROR(INDIRECT(ADDRESS(17,19, 1,TRUE,$A42)),0) -> 90 | R42: =IFERROR(INDIRECT(ADDRESS(17,20, 1,TRUE,$A42)),0) -> 146 | S42: =IFERROR(INDIRECT(ADDRESS(17,14, 1,TRUE,$A42)),0) -> 1 | T42: =IFERROR(INDIRECT(ADDRESS(17,8, 1,TRUE,$A42)),0) -> 0.61643836 | U42: =IFERROR(INDIRECT(ADDRESS(17,15, 1,TRUE,$A42)),0) -> 1
A43: =HYPERLINK("[" & MID(CELL("filename"),SEARCH("[",CELL("filename"))+1, SEARCH("]",CELL("filename"))-SEARCH("[",CELL("filename"))-1) & "]" & INDIRECT(ADDRESS(ROW()-37,2,1,TRUE,"자산목록")) & "!A1",INDIRECT(ADDRESS(ROW()-37,2,1,TRUE,"자산목록"))) -> LOG_HQ_Rocky | C43: =IFERROR(VLOOKUP($A43,자산목록!$B$1:$M$835,6,FALSE),"-") -> Rocky | E43: =IFERROR(INDIRECT(ADDRESS(17, 4, 1,TRUE,$A43)),0) -> 59 | F43: =E43-I43 -> 59 | G43: =IFERROR(INDIRECT(ADDRESS(17,5, 1,TRUE,$A43)),0) -> 41 | H43: =IFERROR(INDIRECT(ADDRESS(17,6, 1,TRUE,$A43)),0) -> 18 | I43: =IFERROR(INDIRECT(ADDRESS(17,7, 1,TRUE,$A43)),0) -> 0 | J43: =IFERROR(INDIRECT(ADDRESS(17,10, 1,TRUE,$A43)),0) -> 18 | K43: =IFERROR(INDIRECT(ADDRESS(17,11, 1,TRUE,$A43)),0) -> 0 | L43: =IFERROR(INDIRECT(ADDRESS(17,12, 1,TRUE,$A43)),0) -> 0 | M43: =IFERROR(INDIRECT(ADDRESS(17,13, 1,TRUE,$A43)),0) -> 0 | N43: =K43+L43 -> 0 | O43: =IFERROR(INDIRECT(ADDRESS(17,18, 1,TRUE,$A43)),0) -> 146 | P43: =IFERROR(INDIRECT(ADDRESS(17,21, 1,TRUE,$A43)),0) -> 146 | Q43: =IFERROR(INDIRECT(ADDRESS(17,19, 1,TRUE,$A43)),0) -> 96 | R43: =IFERROR(INDIRECT(ADDRESS(17,20, 1,TRUE,$A43)),0) -> 146 | S43: =IFERROR(INDIRECT(ADDRESS(17,14, 1,TRUE,$A43)),0) -> 1 | T43: =IFERROR(INDIRECT(ADDRESS(17,8, 1,TRUE,$A43)),0) -> 0.65753425 | U43: =IFERROR(INDIRECT(ADDRESS(17,15, 1,TRUE,$A43)),0) -> 1
A44: =HYPERLINK("[" & MID(CELL("filename"),SEARCH("[",CELL("filename"))+1, SEARCH("]",CELL("filename"))-SEARCH("[",CELL("filename"))-1) & "]" & INDIRECT(ADDRESS(ROW()-37,2,1,TRUE,"자산목록")) & "!A1",INDIRECT(ADDRESS(ROW()-37,2,1,TRUE,"자산목록"))) -> DB_HQ_Rocky | C44: =IFERROR(VLOOKUP($A44,자산목록!$B$1:$M$835,6,FALSE),"-") -> Rocky | E44: =IFERROR(INDIRECT(ADDRESS(17, 4, 1,TRUE,$A44)),0) -> 59 | F44: =E44-I44 -> 59 | G44: =IFERROR(INDIRECT(ADDRESS(17,5, 1,TRUE,$A44)),0) -> 41 | H44: =IFERROR(INDIRECT(ADDRESS(17,6, 1,TRUE,$A44)),0) -> 18 | I44: =IFERROR(INDIRECT(ADDRESS(17,7, 1,TRUE,$A44)),0) -> 0 | J44: =IFERROR(INDIRECT(ADDRESS(17,10, 1,TRUE,$A44)),0) -> 18 | K44: =IFERROR(INDIRECT(ADDRESS(17,11, 1,TRUE,$A44)),0) -> 0 | L44: =IFERROR(INDIRECT(ADDRESS(17,12, 1,TRUE,$A44)),0) -> 0 | M44: =IFERROR(INDIRECT(ADDRESS(17,13, 1,TRUE,$A44)),0) -> 0 | N44: =K44+L44 -> 0 | O44: =IFERROR(INDIRECT(ADDRESS(17,18, 1,TRUE,$A44)),0) -> 146 | P44: =IFERROR(INDIRECT(ADDRESS(17,21, 1,TRUE,$A44)),0) -> 146 | Q44: =IFERROR(INDIRECT(ADDRESS(17,19, 1,TRUE,$A44)),0) -> 96 | R44: =IFERROR(INDIRECT(ADDRESS(17,20, 1,TRUE,$A44)),0) -> 146 | S44: =IFERROR(INDIRECT(ADDRESS(17,14, 1,TRUE,$A44)),0) -> 1 | T44: =IFERROR(INDIRECT(ADDRESS(17,8, 1,TRUE,$A44)),0) -> 0.65753425 | U44: =IFERROR(INDIRECT(ADDRESS(17,15, 1,TRUE,$A44)),0) -> 1
A45: =HYPERLINK("[" & MID(CELL("filename"),SEARCH("[",CELL("filename"))+1, SEARCH("]",CELL("filename"))-SEARCH("[",CELL("filename"))-1) & "]" & INDIRECT(ADDRESS(ROW()-37,2,1,TRUE,"자산목록")) & "!A1",INDIRECT(ADDRESS(ROW()-37,2,1,TRUE,"자산목록"))) -> BDB_HQ_Rocky | C45: =IFERROR(VLOOKUP($A45,자산목록!$B$1:$M$835,6,FALSE),"-") -> Rocky | E45: =IFERROR(INDIRECT(ADDRESS(17, 4, 1,TRUE,$A45)),0) -> 59 | F45: =E45-I45 -> 59 | G45: =IFERROR(INDIRECT(ADDRESS(17,5, 1,TRUE,$A45)),0) -> 39 | H45: =IFERROR(INDIRECT(ADDRESS(17,6, 1,TRUE,$A45)),0) -> 20 | I45: =IFERROR(INDIRECT(ADDRESS(17,7, 1,TRUE,$A45)),0) -> 0 | J45: =IFERROR(INDIRECT(ADDRESS(17,10, 1,TRUE,$A45)),0) -> 20 | K45: =IFERROR(INDIRECT(ADDRESS(17,11, 1,TRUE,$A45)),0) -> 0 | L45: =IFERROR(INDIRECT(ADDRESS(17,12, 1,TRUE,$A45)),0) -> 0 | M45: =IFERROR(INDIRECT(ADDRESS(17,13, 1,TRUE,$A45)),0) -> 0 | N45: =K45+L45 -> 0 | O45: =IFERROR(INDIRECT(ADDRESS(17,18, 1,TRUE,$A45)),0) -> 146 | P45: =IFERROR(INDIRECT(ADDRESS(17,21, 1,TRUE,$A45)),0) -> 146 | Q45: =IFERROR(INDIRECT(ADDRESS(17,19, 1,TRUE,$A45)),0) -> 90 | R45: =IFERROR(INDIRECT(ADDRESS(17,20, 1,TRUE,$A45)),0) -> 146 | S45: =IFERROR(INDIRECT(ADDRESS(17,14, 1,TRUE,$A45)),0) -> 1 | T45: =IFERROR(INDIRECT(ADDRESS(17,8, 1,TRUE,$A45)),0) -> 0.61643836 | U45: =IFERROR(INDIRECT(ADDRESS(17,15, 1,TRUE,$A45)),0) -> 1
A46: =HYPERLINK("[" & MID(CELL("filename"),SEARCH("[",CELL("filename"))+1, SEARCH("]",CELL("filename"))-SEARCH("[",CELL("filename"))-1) & "]" & INDIRECT(ADDRESS(ROW()-37,2,1,TRUE,"자산목록")) & "!A1",INDIRECT(ADDRESS(ROW()-37,2,1,TRUE,"자산목록"))) -> BLOG_HQ_Rocky | C46: =IFERROR(VLOOKUP($A46,자산목록!$B$1:$M$835,6,FALSE),"-") -> Rocky | E46: =IFERROR(INDIRECT(ADDRESS(17, 4, 1,TRUE,$A46)),0) -> 59 | F46: =E46-I46 -> 59 | G46: =IFERROR(INDIRECT(ADDRESS(17,5, 1,TRUE,$A46)),0) -> 39 | H46: =IFERROR(INDIRECT(ADDRESS(17,6, 1,TRUE,$A46)),0) -> 20 | I46: =IFERROR(INDIRECT(ADDRESS(17,7, 1,TRUE,$A46)),0) -> 0 | J46: =IFERROR(INDIRECT(ADDRESS(17,10, 1,TRUE,$A46)),0) -> 20 | K46: =IFERROR(INDIRECT(ADDRESS(17,11, 1,TRUE,$A46)),0) -> 0 | L46: =IFERROR(INDIRECT(ADDRESS(17,12, 1,TRUE,$A46)),0) -> 0 | M46: =IFERROR(INDIRECT(ADDRESS(17,13, 1,TRUE,$A46)),0) -> 0 | N46: =K46+L46 -> 0 | O46: =IFERROR(INDIRECT(ADDRESS(17,18, 1,TRUE,$A46)),0) -> 146 | P46: =IFERROR(INDIRECT(ADDRESS(17,21, 1,TRUE,$A46)),0) -> 146 | Q46: =IFERROR(INDIRECT(ADDRESS(17,19, 1,TRUE,$A46)),0) -> 90 | R46: =IFERROR(INDIRECT(ADDRESS(17,20, 1,TRUE,$A46)),0) -> 146 | S46: =IFERROR(INDIRECT(ADDRESS(17,14, 1,TRUE,$A46)),0) -> 1 | T46: =IFERROR(INDIRECT(ADDRESS(17,8, 1,TRUE,$A46)),0) -> 0.61643836 | U46: =IFERROR(INDIRECT(ADDRESS(17,15, 1,TRUE,$A46)),0) -> 1
A47: =HYPERLINK("[" & MID(CELL("filename"),SEARCH("[",CELL("filename"))+1, SEARCH("]",CELL("filename"))-SEARCH("[",CELL("filename"))-1) & "]" & INDIRECT(ADDRESS(ROW()-37,2,1,TRUE,"자산목록")) & "!A1",INDIRECT(ADDRESS(ROW()-37,2,1,TRUE,"자산목록"))) -> PHP_BR_Rocky | C47: =IFERROR(VLOOKUP($A47,자산목록!$B$1:$M$835,6,FALSE),"-") -> Rocky | E47: =IFERROR(INDIRECT(ADDRESS(17, 4, 1,TRUE,$A47)),0) -> 59 | F47: =E47-I47 -> 59 | G47: =IFERROR(INDIRECT(ADDRESS(17,5, 1,TRUE,$A47)),0) -> 59 | H47: =IFERROR(INDIRECT(ADDRESS(17,6, 1,TRUE,$A47)),0) -> 0 | I47: =IFERROR(INDIRECT(ADDRESS(17,7, 1,TRUE,$A47)),0) -> 0 | J47: =IFERROR(INDIRECT(ADDRESS(17,10, 1,TRUE,$A47)),0) -> 0 | K47: =IFERROR(INDIRECT(ADDRESS(17,11, 1,TRUE,$A47)),0) -> 0 | L47: =IFERROR(INDIRECT(ADDRESS(17,12, 1,TRUE,$A47)),0) -> 0 | M47: =IFERROR(INDIRECT(ADDRESS(17,13, 1,TRUE,$A47)),0) -> 0 | N47: =K47+L47 -> 0 | O47: =IFERROR(INDIRECT(ADDRESS(17,18, 1,TRUE,$A47)),0) -> 146 | P47: =IFERROR(INDIRECT(ADDRESS(17,21, 1,TRUE,$A47)),0) -> 146 | Q47: =IFERROR(INDIRECT(ADDRESS(17,19, 1,TRUE,$A47)),0) -> 146 | R47: =IFERROR(INDIRECT(ADDRESS(17,20, 1,TRUE,$A47)),0) -> 146 | S47: =IFERROR(INDIRECT(ADDRESS(17,14, 1,TRUE,$A47)),0) -> N/A | T47: =IFERROR(INDIRECT(ADDRESS(17,8, 1,TRUE,$A47)),0) -> 1 | U47: =IFERROR(INDIRECT(ADDRESS(17,15, 1,TRUE,$A47)),0) -> 1
A48: =HYPERLINK("[" & MID(CELL("filename"),SEARCH("[",CELL("filename"))+1, SEARCH("]",CELL("filename"))-SEARCH("[",CELL("filename"))-1) & "]" & INDIRECT(ADDRESS(ROW()-37,2,1,TRUE,"자산목록")) & "!A1",INDIRECT(ADDRESS(ROW()-37,2,1,TRUE,"자산목록"))) -> LOG_BR_Rocky | C48: =IFERROR(VLOOKUP($A48,자산목록!$B$1:$M$835,6,FALSE),"-") -> Rocky | E48: =IFERROR(INDIRECT(ADDRESS(17, 4, 1,TRUE,$A48)),0) -> 59 | F48: =E48-I48 -> 59 | G48: =IFERROR(INDIRECT(ADDRESS(17,5, 1,TRUE,$A48)),0) -> 59 | H48: =IFERROR(INDIRECT(ADDRESS(17,6, 1,TRUE,$A48)),0) -> 0 | I48: =IFERROR(INDIRECT(ADDRESS(17,7, 1,TRUE,$A48)),0) -> 0 | J48: =IFERROR(INDIRECT(ADDRESS(17,10, 1,TRUE,$A48)),0) -> 0 | K48: =IFERROR(INDIRECT(ADDRESS(17,11, 1,TRUE,$A48)),0) -> 0 | L48: =IFERROR(INDIRECT(ADDRESS(17,12, 1,TRUE,$A48)),0) -> 0 | M48: =IFERROR(INDIRECT(ADDRESS(17,13, 1,TRUE,$A48)),0) -> 0 | N48: =K48+L48 -> 0 | O48: =IFERROR(INDIRECT(ADDRESS(17,18, 1,TRUE,$A48)),0) -> 146 | P48: =IFERROR(INDIRECT(ADDRESS(17,21, 1,TRUE,$A48)),0) -> 146 | Q48: =IFERROR(INDIRECT(ADDRESS(17,19, 1,TRUE,$A48)),0) -> 146 | R48: =IFERROR(INDIRECT(ADDRESS(17,20, 1,TRUE,$A48)),0) -> 146 | S48: =IFERROR(INDIRECT(ADDRESS(17,14, 1,TRUE,$A48)),0) -> N/A | T48: =IFERROR(INDIRECT(ADDRESS(17,8, 1,TRUE,$A48)),0) -> 1 | U48: =IFERROR(INDIRECT(ADDRESS(17,15, 1,TRUE,$A48)),0) -> 1
A49: =HYPERLINK("[" & MID(CELL("filename"),SEARCH("[",CELL("filename"))+1, SEARCH("]",CELL("filename"))-SEARCH("[",CELL("filename"))-1) & "]" & INDIRECT(ADDRESS(ROW()-37,2,1,TRUE,"자산목록")) & "!A1",INDIRECT(ADDRESS(ROW()-37,2,1,TRUE,"자산목록"))) -> DB_BR_Rocky | C49: =IFERROR(VLOOKUP($A49,자산목록!$B$1:$M$835,6,FALSE),"-") -> Rocky | E49: =IFERROR(INDIRECT(ADDRESS(17, 4, 1,TRUE,$A49)),0) -> 59 | F49: =E49-I49 -> 59 | G49: =IFERROR(INDIRECT(ADDRESS(17,5, 1,TRUE,$A49)),0) -> 59 | H49: =IFERROR(INDIRECT(ADDRESS(17,6, 1,TRUE,$A49)),0) -> 0 | I49: =IFERROR(INDIRECT(ADDRESS(17,7, 1,TRUE,$A49)),0) -> 0 | J49: =IFERROR(INDIRECT(ADDRESS(17,10, 1,TRUE,$A49)),0) -> 0 | K49: =IFERROR(INDIRECT(ADDRESS(17,11, 1,TRUE,$A49)),0) -> 0 | L49: =IFERROR(INDIRECT(ADDRESS(17,12, 1,TRUE,$A49)),0) -> 0 | M49: =IFERROR(INDIRECT(ADDRESS(17,13, 1,TRUE,$A49)),0) -> 0 | N49: =K49+L49 -> 0 | O49: =IFERROR(INDIRECT(ADDRESS(17,18, 1,TRUE,$A49)),0) -> 146 | P49: =IFERROR(INDIRECT(ADDRESS(17,21, 1,TRUE,$A49)),0) -> 146 | Q49: =IFERROR(INDIRECT(ADDRESS(17,19, 1,TRUE,$A49)),0) -> 146 | R49: =IFERROR(INDIRECT(ADDRESS(17,20, 1,TRUE,$A49)),0) -> 146 | S49: =IFERROR(INDIRECT(ADDRESS(17,14, 1,TRUE,$A49)),0) -> N/A | T49: =IFERROR(INDIRECT(ADDRESS(17,8, 1,TRUE,$A49)),0) -> 1 | U49: =IFERROR(INDIRECT(ADDRESS(17,15, 1,TRUE,$A49)),0) -> 1
A50: =HYPERLINK("[" & MID(CELL("filename"),SEARCH("[",CELL("filename"))+1, SEARCH("]",CELL("filename"))-SEARCH("[",CELL("filename"))-1) & "]" & INDIRECT(ADDRESS(ROW()-37,2,1,TRUE,"자산목록")) & "!A1",INDIRECT(ADDRESS(ROW()-37,2,1,TRUE,"자산목록"))) -> BDB_BR_Rocky | C50: =IFERROR(VLOOKUP($A50,자산목록!$B$1:$M$835,6,FALSE),"-") -> Rocky | E50: =IFERROR(INDIRECT(ADDRESS(17, 4, 1,TRUE,$A50)),0) -> 59 | F50: =E50-I50 -> 59 | G50: =IFERROR(INDIRECT(ADDRESS(17,5, 1,TRUE,$A50)),0) -> 59 | H50: =IFERROR(INDIRECT(ADDRESS(17,6, 1,TRUE,$A50)),0) -> 0 | I50: =IFERROR(INDIRECT(ADDRESS(17,7, 1,TRUE,$A50)),0) -> 0 | J50: =IFERROR(INDIRECT(ADDRESS(17,10, 1,TRUE,$A50)),0) -> 0 | K50: =IFERROR(INDIRECT(ADDRESS(17,11, 1,TRUE,$A50)),0) -> 0 | L50: =IFERROR(INDIRECT(ADDRESS(17,12, 1,TRUE,$A50)),0) -> 0 | M50: =IFERROR(INDIRECT(ADDRESS(17,13, 1,TRUE,$A50)),0) -> 0 | N50: =K50+L50 -> 0 | O50: =IFERROR(INDIRECT(ADDRESS(17,18, 1,TRUE,$A50)),0) -> 146 | P50: =IFERROR(INDIRECT(ADDRESS(17,21, 1,TRUE,$A50)),0) -> 146 | Q50: =IFERROR(INDIRECT(ADDRESS(17,19, 1,TRUE,$A50)),0) -> 146 | R50: =IFERROR(INDIRECT(ADDRESS(17,20, 1,TRUE,$A50)),0) -> 146 | S50: =IFERROR(INDIRECT(ADDRESS(17,14, 1,TRUE,$A50)),0) -> N/A | T50: =IFERROR(INDIRECT(ADDRESS(17,8, 1,TRUE,$A50)),0) -> 1 | U50: =IFERROR(INDIRECT(ADDRESS(17,15, 1,TRUE,$A50)),0) -> 1
A51: =HYPERLINK("[" & MID(CELL("filename"),SEARCH("[",CELL("filename"))+1, SEARCH("]",CELL("filename"))-SEARCH("[",CELL("filename"))-1) & "]" & INDIRECT(ADDRESS(ROW()-37,2,1,TRUE,"자산목록")) & "!A1",INDIRECT(ADDRESS(ROW()-37,2,1,TRUE,"자산목록"))) -> BLOG_BR_Rocky | C51: =IFERROR(VLOOKUP($A51,자산목록!$B$1:$M$835,6,FALSE),"-") -> Rocky | E51: =IFERROR(INDIRECT(ADDRESS(17, 4, 1,TRUE,$A51)),0) -> 59 | F51: =E51-I51 -> 59 | G51: =IFERROR(INDIRECT(ADDRESS(17,5, 1,TRUE,$A51)),0) -> 59 | H51: =IFERROR(INDIRECT(ADDRESS(17,6, 1,TRUE,$A51)),0) -> 0 | I51: =IFERROR(INDIRECT(ADDRESS(17,7, 1,TRUE,$A51)),0) -> 0 | J51: =IFERROR(INDIRECT(ADDRESS(17,10, 1,TRUE,$A51)),0) -> 0 | K51: =IFERROR(INDIRECT(ADDRESS(17,11, 1,TRUE,$A51)),0) -> 0 | L51: =IFERROR(INDIRECT(ADDRESS(17,12, 1,TRUE,$A51)),0) -> 0 | M51: =IFERROR(INDIRECT(ADDRESS(17,13, 1,TRUE,$A51)),0) -> 0 | N51: =K51+L51 -> 0 | O51: =IFERROR(INDIRECT(ADDRESS(17,18, 1,TRUE,$A51)),0) -> 146 | P51: =IFERROR(INDIRECT(ADDRESS(17,21, 1,TRUE,$A51)),0) -> 146 | Q51: =IFERROR(INDIRECT(ADDRESS(17,19, 1,TRUE,$A51)),0) -> 146 | R51: =IFERROR(INDIRECT(ADDRESS(17,20, 1,TRUE,$A51)),0) -> 146 | S51: =IFERROR(INDIRECT(ADDRESS(17,14, 1,TRUE,$A51)),0) -> N/A | T51: =IFERROR(INDIRECT(ADDRESS(17,8, 1,TRUE,$A51)),0) -> 1 | U51: =IFERROR(INDIRECT(ADDRESS(17,15, 1,TRUE,$A51)),0) -> 1
A52: 계 | E52: =SUM(E42:E51) -> 590 | F52: =SUM(F42:F51) -> 590 | G52: =SUM(G42:G51) -> 494 | H52: =SUM(H42:H51) -> 96 | I52: =SUM(I42:I51) -> 0 | J52: =SUM(J42:J51) -> 96 | K52: =SUM(K42:K51) -> 0 | L52: =SUM(L42:L51) -> 0 | ... R52: =SUM(R42:R51) -> 1460 | S52: =IFERROR($J52/($H52-(M52-I52)),"N/A") -> 1 | T52: =IF($I52=$E52, "N/A", (Q52/O52)) -> 0.81643836 | U52: =IF(OR($I52=$E52,$E52=$M52),"N/A", ($R52/$P52)) -> 1

Sheet 취약점 진단 항목별 통계
A1: ■ 자산목록
A3: =ChkList!A4 -> 분류 | C3: =ChkList!C4 -> 진단항목 | D3: =ChkList!D4 -> 중요도 | F3: 진단 통계 | K3: 중요도 점수 | M3: 진단결과 | N3: 진단결과 | O3: 진단결과 | P3: 진단결과 | Q3: 진단결과
F4: 전체 | G4: 양호 | H4: 즉시조치 | I4: 취약 | J4: N/A | K4: 전체 | L4: 평가 | M4: =HYPERLINK("[" & MID(CELL("filename"),SEARCH("[",CELL("filename"))+1, SEARCH("]",CELL("filename"))-SEARCH("[",CELL("filename"))-1) & "]" & INDIRECT(ADDRESS(COLUMN()-8,2,1,TRUE,"자산목록")) & "!A1",INDIRECT(ADDRESS(COLUMN()-8,2,1,TRUE,"자산목록"))) -> WEB-HQ-Ubuntu | N4: =HYPERLINK("[" & MID(CELL("filename"),SEARCH("[",CELL("filename"))+1, SEARCH("]",CELL("filename"))-SEARCH("[",CELL("filename"))-1) & "]" & INDIRECT(ADDRESS(COLUMN()-8,2,1,TRUE,"자산목록")) & "!A1",INDIRECT(ADDRESS(COLUMN()-8,2,1,TRUE,"자산목록"))) -> LOG_HQ_Rocky | O4: =HYPERLINK("[" & MID(CELL("filename"),SEARCH("[",CELL("filename"))+1, SEARCH("]",CELL("filename"))-SEARCH("[",CELL("filename"))-1) & "]" & INDIRECT(ADDRESS(COLUMN()-8,2,1,TRUE,"자산목록")) & "!A1",INDIRECT(ADDRESS(COLUMN()-8,2,1,TRUE,"자산목록"))) -> DB_HQ_Rocky | P4: =HYPERLINK("[" & MID(CELL("filename"),SEARCH("[",CELL("filename"))+1, SEARCH("]",CELL("filename"))-SEARCH("[",CELL("filename"))-1) & "]" & INDIRECT(ADDRESS(COLUMN()-8,2,1,TRUE,"자산목록")) & "!A1",INDIRECT(ADDRESS(COLUMN()-8,2,1,TRUE,"자산목록"))) -> BDB_HQ_Rocky | Q4: =HYPERLINK("[" & MID(CELL("filename"),SEARCH("[",CELL("filename"))+1, SEARCH("]",CELL("filename"))-SEARCH("[",CELL("filename"))-1) & "]" & INDIRECT(ADDRESS(COLUMN()-8,2,1,TRUE,"자산목록")) & "!A1",INDIRECT(ADDRESS(COLUMN()-8,2,1,TRUE,"자산목록"))) -> BLOG_HQ_Rocky
A5: =ChkList!A5 -> 계정 관리 | B5: =ChkList!B5 -> U-01 | C5: =ChkList!C5 -> root 계정 원격 접속 제한 | D5: =ChkList!D5 -> H | E5: =ChkList!E5 -> 3 | F5: =COUNTA($M5:INDIRECT(ADDRESS(ROW(),MATCH("",$4:$4,-1),1,1))) -> 5 | G5: =COUNTIF($M5:INDIRECT(ADDRESS(ROW(),MATCH("",$4:$4,-1),1,1)),"조치완료(Y)")+COUNTIF($M5:INDIRECT(ADDRESS(ROW(),MATCH("",$4:$4,-1),1,1)),"Y") -> 5 | H5: =COUNTIF($M5:INDIRECT(ADDRESS(ROW(),MATCH("",$4:$4,-1),1,1)),"Y(즉시조치)")+COUNTIF($M5:INDIRECT(ADDRESS(ROW(),MATCH("",$4:$4,-1),1,1)),"조치완료(즉시조치)") -> 0 | I5: =COUNTIF($M5:INDIRECT(ADDRESS(ROW(),MATCH("",$4:$4,-1),1,1)),"N") -> 0 | J5: =COUNTIF($M5:INDIRECT(ADDRESS(ROW(),MATCH("",$4:$4,-1),1,1)),"N/A")+COUNTIF($M5:INDIRECT(ADDRESS(ROW(),MATCH("",$4:$4,-1),1,1)),"조치완료(N/A)") -> 0 | K5: =VLOOKUP($D5,'parm(hidden)'!$B$8:$C$10,2,FALSE)*($F5-$J5) -> 15 | L5: =VLOOKUP($D5,'parm(hidden)'!$B$8:$C$10,2,FALSE)*($G5+$H5) -> 15 | M5: =HYPERLINK("[" & MID(CELL("filename"),SEARCH("[",CELL("filename"))+1, SEARCH("]",CELL("filename"))-SEARCH("[",CELL("filename"))-1) & "]" & ADDRESS(ROW()+16,8,1,TRUE,M$4),INDIRECT(ADDRESS(ROW()+16,8,1,TRUE,M$4))) -> Y | N5: =HYPERLINK("[" & MID(CELL("filename"),SEARCH("[",CELL("filename"))+1, SEARCH("]",CELL("filename"))-SEARCH("[",CELL("filename"))-1) & "]" & ADDRESS(ROW()+16,8,1,TRUE,N$4),INDIRECT(ADDRESS(ROW()+16,8,1,TRUE,N$4))) -> Y | O5: =HYPERLINK("[" & MID(CELL("filename"),SEARCH("[",CELL("filename"))+1, SEARCH("]",CELL("filename"))-SEARCH("[",CELL("filename"))-1) & "]" & ADDRESS(ROW()+16,8,1,TRUE,O$4),INDIRECT(ADDRESS(ROW()+16,8,1,TRUE,O$4))) -> Y | P5: =HYPERLINK("[" & MID(CELL("filename"),SEARCH("[",CELL("filename"))+1, SEARCH("]",CELL("filename"))-SEARCH("[",CELL("filename"))-1) & "]" & ADDRESS(ROW()+16,8,1,TRUE,P$4),INDIRECT(ADDRESS(ROW()+16,8,1,TRUE,P$4))) -> Y | Q5: =HYPERLINK("[" & MID(CELL("filename"),SEARCH("[",CELL("filename"))+1, SEARCH("]",CELL("filename"))-SEARCH("[",CELL("filename"))-1) & "]" & ADDRESS(ROW()+16,8,1,TRUE,Q$4),INDIRECT(ADDRESS(ROW()+16,8,1,TRUE,Q$4))) -> Y
A6: =ChkList!A6 -> 계정 관리 | B6: =ChkList!B6 -> U-02 | C6: =ChkList!C6 -> 비밀번호 관리정책 설정 | D6: =ChkList!D6 -> H | E6: =ChkList!E6 -> 3 | F6: =COUNTA($M6:INDIRECT(ADDRESS(ROW(),MATCH("",$4:$4,-1),1,1))) -> 5 | G6: =COUNTIF($M6:INDIRECT(ADDRESS(ROW(),MATCH("",$4:$4,-1),1,1)),"조치완료(Y)")+COUNTIF($M6:INDIRECT(ADDRESS(ROW(),MATCH("",$4:$4,-1),1,1)),"Y") -> 2 | H6: =COUNTIF($M6:INDIRECT(ADDRESS(ROW(),MATCH("",$4:$4,-1),1,1)),"Y(즉시조치)")+COUNTIF($M6:INDIRECT(ADDRESS(ROW(),MATCH("",$4:$4,-1),1,1)),"조치완료(즉시조치)") -> 0 | I6: =COUNTIF($M6:INDIRECT(ADDRESS(ROW(),MATCH("",$4:$4,-1),1,1)),"N") -> 3 | J6: =COUNTIF($M6:INDIRECT(ADDRESS(ROW(),MATCH("",$4:$4,-1),1,1)),"N/A")+COUNTIF($M6:INDIRECT(ADDRESS(ROW(),MATCH("",$4:$4,-1),1,1)),"조치완료(N/A)") -> 0 | K6: =VLOOKUP($D6,'parm(hidden)'!$B$8:$C$10,2,FALSE)*($F6-$J6) -> 15 | L6: =VLOOKUP($D6,'parm(hidden)'!$B$8:$C$10,2,FALSE)*($G6+$H6) -> 6 | M6: =HYPERLINK("[" & MID(CELL("filename"),SEARCH("[",CELL("filename"))+1, SEARCH("]",CELL("filename"))-SEARCH("[",CELL("filename"))-1) & "]" & ADDRESS(ROW()+16,8,1,TRUE,M$4),INDIRECT(ADDRESS(ROW()+16,8,1,TRUE,M$4))) -> N | N6: =HYPERLINK("[" & MID(CELL("filename"),SEARCH("[",CELL("filename"))+1, SEARCH("]",CELL("filename"))-SEARCH("[",CELL("filename"))-1) & "]" & ADDRESS(ROW()+16,8,1,TRUE,N$4),INDIRECT(ADDRESS(ROW()+16,8,1,TRUE,N$4))) -> Y | O6: =HYPERLINK("[" & MID(CELL("filename"),SEARCH("[",CELL("filename"))+1, SEARCH("]",CELL("filename"))-SEARCH("[",CELL("filename"))-1) & "]" & ADDRESS(ROW()+16,8,1,TRUE,O$4),INDIRECT(ADDRESS(ROW()+16,8,1,TRUE,O$4))) -> Y | P6: =HYPERLINK("[" & MID(CELL("filename"),SEARCH("[",CELL("filename"))+1, SEARCH("]",CELL("filename"))-SEARCH("[",CELL("filename"))-1) & "]" & ADDRESS(ROW()+16,8,1,TRUE,P$4),INDIRECT(ADDRESS(ROW()+16,8,1,TRUE,P$4))) -> N | Q6: =HYPERLINK("[" & MID(CELL("filename"),SEARCH("[",CELL("filename"))+1, SEARCH("]",CELL("filename"))-SEARCH("[",CELL("filename"))-1) & "]" & ADDRESS(ROW()+16,8,1,TRUE,Q$4),INDIRECT(ADDRESS(ROW()+16,8,1,TRUE,Q$4))) -> N
A7: =ChkList!A7 -> 계정 관리 | B7: =ChkList!B7 -> U-03 | C7: =ChkList!C7 -> 계정 잠금 임계값 설정 | D7: =ChkList!D7 -> H | E7: =ChkList!E7 -> 3 | F7: =COUNTA($M7:INDIRECT(ADDRESS(ROW(),MATCH("",$4:$4,-1),1,1))) -> 5 | G7: =COUNTIF($M7:INDIRECT(ADDRESS(ROW(),MATCH("",$4:$4,-1),1,1)),"조치완료(Y)")+COUNTIF($M7:INDIRECT(ADDRESS(ROW(),MATCH("",$4:$4,-1),1,1)),"Y") -> 2 | H7: =COUNTIF($M7:INDIRECT(ADDRESS(ROW(),MATCH("",$4:$4,-1),1,1)),"Y(즉시조치)")+COUNTIF($M7:INDIRECT(ADDRESS(ROW(),MATCH("",$4:$4,-1),1,1)),"조치완료(즉시조치)") -> 0 | I7: =COUNTIF($M7:INDIRECT(ADDRESS(ROW(),MATCH("",$4:$4,-1),1,1)),"N") -> 3 | J7: =COUNTIF($M7:INDIRECT(ADDRESS(ROW(),MATCH("",$4:$4,-1),1,1)),"N/A")+COUNTIF($M7:INDIRECT(ADDRESS(ROW(),MATCH("",$4:$4,-1),1,1)),"조치완료(N/A)") -> 0 | K7: =VLOOKUP($D7,'parm(hidden)'!$B$8:$C$10,2,FALSE)*($F7-$J7) -> 15 | L7: =VLOOKUP($D7,'parm(hidden)'!$B$8:$C$10,2,FALSE)*($G7+$H7) -> 6 | M7: =HYPERLINK("[" & MID(CELL("filename"),SEARCH("[",CELL("filename"))+1, SEARCH("]",CELL("filename"))-SEARCH("[",CELL("filename"))-1) & "]" & ADDRESS(ROW()+16,8,1,TRUE,M$4),INDIRECT(ADDRESS(ROW()+16,8,1,TRUE,M$4))) -> N | N7: =HYPERLINK("[" & MID(CELL("filename"),SEARCH("[",CELL("filename"))+1, SEARCH("]",CELL("filename"))-SEARCH("[",CELL("filename"))-1) & "]" & ADDRESS(ROW()+16,8,1,TRUE,N$4),INDIRECT(ADDRESS(ROW()+16,8,1,TRUE,N$4))) -> Y | O7: =HYPERLINK("[" & MID(CELL("filename"),SEARCH("[",CELL("filename"))+1, SEARCH("]",CELL("filename"))-SEARCH("[",CELL("filename"))-1) & "]" & ADDRESS(ROW()+16,8,1,TRUE,O$4),INDIRECT(ADDRESS(ROW()+16,8,1,TRUE,O$4))) -> Y | P7: =HYPERLINK("[" & MID(CELL("filename"),SEARCH("[",CELL("filename"))+1, SEARCH("]",CELL("filename"))-SEARCH("[",CELL("filename"))-1) & "]" & ADDRESS(ROW()+16,8,1,TRUE,P$4),INDIRECT(ADDRESS(ROW()+16,8,1,TRUE,P$4))) -> N | Q7: =HYPERLINK("[" & MID(CELL("filename"),SEARCH("[",CELL("filename"))+1, SEARCH("]",CELL("filename"))-SEARCH("[",CELL("filename"))-1) & "]" & ADDRESS(ROW()+16,8,1,TRUE,Q$4),INDIRECT(ADDRESS(ROW()+16,8,1,TRUE,Q$4))) -> N
A8: =ChkList!A8 -> 계정 관리 | B8: =ChkList!B8 -> U-04 | C8: =ChkList!C8 -> 비밀번호 파일 보호 | D8: =ChkList!D8 -> H | E8: =ChkList!E8 -> 3 | F8: =COUNTA($M8:INDIRECT(ADDRESS(ROW(),MATCH("",$4:$4,-1),1,1))) -> 5 | G8: =COUNTIF($M8:INDIRECT(ADDRESS(ROW(),MATCH("",$4:$4,-1),1,1)),"조치완료(Y)")+COUNTIF($M8:INDIRECT(ADDRESS(ROW(),MATCH("",$4:$4,-1),1,1)),"Y") -> 5 | H8: =COUNTIF($M8:INDIRECT(ADDRESS(ROW(),MATCH("",$4:$4,-1),1,1)),"Y(즉시조치)")+COUNTIF($M8:INDIRECT(ADDRESS(ROW(),MATCH("",$4:$4,-1),1,1)),"조치완료(즉시조치)") -> 0 | I8: =COUNTIF($M8:INDIRECT(ADDRESS(ROW(),MATCH("",$4:$4,-1),1,1)),"N") -> 0 | J8: =COUNTIF($M8:INDIRECT(ADDRESS(ROW(),MATCH("",$4:$4,-1),1,1)),"N/A")+COUNTIF($M8:INDIRECT(ADDRESS(ROW(),MATCH("",$4:$4,-1),1,1)),"조치완료(N/A)") -> 0 | K8: =VLOOKUP($D8,'parm(hidden)'!$B$8:$C$10,2,FALSE)*($F8-$J8) -> 15 | L8: =VLOOKUP($D8,'parm(hidden)'!$B$8:$C$10,2,FALSE)*($G8+$H8) -> 15 | M8: =HYPERLINK("[" & MID(CELL("filename"),SEARCH("[",CELL("filename"))+1, SEARCH("]",CELL("filename"))-SEARCH("[",CELL("filename"))-1) & "]" & ADDRESS(ROW()+16,8,1,TRUE,M$4),INDIRECT(ADDRESS(ROW()+16,8,1,TRUE,M$4))) -> Y | N8: =HYPERLINK("[" & MID(CELL("filename"),SEARCH("[",CELL("filename"))+1, SEARCH("]",CELL("filename"))-SEARCH("[",CELL("filename"))-1) & "]" & ADDRESS(ROW()+16,8,1,TRUE,N$4),INDIRECT(ADDRESS(ROW()+16,8,1,TRUE,N$4))) -> Y | O8: =HYPERLINK("[" & MID(CELL("filename"),SEARCH("[",CELL("filename"))+1, SEARCH("]",CELL("filename"))-SEARCH("[",CELL("filename"))-1) & "]" & ADDRESS(ROW()+16,8,1,TRUE,O$4),INDIRECT(ADDRESS(ROW()+16,8,1,TRUE,O$4))) -> Y | P8: =HYPERLINK("[" & MID(CELL("filename"),SEARCH("[",CELL("filename"))+1, SEARCH("]",CELL("filename"))-SEARCH("[",CELL("filename"))-1) & "]" & ADDRESS(ROW()+16,8,1,TRUE,P$4),INDIRECT(ADDRESS(ROW()+16,8,1,TRUE,P$4))) -> Y | Q8: =HYPERLINK("[" & MID(CELL("filename"),SEARCH("[",CELL("filename"))+1, SEARCH("]",CELL("filename"))-SEARCH("[",CELL("filename"))-1) & "]" & ADDRESS(ROW()+16,8,1,TRUE,Q$4),INDIRECT(ADDRESS(ROW()+16,8,1,TRUE,Q$4))) -> Y
A9: =ChkList!A9 -> 계정 관리 | B9: =ChkList!B9 -> U-05 | C9: =ChkList!C9 -> root 이외의 UID가 ‘0’ 금지 | D9: =ChkList!D9 -> H | E9: =ChkList!E9 -> 3 | F9: =COUNTA($M9:INDIRECT(ADDRESS(ROW(),MATCH("",$4:$4,-1),1,1))) -> 5 | G9: =COUNTIF($M9:INDIRECT(ADDRESS(ROW(),MATCH("",$4:$4,-1),1,1)),"조치완료(Y)")+COUNTIF($M9:INDIRECT(ADDRESS(ROW(),MATCH("",$4:$4,-1),1,1)),"Y") -> 5 | H9: =COUNTIF($M9:INDIRECT(ADDRESS(ROW(),MATCH("",$4:$4,-1),1,1)),"Y(즉시조치)")+COUNTIF($M9:INDIRECT(ADDRESS(ROW(),MATCH("",$4:$4,-1),1,1)),"조치완료(즉시조치)") -> 0 | I9: =COUNTIF($M9:INDIRECT(ADDRESS(ROW(),MATCH("",$4:$4,-1),1,1)),"N") -> 0 | J9: =COUNTIF($M9:INDIRECT(ADDRESS(ROW(),MATCH("",$4:$4,-1),1,1)),"N/A")+COUNTIF($M9:INDIRECT(ADDRESS(ROW(),MATCH("",$4:$4,-1),1,1)),"조치완료(N/A)") -> 0 | K9: =VLOOKUP($D9,'parm(hidden)'!$B$8:$C$10,2,FALSE)*($F9-$J9) -> 15 | L9: =VLOOKUP($D9,'parm(hidden)'!$B$8:$C$10,2,FALSE)*($G9+$H9) -> 15 | M9: =HYPERLINK("[" & MID(CELL("filename"),SEARCH("[",CELL("filename"))+1, SEARCH("]",CELL("filename"))-SEARCH("[",CELL("filename"))-1) & "]" & ADDRESS(ROW()+16,8,1,TRUE,M$4),INDIRECT(ADDRESS(ROW()+16,8,1,TRUE,M$4))) -> Y | N9: =HYPERLINK("[" & MID(CELL("filename"),SEARCH("[",CELL("filename"))+1, SEARCH("]",CELL("filename"))-SEARCH("[",CELL("filename"))-1) & "]" & ADDRESS(ROW()+16,8,1,TRUE,N$4),INDIRECT(ADDRESS(ROW()+16,8,1,TRUE,N$4))) -> Y | O9: =HYPERLINK("[" & MID(CELL("filename"),SEARCH("[",CELL("filename"))+1, SEARCH("]",CELL("filename"))-SEARCH("[",CELL("filename"))-1) & "]" & ADDRESS(ROW()+16,8,1,TRUE,O$4),INDIRECT(ADDRESS(ROW()+16,8,1,TRUE,O$4))) -> Y | P9: =HYPERLINK("[" & MID(CELL("filename"),SEARCH("[",CELL("filename"))+1, SEARCH("]",CELL("filename"))-SEARCH("[",CELL("filename"))-1) & "]" & ADDRESS(ROW()+16,8,1,TRUE,P$4),INDIRECT(ADDRESS(ROW()+16,8,1,TRUE,P$4))) -> Y | Q9: =HYPERLINK("[" & MID(CELL("filename"),SEARCH("[",CELL("filename"))+1, SEARCH("]",CELL("filename"))-SEARCH("[",CELL("filename"))-1) & "]" & ADDRESS(ROW()+16,8,1,TRUE,Q$4),INDIRECT(ADDRESS(ROW()+16,8,1,TRUE,Q$4))) -> Y
A10: =ChkList!A10 -> 계정 관리 | B10: =ChkList!B10 -> U-06 | C10: =ChkList!C10 -> 사용자 계정 su 기능 제한 | D10: =ChkList!D10 -> H | E10: =ChkList!E10 -> 3 | F10: =COUNTA($M10:INDIRECT(ADDRESS(ROW(),MATCH("",$4:$4,-1),1,1))) -> 5 | G10: =COUNTIF($M10:INDIRECT(ADDRESS(ROW(),MATCH("",$4:$4,-1),1,1)),"조치완료(Y)")+COUNTIF($M10:INDIRECT(ADDRESS(ROW(),MATCH("",$4:$4,-1),1,1)),"Y") -> 5 | H10: =COUNTIF($M10:INDIRECT(ADDRESS(ROW(),MATCH("",$4:$4,-1),1,1)),"Y(즉시조치)")+COUNTIF($M10:INDIRECT(ADDRESS(ROW(),MATCH("",$4:$4,-1),1,1)),"조치완료(즉시조치)") -> 0 | I10: =COUNTIF($M10:INDIRECT(ADDRESS(ROW(),MATCH("",$4:$4,-1),1,1)),"N") -> 0 | J10: =COUNTIF($M10:INDIRECT(ADDRESS(ROW(),MATCH("",$4:$4,-1),1,1)),"N/A")+COUNTIF($M10:INDIRECT(ADDRESS(ROW(),MATCH("",$4:$4,-1),1,1)),"조치완료(N/A)") -> 0 | K10: =VLOOKUP($D10,'parm(hidden)'!$B$8:$C$10,2,FALSE)*($F10-$J10) -> 15 | L10: =VLOOKUP($D10,'parm(hidden)'!$B$8:$C$10,2,FALSE)*($G10+$H10) -> 15 | M10: =HYPERLINK("[" & MID(CELL("filename"),SEARCH("[",CELL("filename"))+1, SEARCH("]",CELL("filename"))-SEARCH("[",CELL("filename"))-1) & "]" & ADDRESS(ROW()+16,8,1,TRUE,M$4),INDIRECT(ADDRESS(ROW()+16,8,1,TRUE,M$4))) -> Y | N10: =HYPERLINK("[" & MID(CELL("filename"),SEARCH("[",CELL("filename"))+1, SEARCH("]",CELL("filename"))-SEARCH("[",CELL("filename"))-1) & "]" & ADDRESS(ROW()+16,8,1,TRUE,N$4),INDIRECT(ADDRESS(ROW()+16,8,1,TRUE,N$4))) -> Y | O10: =HYPERLINK("[" & MID(CELL("filename"),SEARCH("[",CELL("filename"))+1, SEARCH("]",CELL("filename"))-SEARCH("[",CELL("filename"))-1) & "]" & ADDRESS(ROW()+16,8,1,TRUE,O$4),INDIRECT(ADDRESS(ROW()+16,8,1,TRUE,O$4))) -> Y | P10: =HYPERLINK("[" & MID(CELL("filename"),SEARCH("[",CELL("filename"))+1, SEARCH("]",CELL("filename"))-SEARCH("[",CELL("filename"))-1) & "]" & ADDRESS(ROW()+16,8,1,TRUE,P$4),INDIRECT(ADDRESS(ROW()+16,8,1,TRUE,P$4))) -> Y | Q10: =HYPERLINK("[" & MID(CELL("filename"),SEARCH("[",CELL("filename"))+1, SEARCH("]",CELL("filename"))-SEARCH("[",CELL("filename"))-1) & "]" & ADDRESS(ROW()+16,8,1,TRUE,Q$4),INDIRECT(ADDRESS(ROW()+16,8,1,TRUE,Q$4))) -> Y
A11: =ChkList!A11 -> 계정 관리 | B11: =ChkList!B11 -> U-07 | C11: =ChkList!C11 -> 불필요한 계정 제거 | D11: =ChkList!D11 -> L | E11: =ChkList!E11 -> 1 | F11: =COUNTA($M11:INDIRECT(ADDRESS(ROW(),MATCH("",$4:$4,-1),1,1))) -> 5 | G11: =COUNTIF($M11:INDIRECT(ADDRESS(ROW(),MATCH("",$4:$4,-1),1,1)),"조치완료(Y)")+COUNTIF($M11:INDIRECT(ADDRESS(ROW(),MATCH("",$4:$4,-1),1,1)),"Y") -> 5 | H11: =COUNTIF($M11:INDIRECT(ADDRESS(ROW(),MATCH("",$4:$4,-1),1,1)),"Y(즉시조치)")+COUNTIF($M11:INDIRECT(ADDRESS(ROW(),MATCH("",$4:$4,-1),1,1)),"조치완료(즉시조치)") -> 0 | I11: =COUNTIF($M11:INDIRECT(ADDRESS(ROW(),MATCH("",$4:$4,-1),1,1)),"N") -> 0 | J11: =COUNTIF($M11:INDIRECT(ADDRESS(ROW(),MATCH("",$4:$4,-1),1,1)),"N/A")+COUNTIF($M11:INDIRECT(ADDRESS(ROW(),MATCH("",$4:$4,-1),1,1)),"조치완료(N/A)") -> 0 | K11: =VLOOKUP($D11,'parm(hidden)'!$B$8:$C$10,2,FALSE)*($F11-$J11) -> 5 | L11: =VLOOKUP($D11,'parm(hidden)'!$B$8:$C$10,2,FALSE)*($G11+$H11) -> 5 | M11: =HYPERLINK("[" & MID(CELL("filename"),SEARCH("[",CELL("filename"))+1, SEARCH("]",CELL("filename"))-SEARCH("[",CELL("filename"))-1) & "]" & ADDRESS(ROW()+16,8,1,TRUE,M$4),INDIRECT(ADDRESS(ROW()+16,8,1,TRUE,M$4))) -> Y | N11: =HYPERLINK("[" & MID(CELL("filename"),SEARCH("[",CELL("filename"))+1, SEARCH("]",CELL("filename"))-SEARCH("[",CELL("filename"))-1) & "]" & ADDRESS(ROW()+16,8,1,TRUE,N$4),INDIRECT(ADDRESS(ROW()+16,8,1,TRUE,N$4))) -> Y | O11: =HYPERLINK("[" & MID(CELL("filename"),SEARCH("[",CELL("filename"))+1, SEARCH("]",CELL("filename"))-SEARCH("[",CELL("filename"))-1) & "]" & ADDRESS(ROW()+16,8,1,TRUE,O$4),INDIRECT(ADDRESS(ROW()+16,8,1,TRUE,O$4))) -> Y | P11: =HYPERLINK("[" & MID(CELL("filename"),SEARCH("[",CELL("filename"))+1, SEARCH("]",CELL("filename"))-SEARCH("[",CELL("filename"))-1) & "]" & ADDRESS(ROW()+16,8,1,TRUE,P$4),INDIRECT(ADDRESS(ROW()+16,8,1,TRUE,P$4))) -> Y | Q11: =HYPERLINK("[" & MID(CELL("filename"),SEARCH("[",CELL("filename"))+1, SEARCH("]",CELL("filename"))-SEARCH("[",CELL("filename"))-1) & "]" & ADDRESS(ROW()+16,8,1,TRUE,Q$4),INDIRECT(ADDRESS(ROW()+16,8,1,TRUE,Q$4))) -> Y
A12: =ChkList!A12 -> 계정 관리 | B12: =ChkList!B12 -> U-08 | C12: =ChkList!C12 -> 관리자 그룹에 최소한의 계정 포함 | D12: =ChkList!D12 -> M | E12: =ChkList!E12 -> 2 | F12: =COUNTA($M12:INDIRECT(ADDRESS(ROW(),MATCH("",$4:$4,-1),1,1))) -> 5 | G12: =COUNTIF($M12:INDIRECT(ADDRESS(ROW(),MATCH("",$4:$4,-1),1,1)),"조치완료(Y)")+COUNTIF($M12:INDIRECT(ADDRESS(ROW(),MATCH("",$4:$4,-1),1,1)),"Y") -> 5 | H12: =COUNTIF($M12:INDIRECT(ADDRESS(ROW(),MATCH("",$4:$4,-1),1,1)),"Y(즉시조치)")+COUNTIF($M12:INDIRECT(ADDRESS(ROW(),MATCH("",$4:$4,-1),1,1)),"조치완료(즉시조치)") -> 0 | I12: =COUNTIF($M12:INDIRECT(ADDRESS(ROW(),MATCH("",$4:$4,-1),1,1)),"N") -> 0 | J12: =COUNTIF($M12:INDIRECT(ADDRESS(ROW(),MATCH("",$4:$4,-1),1,1)),"N/A")+COUNTIF($M12:INDIRECT(ADDRESS(ROW(),MATCH("",$4:$4,-1),1,1)),"조치완료(N/A)") -> 0 | K12: =VLOOKUP($D12,'parm(hidden)'!$B$8:$C$10,2,FALSE)*($F12-$J12) -> 10 | L12: =VLOOKUP($D12,'parm(hidden)'!$B$8:$C$10,2,FALSE)*($G12+$H12) -> 10 | M12: =HYPERLINK("[" & MID(CELL("filename"),SEARCH("[",CELL("filename"))+1, SEARCH("]",CELL("filename"))-SEARCH("[",CELL("filename"))-1) & "]" & ADDRESS(ROW()+16,8,1,TRUE,M$4),INDIRECT(ADDRESS(ROW()+16,8,1,TRUE,M$4))) -> Y | N12: =HYPERLINK("[" & MID(CELL("filename"),SEARCH("[",CELL("filename"))+1, SEARCH("]",CELL("filename"))-SEARCH("[",CELL("filename"))-1) & "]" & ADDRESS(ROW()+16,8,1,TRUE,N$4),INDIRECT(ADDRESS(ROW()+16,8,1,TRUE,N$4))) -> Y | O12: =HYPERLINK("[" & MID(CELL("filename"),SEARCH("[",CELL("filename"))+1, SEARCH("]",CELL("filename"))-SEARCH("[",CELL("filename"))-1) & "]" & ADDRESS(ROW()+16,8,1,TRUE,O$4),INDIRECT(ADDRESS(ROW()+16,8,1,TRUE,O$4))) -> Y | P12: =HYPERLINK("[" & MID(CELL("filename"),SEARCH("[",CELL("filename"))+1, SEARCH("]",CELL("filename"))-SEARCH("[",CELL("filename"))-1) & "]" & ADDRESS(ROW()+16,8,1,TRUE,P$4),INDIRECT(ADDRESS(ROW()+16,8,1,TRUE,P$4))) -> Y | Q12: =HYPERLINK("[" & MID(CELL("filename"),SEARCH("[",CELL("filename"))+1, SEARCH("]",CELL("filename"))-SEARCH("[",CELL("filename"))-1) & "]" & ADDRESS(ROW()+16,8,1,TRUE,Q$4),INDIRECT(ADDRESS(ROW()+16,8,1,TRUE,Q$4))) -> Y
A13: =ChkList!A13 -> 계정 관리 | B13: =ChkList!B13 -> U-09 | C13: =ChkList!C13 -> 계정이 존재하지 않는 GID 금지 | D13: =ChkList!D13 -> L | E13: =ChkList!E13 -> 1 | F13: =COUNTA($M13:INDIRECT(ADDRESS(ROW(),MATCH("",$4:$4,-1),1,1))) -> 5 | G13: =COUNTIF($M13:INDIRECT(ADDRESS(ROW(),MATCH("",$4:$4,-1),1,1)),"조치완료(Y)")+COUNTIF($M13:INDIRECT(ADDRESS(ROW(),MATCH("",$4:$4,-1),1,1)),"Y") -> 5 | H13: =COUNTIF($M13:INDIRECT(ADDRESS(ROW(),MATCH("",$4:$4,-1),1,1)),"Y(즉시조치)")+COUNTIF($M13:INDIRECT(ADDRESS(ROW(),MATCH("",$4:$4,-1),1,1)),"조치완료(즉시조치)") -> 0 | I13: =COUNTIF($M13:INDIRECT(ADDRESS(ROW(),MATCH("",$4:$4,-1),1,1)),"N") -> 0 | J13: =COUNTIF($M13:INDIRECT(ADDRESS(ROW(),MATCH("",$4:$4,-1),1,1)),"N/A")+COUNTIF($M13:INDIRECT(ADDRESS(ROW(),MATCH("",$4:$4,-1),1,1)),"조치완료(N/A)") -> 0 | K13: =VLOOKUP($D13,'parm(hidden)'!$B$8:$C$10,2,FALSE)*($F13-$J13) -> 5 | L13: =VLOOKUP($D13,'parm(hidden)'!$B$8:$C$10,2,FALSE)*($G13+$H13) -> 5 | M13: =HYPERLINK("[" & MID(CELL("filename"),SEARCH("[",CELL("filename"))+1, SEARCH("]",CELL("filename"))-SEARCH("[",CELL("filename"))-1) & "]" & ADDRESS(ROW()+16,8,1,TRUE,M$4),INDIRECT(ADDRESS(ROW()+16,8,1,TRUE,M$4))) -> Y | N13: =HYPERLINK("[" & MID(CELL("filename"),SEARCH("[",CELL("filename"))+1, SEARCH("]",CELL("filename"))-SEARCH("[",CELL("filename"))-1) & "]" & ADDRESS(ROW()+16,8,1,TRUE,N$4),INDIRECT(ADDRESS(ROW()+16,8,1,TRUE,N$4))) -> Y | O13: =HYPERLINK("[" & MID(CELL("filename"),SEARCH("[",CELL("filename"))+1, SEARCH("]",CELL("filename"))-SEARCH("[",CELL("filename"))-1) & "]" & ADDRESS(ROW()+16,8,1,TRUE,O$4),INDIRECT(ADDRESS(ROW()+16,8,1,TRUE,O$4))) -> Y | P13: =HYPERLINK("[" & MID(CELL("filename"),SEARCH("[",CELL("filename"))+1, SEARCH("]",CELL("filename"))-SEARCH("[",CELL("filename"))-1) & "]" & ADDRESS(ROW()+16,8,1,TRUE,P$4),INDIRECT(ADDRESS(ROW()+16,8,1,TRUE,P$4))) -> Y | Q13: =HYPERLINK("[" & MID(CELL("filename"),SEARCH("[",CELL("filename"))+1, SEARCH("]",CELL("filename"))-SEARCH("[",CELL("filename"))-1) & "]" & ADDRESS(ROW()+16,8,1,TRUE,Q$4),INDIRECT(ADDRESS(ROW()+16,8,1,TRUE,Q$4))) -> Y
A14: =ChkList!A14 -> 계정 관리 | B14: =ChkList!B14 -> U-10 | C14: =ChkList!C14 -> 동일한 UID 금지 | D14: =ChkList!D14 -> M | E14: =ChkList!E14 -> 2 | F14: =COUNTA($M14:INDIRECT(ADDRESS(ROW(),MATCH("",$4:$4,-1),1,1))) -> 5 | G14: =COUNTIF($M14:INDIRECT(ADDRESS(ROW(),MATCH("",$4:$4,-1),1,1)),"조치완료(Y)")+COUNTIF($M14:INDIRECT(ADDRESS(ROW(),MATCH("",$4:$4,-1),1,1)),"Y") -> 5 | H14: =COUNTIF($M14:INDIRECT(ADDRESS(ROW(),MATCH("",$4:$4,-1),1,1)),"Y(즉시조치)")+COUNTIF($M14:INDIRECT(ADDRESS(ROW(),MATCH("",$4:$4,-1),1,1)),"조치완료(즉시조치)") -> 0 | I14: =COUNTIF($M14:INDIRECT(ADDRESS(ROW(),MATCH("",$4:$4,-1),1,1)),"N") -> 0 | J14: =COUNTIF($M14:INDIRECT(ADDRESS(ROW(),MATCH("",$4:$4,-1),1,1)),"N/A")+COUNTIF($M14:INDIRECT(ADDRESS(ROW(),MATCH("",$4:$4,-1),1,1)),"조치완료(N/A)") -> 0 | K14: =VLOOKUP($D14,'parm(hidden)'!$B$8:$C$10,2,FALSE)*($F14-$J14) -> 10 | L14: =VLOOKUP($D14,'parm(hidden)'!$B$8:$C$10,2,FALSE)*($G14+$H14) -> 10 | M14: =HYPERLINK("[" & MID(CELL("filename"),SEARCH("[",CELL("filename"))+1, SEARCH("]",CELL("filename"))-SEARCH("[",CELL("filename"))-1) & "]" & ADDRESS(ROW()+16,8,1,TRUE,M$4),INDIRECT(ADDRESS(ROW()+16,8,1,TRUE,M$4))) -> Y | N14: =HYPERLINK("[" & MID(CELL("filename"),SEARCH("[",CELL("filename"))+1, SEARCH("]",CELL("filename"))-SEARCH("[",CELL("filename"))-1) & "]" & ADDRESS(ROW()+16,8,1,TRUE,N$4),INDIRECT(ADDRESS(ROW()+16,8,1,TRUE,N$4))) -> Y | O14: =HYPERLINK("[" & MID(CELL("filename"),SEARCH("[",CELL("filename"))+1, SEARCH("]",CELL("filename"))-SEARCH("[",CELL("filename"))-1) & "]" & ADDRESS(ROW()+16,8,1,TRUE,O$4),INDIRECT(ADDRESS(ROW()+16,8,1,TRUE,O$4))) -> Y | P14: =HYPERLINK("[" & MID(CELL("filename"),SEARCH("[",CELL("filename"))+1, SEARCH("]",CELL("filename"))-SEARCH("[",CELL("filename"))-1) & "]" & ADDRESS(ROW()+16,8,1,TRUE,P$4),INDIRECT(ADDRESS(ROW()+16,8,1,TRUE,P$4))) -> Y | Q14: =HYPERLINK("[" & MID(CELL("filename"),SEARCH("[",CELL("filename"))+1, SEARCH("]",CELL("filename"))-SEARCH("[",CELL("filename"))-1) & "]" & ADDRESS(ROW()+16,8,1,TRUE,Q$4),INDIRECT(ADDRESS(ROW()+16,8,1,TRUE,Q$4))) -> Y
A15: =ChkList!A15 -> 계정 관리 | B15: =ChkList!B15 -> U-11 | C15: =ChkList!C15 -> 사용자 Shell 점검 | D15: =ChkList!D15 -> L | E15: =ChkList!E15 -> 1 | F15: =COUNTA($M15:INDIRECT(ADDRESS(ROW(),MATCH("",$4:$4,-1),1,1))) -> 5 | G15: =COUNTIF($M15:INDIRECT(ADDRESS(ROW(),MATCH("",$4:$4,-1),1,1)),"조치완료(Y)")+COUNTIF($M15:INDIRECT(ADDRESS(ROW(),MATCH("",$4:$4,-1),1,1)),"Y") -> 5 | H15: =COUNTIF($M15:INDIRECT(ADDRESS(ROW(),MATCH("",$4:$4,-1),1,1)),"Y(즉시조치)")+COUNTIF($M15:INDIRECT(ADDRESS(ROW(),MATCH("",$4:$4,-1),1,1)),"조치완료(즉시조치)") -> 0 | I15: =COUNTIF($M15:INDIRECT(ADDRESS(ROW(),MATCH("",$4:$4,-1),1,1)),"N") -> 0 | J15: =COUNTIF($M15:INDIRECT(ADDRESS(ROW(),MATCH("",$4:$4,-1),1,1)),"N/A")+COUNTIF($M15:INDIRECT(ADDRESS(ROW(),MATCH("",$4:$4,-1),1,1)),"조치완료(N/A)") -> 0 | K15: =VLOOKUP($D15,'parm(hidden)'!$B$8:$C$10,2,FALSE)*($F15-$J15) -> 5 | L15: =VLOOKUP($D15,'parm(hidden)'!$B$8:$C$10,2,FALSE)*($G15+$H15) -> 5 | M15: =HYPERLINK("[" & MID(CELL("filename"),SEARCH("[",CELL("filename"))+1, SEARCH("]",CELL("filename"))-SEARCH("[",CELL("filename"))-1) & "]" & ADDRESS(ROW()+16,8,1,TRUE,M$4),INDIRECT(ADDRESS(ROW()+16,8,1,TRUE,M$4))) -> Y | N15: =HYPERLINK("[" & MID(CELL("filename"),SEARCH("[",CELL("filename"))+1, SEARCH("]",CELL("filename"))-SEARCH("[",CELL("filename"))-1) & "]" & ADDRESS(ROW()+16,8,1,TRUE,N$4),INDIRECT(ADDRESS(ROW()+16,8,1,TRUE,N$4))) -> Y | O15: =HYPERLINK("[" & MID(CELL("filename"),SEARCH("[",CELL("filename"))+1, SEARCH("]",CELL("filename"))-SEARCH("[",CELL("filename"))-1) & "]" & ADDRESS(ROW()+16,8,1,TRUE,O$4),INDIRECT(ADDRESS(ROW()+16,8,1,TRUE,O$4))) -> Y | P15: =HYPERLINK("[" & MID(CELL("filename"),SEARCH("[",CELL("filename"))+1, SEARCH("]",CELL("filename"))-SEARCH("[",CELL("filename"))-1) & "]" & ADDRESS(ROW()+16,8,1,TRUE,P$4),INDIRECT(ADDRESS(ROW()+16,8,1,TRUE,P$4))) -> Y | Q15: =HYPERLINK("[" & MID(CELL("filename"),SEARCH("[",CELL("filename"))+1, SEARCH("]",CELL("filename"))-SEARCH("[",CELL("filename"))-1) & "]" & ADDRESS(ROW()+16,8,1,TRUE,Q$4),INDIRECT(ADDRESS(ROW()+16,8,1,TRUE,Q$4))) -> Y
A16: =ChkList!A16 -> 계정 관리 | B16: =ChkList!B16 -> U-12 | C16: =ChkList!C16 -> 세션 종료 시간 설정 | D16: =ChkList!D16 -> L | E16: =ChkList!E16 -> 1 | F16: =COUNTA($M16:INDIRECT(ADDRESS(ROW(),MATCH("",$4:$4,-1),1,1))) -> 5 | G16: =COUNTIF($M16:INDIRECT(ADDRESS(ROW(),MATCH("",$4:$4,-1),1,1)),"조치완료(Y)")+COUNTIF($M16:INDIRECT(ADDRESS(ROW(),MATCH("",$4:$4,-1),1,1)),"Y") -> 5 | H16: =COUNTIF($M16:INDIRECT(ADDRESS(ROW(),MATCH("",$4:$4,-1),1,1)),"Y(즉시조치)")+COUNTIF($M16:INDIRECT(ADDRESS(ROW(),MATCH("",$4:$4,-1),1,1)),"조치완료(즉시조치)") -> 0 | I16: =COUNTIF($M16:INDIRECT(ADDRESS(ROW(),MATCH("",$4:$4,-1),1,1)),"N") -> 0 | J16: =COUNTIF($M16:INDIRECT(ADDRESS(ROW(),MATCH("",$4:$4,-1),1,1)),"N/A")+COUNTIF($M16:INDIRECT(ADDRESS(ROW(),MATCH("",$4:$4,-1),1,1)),"조치완료(N/A)") -> 0 | K16: =VLOOKUP($D16,'parm(hidden)'!$B$8:$C$10,2,FALSE)*($F16-$J16) -> 5 | L16: =VLOOKUP($D16,'parm(hidden)'!$B$8:$C$10,2,FALSE)*($G16+$H16) -> 5 | M16: =HYPERLINK("[" & MID(CELL("filename"),SEARCH("[",CELL("filename"))+1, SEARCH("]",CELL("filename"))-SEARCH("[",CELL("filename"))-1) & "]" & ADDRESS(ROW()+16,8,1,TRUE,M$4),INDIRECT(ADDRESS(ROW()+16,8,1,TRUE,M$4))) -> Y | N16: =HYPERLINK("[" & MID(CELL("filename"),SEARCH("[",CELL("filename"))+1, SEARCH("]",CELL("filename"))-SEARCH("[",CELL("filename"))-1) & "]" & ADDRESS(ROW()+16,8,1,TRUE,N$4),INDIRECT(ADDRESS(ROW()+16,8,1,TRUE,N$4))) -> Y | O16: =HYPERLINK("[" & MID(CELL("filename"),SEARCH("[",CELL("filename"))+1, SEARCH("]",CELL("filename"))-SEARCH("[",CELL("filename"))-1) & "]" & ADDRESS(ROW()+16,8,1,TRUE,O$4),INDIRECT(ADDRESS(ROW()+16,8,1,TRUE,O$4))) -> Y | P16: =HYPERLINK("[" & MID(CELL("filename"),SEARCH("[",CELL("filename"))+1, SEARCH("]",CELL("filename"))-SEARCH("[",CELL("filename"))-1) & "]" & ADDRESS(ROW()+16,8,1,TRUE,P$4),INDIRECT(ADDRESS(ROW()+16,8,1,TRUE,P$4))) -> Y | Q16: =HYPERLINK("[" & MID(CELL("filename"),SEARCH("[",CELL("filename"))+1, SEARCH("]",CELL("filename"))-SEARCH("[",CELL("filename"))-1) & "]" & ADDRESS(ROW()+16,8,1,TRUE,Q$4),INDIRECT(ADDRESS(ROW()+16,8,1,TRUE,Q$4))) -> Y
... A71: =ChkList!A71 -> 로그 관리 | B71: =ChkList!B71 -> U-67 | C71: =ChkList!C71 -> 로그 디렉터리 소유자 및 권한 설정 | D71: =ChkList!D71 -> M | E71: =ChkList!E71 -> 2 | F71: =COUNTA($M71:INDIRECT(ADDRESS(ROW(),MATCH("",$4:$4,-1),1,1))) -> 5 | G71: =COUNTIF($M71:INDIRECT(ADDRESS(ROW(),MATCH("",$4:$4,-1),1,1)),"조치완료(Y)")+COUNTIF($M71:INDIRECT(ADDRESS(ROW(),MATCH("",$4:$4,-1),1,1)),"Y") -> 5 | H71: =COUNTIF($M71:INDIRECT(ADDRESS(ROW(),MATCH("",$4:$4,-1),1,1)),"Y(즉시조치)")+COUNTIF($M71:INDIRECT(ADDRESS(ROW(),MATCH("",$4:$4,-1),1,1)),"조치완료(즉시조치)") -> 0 | I71: =COUNTIF($M71:INDIRECT(ADDRESS(ROW(),MATCH("",$4:$4,-1),1,1)),"N") -> 0 | J71: =COUNTIF($M71:INDIRECT(ADDRESS(ROW(),MATCH("",$4:$4,-1),1,1)),"N/A")+COUNTIF($M71:INDIRECT(ADDRESS(ROW(),MATCH("",$4:$4,-1),1,1)),"조치완료(N/A)") -> 0 | K71: =VLOOKUP($D71,'parm(hidden)'!$B$8:$C$10,2,FALSE)*($F71-$J71) -> 10 | L71: =VLOOKUP($D71,'parm(hidden)'!$B$8:$C$10,2,FALSE)*($G71+$H71) -> 10 | M71: =HYPERLINK("[" & MID(CELL("filename"),SEARCH("[",CELL("filename"))+1, SEARCH("]",CELL("filename"))-SEARCH("[",CELL("filename"))-1) & "]" & ADDRESS(ROW()+16,8,1,TRUE,M$4),INDIRECT(ADDRESS(ROW()+16,8,1,TRUE,M$4))) -> Y | N71: =HYPERLINK("[" & MID(CELL("filename"),SEARCH("[",CELL("filename"))+1, SEARCH("]",CELL("filename"))-SEARCH("[",CELL("filename"))-1) & "]" & ADDRESS(ROW()+16,8,1,TRUE,N$4),INDIRECT(ADDRESS(ROW()+16,8,1,TRUE,N$4))) -> Y | O71: =HYPERLINK("[" & MID(CELL("filename"),SEARCH("[",CELL("filename"))+1, SEARCH("]",CELL("filename"))-SEARCH("[",CELL("filename"))-1) & "]" & ADDRESS(ROW()+16,8,1,TRUE,O$4),INDIRECT(ADDRESS(ROW()+16,8,1,TRUE,O$4))) -> Y | P71: =HYPERLINK("[" & MID(CELL("filename"),SEARCH("[",CELL("filename"))+1, SEARCH("]",CELL("filename"))-SEARCH("[",CELL("filename"))-1) & "]" & ADDRESS(ROW()+16,8,1,TRUE,P$4),INDIRECT(ADDRESS(ROW()+16,8,1,TRUE,P$4))) -> Y | Q71: =HYPERLINK("[" & MID(CELL("filename"),SEARCH("[",CELL("filename"))+1, SEARCH("]",CELL("filename"))-SEARCH("[",CELL("filename"))-1) & "]" & ADDRESS(ROW()+16,8,1,TRUE,Q$4),INDIRECT(ADDRESS(ROW()+16,8,1,TRUE,Q$4))) -> Y
F72: =SUM(F5:F71) -> 335 | G72: =SUM(G5:G71) -> 256 | H72: =SUM(H5:H71) -> 0 | I72: =SUM(I5:I71) -> 74 | J72: =SUM(J5:J71) -> 0 | K72: =SUM(K5:K71) -> 825 | L72: =SUM(L5:L71) -> 622 | M72: =COUNTIFS(M$5:M$71,"<>",M$5:M$71,"<>0") -> 67 | N72: =COUNTIFS(N$5:N$71,"<>",N$5:N$71,"<>0") -> 67 | O72: =COUNTIFS(O$5:O$71,"<>",O$5:O$71,"<>0") -> 67 | P72: =COUNTIFS(P$5:P$71,"<>",P$5:P$71,"<>0") -> 67 | Q72: =COUNTIFS(Q$5:Q$71,"<>",Q$5:Q$71,"<>0") -> 67

Sheet 취약점 진단 항목별 통계 (이행)
A1: ■ 자산목록
A3: =ChkList!A4 -> 분류 | C3: =ChkList!C4 -> 진단항목 | D3: =ChkList!D4 -> 중요도 | F3: 진단 통계 | K3: 이행 진단 통계 | O3: 중요도 점수 | S3: 진단결과 | T3: 진단결과 | U3: 진단결과 | V3: 진단결과 | W3: 진단결과
F4: 전체 | G4: 양호 | H4: 즉시조치 | I4: 취약 | J4: N/A | K4: 조치 | L4: 미조치 | M4: 위험수용 | N4: N/A | O4: 전체이행전 | P4: 전체이행후 | Q4: 평가이행전 | R4: 평가이행후 | S4: =HYPERLINK("[" & MID(CELL("filename"),SEARCH("[",CELL("filename"))+1, SEARCH("]",CELL("filename"))-SEARCH("[",CELL("filename"))-1) & "]" & INDIRECT(ADDRESS(COLUMN()-14,2,1,TRUE,"자산목록")) & "!A1",INDIRECT(ADDRESS(COLUMN()-14,2,1,TRUE,"자산목록"))) -> WEB-HQ-Ubuntu | T4: =HYPERLINK("[" & MID(CELL("filename"),SEARCH("[",CELL("filename"))+1, SEARCH("]",CELL("filename"))-SEARCH("[",CELL("filename"))-1) & "]" & INDIRECT(ADDRESS(COLUMN()-14,2,1,TRUE,"자산목록")) & "!A1",INDIRECT(ADDRESS(COLUMN()-14,2,1,TRUE,"자산목록"))) -> LOG_HQ_Rocky | U4: =HYPERLINK("[" & MID(CELL("filename"),SEARCH("[",CELL("filename"))+1, SEARCH("]",CELL("filename"))-SEARCH("[",CELL("filename"))-1) & "]" & INDIRECT(ADDRESS(COLUMN()-14,2,1,TRUE,"자산목록")) & "!A1",INDIRECT(ADDRESS(COLUMN()-14,2,1,TRUE,"자산목록"))) -> DB_HQ_Rocky | V4: =HYPERLINK("[" & MID(CELL("filename"),SEARCH("[",CELL("filename"))+1, SEARCH("]",CELL("filename"))-SEARCH("[",CELL("filename"))-1) & "]" & INDIRECT(ADDRESS(COLUMN()-14,2,1,TRUE,"자산목록")) & "!A1",INDIRECT(ADDRESS(COLUMN()-14,2,1,TRUE,"자산목록"))) -> BDB_HQ_Rocky | W4: =HYPERLINK("[" & MID(CELL("filename"),SEARCH("[",CELL("filename"))+1, SEARCH("]",CELL("filename"))-SEARCH("[",CELL("filename"))-1) & "]" & INDIRECT(ADDRESS(COLUMN()-14,2,1,TRUE,"자산목록")) & "!A1",INDIRECT(ADDRESS(COLUMN()-14,2,1,TRUE,"자산목록"))) -> BLOG_HQ_Rocky
A5: =ChkList!A5 -> 계정 관리 | B5: =ChkList!$B5 -> U-01 | C5: =ChkList!$C5 -> root 계정 원격 접속 제한 | D5: =ChkList!$D5 -> H | E5: =ChkList!$E5 -> 3 | F5: =COUNTA($S5:INDIRECT(ADDRESS(ROW(),MATCH("",$4:$4,-1),1,1))) -> 5 | G5: ='취약점 진단 항목별 통계'!G5 -> 5 | H5: ='취약점 진단 항목별 통계'!H5 -> 0 | I5: ='취약점 진단 항목별 통계'!I5 -> 0 | J5: ='취약점 진단 항목별 통계'!J5 -> 0 | K5: =COUNTIF($S5:INDIRECT(ADDRESS(ROW(),MATCH("",$4:$4,-1),1,1)),"조치") -> 0 | L5: =COUNTIF($S5:INDIRECT(ADDRESS(ROW(),MATCH("",$4:$4,-1),1,1)),"미조치") -> 0 | M5: =COUNTIF($S5:INDIRECT(ADDRESS(ROW(),MATCH("",$4:$4,-1),1,1)),"위험수용") -> 0 | N5: =COUNTIF($S5:INDIRECT(ADDRESS(ROW(),MATCH("",$4:$4,-1),1,1)),"N/A") -> 0 | O5: =VLOOKUP($D5,'parm(hidden)'!$B$8:$C$10,2,FALSE)*($F5-$J5) -> 15 | P5: =VLOOKUP($D5,'parm(hidden)'!$B$8:$C$10,2,FALSE)*($F5-$N5) -> 15 | Q5: =VLOOKUP($D5,'parm(hidden)'!$B$8:$C$10,2,FALSE)*($G5+$H5) -> 15 | R5: =VLOOKUP($D5,'parm(hidden)'!$B$8:$C$10,2,FALSE)*($G5+$H5+$K5) -> 15 | S5: =HYPERLINK("[" & MID(CELL("filename"),SEARCH("[",CELL("filename"))+1, SEARCH("]",CELL("filename"))-SEARCH("[",CELL("filename"))-1) & "]" & ADDRESS(ROW()+16,11,1,TRUE,S$4),INDIRECT(ADDRESS(ROW()+16,11,1,TRUE,S$4))) -> Y | T5: =HYPERLINK("[" & MID(CELL("filename"),SEARCH("[",CELL("filename"))+1, SEARCH("]",CELL("filename"))-SEARCH("[",CELL("filename"))-1) & "]" & ADDRESS(ROW()+16,11,1,TRUE,T$4),INDIRECT(ADDRESS(ROW()+16,11,1,TRUE,T$4))) -> Y | U5: =HYPERLINK("[" & MID(CELL("filename"),SEARCH("[",CELL("filename"))+1, SEARCH("]",CELL("filename"))-SEARCH("[",CELL("filename"))-1) & "]" & ADDRESS(ROW()+16,11,1,TRUE,U$4),INDIRECT(ADDRESS(ROW()+16,11,1,TRUE,U$4))) -> Y | V5: =HYPERLINK("[" & MID(CELL("filename"),SEARCH("[",CELL("filename"))+1, SEARCH("]",CELL("filename"))-SEARCH("[",CELL("filename"))-1) & "]" & ADDRESS(ROW()+16,11,1,TRUE,V$4),INDIRECT(ADDRESS(ROW()+16,11,1,TRUE,V$4))) -> Y | W5: =HYPERLINK("[" & MID(CELL("filename"),SEARCH("[",CELL("filename"))+1, SEARCH("]",CELL("filename"))-SEARCH("[",CELL("filename"))-1) & "]" & ADDRESS(ROW()+16,11,1,TRUE,W$4),INDIRECT(ADDRESS(ROW()+16,11,1,TRUE,W$4))) -> Y
A6: =ChkList!A6 -> 계정 관리 | B6: =ChkList!$B6 -> U-02 | C6: =ChkList!$C6 -> 비밀번호 관리정책 설정 | D6: =ChkList!$D6 -> H | E6: =ChkList!$E6 -> 3 | F6: =COUNTA($S6:INDIRECT(ADDRESS(ROW(),MATCH("",$4:$4,-1),1,1))) -> 5 | G6: ='취약점 진단 항목별 통계'!G6 -> 2 | H6: ='취약점 진단 항목별 통계'!H6 -> 0 | I6: ='취약점 진단 항목별 통계'!I6 -> 3 | J6: ='취약점 진단 항목별 통계'!J6 -> 0 | K6: =COUNTIF($S6:INDIRECT(ADDRESS(ROW(),MATCH("",$4:$4,-1),1,1)),"조치") -> 3 | L6: =COUNTIF($S6:INDIRECT(ADDRESS(ROW(),MATCH("",$4:$4,-1),1,1)),"미조치") -> 0 | M6: =COUNTIF($S6:INDIRECT(ADDRESS(ROW(),MATCH("",$4:$4,-1),1,1)),"위험수용") -> 0 | N6: =COUNTIF($S6:INDIRECT(ADDRESS(ROW(),MATCH("",$4:$4,-1),1,1)),"N/A") -> 0 | O6: =VLOOKUP($D6,'parm(hidden)'!$B$8:$C$10,2,FALSE)*($F6-$J6) -> 15 | P6: =VLOOKUP($D6,'parm(hidden)'!$B$8:$C$10,2,FALSE)*($F6-$N6) -> 15 | Q6: =VLOOKUP($D6,'parm(hidden)'!$B$8:$C$10,2,FALSE)*($G6+$H6) -> 6 | R6: =VLOOKUP($D6,'parm(hidden)'!$B$8:$C$10,2,FALSE)*($G6+$H6+$K6) -> 15 | S6: =HYPERLINK("[" & MID(CELL("filename"),SEARCH("[",CELL("filename"))+1, SEARCH("]",CELL("filename"))-SEARCH("[",CELL("filename"))-1) & "]" & ADDRESS(ROW()+16,11,1,TRUE,S$4),INDIRECT(ADDRESS(ROW()+16,11,1,TRUE,S$4))) -> 조치 | T6: =HYPERLINK("[" & MID(CELL("filename"),SEARCH("[",CELL("filename"))+1, SEARCH("]",CELL("filename"))-SEARCH("[",CELL("filename"))-1) & "]" & ADDRESS(ROW()+16,11,1,TRUE,T$4),INDIRECT(ADDRESS(ROW()+16,11,1,TRUE,T$4))) -> Y | U6: =HYPERLINK("[" & MID(CELL("filename"),SEARCH("[",CELL("filename"))+1, SEARCH("]",CELL("filename"))-SEARCH("[",CELL("filename"))-1) & "]" & ADDRESS(ROW()+16,11,1,TRUE,U$4),INDIRECT(ADDRESS(ROW()+16,11,1,TRUE,U$4))) -> Y | V6: =HYPERLINK("[" & MID(CELL("filename"),SEARCH("[",CELL("filename"))+1, SEARCH("]",CELL("filename"))-SEARCH("[",CELL("filename"))-1) & "]" & ADDRESS(ROW()+16,11,1,TRUE,V$4),INDIRECT(ADDRESS(ROW()+16,11,1,TRUE,V$4))) -> 조치 | W6: =HYPERLINK("[" & MID(CELL("filename"),SEARCH("[",CELL("filename"))+1, SEARCH("]",CELL("filename"))-SEARCH("[",CELL("filename"))-1) & "]" & ADDRESS(ROW()+16,11,1,TRUE,W$4),INDIRECT(ADDRESS(ROW()+16,11,1,TRUE,W$4))) -> 조치
A7: =ChkList!A7 -> 계정 관리 | B7: =ChkList!$B7 -> U-03 | C7: =ChkList!$C7 -> 계정 잠금 임계값 설정 | D7: =ChkList!$D7 -> H | E7: =ChkList!$E7 -> 3 | F7: =COUNTA($S7:INDIRECT(ADDRESS(ROW(),MATCH("",$4:$4,-1),1,1))) -> 5 | G7: ='취약점 진단 항목별 통계'!G7 -> 2 | H7: ='취약점 진단 항목별 통계'!H7 -> 0 | I7: ='취약점 진단 항목별 통계'!I7 -> 3 | J7: ='취약점 진단 항목별 통계'!J7 -> 0 | K7: =COUNTIF($S7:INDIRECT(ADDRESS(ROW(),MATCH("",$4:$4,-1),1,1)),"조치") -> 3 | L7: =COUNTIF($S7:INDIRECT(ADDRESS(ROW(),MATCH("",$4:$4,-1),1,1)),"미조치") -> 0 | M7: =COUNTIF($S7:INDIRECT(ADDRESS(ROW(),MATCH("",$4:$4,-1),1,1)),"위험수용") -> 0 | N7: =COUNTIF($S7:INDIRECT(ADDRESS(ROW(),MATCH("",$4:$4,-1),1,1)),"N/A") -> 0 | O7: =VLOOKUP($D7,'parm(hidden)'!$B$8:$C$10,2,FALSE)*($F7-$J7) -> 15 | P7: =VLOOKUP($D7,'parm(hidden)'!$B$8:$C$10,2,FALSE)*($F7-$N7) -> 15 | Q7: =VLOOKUP($D7,'parm(hidden)'!$B$8:$C$10,2,FALSE)*($G7+$H7) -> 6 | R7: =VLOOKUP($D7,'parm(hidden)'!$B$8:$C$10,2,FALSE)*($G7+$H7+$K7) -> 15 | S7: =HYPERLINK("[" & MID(CELL("filename"),SEARCH("[",CELL("filename"))+1, SEARCH("]",CELL("filename"))-SEARCH("[",CELL("filename"))-1) & "]" & ADDRESS(ROW()+16,11,1,TRUE,S$4),INDIRECT(ADDRESS(ROW()+16,11,1,TRUE,S$4))) -> 조치 | T7: =HYPERLINK("[" & MID(CELL("filename"),SEARCH("[",CELL("filename"))+1, SEARCH("]",CELL("filename"))-SEARCH("[",CELL("filename"))-1) & "]" & ADDRESS(ROW()+16,11,1,TRUE,T$4),INDIRECT(ADDRESS(ROW()+16,11,1,TRUE,T$4))) -> Y | U7: =HYPERLINK("[" & MID(CELL("filename"),SEARCH("[",CELL("filename"))+1, SEARCH("]",CELL("filename"))-SEARCH("[",CELL("filename"))-1) & "]" & ADDRESS(ROW()+16,11,1,TRUE,U$4),INDIRECT(ADDRESS(ROW()+16,11,1,TRUE,U$4))) -> Y | V7: =HYPERLINK("[" & MID(CELL("filename"),SEARCH("[",CELL("filename"))+1, SEARCH("]",CELL("filename"))-SEARCH("[",CELL("filename"))-1) & "]" & ADDRESS(ROW()+16,11,1,TRUE,V$4),INDIRECT(ADDRESS(ROW()+16,11,1,TRUE,V$4))) -> 조치 | W7: =HYPERLINK("[" & MID(CELL("filename"),SEARCH("[",CELL("filename"))+1, SEARCH("]",CELL("filename"))-SEARCH("[",CELL("filename"))-1) & "]" & ADDRESS(ROW()+16,11,1,TRUE,W$4),INDIRECT(ADDRESS(ROW()+16,11,1,TRUE,W$4))) -> 조치
A8: =ChkList!A8 -> 계정 관리 | B8: =ChkList!$B8 -> U-04 | C8: =ChkList!$C8 -> 비밀번호 파일 보호 | D8: =ChkList!$D8 -> H | E8: =ChkList!$E8 -> 3 | F8: =COUNTA($S8:INDIRECT(ADDRESS(ROW(),MATCH("",$4:$4,-1),1,1))) -> 5 | G8: ='취약점 진단 항목별 통계'!G8 -> 5 | H8: ='취약점 진단 항목별 통계'!H8 -> 0 | I8: ='취약점 진단 항목별 통계'!I8 -> 0 | J8: ='취약점 진단 항목별 통계'!J8 -> 0 | K8: =COUNTIF($S8:INDIRECT(ADDRESS(ROW(),MATCH("",$4:$4,-1),1,1)),"조치") -> 0 | L8: =COUNTIF($S8:INDIRECT(ADDRESS(ROW(),MATCH("",$4:$4,-1),1,1)),"미조치") -> 0 | M8: =COUNTIF($S8:INDIRECT(ADDRESS(ROW(),MATCH("",$4:$4,-1),1,1)),"위험수용") -> 0 | N8: =COUNTIF($S8:INDIRECT(ADDRESS(ROW(),MATCH("",$4:$4,-1),1,1)),"N/A") -> 0 | O8: =VLOOKUP($D8,'parm(hidden)'!$B$8:$C$10,2,FALSE)*($F8-$J8) -> 15 | P8: =VLOOKUP($D8,'parm(hidden)'!$B$8:$C$10,2,FALSE)*($F8-$N8) -> 15 | Q8: =VLOOKUP($D8,'parm(hidden)'!$B$8:$C$10,2,FALSE)*($G8+$H8) -> 15 | R8: =VLOOKUP($D8,'parm(hidden)'!$B$8:$C$10,2,FALSE)*($G8+$H8+$K8) -> 15 | S8: =HYPERLINK("[" & MID(CELL("filename"),SEARCH("[",CELL("filename"))+1, SEARCH("]",CELL("filename"))-SEARCH("[",CELL("filename"))-1) & "]" & ADDRESS(ROW()+16,11,1,TRUE,S$4),INDIRECT(ADDRESS(ROW()+16,11,1,TRUE,S$4))) -> Y | T8: =HYPERLINK("[" & MID(CELL("filename"),SEARCH("[",CELL("filename"))+1, SEARCH("]",CELL("filename"))-SEARCH("[",CELL("filename"))-1) & "]" & ADDRESS(ROW()+16,11,1,TRUE,T$4),INDIRECT(ADDRESS(ROW()+16,11,1,TRUE,T$4))) -> Y | U8: =HYPERLINK("[" & MID(CELL("filename"),SEARCH("[",CELL("filename"))+1, SEARCH("]",CELL("filename"))-SEARCH("[",CELL("filename"))-1) & "]" & ADDRESS(ROW()+16,11,1,TRUE,U$4),INDIRECT(ADDRESS(ROW()+16,11,1,TRUE,U$4))) -> Y | V8: =HYPERLINK("[" & MID(CELL("filename"),SEARCH("[",CELL("filename"))+1, SEARCH("]",CELL("filename"))-SEARCH("[",CELL("filename"))-1) & "]" & ADDRESS(ROW()+16,11,1,TRUE,V$4),INDIRECT(ADDRESS(ROW()+16,11,1,TRUE,V$4))) -> Y | W8: =HYPERLINK("[" & MID(CELL("filename"),SEARCH("[",CELL("filename"))+1, SEARCH("]",CELL("filename"))-SEARCH("[",CELL("filename"))-1) & "]" & ADDRESS(ROW()+16,11,1,TRUE,W$4),INDIRECT(ADDRESS(ROW()+16,11,1,TRUE,W$4))) -> Y
A9: =ChkList!A9 -> 계정 관리 | B9: =ChkList!$B9 -> U-05 | C9: =ChkList!$C9 -> root 이외의 UID가 ‘0’ 금지 | D9: =ChkList!$D9 -> H | E9: =ChkList!$E9 -> 3 | F9: =COUNTA($S9:INDIRECT(ADDRESS(ROW(),MATCH("",$4:$4,-1),1,1))) -> 5 | G9: ='취약점 진단 항목별 통계'!G9 -> 5 | H9: ='취약점 진단 항목별 통계'!H9 -> 0 | I9: ='취약점 진단 항목별 통계'!I9 -> 0 | J9: ='취약점 진단 항목별 통계'!J9 -> 0 | K9: =COUNTIF($S9:INDIRECT(ADDRESS(ROW(),MATCH("",$4:$4,-1),1,1)),"조치") -> 0 | L9: =COUNTIF($S9:INDIRECT(ADDRESS(ROW(),MATCH("",$4:$4,-1),1,1)),"미조치") -> 0 | M9: =COUNTIF($S9:INDIRECT(ADDRESS(ROW(),MATCH("",$4:$4,-1),1,1)),"위험수용") -> 0 | N9: =COUNTIF($S9:INDIRECT(ADDRESS(ROW(),MATCH("",$4:$4,-1),1,1)),"N/A") -> 0 | O9: =VLOOKUP($D9,'parm(hidden)'!$B$8:$C$10,2,FALSE)*($F9-$J9) -> 15 | P9: =VLOOKUP($D9,'parm(hidden)'!$B$8:$C$10,2,FALSE)*($F9-$N9) -> 15 | Q9: =VLOOKUP($D9,'parm(hidden)'!$B$8:$C$10,2,FALSE)*($G9+$H9) -> 15 | R9: =VLOOKUP($D9,'parm(hidden)'!$B$8:$C$10,2,FALSE)*($G9+$H9+$K9) -> 15 | S9: =HYPERLINK("[" & MID(CELL("filename"),SEARCH("[",CELL("filename"))+1, SEARCH("]",CELL("filename"))-SEARCH("[",CELL("filename"))-1) & "]" & ADDRESS(ROW()+16,11,1,TRUE,S$4),INDIRECT(ADDRESS(ROW()+16,11,1,TRUE,S$4))) -> Y | T9: =HYPERLINK("[" & MID(CELL("filename"),SEARCH("[",CELL("filename"))+1, SEARCH("]",CELL("filename"))-SEARCH("[",CELL("filename"))-1) & "]" & ADDRESS(ROW()+16,11,1,TRUE,T$4),INDIRECT(ADDRESS(ROW()+16,11,1,TRUE,T$4))) -> Y | U9: =HYPERLINK("[" & MID(CELL("filename"),SEARCH("[",CELL("filename"))+1, SEARCH("]",CELL("filename"))-SEARCH("[",CELL("filename"))-1) & "]" & ADDRESS(ROW()+16,11,1,TRUE,U$4),INDIRECT(ADDRESS(ROW()+16,11,1,TRUE,U$4))) -> Y | V9: =HYPERLINK("[" & MID(CELL("filename"),SEARCH("[",CELL("filename"))+1, SEARCH("]",CELL("filename"))-SEARCH("[",CELL("filename"))-1) & "]" & ADDRESS(ROW()+16,11,1,TRUE,V$4),INDIRECT(ADDRESS(ROW()+16,11,1,TRUE,V$4))) -> Y | W9: =HYPERLINK("[" & MID(CELL("filename"),SEARCH("[",CELL("filename"))+1, SEARCH("]",CELL("filename"))-SEARCH("[",CELL("filename"))-1) & "]" & ADDRESS(ROW()+16,11,1,TRUE,W$4),INDIRECT(ADDRESS(ROW()+16,11,1,TRUE,W$4))) -> Y
A10: =ChkList!A10 -> 계정 관리 | B10: =ChkList!$B10 -> U-06 | C10: =ChkList!$C10 -> 사용자 계정 su 기능 제한 | D10: =ChkList!$D10 -> H | E10: =ChkList!$E10 -> 3 | F10: =COUNTA($S10:INDIRECT(ADDRESS(ROW(),MATCH("",$4:$4,-1),1,1))) -> 5 | G10: ='취약점 진단 항목별 통계'!G10 -> 5 | H10: ='취약점 진단 항목별 통계'!H10 -> 0 | I10: ='취약점 진단 항목별 통계'!I10 -> 0 | J10: ='취약점 진단 항목별 통계'!J10 -> 0 | K10: =COUNTIF($S10:INDIRECT(ADDRESS(ROW(),MATCH("",$4:$4,-1),1,1)),"조치") -> 0 | L10: =COUNTIF($S10:INDIRECT(ADDRESS(ROW(),MATCH("",$4:$4,-1),1,1)),"미조치") -> 0 | M10: =COUNTIF($S10:INDIRECT(ADDRESS(ROW(),MATCH("",$4:$4,-1),1,1)),"위험수용") -> 0 | N10: =COUNTIF($S10:INDIRECT(ADDRESS(ROW(),MATCH("",$4:$4,-1),1,1)),"N/A") -> 0 | O10: =VLOOKUP($D10,'parm(hidden)'!$B$8:$C$10,2,FALSE)*($F10-$J10) -> 15 | P10: =VLOOKUP($D10,'parm(hidden)'!$B$8:$C$10,2,FALSE)*($F10-$N10) -> 15 | Q10: =VLOOKUP($D10,'parm(hidden)'!$B$8:$C$10,2,FALSE)*($G10+$H10) -> 15 | R10: =VLOOKUP($D10,'parm(hidden)'!$B$8:$C$10,2,FALSE)*($G10+$H10+$K10) -> 15 | S10: =HYPERLINK("[" & MID(CELL("filename"),SEARCH("[",CELL("filename"))+1, SEARCH("]",CELL("filename"))-SEARCH("[",CELL("filename"))-1) & "]" & ADDRESS(ROW()+16,11,1,TRUE,S$4),INDIRECT(ADDRESS(ROW()+16,11,1,TRUE,S$4))) -> Y | T10: =HYPERLINK("[" & MID(CELL("filename"),SEARCH("[",CELL("filename"))+1, SEARCH("]",CELL("filename"))-SEARCH("[",CELL("filename"))-1) & "]" & ADDRESS(ROW()+16,11,1,TRUE,T$4),INDIRECT(ADDRESS(ROW()+16,11,1,TRUE,T$4))) -> Y | U10: =HYPERLINK("[" & MID(CELL("filename"),SEARCH("[",CELL("filename"))+1, SEARCH("]",CELL("filename"))-SEARCH("[",CELL("filename"))-1) & "]" & ADDRESS(ROW()+16,11,1,TRUE,U$4),INDIRECT(ADDRESS(ROW()+16,11,1,TRUE,U$4))) -> Y | V10: =HYPERLINK("[" & MID(CELL("filename"),SEARCH("[",CELL("filename"))+1, SEARCH("]",CELL("filename"))-SEARCH("[",CELL("filename"))-1) & "]" & ADDRESS(ROW()+16,11,1,TRUE,V$4),INDIRECT(ADDRESS(ROW()+16,11,1,TRUE,V$4))) -> Y | W10: =HYPERLINK("[" & MID(CELL("filename"),SEARCH("[",CELL("filename"))+1, SEARCH("]",CELL("filename"))-SEARCH("[",CELL("filename"))-1) & "]" & ADDRESS(ROW()+16,11,1,TRUE,W$4),INDIRECT(ADDRESS(ROW()+16,11,1,TRUE,W$4))) -> Y
A11: =ChkList!A11 -> 계정 관리 | B11: =ChkList!$B11 -> U-07 | C11: =ChkList!$C11 -> 불필요한 계정 제거 | D11: =ChkList!$D11 -> L | E11: =ChkList!$E11 -> 1 | F11: =COUNTA($S11:INDIRECT(ADDRESS(ROW(),MATCH("",$4:$4,-1),1,1))) -> 5 | G11: ='취약점 진단 항목별 통계'!G11 -> 5 | H11: ='취약점 진단 항목별 통계'!H11 -> 0 | I11: ='취약점 진단 항목별 통계'!I11 -> 0 | J11: ='취약점 진단 항목별 통계'!J11 -> 0 | K11: =COUNTIF($S11:INDIRECT(ADDRESS(ROW(),MATCH("",$4:$4,-1),1,1)),"조치") -> 0 | L11: =COUNTIF($S11:INDIRECT(ADDRESS(ROW(),MATCH("",$4:$4,-1),1,1)),"미조치") -> 0 | M11: =COUNTIF($S11:INDIRECT(ADDRESS(ROW(),MATCH("",$4:$4,-1),1,1)),"위험수용") -> 0 | N11: =COUNTIF($S11:INDIRECT(ADDRESS(ROW(),MATCH("",$4:$4,-1),1,1)),"N/A") -> 0 | O11: =VLOOKUP($D11,'parm(hidden)'!$B$8:$C$10,2,FALSE)*($F11-$J11) -> 5 | P11: =VLOOKUP($D11,'parm(hidden)'!$B$8:$C$10,2,FALSE)*($F11-$N11) -> 5 | Q11: =VLOOKUP($D11,'parm(hidden)'!$B$8:$C$10,2,FALSE)*($G11+$H11) -> 5 | R11: =VLOOKUP($D11,'parm(hidden)'!$B$8:$C$10,2,FALSE)*($G11+$H11+$K11) -> 5 | S11: =HYPERLINK("[" & MID(CELL("filename"),SEARCH("[",CELL("filename"))+1, SEARCH("]",CELL("filename"))-SEARCH("[",CELL("filename"))-1) & "]" & ADDRESS(ROW()+16,11,1,TRUE,S$4),INDIRECT(ADDRESS(ROW()+16,11,1,TRUE,S$4))) -> Y | T11: =HYPERLINK("[" & MID(CELL("filename"),SEARCH("[",CELL("filename"))+1, SEARCH("]",CELL("filename"))-SEARCH("[",CELL("filename"))-1) & "]" & ADDRESS(ROW()+16,11,1,TRUE,T$4),INDIRECT(ADDRESS(ROW()+16,11,1,TRUE,T$4))) -> Y | U11: =HYPERLINK("[" & MID(CELL("filename"),SEARCH("[",CELL("filename"))+1, SEARCH("]",CELL("filename"))-SEARCH("[",CELL("filename"))-1) & "]" & ADDRESS(ROW()+16,11,1,TRUE,U$4),INDIRECT(ADDRESS(ROW()+16,11,1,TRUE,U$4))) -> Y | V11: =HYPERLINK("[" & MID(CELL("filename"),SEARCH("[",CELL("filename"))+1, SEARCH("]",CELL("filename"))-SEARCH("[",CELL("filename"))-1) & "]" & ADDRESS(ROW()+16,11,1,TRUE,V$4),INDIRECT(ADDRESS(ROW()+16,11,1,TRUE,V$4))) -> Y | W11: =HYPERLINK("[" & MID(CELL("filename"),SEARCH("[",CELL("filename"))+1, SEARCH("]",CELL("filename"))-SEARCH("[",CELL("filename"))-1) & "]" & ADDRESS(ROW()+16,11,1,TRUE,W$4),INDIRECT(ADDRESS(ROW()+16,11,1,TRUE,W$4))) -> Y
A12: =ChkList!A12 -> 계정 관리 | B12: =ChkList!$B12 -> U-08 | C12: =ChkList!$C12 -> 관리자 그룹에 최소한의 계정 포함 | D12: =ChkList!$D12 -> M | E12: =ChkList!$E12 -> 2 | F12: =COUNTA($S12:INDIRECT(ADDRESS(ROW(),MATCH("",$4:$4,-1),1,1))) -> 5 | G12: ='취약점 진단 항목별 통계'!G12 -> 5 | H12: ='취약점 진단 항목별 통계'!H12 -> 0 | I12: ='취약점 진단 항목별 통계'!I12 -> 0 | J12: ='취약점 진단 항목별 통계'!J12 -> 0 | K12: =COUNTIF($S12:INDIRECT(ADDRESS(ROW(),MATCH("",$4:$4,-1),1,1)),"조치") -> 0 | L12: =COUNTIF($S12:INDIRECT(ADDRESS(ROW(),MATCH("",$4:$4,-1),1,1)),"미조치") -> 0 | M12: =COUNTIF($S12:INDIRECT(ADDRESS(ROW(),MATCH("",$4:$4,-1),1,1)),"위험수용") -> 0 | N12: =COUNTIF($S12:INDIRECT(ADDRESS(ROW(),MATCH("",$4:$4,-1),1,1)),"N/A") -> 0 | O12: =VLOOKUP($D12,'parm(hidden)'!$B$8:$C$10,2,FALSE)*($F12-$J12) -> 10 | P12: =VLOOKUP($D12,'parm(hidden)'!$B$8:$C$10,2,FALSE)*($F12-$N12) -> 10 | Q12: =VLOOKUP($D12,'parm(hidden)'!$B$8:$C$10,2,FALSE)*($G12+$H12) -> 10 | R12: =VLOOKUP($D12,'parm(hidden)'!$B$8:$C$10,2,FALSE)*($G12+$H12+$K12) -> 10 | S12: =HYPERLINK("[" & MID(CELL("filename"),SEARCH("[",CELL("filename"))+1, SEARCH("]",CELL("filename"))-SEARCH("[",CELL("filename"))-1) & "]" & ADDRESS(ROW()+16,11,1,TRUE,S$4),INDIRECT(ADDRESS(ROW()+16,11,1,TRUE,S$4))) -> Y | T12: =HYPERLINK("[" & MID(CELL("filename"),SEARCH("[",CELL("filename"))+1, SEARCH("]",CELL("filename"))-SEARCH("[",CELL("filename"))-1) & "]" & ADDRESS(ROW()+16,11,1,TRUE,T$4),INDIRECT(ADDRESS(ROW()+16,11,1,TRUE,T$4))) -> Y | U12: =HYPERLINK("[" & MID(CELL("filename"),SEARCH("[",CELL("filename"))+1, SEARCH("]",CELL("filename"))-SEARCH("[",CELL("filename"))-1) & "]" & ADDRESS(ROW()+16,11,1,TRUE,U$4),INDIRECT(ADDRESS(ROW()+16,11,1,TRUE,U$4))) -> Y | V12: =HYPERLINK("[" & MID(CELL("filename"),SEARCH("[",CELL("filename"))+1, SEARCH("]",CELL("filename"))-SEARCH("[",CELL("filename"))-1) & "]" & ADDRESS(ROW()+16,11,1,TRUE,V$4),INDIRECT(ADDRESS(ROW()+16,11,1,TRUE,V$4))) -> Y | W12: =HYPERLINK("[" & MID(CELL("filename"),SEARCH("[",CELL("filename"))+1, SEARCH("]",CELL("filename"))-SEARCH("[",CELL("filename"))-1) & "]" & ADDRESS(ROW()+16,11,1,TRUE,W$4),INDIRECT(ADDRESS(ROW()+16,11,1,TRUE,W$4))) -> Y
A13: =ChkList!A13 -> 계정 관리 | B13: =ChkList!$B13 -> U-09 | C13: =ChkList!$C13 -> 계정이 존재하지 않는 GID 금지 | D13: =ChkList!$D13 -> L | E13: =ChkList!$E13 -> 1 | F13: =COUNTA($S13:INDIRECT(ADDRESS(ROW(),MATCH("",$4:$4,-1),1,1))) -> 5 | G13: ='취약점 진단 항목별 통계'!G13 -> 5 | H13: ='취약점 진단 항목별 통계'!H13 -> 0 | I13: ='취약점 진단 항목별 통계'!I13 -> 0 | J13: ='취약점 진단 항목별 통계'!J13 -> 0 | K13: =COUNTIF($S13:INDIRECT(ADDRESS(ROW(),MATCH("",$4:$4,-1),1,1)),"조치") -> 0 | L13: =COUNTIF($S13:INDIRECT(ADDRESS(ROW(),MATCH("",$4:$4,-1),1,1)),"미조치") -> 0 | M13: =COUNTIF($S13:INDIRECT(ADDRESS(ROW(),MATCH("",$4:$4,-1),1,1)),"위험수용") -> 0 | N13: =COUNTIF($S13:INDIRECT(ADDRESS(ROW(),MATCH("",$4:$4,-1),1,1)),"N/A") -> 0 | O13: =VLOOKUP($D13,'parm(hidden)'!$B$8:$C$10,2,FALSE)*($F13-$J13) -> 5 | P13: =VLOOKUP($D13,'parm(hidden)'!$B$8:$C$10,2,FALSE)*($F13-$N13) -> 5 | Q13: =VLOOKUP($D13,'parm(hidden)'!$B$8:$C$10,2,FALSE)*($G13+$H13) -> 5 | R13: =VLOOKUP($D13,'parm(hidden)'!$B$8:$C$10,2,FALSE)*($G13+$H13+$K13) -> 5 | S13: =HYPERLINK("[" & MID(CELL("filename"),SEARCH("[",CELL("filename"))+1, SEARCH("]",CELL("filename"))-SEARCH("[",CELL("filename"))-1) & "]" & ADDRESS(ROW()+16,11,1,TRUE,S$4),INDIRECT(ADDRESS(ROW()+16,11,1,TRUE,S$4))) -> Y | T13: =HYPERLINK("[" & MID(CELL("filename"),SEARCH("[",CELL("filename"))+1, SEARCH("]",CELL("filename"))-SEARCH("[",CELL("filename"))-1) & "]" & ADDRESS(ROW()+16,11,1,TRUE,T$4),INDIRECT(ADDRESS(ROW()+16,11,1,TRUE,T$4))) -> Y | U13: =HYPERLINK("[" & MID(CELL("filename"),SEARCH("[",CELL("filename"))+1, SEARCH("]",CELL("filename"))-SEARCH("[",CELL("filename"))-1) & "]" & ADDRESS(ROW()+16,11,1,TRUE,U$4),INDIRECT(ADDRESS(ROW()+16,11,1,TRUE,U$4))) -> Y | V13: =HYPERLINK("[" & MID(CELL("filename"),SEARCH("[",CELL("filename"))+1, SEARCH("]",CELL("filename"))-SEARCH("[",CELL("filename"))-1) & "]" & ADDRESS(ROW()+16,11,1,TRUE,V$4),INDIRECT(ADDRESS(ROW()+16,11,1,TRUE,V$4))) -> Y | W13: =HYPERLINK("[" & MID(CELL("filename"),SEARCH("[",CELL("filename"))+1, SEARCH("]",CELL("filename"))-SEARCH("[",CELL("filename"))-1) & "]" & ADDRESS(ROW()+16,11,1,TRUE,W$4),INDIRECT(ADDRESS(ROW()+16,11,1,TRUE,W$4))) -> Y
A14: =ChkList!A14 -> 계정 관리 | B14: =ChkList!$B14 -> U-10 | C14: =ChkList!$C14 -> 동일한 UID 금지 | D14: =ChkList!$D14 -> M | E14: =ChkList!$E14 -> 2 | F14: =COUNTA($S14:INDIRECT(ADDRESS(ROW(),MATCH("",$4:$4,-1),1,1))) -> 5 | G14: ='취약점 진단 항목별 통계'!G14 -> 5 | H14: ='취약점 진단 항목별 통계'!H14 -> 0 | I14: ='취약점 진단 항목별 통계'!I14 -> 0 | J14: ='취약점 진단 항목별 통계'!J14 -> 0 | K14: =COUNTIF($S14:INDIRECT(ADDRESS(ROW(),MATCH("",$4:$4,-1),1,1)),"조치") -> 0 | L14: =COUNTIF($S14:INDIRECT(ADDRESS(ROW(),MATCH("",$4:$4,-1),1,1)),"미조치") -> 0 | M14: =COUNTIF($S14:INDIRECT(ADDRESS(ROW(),MATCH("",$4:$4,-1),1,1)),"위험수용") -> 0 | N14: =COUNTIF($S14:INDIRECT(ADDRESS(ROW(),MATCH("",$4:$4,-1),1,1)),"N/A") -> 0 | O14: =VLOOKUP($D14,'parm(hidden)'!$B$8:$C$10,2,FALSE)*($F14-$J14) -> 10 | P14: =VLOOKUP($D14,'parm(hidden)'!$B$8:$C$10,2,FALSE)*($F14-$N14) -> 10 | Q14: =VLOOKUP($D14,'parm(hidden)'!$B$8:$C$10,2,FALSE)*($G14+$H14) -> 10 | R14: =VLOOKUP($D14,'parm(hidden)'!$B$8:$C$10,2,FALSE)*($G14+$H14+$K14) -> 10 | S14: =HYPERLINK("[" & MID(CELL("filename"),SEARCH("[",CELL("filename"))+1, SEARCH("]",CELL("filename"))-SEARCH("[",CELL("filename"))-1) & "]" & ADDRESS(ROW()+16,11,1,TRUE,S$4),INDIRECT(ADDRESS(ROW()+16,11,1,TRUE,S$4))) -> Y | T14: =HYPERLINK("[" & MID(CELL("filename"),SEARCH("[",CELL("filename"))+1, SEARCH("]",CELL("filename"))-SEARCH("[",CELL("filename"))-1) & "]" & ADDRESS(ROW()+16,11,1,TRUE,T$4),INDIRECT(ADDRESS(ROW()+16,11,1,TRUE,T$4))) -> Y | U14: =HYPERLINK("[" & MID(CELL("filename"),SEARCH("[",CELL("filename"))+1, SEARCH("]",CELL("filename"))-SEARCH("[",CELL("filename"))-1) & "]" & ADDRESS(ROW()+16,11,1,TRUE,U$4),INDIRECT(ADDRESS(ROW()+16,11,1,TRUE,U$4))) -> Y | V14: =HYPERLINK("[" & MID(CELL("filename"),SEARCH("[",CELL("filename"))+1, SEARCH("]",CELL("filename"))-SEARCH("[",CELL("filename"))-1) & "]" & ADDRESS(ROW()+16,11,1,TRUE,V$4),INDIRECT(ADDRESS(ROW()+16,11,1,TRUE,V$4))) -> Y | W14: =HYPERLINK("[" & MID(CELL("filename"),SEARCH("[",CELL("filename"))+1, SEARCH("]",CELL("filename"))-SEARCH("[",CELL("filename"))-1) & "]" & ADDRESS(ROW()+16,11,1,TRUE,W$4),INDIRECT(ADDRESS(ROW()+16,11,1,TRUE,W$4))) -> Y
A15: =ChkList!A15 -> 계정 관리 | B15: =ChkList!$B15 -> U-11 | C15: =ChkList!$C15 -> 사용자 Shell 점검 | D15: =ChkList!$D15 -> L | E15: =ChkList!$E15 -> 1 | F15: =COUNTA($S15:INDIRECT(ADDRESS(ROW(),MATCH("",$4:$4,-1),1,1))) -> 5 | G15: ='취약점 진단 항목별 통계'!G15 -> 5 | H15: ='취약점 진단 항목별 통계'!H15 -> 0 | I15: ='취약점 진단 항목별 통계'!I15 -> 0 | J15: ='취약점 진단 항목별 통계'!J15 -> 0 | K15: =COUNTIF($S15:INDIRECT(ADDRESS(ROW(),MATCH("",$4:$4,-1),1,1)),"조치") -> 0 | L15: =COUNTIF($S15:INDIRECT(ADDRESS(ROW(),MATCH("",$4:$4,-1),1,1)),"미조치") -> 0 | M15: =COUNTIF($S15:INDIRECT(ADDRESS(ROW(),MATCH("",$4:$4,-1),1,1)),"위험수용") -> 0 | N15: =COUNTIF($S15:INDIRECT(ADDRESS(ROW(),MATCH("",$4:$4,-1),1,1)),"N/A") -> 0 | O15: =VLOOKUP($D15,'parm(hidden)'!$B$8:$C$10,2,FALSE)*($F15-$J15) -> 5 | P15: =VLOOKUP($D15,'parm(hidden)'!$B$8:$C$10,2,FALSE)*($F15-$N15) -> 5 | Q15: =VLOOKUP($D15,'parm(hidden)'!$B$8:$C$10,2,FALSE)*($G15+$H15) -> 5 | R15: =VLOOKUP($D15,'parm(hidden)'!$B$8:$C$10,2,FALSE)*($G15+$H15+$K15) -> 5 | S15: =HYPERLINK("[" & MID(CELL("filename"),SEARCH("[",CELL("filename"))+1, SEARCH("]",CELL("filename"))-SEARCH("[",CELL("filename"))-1) & "]" & ADDRESS(ROW()+16,11,1,TRUE,S$4),INDIRECT(ADDRESS(ROW()+16,11,1,TRUE,S$4))) -> Y | T15: =HYPERLINK("[" & MID(CELL("filename"),SEARCH("[",CELL("filename"))+1, SEARCH("]",CELL("filename"))-SEARCH("[",CELL("filename"))-1) & "]" & ADDRESS(ROW()+16,11,1,TRUE,T$4),INDIRECT(ADDRESS(ROW()+16,11,1,TRUE,T$4))) -> Y | U15: =HYPERLINK("[" & MID(CELL("filename"),SEARCH("[",CELL("filename"))+1, SEARCH("]",CELL("filename"))-SEARCH("[",CELL("filename"))-1) & "]" & ADDRESS(ROW()+16,11,1,TRUE,U$4),INDIRECT(ADDRESS(ROW()+16,11,1,TRUE,U$4))) -> Y | V15: =HYPERLINK("[" & MID(CELL("filename"),SEARCH("[",CELL("filename"))+1, SEARCH("]",CELL("filename"))-SEARCH("[",CELL("filename"))-1) & "]" & ADDRESS(ROW()+16,11,1,TRUE,V$4),INDIRECT(ADDRESS(ROW()+16,11,1,TRUE,V$4))) -> Y | W15: =HYPERLINK("[" & MID(CELL("filename"),SEARCH("[",CELL("filename"))+1, SEARCH("]",CELL("filename"))-SEARCH("[",CELL("filename"))-1) & "]" & ADDRESS(ROW()+16,11,1,TRUE,W$4),INDIRECT(ADDRESS(ROW()+16,11,1,TRUE,W$4))) -> Y
A16: =ChkList!A16 -> 계정 관리 | B16: =ChkList!$B16 -> U-12 | C16: =ChkList!$C16 -> 세션 종료 시간 설정 | D16: =ChkList!$D16 -> L | E16: =ChkList!$E16 -> 1 | F16: =COUNTA($S16:INDIRECT(ADDRESS(ROW(),MATCH("",$4:$4,-1),1,1))) -> 5 | G16: ='취약점 진단 항목별 통계'!G16 -> 5 | H16: ='취약점 진단 항목별 통계'!H16 -> 0 | I16: ='취약점 진단 항목별 통계'!I16 -> 0 | J16: ='취약점 진단 항목별 통계'!J16 -> 0 | K16: =COUNTIF($S16:INDIRECT(ADDRESS(ROW(),MATCH("",$4:$4,-1),1,1)),"조치") -> 0 | L16: =COUNTIF($S16:INDIRECT(ADDRESS(ROW(),MATCH("",$4:$4,-1),1,1)),"미조치") -> 0 | M16: =COUNTIF($S16:INDIRECT(ADDRESS(ROW(),MATCH("",$4:$4,-1),1,1)),"위험수용") -> 0 | N16: =COUNTIF($S16:INDIRECT(ADDRESS(ROW(),MATCH("",$4:$4,-1),1,1)),"N/A") -> 0 | O16: =VLOOKUP($D16,'parm(hidden)'!$B$8:$C$10,2,FALSE)*($F16-$J16) -> 5 | P16: =VLOOKUP($D16,'parm(hidden)'!$B$8:$C$10,2,FALSE)*($F16-$N16) -> 5 | Q16: =VLOOKUP($D16,'parm(hidden)'!$B$8:$C$10,2,FALSE)*($G16+$H16) -> 5 | R16: =VLOOKUP($D16,'parm(hidden)'!$B$8:$C$10,2,FALSE)*($G16+$H16+$K16) -> 5 | S16: =HYPERLINK("[" & MID(CELL("filename"),SEARCH("[",CELL("filename"))+1, SEARCH("]",CELL("filename"))-SEARCH("[",CELL("filename"))-1) & "]" & ADDRESS(ROW()+16,11,1,TRUE,S$4),INDIRECT(ADDRESS(ROW()+16,11,1,TRUE,S$4))) -> Y | T16: =HYPERLINK("[" & MID(CELL("filename"),SEARCH("[",CELL("filename"))+1, SEARCH("]",CELL("filename"))-SEARCH("[",CELL("filename"))-1) & "]" & ADDRESS(ROW()+16,11,1,TRUE,T$4),INDIRECT(ADDRESS(ROW()+16,11,1,TRUE,T$4))) -> Y | U16: =HYPERLINK("[" & MID(CELL("filename"),SEARCH("[",CELL("filename"))+1, SEARCH("]",CELL("filename"))-SEARCH("[",CELL("filename"))-1) & "]" & ADDRESS(ROW()+16,11,1,TRUE,U$4),INDIRECT(ADDRESS(ROW()+16,11,1,TRUE,U$4))) -> Y | V16: =HYPERLINK("[" & MID(CELL("filename"),SEARCH("[",CELL("filename"))+1, SEARCH("]",CELL("filename"))-SEARCH("[",CELL("filename"))-1) & "]" & ADDRESS(ROW()+16,11,1,TRUE,V$4),INDIRECT(ADDRESS(ROW()+16,11,1,TRUE,V$4))) -> Y | W16: =HYPERLINK("[" & MID(CELL("filename"),SEARCH("[",CELL("filename"))+1, SEARCH("]",CELL("filename"))-SEARCH("[",CELL("filename"))-1) & "]" & ADDRESS(ROW()+16,11,1,TRUE,W$4),INDIRECT(ADDRESS(ROW()+16,11,1,TRUE,W$4))) -> Y
... A71: =ChkList!A71 -> 로그 관리 | B71: =ChkList!$B71 -> U-67 | C71: =ChkList!$C71 -> 로그 디렉터리 소유자 및 권한 설정 | D71: =ChkList!$D71 -> M | E71: =ChkList!$E71 -> 2 | F71: =COUNTA($S71:INDIRECT(ADDRESS(ROW(),MATCH("",$4:$4,-1),1,1))) -> 5 | G71: ='취약점 진단 항목별 통계'!G71 -> 5 | H71: ='취약점 진단 항목별 통계'!H71 -> 0 | I71: ='취약점 진단 항목별 통계'!I71 -> 0 | J71: ='취약점 진단 항목별 통계'!J71 -> 0 | K71: =COUNTIF($S71:INDIRECT(ADDRESS(ROW(),MATCH("",$4:$4,-1),1,1)),"조치") -> 0 | L71: =COUNTIF($S71:INDIRECT(ADDRESS(ROW(),MATCH("",$4:$4,-1),1,1)),"미조치") -> 0 | M71: =COUNTIF($S71:INDIRECT(ADDRESS(ROW(),MATCH("",$4:$4,-1),1,1)),"위험수용") -> 0 | N71: =COUNTIF($S71:INDIRECT(ADDRESS(ROW(),MATCH("",$4:$4,-1),1,1)),"N/A") -> 0 | O71: =VLOOKUP($D71,'parm(hidden)'!$B$8:$C$10,2,FALSE)*($F71-$J71) -> 10 | P71: =VLOOKUP($D71,'parm(hidden)'!$B$8:$C$10,2,FALSE)*($F71-$N71) -> 10 | Q71: =VLOOKUP($D71,'parm(hidden)'!$B$8:$C$10,2,FALSE)*($G71+$H71) -> 10 | R71: =VLOOKUP($D71,'parm(hidden)'!$B$8:$C$10,2,FALSE)*($G71+$H71+$K71) -> 10 | S71: =HYPERLINK("[" & MID(CELL("filename"),SEARCH("[",CELL("filename"))+1, SEARCH("]",CELL("filename"))-SEARCH("[",CELL("filename"))-1) & "]" & ADDRESS(ROW()+16,11,1,TRUE,S$4),INDIRECT(ADDRESS(ROW()+16,11,1,TRUE,S$4))) -> Y | T71: =HYPERLINK("[" & MID(CELL("filename"),SEARCH("[",CELL("filename"))+1, SEARCH("]",CELL("filename"))-SEARCH("[",CELL("filename"))-1) & "]" & ADDRESS(ROW()+16,11,1,TRUE,T$4),INDIRECT(ADDRESS(ROW()+16,11,1,TRUE,T$4))) -> Y | U71: =HYPERLINK("[" & MID(CELL("filename"),SEARCH("[",CELL("filename"))+1, SEARCH("]",CELL("filename"))-SEARCH("[",CELL("filename"))-1) & "]" & ADDRESS(ROW()+16,11,1,TRUE,U$4),INDIRECT(ADDRESS(ROW()+16,11,1,TRUE,U$4))) -> Y | V71: =HYPERLINK("[" & MID(CELL("filename"),SEARCH("[",CELL("filename"))+1, SEARCH("]",CELL("filename"))-SEARCH("[",CELL("filename"))-1) & "]" & ADDRESS(ROW()+16,11,1,TRUE,V$4),INDIRECT(ADDRESS(ROW()+16,11,1,TRUE,V$4))) -> Y | W71: =HYPERLINK("[" & MID(CELL("filename"),SEARCH("[",CELL("filename"))+1, SEARCH("]",CELL("filename"))-SEARCH("[",CELL("filename"))-1) & "]" & ADDRESS(ROW()+16,11,1,TRUE,W$4),INDIRECT(ADDRESS(ROW()+16,11,1,TRUE,W$4))) -> Y
F72: =SUM(F5:F71) -> 335 | G72: =SUM(G5:G71) -> 256 | H72: =SUM(H5:H71) -> 0 | I72: =SUM(I5:I71) -> 74 | J72: =SUM(J5:J71) -> 0 | K72: =SUM(K5:K71) -> 74 | L72: =SUM(L5:L71) -> 0 | M72: =SUM(M5:M71) -> 0 | ... R72: =SUM(R5:R71) -> 810 | S72: =COUNTIFS(S$5:S$71,"<>",S$5:S$71,"<>0") -> 66 | T72: =COUNTIFS(T$5:T$71,"<>",T$5:T$71,"<>0") -> 66 | U72: =COUNTIFS(U$5:U$71,"<>",U$5:U$71,"<>0") -> 66 | V72: =COUNTIFS(V$5:V$71,"<>",V$5:V$71,"<>0") -> 66 | W72: =COUNTIFS(W$5:W$71,"<>",W$5:W$71,"<>0") -> 66

Sheet WEB-HQ-Ubuntu
A1: ■ 자산목록
A3: 1) 시스템 현황 | R3: ※ 자산 평가
A4: HostName | B4: =REPLACE(CELL("filename",A1),1,FIND("]",CELL("filename",A1)),"") -> WEB-HQ-Ubuntu | D4: 운영자산 명 | F4: =IFERROR(VLOOKUP($B$4,자산목록!$B$1:$Q$835,8,FALSE),"N/A") -> Web 서버 / 딩동독 서비스 | R4: 기밀성 | S4: =IFERROR(VLOOKUP($B$4,자산목록!$B$1:$Q$835,13,FALSE),"N/A") -> 3 | T4: 자산등급 | U4: =IFERROR(VLOOKUP($B$4,자산목록!$B$1:$Q$835,16,FALSE),"N/A") -> H
A5: OS 종류 및 버전 | B5: =IFERROR(VLOOKUP($B$4,자산목록!$B$1:$Q$835,6,FALSE)&" "&VLOOKUP($B$4,자산목록!$B$1:$Q$835,7,FALSE),"N/A") -> Ubuntu 24.04.2 LTS | D5: IP Address | F5: =IFERROR(VLOOKUP($B$4,자산목록!$B$1:$Q$835,2,FALSE),"N/A") -> 10.10.40.1 | R5: 무결성 | S5: =IFERROR(VLOOKUP($B$4,자산목록!$B$1:$Q$835,14,FALSE),"N/A") -> 3
A6: 담당자 | B6: =IFERROR(VLOOKUP($B$4,자산목록!$B$1:$Q$835,11,FALSE),"N/A") -> 김민준 | D6: 설치 위치 | F6: =IFERROR(VLOOKUP($B$4,자산목록!$B$1:$Q$835,9,FALSE),"N/A") -> 본사 DMZ망 | R6: 가용성 | S6: =IFERROR(VLOOKUP($B$4,자산목록!$B$1:$Q$835,15,FALSE),"N/A") -> 3
A8: 2) 진단 결과
A9: ① 부분별 진단 결과
A10: 분류 | D10: 본진단 결과 (이행 전) | I10: 영역별 수준 그래프 | J10: 이행 결과 | R10: 결과 점수 | V10: 영역별 수준 그래프
D11: 전체 | E11: 양호 | F11: 취약 | G11: N/A | H11: 수준 | J11: 조치 | K11: 미조치 | L11: 위험수용 | M11: N/A | N11: 이행율 | O11: 수준 | R11: 전체점수(이행 전) | S11: 평가점수 (이행 전) | T11: 평가점수 (이행 후) | U11: 전체점수(이행 후) | V11: 분류 | X11: 본진단 결과 (이행 전) | Y11: 이행 결과
A12: =ChkList!A6 -> 계정 관리 | D12: =COUNTIF($A$21:$A$995, $A12) -> 13 | E12: =COUNTIFS($A$21:INDIRECT(ADDRESS(MATCH("",$A:$A,-1),1,1,1)),$A12,$H$21:INDIRECT(ADDRESS(MATCH("",$A:$A,-1),8,1,1)),"Y")+COUNTIFS($A$21:INDIRECT(ADDRESS(MATCH("",$A:$A,-1),1,1,1)),$A12,$H$21:INDIRECT(ADDRESS(MATCH("",$A:$A,-1),8,1,1)),"Y(즉시조치)") -> 11 | F12: =COUNTIFS($A$21:INDIRECT(ADDRESS(MATCH("",$A:$A,-1),1,1,1)),$A12&"*",$H$21:INDIRECT(ADDRESS(MATCH("",$A:$A,-1),8,1,1)),"N") -> 2 | G12: =COUNTIFS($A$21:INDIRECT(ADDRESS(MATCH("",$A:$A,-1),1,1,1)),$A12&"*",$H$21:INDIRECT(ADDRESS(MATCH("",$A:$A,-1),8,1,1)),"N/A") -> 0 | H12: =IF($G12=$D12, "N/A", (S12/R12)) -> 0.78571429 | J12: =COUNTIFS($A$21:INDIRECT(ADDRESS(MATCH("",$A:$A,-1),1,1,1)),$A12,$K$21:INDIRECT(ADDRESS(MATCH("",$B:$B,-1),11,1,1)),"조치") -> 2 | K12: =COUNTIFS($A$21:INDIRECT(ADDRESS(MATCH("",$A:$A,-1),1,1,1)),$A12,$K$21:INDIRECT(ADDRESS(MATCH("",$B:$B,-1),11,1,1)),"미조치") -> 0 | L12: =COUNTIFS($A$21:INDIRECT(ADDRESS(MATCH("",$A:$A,-1),1,1,1)),$A12,$K$21:INDIRECT(ADDRESS(MATCH("",$B:$B,-1),11,1,1)),"위험수용") -> 0 | M12: =COUNTIFS($A$21:INDIRECT(ADDRESS(MATCH("",$A:$A,-1),1,1,1)),$A12,$K$21:INDIRECT(ADDRESS(MATCH("",$B:$B,-1),11,1,1)),"N/A") -> 0 | N12: =IFERROR($J12/($F12-(M12-G12)),"N/A") -> 1 | O12: =IF(OR($G12=$D12,$D12=$M12),"N/A", ($T12/$U12)) -> 1 | R12: =SUMIF($A$21:$A$995, $A12, $R$21:$R$995) -> 28 | S12: =SUMIF($A$21:$A$995, $A12, $S$21:$S$995) -> 22 | T12: =SUMIF($A$21:$A$995, $A12, $R$21:$R$995) -> 28 | U12: =SUMIF($A$21:$A$995, $A12, $R$21:$R$995) -> 28 | V12: =B12 -> 0 | X12: =H12 -> 0.78571429 | Y12: =O12 -> 1
A13: =ChkList!A20 -> 파일 및 디렉터리 관리 | D13: =COUNTIF($A$21:INDIRECT(ADDRESS(MATCH("",$A:$A,-1),1,1,1)),$A13) -> 20 | E13: =COUNTIFS($A$21:INDIRECT(ADDRESS(MATCH("",$A:$A,-1),1,1,1)),$A13,$H$21:INDIRECT(ADDRESS(MATCH("",$A:$A,-1),8,1,1)),"Y")+COUNTIFS($A$21:INDIRECT(ADDRESS(MATCH("",$A:$A,-1),1,1,1)),$A13,$H$21:INDIRECT(ADDRESS(MATCH("",$A:$A,-1),8,1,1)),"Y(즉시조치)") -> 11 | F13: =COUNTIFS($A$21:INDIRECT(ADDRESS(MATCH("",$A:$A,-1),1,1,1)),$A13&"*",$H$21:INDIRECT(ADDRESS(MATCH("",$A:$A,-1),8,1,1)),"N") -> 9 | G13: =COUNTIFS($A$21:INDIRECT(ADDRESS(MATCH("",$A:$A,-1),1,1,1)),$A13&"*",$H$21:INDIRECT(ADDRESS(MATCH("",$A:$A,-1),8,1,1)),"N/A") -> 0 | H13: =IF($G13=$D13, "N/A", (S13/R13)) -> 0.52830189 | J13: =COUNTIFS($A$21:INDIRECT(ADDRESS(MATCH("",$A:$A,-1),1,1,1)),$A13,$K$21:INDIRECT(ADDRESS(MATCH("",$B:$B,-1),11,1,1)),"조치") -> 9 | K13: =COUNTIFS($A$21:INDIRECT(ADDRESS(MATCH("",$A:$A,-1),1,1,1)),$A13,$K$21:INDIRECT(ADDRESS(MATCH("",$B:$B,-1),11,1,1)),"미조치") -> 0 | L13: =COUNTIFS($A$21:INDIRECT(ADDRESS(MATCH("",$A:$A,-1),1,1,1)),$A13,$K$21:INDIRECT(ADDRESS(MATCH("",$B:$B,-1),11,1,1)),"위험수용") -> 0 | M13: =COUNTIFS($A$21:INDIRECT(ADDRESS(MATCH("",$A:$A,-1),1,1,1)),$A13,$K$21:INDIRECT(ADDRESS(MATCH("",$B:$B,-1),11,1,1)),"N/A") -> 0 | N13: =IFERROR($J13/($F13-(M13-G13)),"N/A") -> 1 | O13: =IF(OR($G13=$D13,$D13=$M13),"N/A", ($T13/$U13)) -> 1 | R13: =SUMIF($A$21:$A$995, $A13, $R$21:$R$995) -> 53 | S13: =SUMIF($A$21:$A$995, $A13, $S$21:$S$995) -> 28 | T13: =SUMIF($A$21:$A$995, $A13, $R$21:$R$995) -> 53 | U13: =SUMIF($A$21:$A$995, $A13, $R$21:$R$995) -> 53 | V13: =B13 -> 0 | X13: =H13 -> 0.52830189 | Y13: =O13 -> 1
A14: =ChkList!A37 -> 파일 및 디렉터리 관리 | D14: =COUNTIF($A$21:INDIRECT(ADDRESS(MATCH("",$A:$A,-1),1,1,1)),$A14) -> 20 | E14: =COUNTIFS($A$21:INDIRECT(ADDRESS(MATCH("",$A:$A,-1),1,1,1)),$A14,$H$21:INDIRECT(ADDRESS(MATCH("",$A:$A,-1),8,1,1)),"Y")+COUNTIFS($A$21:INDIRECT(ADDRESS(MATCH("",$A:$A,-1),1,1,1)),$A14,$H$21:INDIRECT(ADDRESS(MATCH("",$A:$A,-1),8,1,1)),"Y(즉시조치)") -> 11 | F14: =COUNTIFS($A$21:INDIRECT(ADDRESS(MATCH("",$A:$A,-1),1,1,1)),$A14&"*",$H$21:INDIRECT(ADDRESS(MATCH("",$A:$A,-1),8,1,1)),"N") -> 9 | G14: =COUNTIFS($A$21:INDIRECT(ADDRESS(MATCH("",$A:$A,-1),1,1,1)),$A14&"*",$H$21:INDIRECT(ADDRESS(MATCH("",$A:$A,-1),8,1,1)),"N/A") -> 0 | H14: =IF($G14=$D14, "N/A", (S14/R14)) -> 0.52830189 | J14: =COUNTIFS($A$21:INDIRECT(ADDRESS(MATCH("",$A:$A,-1),1,1,1)),$A14,$K$21:INDIRECT(ADDRESS(MATCH("",$B:$B,-1),11,1,1)),"조치") -> 9 | K14: =COUNTIFS($A$21:INDIRECT(ADDRESS(MATCH("",$A:$A,-1),1,1,1)),$A14,$K$21:INDIRECT(ADDRESS(MATCH("",$B:$B,-1),11,1,1)),"미조치") -> 0 | L14: =COUNTIFS($A$21:INDIRECT(ADDRESS(MATCH("",$A:$A,-1),1,1,1)),$A14,$K$21:INDIRECT(ADDRESS(MATCH("",$B:$B,-1),11,1,1)),"위험수용") -> 0 | M14: =COUNTIFS($A$21:INDIRECT(ADDRESS(MATCH("",$A:$A,-1),1,1,1)),$A14,$K$21:INDIRECT(ADDRESS(MATCH("",$B:$B,-1),11,1,1)),"N/A") -> 0 | N14: =IFERROR($J14/($F14-(M14-G14)),"N/A") -> 1 | O14: =IF(OR($G14=$D14,$D14=$M14),"N/A", ($T14/$U14)) -> 1 | R14: =SUMIF($A$21:$A$995, $A14, $R$21:$R$995) -> 53 | S14: =SUMIF($A$21:$A$995, $A14, $S$21:$S$995) -> 28 | T14: =SUMIF($A$21:$A$995, $A14, $R$21:$R$995) -> 53 | U14: =SUMIF($A$21:$A$995, $A14, $R$21:$R$995) -> 53 | V14: =B14 -> 0 | X14: =H14 -> 0.52830189 | Y14: =O14 -> 1
A15: =ChkList!A69 -> 로그 관리 | D15: =COUNTIF($A$21:INDIRECT(ADDRESS(MATCH("",$A:$A,-1),1,1,1)),$A15) -> 3 | E15: =COUNTIFS($A$21:INDIRECT(ADDRESS(MATCH("",$A:$A,-1),1,1,1)),$A15,$H$21:INDIRECT(ADDRESS(MATCH("",$A:$A,-1),8,1,1)),"Y")+COUNTIFS($A$21:INDIRECT(ADDRESS(MATCH("",$A:$A,-1),1,1,1)),$A15,$H$21:INDIRECT(ADDRESS(MATCH("",$A:$A,-1),8,1,1)),"Y(즉시조치)") -> 3 | F15: =COUNTIFS($A$21:INDIRECT(ADDRESS(MATCH("",$A:$A,-1),1,1,1)),$A15&"*",$H$21:INDIRECT(ADDRESS(MATCH("",$A:$A,-1),8,1,1)),"N") -> 0 | G15: =COUNTIFS($A$21:INDIRECT(ADDRESS(MATCH("",$A:$A,-1),1,1,1)),$A15&"*",$H$21:INDIRECT(ADDRESS(MATCH("",$A:$A,-1),8,1,1)),"N/A") -> 0 | H15: =IF($G15=$D15, "N/A", (S15/R15)) -> 1 | J15: =COUNTIFS($A$21:INDIRECT(ADDRESS(MATCH("",$A:$A,-1),1,1,1)),$A15,$K$21:INDIRECT(ADDRESS(MATCH("",$B:$B,-1),11,1,1)),"조치") -> 0 | K15: =COUNTIFS($A$21:INDIRECT(ADDRESS(MATCH("",$A:$A,-1),1,1,1)),$A15,$K$21:INDIRECT(ADDRESS(MATCH("",$B:$B,-1),11,1,1)),"미조치") -> 0 | L15: =COUNTIFS($A$21:INDIRECT(ADDRESS(MATCH("",$A:$A,-1),1,1,1)),$A15,$K$21:INDIRECT(ADDRESS(MATCH("",$B:$B,-1),11,1,1)),"위험수용") -> 0 | M15: =COUNTIFS($A$21:INDIRECT(ADDRESS(MATCH("",$A:$A,-1),1,1,1)),$A15,$K$21:INDIRECT(ADDRESS(MATCH("",$B:$B,-1),11,1,1)),"N/A") -> 0 | N15: =IFERROR($J15/($F15-(M15-G15)),"N/A") -> N/A | O15: =IF(OR($G15=$D15,$D15=$M15),"N/A", ($T15/$U15)) -> 1 | R15: =SUMIF($A$21:$A$995, $A15, $R$21:$R$995) -> 6 | S15: =SUMIF($A$21:$A$995, $A15, $S$21:$S$995) -> 6 | T15: =SUMIF($A$21:$A$995, $A15, $R$21:$R$995) -> 6 | U15: =SUMIF($A$21:$A$995, $A15, $R$21:$R$995) -> 6 | V15: =B15 -> 0 | X15: =H15 -> 1 | Y15: =O15 -> 1
A16: =ChkList!A70 -> 로그 관리 | D16: =COUNTIF($A$21:INDIRECT(ADDRESS(MATCH("",$A:$A,-1),1,1,1)),$A16) -> 3 | E16: =COUNTIFS($A$21:INDIRECT(ADDRESS(MATCH("",$A:$A,-1),1,1,1)),$A16,$H$21:INDIRECT(ADDRESS(MATCH("",$A:$A,-1),8,1,1)),"Y")+COUNTIFS($A$21:INDIRECT(ADDRESS(MATCH("",$A:$A,-1),1,1,1)),$A16,$H$21:INDIRECT(ADDRESS(MATCH("",$A:$A,-1),8,1,1)),"Y(즉시조치)") -> 3 | F16: =COUNTIFS($A$21:INDIRECT(ADDRESS(MATCH("",$A:$A,-1),1,1,1)),$A16&"*",$H$21:INDIRECT(ADDRESS(MATCH("",$A:$A,-1),8,1,1)),"N") -> 0 | G16: =COUNTIFS($A$21:INDIRECT(ADDRESS(MATCH("",$A:$A,-1),1,1,1)),$A16&"*",$H$21:INDIRECT(ADDRESS(MATCH("",$A:$A,-1),8,1,1)),"N/A") -> 0 | H16: =IF($G16=$D16, "N/A", (S16/R16)) -> 1 | J16: =COUNTIFS($A$21:INDIRECT(ADDRESS(MATCH("",$A:$A,-1),1,1,1)),$A16,$K$21:INDIRECT(ADDRESS(MATCH("",$B:$B,-1),11,1,1)),"조치") -> 0 | K16: =COUNTIFS($A$21:INDIRECT(ADDRESS(MATCH("",$A:$A,-1),1,1,1)),$A16,$K$21:INDIRECT(ADDRESS(MATCH("",$B:$B,-1),11,1,1)),"미조치") -> 0 | L16: =COUNTIFS($A$21:INDIRECT(ADDRESS(MATCH("",$A:$A,-1),1,1,1)),$A16,$K$21:INDIRECT(ADDRESS(MATCH("",$B:$B,-1),11,1,1)),"위험수용") -> 0 | M16: =COUNTIFS($A$21:INDIRECT(ADDRESS(MATCH("",$A:$A,-1),1,1,1)),$A16,$K$21:INDIRECT(ADDRESS(MATCH("",$B:$B,-1),11,1,1)),"N/A") -> 0 | N16: =IFERROR($J16/($F16-(M16-G16)),"N/A") -> N/A | O16: =IF(OR($G16=$D16,$D16=$M16),"N/A", ($T16/$U16)) -> 1 | R16: =SUMIF($A$21:$A$995, $A16, $R$21:$R$995) -> 6 | S16: =SUMIF($A$21:$A$995, $A16, $S$21:$S$995) -> 6 | T16: =SUMIF($A$21:$A$995, $A16, $R$21:$R$995) -> 6 | U16: =SUMIF($A$21:$A$995, $A16, $R$21:$R$995) -> 6 | V16: =B16 -> 0 | X16: =H16 -> 1 | Y16: =O16 -> 1
A17: 전체 보안 수준 | D17: =SUM(D12:D16) -> 59 | E17: =SUM(E12:E16) -> 39 | F17: =SUM(F12:F16) -> 20 | G17: =SUM(G12:G16) -> 0 | H17: =IF($G17=$D17, "N/A", (S17/R17)) -> 0.61643836 | J17: =SUM(J12:J16) -> 20 | K17: =SUM(K12:K16) -> 0 | L17: =SUM(L12:L16) -> 0 | M17: =SUM(M12:M16) -> 0 | N17: =IF($O17="N/A","N/A",IFERROR($J17/($F17-(M17-G17)),"N/A")) -> 1 | O17: =IF($G17=$D17, "N/A", IFERROR((T17/U17),"N/A")) -> 1 | R17: =SUM(R12:R16) -> 146 | S17: =SUM(S12:S16) -> 90 | T17: =SUM(T12:T16) -> 146 | U17: =SUM(U12:U16) -> 146 | V17: 전채 보안 수준 | X17: =H17 -> 0.61643836 | Y17: =O17 -> 1
A19: ② 상세 진단 현황 | R19: HIDDEN 필드입니다
A20: 분류 | C20: 진단 항목 | F20: 중요도 | H20: 진단 결과 | I20: 현황 및 문제점 | J20: 이행 결과 | K20: 이행여부 | L20: 조치 현황 | Q20: 개선방안 및 보호대책 | R20: 전체점수(이행전) | S20: 평가점수 (이행 전) | T20: 평가점수 (이행 후) | U20: 전체점수(이행 후) | V20: 이행 결과
A21: =ChkList!A5 -> 계정 관리 | B21: =ChkList!B5 -> U-01 | C21: =ChkList!C5 -> root 계정 원격 접속 제한 | F21: =ChkList!D5 -> H | G21: =ChkList!E5 -> 3 | H21: Y | I21: root 계정 원격 접속 제한 상태로 양호함 PermitRootLogin no | J21: Y | K21: =IF($J21="", "", IF(OR($H21="Y", $H21="N/A",$H21="Y(즉시조치)"), $H21, IF(AND($H21="N", $J21="Y"), "조치", IF(AND($H21="N",$J21="N/A"), "N/A", IF(IFERROR(FIND("위험수용", $L21), 0), "위험수용", "미조치"))))) -> Y | L21: root 계정 원격 접속 제한 상태로 양호함 PermitRootLogin no | Q21: =IF($J21="",IF(OR($H21="N",$H21="인터뷰"), ChkList!$F6, ""), IF(OR($J21="N",$J21="인터뷰"), ChkList!$F6, "")) | R21: =IF($H21="N/A",0,VLOOKUP($F21,'parm(hidden)'!$B$8:$C$10,2,FALSE))*1 -> 3 | S21: =IFERROR(VLOOKUP($F21,'parm(hidden)'!$B$8:$C$10,2,FALSE)*VLOOKUP($H21,'parm(hidden)'!$B$15:$C$19,2,FALSE),0) -> 3 | T21: =IFERROR(VLOOKUP($F21,'parm(hidden)'!$B$8:$C$10,2,FALSE)*VLOOKUP($K21,$V$22:$W$27,2,FALSE),0) -> 3 | U21: =IF($J21="N/A",0,VLOOKUP($F21,'parm(hidden)'!$B$8:$C$10,2,FALSE))*1 -> 3 | V21: 결과 | W21: 점수
A22: =ChkList!A6 -> 계정 관리 | B22: =ChkList!B6 -> U-02 | C22: =ChkList!C6 -> 비밀번호 관리정책 설정 | F22: =ChkList!D6 -> H | G22: =ChkList!E6 -> 3 | H22: N | I22: 설정값 없으므로 취약 패스워드 복잡성 미설정 | J22: Y | K22: =IF($J22="", "", IF(OR($H22="Y", $H22="N/A",$H22="Y(즉시조치)"), $H22, IF(AND($H22="N", $J22="Y"), "조치", IF(AND($H22="N",$J22="N/A"), "N/A", IF(IFERROR(FIND("위험수용", $L22), 0), "위험수용", "미조치"))))) -> 조치 | L22: 패스워드 복잡성이 설정된 상태로 양호함 최소길이 8자리 이상, 영문·숫자·특수문자 최소 입력 기능이 설정 | Q22: =IF($J22="",IF(OR($H22="N",$H22="인터뷰"), ChkList!$F7, ""), IF(OR($J22="N",$J22="인터뷰"), ChkList!$F7, "")) | R22: =IF($H22="N/A",0,VLOOKUP($F22,'parm(hidden)'!$B$8:$C$10,2,FALSE))*1 -> 3 | S22: =IFERROR(VLOOKUP($F22,'parm(hidden)'!$B$8:$C$10,2,FALSE)*VLOOKUP($H22,'parm(hidden)'!$B$15:$C$19,2,FALSE),0) -> 0 | T22: =IFERROR(VLOOKUP($F22,'parm(hidden)'!$B$8:$C$10,2,FALSE)*VLOOKUP($K22,$V$22:$W$27,2,FALSE),0) -> 3 | U22: =IF($J22="N/A",0,VLOOKUP($F22,'parm(hidden)'!$B$8:$C$10,2,FALSE))*1 -> 3 | V22: 조치 | W22: 1
A23: =ChkList!A7 -> 계정 관리 | B23: =ChkList!B7 -> U-03 | C23: =ChkList!C7 -> 계정 잠금 임계값 설정 | F23: =ChkList!D7 -> H | G23: =ChkList!E7 -> 3 | H23: N | I23: 설정값 없으므로 취약 계정 잠금 임계값 미설정 | J23: Y | K23: =IF($J23="", "", IF(OR($H23="Y", $H23="N/A",$H23="Y(즉시조치)"), $H23, IF(AND($H23="N", $J23="Y"), "조치", IF(AND($H23="N",$J23="N/A"), "N/A", IF(IFERROR(FIND("위험수용", $L23), 0), "위험수용", "미조치"))))) -> 조치 | L23: 계정 임계값이 설정된 상태로 양호함 pam_faillock.so 모듈 및 임계값이 설정되어있음(deny=5) | Q23: =IF($J23="",IF(OR($H23="N",$H23="인터뷰"), ChkList!$F8, ""), IF(OR($J23="N",$J23="인터뷰"), ChkList!$F8, "")) | R23: =IF($H23="N/A",0,VLOOKUP($F23,'parm(hidden)'!$B$8:$C$10,2,FALSE))*1 -> 3 | S23: =IFERROR(VLOOKUP($F23,'parm(hidden)'!$B$8:$C$10,2,FALSE)*VLOOKUP($H23,'parm(hidden)'!$B$15:$C$19,2,FALSE),0) -> 0 | T23: =IFERROR(VLOOKUP($F23,'parm(hidden)'!$B$8:$C$10,2,FALSE)*VLOOKUP($K23,$V$22:$W$27,2,FALSE),0) -> 3 | U23: =IF($J23="N/A",0,VLOOKUP($F23,'parm(hidden)'!$B$8:$C$10,2,FALSE))*1 -> 3 | V23: 미조치 | W23: 0
A24: =ChkList!A8 -> 계정 관리 | B24: =ChkList!B8 -> U-04 | C24: =ChkList!C8 -> 비밀번호 파일 보호 | F24: =ChkList!D8 -> H | G24: =ChkList!E8 -> 3 | H24: Y | I24: 현재 설정 완료 상태이므로 양호함 shadow 패스워드 사용 및 암호화 | J24: Y | K24: =IF($J24="", "", IF(OR($H24="Y", $H24="N/A",$H24="Y(즉시조치)"), $H24, IF(AND($H24="N", $J24="Y"), "조치", IF(AND($H24="N",$J24="N/A"), "N/A", IF(IFERROR(FIND("위험수용", $L24), 0), "위험수용", "미조치"))))) -> Y | L24: 현재 설정 완료 상태이므로 양호함 shadow 패스워드 사용 및 암호화 | Q24: =IF($J24="",IF(OR($H24="N",$H24="인터뷰"), ChkList!$F9, ""), IF(OR($J24="N",$J24="인터뷰"), ChkList!$F9, "")) | R24: =IF($H24="N/A",0,VLOOKUP($F24,'parm(hidden)'!$B$8:$C$10,2,FALSE))*1 -> 3 | S24: =IFERROR(VLOOKUP($F24,'parm(hidden)'!$B$8:$C$10,2,FALSE)*VLOOKUP($H24,'parm(hidden)'!$B$15:$C$19,2,FALSE),0) -> 3 | T24: =IFERROR(VLOOKUP($F24,'parm(hidden)'!$B$8:$C$10,2,FALSE)*VLOOKUP($K24,$V$22:$W$27,2,FALSE),0) -> 3 | U24: =IF($J24="N/A",0,VLOOKUP($F24,'parm(hidden)'!$B$8:$C$10,2,FALSE))*1 -> 3 | V24: 위험수용 | W24: 0
A25: =ChkList!A9 -> 계정 관리 | B25: =ChkList!B9 -> U-05 | C25: =ChkList!C9 -> root 이외의 UID가 ‘0’ 금지 | F25: =ChkList!D9 -> H | G25: =ChkList!E9 -> 3 | H25: Y | I25: 현재 설정 완료상태이므로 양호함 UID=0을 가진 계정은 root 하나만 존재 | J25: Y | K25: =IF($J25="", "", IF(OR($H25="Y", $H25="N/A",$H25="Y(즉시조치)"), $H25, IF(AND($H25="N", $J25="Y"), "조치", IF(AND($H25="N",$J25="N/A"), "N/A", IF(IFERROR(FIND("위험수용", $L25), 0), "위험수용", "미조치"))))) -> Y | L25: 현재 설정 완료상태이므로 양호함 UID=0을 가진 계정은 root 하나만 존재 | Q25: =IF($J25="",IF(OR($H25="N",$H25="인터뷰"), ChkList!$F10, ""), IF(OR($J25="N",$J25="인터뷰"), ChkList!$F10, "")) | R25: =IF($H25="N/A",0,VLOOKUP($F25,'parm(hidden)'!$B$8:$C$10,2,FALSE))*1 -> 3 | S25: =IFERROR(VLOOKUP($F25,'parm(hidden)'!$B$8:$C$10,2,FALSE)*VLOOKUP($H25,'parm(hidden)'!$B$15:$C$19,2,FALSE),0) -> 3 | T25: =IFERROR(VLOOKUP($F25,'parm(hidden)'!$B$8:$C$10,2,FALSE)*VLOOKUP($K25,$V$22:$W$27,2,FALSE),0) -> 3 | U25: =IF($J25="N/A",0,VLOOKUP($F25,'parm(hidden)'!$B$8:$C$10,2,FALSE))*1 -> 3 | V25: N/A | W25: 0
A26: =ChkList!A10 -> 계정 관리 | B26: =ChkList!B10 -> U-06 | C26: =ChkList!C10 -> 사용자 계정 su 기능 제한 | F26: =ChkList!D10 -> H | G26: =ChkList!E10 -> 3 | H26: Y | I26: 현재 설정 완료상태이므로 양호함 wheel 그룹 및 구성원 내 불필요한 계정 미존재 | J26: Y | K26: =IF($J26="", "", IF(OR($H26="Y", $H26="N/A",$H26="Y(즉시조치)"), $H26, IF(AND($H26="N", $J26="Y"), "조치", IF(AND($H26="N",$J26="N/A"), "N/A", IF(IFERROR(FIND("위험수용", $L26), 0), "위험수용", "미조치"))))) -> Y | L26: 현재 설정 완료상태이므로 양호함 wheel 그룹 및 구성원 내 불필요한 계정 미존재 | Q26: =IF($J26="",IF(OR($H26="N",$H26="인터뷰"), ChkList!$F11, ""), IF(OR($J26="N",$J26="인터뷰"), ChkList!$F11, "")) | R26: =IF($H26="N/A",0,VLOOKUP($F26,'parm(hidden)'!$B$8:$C$10,2,FALSE))*1 -> 3 | S26: =IFERROR(VLOOKUP($F26,'parm(hidden)'!$B$8:$C$10,2,FALSE)*VLOOKUP($H26,'parm(hidden)'!$B$15:$C$19,2,FALSE),0) -> 3 | T26: =IFERROR(VLOOKUP($F26,'parm(hidden)'!$B$8:$C$10,2,FALSE)*VLOOKUP($K26,$V$22:$W$27,2,FALSE),0) -> 3 | U26: =IF($J26="N/A",0,VLOOKUP($F26,'parm(hidden)'!$B$8:$C$10,2,FALSE))*1 -> 3 | V26: Y | W26: 1
A27: =ChkList!A11 -> 계정 관리 | B27: =ChkList!B11 -> U-07 | C27: =ChkList!C11 -> 불필요한 계정 제거 | F27: =ChkList!D11 -> L | G27: =ChkList!E11 -> 1 | H27: Y | I27: 현재 설정 완료 상태이므로 양호함 패스워드 최소 길이 8로 설정 | J27: Y | K27: =IF($J27="", "", IF(OR($H27="Y", $H27="N/A",$H27="Y(즉시조치)"), $H27, IF(AND($H27="N", $J27="Y"), "조치", IF(AND($H27="N",$J27="N/A"), "N/A", IF(IFERROR(FIND("위험수용", $L27), 0), "위험수용", "미조치"))))) -> Y | L27: 현재 설정 완료 상태이므로 양호함 패스워드 최소 길이 8로 설정 | Q27: =IF($J27="",IF(OR($H27="N",$H27="인터뷰"), ChkList!$F12, ""), IF(OR($J27="N",$J27="인터뷰"), ChkList!$F12, "")) | R27: =IF($H27="N/A",0,VLOOKUP($F27,'parm(hidden)'!$B$8:$C$10,2,FALSE))*1 -> 1 | S27: =IFERROR(VLOOKUP($F27,'parm(hidden)'!$B$8:$C$10,2,FALSE)*VLOOKUP($H27,'parm(hidden)'!$B$15:$C$19,2,FALSE),0) -> 1 | T27: =IFERROR(VLOOKUP($F27,'parm(hidden)'!$B$8:$C$10,2,FALSE)*VLOOKUP($K27,$V$22:$W$27,2,FALSE),0) -> 1 | U27: =IF($J27="N/A",0,VLOOKUP($F27,'parm(hidden)'!$B$8:$C$10,2,FALSE))*1 -> 1 | V27: Y(즉시조치) | W27: 1
A28: =ChkList!A12 -> 계정 관리 | B28: =ChkList!B12 -> U-08 | C28: =ChkList!C12 -> 관리자 그룹에 최소한의 계정 포함 | F28: =ChkList!D12 -> M | G28: =ChkList!E12 -> 2 | H28: Y | I28: 현재 설정 완료 상태이므로 양호함 패스워드 최대 사용기간 90일로 설정 | J28: Y | K28: =IF($J28="", "", IF(OR($H28="Y", $H28="N/A",$H28="Y(즉시조치)"), $H28, IF(AND($H28="N", $J28="Y"), "조치", IF(AND($H28="N",$J28="N/A"), "N/A", IF(IFERROR(FIND("위험수용", $L28), 0), "위험수용", "미조치"))))) -> Y | L28: 현재 설정 완료 상태이므로 양호함 패스워드 최대 사용기간 90일로 설정 | Q28: =IF($J28="",IF(OR($H28="N",$H28="인터뷰"), ChkList!$F13, ""), IF(OR($J28="N",$J28="인터뷰"), ChkList!$F13, "")) | R28: =IF($H28="N/A",0,VLOOKUP($F28,'parm(hidden)'!$B$8:$C$10,2,FALSE))*1 -> 2 | S28: =IFERROR(VLOOKUP($F28,'parm(hidden)'!$B$8:$C$10,2,FALSE)*VLOOKUP($H28,'parm(hidden)'!$B$15:$C$19,2,FALSE),0) -> 2 | T28: =IFERROR(VLOOKUP($F28,'parm(hidden)'!$B$8:$C$10,2,FALSE)*VLOOKUP($K28,$V$22:$W$27,2,FALSE),0) -> 2 | U28: =IF($J28="N/A",0,VLOOKUP($F28,'parm(hidden)'!$B$8:$C$10,2,FALSE))*1 -> 2
A29: =ChkList!A13 -> 계정 관리 | B29: =ChkList!B13 -> U-09 | C29: =ChkList!C13 -> 계정이 존재하지 않는 GID 금지 | F29: =ChkList!D13 -> L | G29: =ChkList!E13 -> 1 | H29: Y | I29: 현재 설정 완료 상태이므로 양호함 패스워드 최소 사용기간 1일 | J29: Y | K29: =IF($J29="", "", IF(OR($H29="Y", $H29="N/A",$H29="Y(즉시조치)"), $H29, IF(AND($H29="N", $J29="Y"), "조치", IF(AND($H29="N",$J29="N/A"), "N/A", IF(IFERROR(FIND("위험수용", $L29), 0), "위험수용", "미조치"))))) -> Y | L29: 현재 설정 완료 상태이므로 양호함 패스워드 최소 사용기간 1일 | Q29: =IF($J29="",IF(OR($H29="N",$H29="인터뷰"), ChkList!$F14, ""), IF(OR($J29="N",$J29="인터뷰"), ChkList!$F14, "")) | R29: =IF($H29="N/A",0,VLOOKUP($F29,'parm(hidden)'!$B$8:$C$10,2,FALSE))*1 -> 1 | S29: =IFERROR(VLOOKUP($F29,'parm(hidden)'!$B$8:$C$10,2,FALSE)*VLOOKUP($H29,'parm(hidden)'!$B$15:$C$19,2,FALSE),0) -> 1 | T29: =IFERROR(VLOOKUP($F29,'parm(hidden)'!$B$8:$C$10,2,FALSE)*VLOOKUP($K29,$V$22:$W$27,2,FALSE),0) -> 1 | U29: =IF($J29="N/A",0,VLOOKUP($F29,'parm(hidden)'!$B$8:$C$10,2,FALSE))*1 -> 1
A30: =ChkList!A14 -> 계정 관리 | B30: =ChkList!B14 -> U-10 | C30: =ChkList!C14 -> 동일한 UID 금지 | F30: =ChkList!D14 -> M | G30: =ChkList!E14 -> 2 | H30: Y | I30: 현재 설정 완료 상태이므로 양호함 서버 내에 불필요한 계정이 미존재 | J30: Y | K30: =IF($J30="", "", IF(OR($H30="Y", $H30="N/A",$H30="Y(즉시조치)"), $H30, IF(AND($H30="N", $J30="Y"), "조치", IF(AND($H30="N",$J30="N/A"), "N/A", IF(IFERROR(FIND("위험수용", $L30), 0), "위험수용", "미조치"))))) -> Y | L30: 현재 설정 완료 상태이므로 양호함 서버 내에 불필요한 계정이 미존재 | Q30: =IF($J30="",IF(OR($H30="N",$H30="인터뷰"), ChkList!#REF!, ""), IF(OR($J30="N",$J30="인터뷰"), ChkList!#REF!, "")) | R30: =IF($H30="N/A",0,VLOOKUP($F30,'parm(hidden)'!$B$8:$C$10,2,FALSE))*1 -> 2 | S30: =IFERROR(VLOOKUP($F30,'parm(hidden)'!$B$8:$C$10,2,FALSE)*VLOOKUP($H30,'parm(hidden)'!$B$15:$C$19,2,FALSE),0) -> 2 | T30: =IFERROR(VLOOKUP($F30,'parm(hidden)'!$B$8:$C$10,2,FALSE)*VLOOKUP($K30,$V$22:$W$27,2,FALSE),0) -> 2 | U30: =IF($J30="N/A",0,VLOOKUP($F30,'parm(hidden)'!$B$8:$C$10,2,FALSE))*1 -> 2
A31: =ChkList!A15 -> 계정 관리 | B31: =ChkList!B15 -> U-11 | C31: =ChkList!C15 -> 사용자 Shell 점검 | F31: =ChkList!D15 -> L | G31: =ChkList!E15 -> 1 | H31: Y | I31: 현재 설정 완료 상태이므로 양호함 관리자 그룹에 root 계정만 존재 | J31: Y | K31: =IF($J31="", "", IF(OR($H31="Y", $H31="N/A",$H31="Y(즉시조치)"), $H31, IF(AND($H31="N", $J31="Y"), "조치", IF(AND($H31="N",$J31="N/A"), "N/A", IF(IFERROR(FIND("위험수용", $L31), 0), "위험수용", "미조치"))))) -> Y | L31: 현재 설정 완료 상태이므로 양호함 관리자 그룹에 root 계정만 존재 | Q31: =IF($J31="",IF(OR($H31="N",$H31="인터뷰"), ChkList!$F15, ""), IF(OR($J31="N",$J31="인터뷰"), ChkList!$F15, "")) | R31: =IF($H31="N/A",0,VLOOKUP($F31,'parm(hidden)'!$B$8:$C$10,2,FALSE))*1 -> 1 | S31: =IFERROR(VLOOKUP($F31,'parm(hidden)'!$B$8:$C$10,2,FALSE)*VLOOKUP($H31,'parm(hidden)'!$B$15:$C$19,2,FALSE),0) -> 1 | T31: =IFERROR(VLOOKUP($F31,'parm(hidden)'!$B$8:$C$10,2,FALSE)*VLOOKUP($K31,$V$22:$W$27,2,FALSE),0) -> 1 | U31: =IF($J31="N/A",0,VLOOKUP($F31,'parm(hidden)'!$B$8:$C$10,2,FALSE))*1 -> 1
A32: =ChkList!A16 -> 계정 관리 | B32: =ChkList!B16 -> U-12 | C32: =ChkList!C16 -> 세션 종료 시간 설정 | F32: =ChkList!D16 -> L | G32: =ChkList!E16 -> 1 | H32: Y | I32: 현재 설정 완료 상태이므로 양호함 계정 관련 그룹 제외 불필요한 그룹 미존재 | J32: Y | K32: =IF($J32="", "", IF(OR($H32="Y", $H32="N/A",$H32="Y(즉시조치)"), $H32, IF(AND($H32="N", $J32="Y"), "조치", IF(AND($H32="N",$J32="N/A"), "N/A", IF(IFERROR(FIND("위험수용", $L32), 0), "위험수용", "미조치"))))) -> Y | L32: 현재 설정 완료 상태이므로 양호함 계정 관련 그룹 제외 불필요한 그룹 미존재 | Q32: =IF($J32="",IF(OR($H32="N",$H32="인터뷰"), ChkList!$F16, ""), IF(OR($J32="N",$J32="인터뷰"), ChkList!$F16, "")) | R32: =IF($H32="N/A",0,VLOOKUP($F32,'parm(hidden)'!$B$8:$C$10,2,FALSE))*1 -> 1 | S32: =IFERROR(VLOOKUP($F32,'parm(hidden)'!$B$8:$C$10,2,FALSE)*VLOOKUP($H32,'parm(hidden)'!$B$15:$C$19,2,FALSE),0) -> 1 | T32: =IFERROR(VLOOKUP($F32,'parm(hidden)'!$B$8:$C$10,2,FALSE)*VLOOKUP($K32,$V$22:$W$27,2,FALSE),0) -> 1 | U32: =IF($J32="N/A",0,VLOOKUP($F32,'parm(hidden)'!$B$8:$C$10,2,FALSE))*1 -> 1
A33: =ChkList!A17 -> 계정 관리 | B33: =ChkList!B17 -> U-13 | C33: =ChkList!C17 -> 안전한 비밀번호 암호화 알고리즘 사용 | F33: =ChkList!D17 -> M | G33: =ChkList!E17 -> 2 | H33: Y | I33: 현재 설정 완료 상태이므로 양호함 동일한 UID로 설전된 계정 존재 없음 | J33: Y | K33: =IF($J33="", "", IF(OR($H33="Y", $H33="N/A",$H33="Y(즉시조치)"), $H33, IF(AND($H33="N", $J33="Y"), "조치", IF(AND($H33="N",$J33="N/A"), "N/A", IF(IFERROR(FIND("위험수용", $L33), 0), "위험수용", "미조치"))))) -> Y | L33: 현재 설정 완료 상태이므로 양호함 동일한 UID로 설전된 계정 존재 없음 | Q33: =IF($J33="",IF(OR($H33="N",$H33="인터뷰"), ChkList!$F17, ""), IF(OR($J33="N",$J33="인터뷰"), ChkList!$F17, "")) | R33: =IF($H33="N/A",0,VLOOKUP($F33,'parm(hidden)'!$B$8:$C$10,2,FALSE))*1 -> 2 | S33: =IFERROR(VLOOKUP($F33,'parm(hidden)'!$B$8:$C$10,2,FALSE)*VLOOKUP($H33,'parm(hidden)'!$B$15:$C$19,2,FALSE),0) -> 2 | T33: =IFERROR(VLOOKUP($F33,'parm(hidden)'!$B$8:$C$10,2,FALSE)*VLOOKUP($K33,$V$22:$W$27,2,FALSE),0) -> 2 | U33: =IF($J33="N/A",0,VLOOKUP($F33,'parm(hidden)'!$B$8:$C$10,2,FALSE))*1 -> 2
A34: =ChkList!A18 -> 파일 및 디렉터리 관리 | B34: =ChkList!B18 -> U-14 | C34: =ChkList!C18 -> root 홈, 패스 디렉터리 권한 및 패스 설정 | F34: =ChkList!D18 -> H | G34: =ChkList!E18 -> 3 | H34: Y | I34: 현재 설정 완료 상태이므로 양호함 로그인이 필요하지 않은 계정에 nologin 쉘 부여 | J34: Y | K34: =IF($J34="", "", IF(OR($H34="Y", $H34="N/A",$H34="Y(즉시조치)"), $H34, IF(AND($H34="N", $J34="Y"), "조치", IF(AND($H34="N",$J34="N/A"), "N/A", IF(IFERROR(FIND("위험수용", $L34), 0), "위험수용", "미조치"))))) -> Y | L34: 현재 설정 완료 상태이므로 양호함 로그인이 필요하지 않은 계정에 nologin 쉘 부여 | Q34: =IF($J34="",IF(OR($H34="N",$H34="인터뷰"), ChkList!$F18, ""), IF(OR($J34="N",$J34="인터뷰"), ChkList!$F18, "")) | R34: =IF($H34="N/A",0,VLOOKUP($F34,'parm(hidden)'!$B$8:$C$10,2,FALSE))*1 -> 3 | S34: =IFERROR(VLOOKUP($F34,'parm(hidden)'!$B$8:$C$10,2,FALSE)*VLOOKUP($H34,'parm(hidden)'!$B$15:$C$19,2,FALSE),0) -> 3 | T34: =IFERROR(VLOOKUP($F34,'parm(hidden)'!$B$8:$C$10,2,FALSE)*VLOOKUP($K34,$V$22:$W$27,2,FALSE),0) -> 3 | U34: =IF($J34="N/A",0,VLOOKUP($F34,'parm(hidden)'!$B$8:$C$10,2,FALSE))*1 -> 3
A35: =ChkList!A19 -> 파일 및 디렉터리 관리 | B35: =ChkList!B19 -> U-15 | C35: =ChkList!C19 -> 파일 및 디렉터리 소유자 설정 | F35: =ChkList!D19 -> H | G35: =ChkList!E19 -> 3 | H35: N | I35: 현재 미조치 상태로 취약 Session Timeout이 미설정 | J35: Y | K35: =IF($J35="", "", IF(OR($H35="Y", $H35="N/A",$H35="Y(즉시조치)"), $H35, IF(AND($H35="N", $J35="Y"), "조치", IF(AND($H35="N",$J35="N/A"), "N/A", IF(IFERROR(FIND("위험수용", $L35), 0), "위험수용", "미조치"))))) -> 조치 | L35: Session Timeout 설정된 상태로 양호함 /etc/profile에서TMOUT=600, export TMOUT으로 설정 | Q35: =IF($J35="",IF(OR($H35="N",$H35="인터뷰"), ChkList!$F19, ""), IF(OR($J35="N",$J35="인터뷰"), ChkList!$F19, "")) | R35: =IF($H35="N/A",0,VLOOKUP($F35,'parm(hidden)'!$B$8:$C$10,2,FALSE))*1 -> 3 | S35: =IFERROR(VLOOKUP($F35,'parm(hidden)'!$B$8:$C$10,2,FALSE)*VLOOKUP($H35,'parm(hidden)'!$B$15:$C$19,2,FALSE),0) -> 0 | T35: =IFERROR(VLOOKUP($F35,'parm(hidden)'!$B$8:$C$10,2,FALSE)*VLOOKUP($K35,$V$22:$W$27,2,FALSE),0) -> 3 | U35: =IF($J35="N/A",0,VLOOKUP($F35,'parm(hidden)'!$B$8:$C$10,2,FALSE))*1 -> 3
A36: =ChkList!A20 -> 파일 및 디렉터리 관리 | B36: =ChkList!B20 -> U-16 | C36: =ChkList!C20 -> /etc/passwd 파일 소유자 및 권한 설정 | F36: =ChkList!D20 -> H | G36: =ChkList!E20 -> 3 | H36: Y | I36: 현재 설정 완료 상태이므로 양호함 PATH 환경변수에 "."이 미존재 | J36: Y | K36: =IF($J36="", "", IF(OR($H36="Y", $H36="N/A",$H36="Y(즉시조치)"), $H36, IF(AND($H36="N", $J36="Y"), "조치", IF(AND($H36="N",$J36="N/A"), "N/A", IF(IFERROR(FIND("위험수용", $L36), 0), "위험수용", "미조치"))))) -> Y | L36: 현재 설정 완료 상태이므로 양호함 PATH 환경변수에 "."이 미존재 | Q36: =IF($J36="",IF(OR($H36="N",$H36="인터뷰"), ChkList!$F20, ""), IF(OR($J36="N",$J36="인터뷰"), ChkList!$F20, "")) | R36: =IF($H36="N/A",0,VLOOKUP($F36,'parm(hidden)'!$B$8:$C$10,2,FALSE))*1 -> 3 | S36: =IFERROR(VLOOKUP($F36,'parm(hidden)'!$B$8:$C$10,2,FALSE)*VLOOKUP($H36,'parm(hidden)'!$B$15:$C$19,2,FALSE),0) -> 3 | T36: =IFERROR(VLOOKUP($F36,'parm(hidden)'!$B$8:$C$10,2,FALSE)*VLOOKUP($K36,$V$22:$W$27,2,FALSE),0) -> 3 | U36: =IF($J36="N/A",0,VLOOKUP($F36,'parm(hidden)'!$B$8:$C$10,2,FALSE))*1 -> 3
A37: =ChkList!A21 -> 파일 및 디렉터리 관리 | B37: =ChkList!B21 -> U-17 | C37: =ChkList!C21 -> 시스템 시작 스크립트 권한 설정 | F37: =ChkList!D21 -> H | G37: =ChkList!E21 -> 3 | H37: N | I37: 현재 미조치 상태로 취약 소유자가 존재하지 않는 파일 및 디렉터리 존재 | J37: Y | K37: =IF($J37="", "", IF(OR($H37="Y", $H37="N/A",$H37="Y(즉시조치)"), $H37, IF(AND($H37="N", $J37="Y"), "조치", IF(AND($H37="N",$J37="N/A"), "N/A", IF(IFERROR(FIND("위험수용", $L37), 0), "위험수용", "미조치"))))) -> 조치 | L37: 소유자가 존재하지 않는 파일 및 디렉터리 미존재로 양호함 소유자가 존재하지 않는 파일 및 디렉터리 없음 | Q37: =IF($J37="",IF(OR($H37="N",$H37="인터뷰"), ChkList!$F21, ""), IF(OR($J37="N",$J37="인터뷰"), ChkList!$F21, "")) | R37: =IF($H37="N/A",0,VLOOKUP($F37,'parm(hidden)'!$B$8:$C$10,2,FALSE))*1 -> 3 | S37: =IFERROR(VLOOKUP($F37,'parm(hidden)'!$B$8:$C$10,2,FALSE)*VLOOKUP($H37,'parm(hidden)'!$B$15:$C$19,2,FALSE),0) -> 0 | T37: =IFERROR(VLOOKUP($F37,'parm(hidden)'!$B$8:$C$10,2,FALSE)*VLOOKUP($K37,$V$22:$W$27,2,FALSE),0) -> 3 | U37: =IF($J37="N/A",0,VLOOKUP($F37,'parm(hidden)'!$B$8:$C$10,2,FALSE))*1 -> 3
A38: =ChkList!A22 -> 파일 및 디렉터리 관리 | B38: =ChkList!B22 -> U-18 | C38: =ChkList!C22 -> /etc/shadow 파일 소유자 및 권한 설정 | F38: =ChkList!D22 -> H | G38: =ChkList!E22 -> 3 | H38: Y | I38: 현재 설정 완료 상태이므로 양호함 /etc/passwd 파일 소유자 root, 권한 644로 설정 | J38: Y | K38: =IF($J38="", "", IF(OR($H38="Y", $H38="N/A",$H38="Y(즉시조치)"), $H38, IF(AND($H38="N", $J38="Y"), "조치", IF(AND($H38="N",$J38="N/A"), "N/A", IF(IFERROR(FIND("위험수용", $L38), 0), "위험수용", "미조치"))))) -> Y | L38: 현재 설정 완료 상태이므로 양호함 /etc/passwd 파일 소유자 root, 권한 644로 설정 | Q38: =IF($J38="",IF(OR($H38="N",$H38="인터뷰"), ChkList!$F22, ""), IF(OR($J38="N",$J38="인터뷰"), ChkList!$F22, "")) | R38: =IF($H38="N/A",0,VLOOKUP($F38,'parm(hidden)'!$B$8:$C$10,2,FALSE))*1 -> 3 | S38: =IFERROR(VLOOKUP($F38,'parm(hidden)'!$B$8:$C$10,2,FALSE)*VLOOKUP($H38,'parm(hidden)'!$B$15:$C$19,2,FALSE),0) -> 3 | T38: =IFERROR(VLOOKUP($F38,'parm(hidden)'!$B$8:$C$10,2,FALSE)*VLOOKUP($K38,$V$22:$W$27,2,FALSE),0) -> 3 | U38: =IF($J38="N/A",0,VLOOKUP($F38,'parm(hidden)'!$B$8:$C$10,2,FALSE))*1 -> 3
A39: =ChkList!A23 -> 파일 및 디렉터리 관리 | B39: =ChkList!B23 -> U-19 | C39: =ChkList!C23 -> /etc/hosts 파일 소유자 및 권한 설정 | F39: =ChkList!D23 -> H | G39: =ChkList!E23 -> 3 | H39: Y | I39: 현재 설정 완료 상태이므로 양호함 /etc/shadow 파일 소유자 root, 권한 0로 설정 | J39: Y | K39: =IF($J39="", "", IF(OR($H39="Y", $H39="N/A",$H39="Y(즉시조치)"), $H39, IF(AND($H39="N", $J39="Y"), "조치", IF(AND($H39="N",$J39="N/A"), "N/A", IF(IFERROR(FIND("위험수용", $L39), 0), "위험수용", "미조치"))))) -> Y | L39: 현재 설정 완료 상태이므로 양호함 /etc/shadow 파일 소유자 root, 권한 0로 설정 | Q39: =IF($J39="",IF(OR($H39="N",$H39="인터뷰"), ChkList!$F23, ""), IF(OR($J39="N",$J39="인터뷰"), ChkList!$F23, "")) | R39: =IF($H39="N/A",0,VLOOKUP($F39,'parm(hidden)'!$B$8:$C$10,2,FALSE))*1 -> 3 | S39: =IFERROR(VLOOKUP($F39,'parm(hidden)'!$B$8:$C$10,2,FALSE)*VLOOKUP($H39,'parm(hidden)'!$B$15:$C$19,2,FALSE),0) -> 3 | T39: =IFERROR(VLOOKUP($F39,'parm(hidden)'!$B$8:$C$10,2,FALSE)*VLOOKUP($K39,$V$22:$W$27,2,FALSE),0) -> 3 | U39: =IF($J39="N/A",0,VLOOKUP($F39,'parm(hidden)'!$B$8:$C$10,2,FALSE))*1 -> 3
A40: =ChkList!A24 -> 파일 및 디렉터리 관리 | B40: =ChkList!B24 -> U-20 | C40: =ChkList!C24 -> /etc/(x)inetd.conf 파일 소유자 및 권한 설정 | F40: =ChkList!D24 -> H | G40: =ChkList!E24 -> 3 | H40: N | I40: 현재 설정 완료 상태이므로 양호함 /etc/hosts/ 파일 소유자 root, 권한 644로 설정 | J40: Y | K40: =IF($J40="", "", IF(OR($H40="Y", $H40="N/A",$H40="Y(즉시조치)"), $H40, IF(AND($H40="N", $J40="Y"), "조치", IF(AND($H40="N",$J40="N/A"), "N/A", IF(IFERROR(FIND("위험수용", $L40), 0), "위험수용", "미조치"))))) -> 조치 | L40: 현재 설정 완료 상태이므로 양호함 /etc/hosts/ 파일 소유자 root, 권한 644로 설정 | Q40: =IF($J40="",IF(OR($H40="N",$H40="인터뷰"), ChkList!$F24, ""), IF(OR($J40="N",$J40="인터뷰"), ChkList!$F24, "")) | R40: =IF($H40="N/A",0,VLOOKUP($F40,'parm(hidden)'!$B$8:$C$10,2,FALSE))*1 -> 3 | S40: =IFERROR(VLOOKUP($F40,'parm(hidden)'!$B$8:$C$10,2,FALSE)*VLOOKUP($H40,'parm(hidden)'!$B$15:$C$19,2,FALSE),0) -> 0 | T40: =IFERROR(VLOOKUP($F40,'parm(hidden)'!$B$8:$C$10,2,FALSE)*VLOOKUP($K40,$V$22:$W$27,2,FALSE),0) -> 3 | U40: =IF($J40="N/A",0,VLOOKUP($F40,'parm(hidden)'!$B$8:$C$10,2,FALSE))*1 -> 3
A41: =ChkList!A25 -> 파일 및 디렉터리 관리 | B41: =ChkList!B25 -> U-21 | C41: =ChkList!C25 -> /etc/(r)syslog.conf 파일 소유자 및 권한 설정 | F41: =ChkList!D25 -> H | G41: =ChkList!E25 -> 3 | H41: N | I41: inetd 서비스 미사용으로 양호함 inetd 서비스 미설치 | J41: Y | K41: =IF($J41="", "", IF(OR($H41="Y", $H41="N/A",$H41="Y(즉시조치)"), $H41, IF(AND($H41="N", $J41="Y"), "조치", IF(AND($H41="N",$J41="N/A"), "N/A", IF(IFERROR(FIND("위험수용", $L41), 0), "위험수용", "미조치"))))) -> 조치 | L41: inetd 서비스 미사용으로 양호함 inetd 서비스 미설치 | Q41: =IF($J41="",IF(OR($H41="N",$H41="인터뷰"), ChkList!#REF!, ""), IF(OR($J41="N",$J41="인터뷰"), ChkList!#REF!, "")) | R41: =IF($H41="N/A",0,VLOOKUP($F41,'parm(hidden)'!$B$8:$C$10,2,FALSE))*1 -> 3 | S41: =IFERROR(VLOOKUP($F41,'parm(hidden)'!$B$8:$C$10,2,FALSE)*VLOOKUP($H41,'parm(hidden)'!$B$15:$C$19,2,FALSE),0) -> 0 | T41: =IFERROR(VLOOKUP($F41,'parm(hidden)'!$B$8:$C$10,2,FALSE)*VLOOKUP($K41,$V$22:$W$27,2,FALSE),0) -> 3 | U41: =IF($J41="N/A",0,VLOOKUP($F41,'parm(hidden)'!$B$8:$C$10,2,FALSE))*1 -> 3
A42: =ChkList!A26 -> 파일 및 디렉터리 관리 | B42: =ChkList!B26 -> U-22 | C42: =ChkList!C26 -> /etc/services 파일 소유자 및 권한 설정 | F42: =ChkList!D26 -> H | G42: =ChkList!E26 -> 3 | H42: N | I42: 현재 미조치 상태로 취약 /etc/syslog.conf 파일 미존재 | J42: Y | K42: =IF($J42="", "", IF(OR($H42="Y", $H42="N/A",$H42="Y(즉시조치)"), $H42, IF(AND($H42="N", $J42="Y"), "조치", IF(AND($H42="N",$J42="N/A"), "N/A", IF(IFERROR(FIND("위험수용", $L42), 0), "위험수용", "미조치"))))) -> 조치 | L42: /etc/syslog.conf 파일 소유자 및 권한 설정이 되어있는 상태로 양호함 /rsyslog.conf 파일의 권한이 640 | Q42: =IF($J42="",IF(OR($H42="N",$H42="인터뷰"), ChkList!$F25, ""), IF(OR($J42="N",$J42="인터뷰"), ChkList!$F25, "")) | R42: =IF($H42="N/A",0,VLOOKUP($F42,'parm(hidden)'!$B$8:$C$10,2,FALSE))*1 -> 3 | S42: =IFERROR(VLOOKUP($F42,'parm(hidden)'!$B$8:$C$10,2,FALSE)*VLOOKUP($H42,'parm(hidden)'!$B$15:$C$19,2,FALSE),0) -> 0 | T42: =IFERROR(VLOOKUP($F42,'parm(hidden)'!$B$8:$C$10,2,FALSE)*VLOOKUP($K42,$V$22:$W$27,2,FALSE),0) -> 3 | U42: =IF($J42="N/A",0,VLOOKUP($F42,'parm(hidden)'!$B$8:$C$10,2,FALSE))*1 -> 3
A43: =ChkList!A27 -> 파일 및 디렉터리 관리 | B43: =ChkList!B27 -> U-23 | C43: =ChkList!C27 -> SUID, SGID, Sticky bit 설정 파일 점검 | F43: =ChkList!D27 -> H | G43: =ChkList!E27 -> 3 | H43: Y | I43: 현재 설정 완료 상태이므로 양호함 /etc/services 파일의 소유자가 root, 권한 644로 설정 | J43: Y | K43: =IF($J43="", "", IF(OR($H43="Y", $H43="N/A",$H43="Y(즉시조치)"), $H43, IF(AND($H43="N", $J43="Y"), "조치", IF(AND($H43="N",$J43="N/A"), "N/A", IF(IFERROR(FIND("위험수용", $L43), 0), "위험수용", "미조치"))))) -> Y | L43: 현재 설정 완료 상태이므로 양호함 /etc/services 파일의 소유자가 root, 권한 644로 설정 | Q43: =IF($J43="",IF(OR($H43="N",$H43="인터뷰"), ChkList!$F26, ""), IF(OR($J43="N",$J43="인터뷰"), ChkList!$F26, "")) | R43: =IF($H43="N/A",0,VLOOKUP($F43,'parm(hidden)'!$B$8:$C$10,2,FALSE))*1 -> 3 | S43: =IFERROR(VLOOKUP($F43,'parm(hidden)'!$B$8:$C$10,2,FALSE)*VLOOKUP($H43,'parm(hidden)'!$B$15:$C$19,2,FALSE),0) -> 3 | T43: =IFERROR(VLOOKUP($F43,'parm(hidden)'!$B$8:$C$10,2,FALSE)*VLOOKUP($K43,$V$22:$W$27,2,FALSE),0) -> 3 | U43: =IF($J43="N/A",0,VLOOKUP($F43,'parm(hidden)'!$B$8:$C$10,2,FALSE))*1 -> 3
A44: =ChkList!A28 -> 파일 및 디렉터리 관리 | B44: =ChkList!B28 -> U-24 | C44: =ChkList!C28 -> 사용자, 시스템 시작파일 및 환경파일 소유자 및 권한 설정 | F44: =ChkList!D28 -> H | G44: =ChkList!E28 -> 3 | H44: N | I44: 현재 미조치 상태로 취약 주요 실행파일 SUID, SGID 설정 존재 | J44: Y | K44: =IF($J44="", "", IF(OR($H44="Y", $H44="N/A",$H44="Y(즉시조치)"), $H44, IF(AND($H44="N", $J44="Y"), "조치", IF(AND($H44="N",$J44="N/A"), "N/A", IF(IFERROR(FIND("위험수용", $L44), 0), "위험수용", "미조치"))))) -> 조치 | L44: 주요 실행파일에 SUID와 SGID에 대한 설정이 미존재 상태로 양호함 주요 실행파일 SUID, SGID 설정 존재하지 않음 | Q44: =IF($J44="",IF(OR($H44="N",$H44="인터뷰"), ChkList!$F27, ""), IF(OR($J44="N",$J44="인터뷰"), ChkList!$F27, "")) | R44: =IF($H44="N/A",0,VLOOKUP($F44,'parm(hidden)'!$B$8:$C$10,2,FALSE))*1 -> 3 | S44: =IFERROR(VLOOKUP($F44,'parm(hidden)'!$B$8:$C$10,2,FALSE)*VLOOKUP($H44,'parm(hidden)'!$B$15:$C$19,2,FALSE),0) -> 0 | T44: =IFERROR(VLOOKUP($F44,'parm(hidden)'!$B$8:$C$10,2,FALSE)*VLOOKUP($K44,$V$22:$W$27,2,FALSE),0) -> 3 | U44: =IF($J44="N/A",0,VLOOKUP($F44,'parm(hidden)'!$B$8:$C$10,2,FALSE))*1 -> 3
A45: =ChkList!A29 -> 파일 및 디렉터리 관리 | B45: =ChkList!B29 -> U-25 | C45: =ChkList!C29 -> world writable 파일 점검 | F45: =ChkList!D29 -> H | G45: =ChkList!E29 -> 3 | H45: Y | I45: 현재 설정 완료 상태이므로 양호함 각 계정에 따른 홈 디렉터리 소유자가 해당 계정으로 설정 | J45: Y | K45: =IF($J45="", "", IF(OR($H45="Y", $H45="N/A",$H45="Y(즉시조치)"), $H45, IF(AND($H45="N", $J45="Y"), "조치", IF(AND($H45="N",$J45="N/A"), "N/A", IF(IFERROR(FIND("위험수용", $L45), 0), "위험수용", "미조치"))))) -> Y | L45: 현재 설정 완료 상태이므로 양호함 각 계정에 따른 홈 디렉터리 소유자가 해당 계정으로 설정 | Q45: =IF($J45="",IF(OR($H45="N",$H45="인터뷰"), ChkList!$F28, ""), IF(OR($J45="N",$J45="인터뷰"), ChkList!$F28, "")) | R45: =IF($H45="N/A",0,VLOOKUP($F45,'parm(hidden)'!$B$8:$C$10,2,FALSE))*1 -> 3 | S45: =IFERROR(VLOOKUP($F45,'parm(hidden)'!$B$8:$C$10,2,FALSE)*VLOOKUP($H45,'parm(hidden)'!$B$15:$C$19,2,FALSE),0) -> 3 | T45: =IFERROR(VLOOKUP($F45,'parm(hidden)'!$B$8:$C$10,2,FALSE)*VLOOKUP($K45,$V$22:$W$27,2,FALSE),0) -> 3 | U45: =IF($J45="N/A",0,VLOOKUP($F45,'parm(hidden)'!$B$8:$C$10,2,FALSE))*1 -> 3
A46: =ChkList!A30 -> 파일 및 디렉터리 관리 | B46: =ChkList!B30 -> U-26 | C46: =ChkList!C30 -> /dev에 존재하지 않는 device 파일 점검 | F46: =ChkList!D30 -> H | G46: =ChkList!E30 -> 3 | H46: N | I46: 현재 미조치 상태이므로 취약 현재 world writable 파일 존재 | J46: Y | K46: =IF($J46="", "", IF(OR($H46="Y", $H46="N/A",$H46="Y(즉시조치)"), $H46, IF(AND($H46="N", $J46="Y"), "조치", IF(AND($H46="N",$J46="N/A"), "N/A", IF(IFERROR(FIND("위험수용", $L46), 0), "위험수용", "미조치"))))) -> 조치 | L46: 시스템 중요 파일에 world writable 파일이 존재하지 않는 상태로 양호함 시스템 중요 파일에 world writable 파일이 존재하지 않음 | Q46: =IF($J46="",IF(OR($H46="N",$H46="인터뷰"), ChkList!$F29, ""), IF(OR($J46="N",$J46="인터뷰"), ChkList!$F29, "")) | R46: =IF($H46="N/A",0,VLOOKUP($F46,'parm(hidden)'!$B$8:$C$10,2,FALSE))*1 -> 3 | S46: =IFERROR(VLOOKUP($F46,'parm(hidden)'!$B$8:$C$10,2,FALSE)*VLOOKUP($H46,'parm(hidden)'!$B$15:$C$19,2,FALSE),0) -> 0 | T46: =IFERROR(VLOOKUP($F46,'parm(hidden)'!$B$8:$C$10,2,FALSE)*VLOOKUP($K46,$V$22:$W$27,2,FALSE),0) -> 3 | U46: =IF($J46="N/A",0,VLOOKUP($F46,'parm(hidden)'!$B$8:$C$10,2,FALSE))*1 -> 3
A47: =ChkList!A31 -> 파일 및 디렉터리 관리 | B47: =ChkList!B31 -> U-27 | C47: =ChkList!C31 -> $HOME/.rhosts, hosts.equiv 사용 금지 | F47: =ChkList!D31 -> H | G47: =ChkList!E31 -> 3 | H47: N | I47: 현재 미조치 상태이므로 취약 현재 /dev에 존재하지 않는 device 파일 존재 | J47: Y | K47: =IF($J47="", "", IF(OR($H47="Y", $H47="N/A",$H47="Y(즉시조치)"), $H47, IF(AND($H47="N", $J47="Y"), "조치", IF(AND($H47="N",$J47="N/A"), "N/A", IF(IFERROR(FIND("위험수용", $L47), 0), "위험수용", "미조치"))))) -> 조치 | L47: 존재하지 않은 device 파일 없는 상태로 양호함 존재하지 않는 device 파일 없음 | Q47: =IF($J47="",IF(OR($H47="N",$H47="인터뷰"), ChkList!$F30, ""), IF(OR($J47="N",$J47="인터뷰"), ChkList!$F30, "")) | R47: =IF($H47="N/A",0,VLOOKUP($F47,'parm(hidden)'!$B$8:$C$10,2,FALSE))*1 -> 3 | S47: =IFERROR(VLOOKUP($F47,'parm(hidden)'!$B$8:$C$10,2,FALSE)*VLOOKUP($H47,'parm(hidden)'!$B$15:$C$19,2,FALSE),0) -> 0 | T47: =IFERROR(VLOOKUP($F47,'parm(hidden)'!$B$8:$C$10,2,FALSE)*VLOOKUP($K47,$V$22:$W$27,2,FALSE),0) -> 3 | U47: =IF($J47="N/A",0,VLOOKUP($F47,'parm(hidden)'!$B$8:$C$10,2,FALSE))*1 -> 3
A48: =ChkList!A32 -> 파일 및 디렉터리 관리 | B48: =ChkList!B32 -> U-28 | C48: =ChkList!C32 -> 접속 IP 및 포트 제한 | F48: =ChkList!D32 -> H | G48: =ChkList!E32 -> 3 | H48: Y | I48: 현재 설정값 없으므로 양호함 /etc/hosts.equiv 파일 미존재 및 .rhosts 홈 디렉터리 미존재 | J48: Y | K48: =IF($J48="", "", IF(OR($H48="Y", $H48="N/A",$H48="Y(즉시조치)"), $H48, IF(AND($H48="N", $J48="Y"), "조치", IF(AND($H48="N",$J48="N/A"), "N/A", IF(IFERROR(FIND("위험수용", $L48), 0), "위험수용", "미조치"))))) -> Y | L48: 현재 설정값 없으므로 양호함 /etc/hosts.equiv 파일 미존재 및 .rhosts 홈 디렉터리 미존재 | Q48: =IF($J48="",IF(OR($H48="N",$H48="인터뷰"), ChkList!$F31, ""), IF(OR($J48="N",$J48="인터뷰"), ChkList!$F31, "")) | R48: =IF($H48="N/A",0,VLOOKUP($F48,'parm(hidden)'!$B$8:$C$10,2,FALSE))*1 -> 3 | S48: =IFERROR(VLOOKUP($F48,'parm(hidden)'!$B$8:$C$10,2,FALSE)*VLOOKUP($H48,'parm(hidden)'!$B$15:$C$19,2,FALSE),0) -> 3 | T48: =IFERROR(VLOOKUP($F48,'parm(hidden)'!$B$8:$C$10,2,FALSE)*VLOOKUP($K48,$V$22:$W$27,2,FALSE),0) -> 3 | U48: =IF($J48="N/A",0,VLOOKUP($F48,'parm(hidden)'!$B$8:$C$10,2,FALSE))*1 -> 3
A49: =ChkList!A33 -> 파일 및 디렉터리 관리 | B49: =ChkList!B33 -> U-29 | C49: =ChkList!C33 -> hosts.lpd 파일 소유자 및 권한 설정 | F49: =ChkList!D33 -> L | G49: =ChkList!E33 -> 1 | H49: N | I49: 현재 미조치 상태이므로 취약 포트 제한값 없음 | J49: Y | K49: =IF($J49="", "", IF(OR($H49="Y", $H49="N/A",$H49="Y(즉시조치)"), $H49, IF(AND($H49="N", $J49="Y"), "조치", IF(AND($H49="N",$J49="N/A"), "N/A", IF(IFERROR(FIND("위험수용", $L49), 0), "위험수용", "미조치"))))) -> 조치 | L49: 접속 IP 및 포트 제한된 상태로 양호함 firewall에 rich-rule이 적용 | Q49: =IF($J49="",IF(OR($H49="N",$H49="인터뷰"), ChkList!$F32, ""), IF(OR($J49="N",$J49="인터뷰"), ChkList!$F32, "")) | R49: =IF($H49="N/A",0,VLOOKUP($F49,'parm(hidden)'!$B$8:$C$10,2,FALSE))*1 -> 1 | S49: =IFERROR(VLOOKUP($F49,'parm(hidden)'!$B$8:$C$10,2,FALSE)*VLOOKUP($H49,'parm(hidden)'!$B$15:$C$19,2,FALSE),0) -> 0 | T49: =IFERROR(VLOOKUP($F49,'parm(hidden)'!$B$8:$C$10,2,FALSE)*VLOOKUP($K49,$V$22:$W$27,2,FALSE),0) -> 1 | U49: =IF($J49="N/A",0,VLOOKUP($F49,'parm(hidden)'!$B$8:$C$10,2,FALSE))*1 -> 1
A50: =ChkList!A34 -> 파일 및 디렉터리 관리 | B50: =ChkList!B34 -> U-30 | C50: =ChkList!C34 -> UMASK 설정 관리 | F50: =ChkList!D34 -> M | G50: =ChkList!E34 -> 2 | H50: Y | I50: 현재 설정 완료 상태이므로 양호함 hosts.lpd 파일 미존재 | J50: Y | K50: =IF($J50="", "", IF(OR($H50="Y", $H50="N/A",$H50="Y(즉시조치)"), $H50, IF(AND($H50="N", $J50="Y"), "조치", IF(AND($H50="N",$J50="N/A"), "N/A", IF(IFERROR(FIND("위험수용", $L50), 0), "위험수용", "미조치"))))) -> Y | L50: 현재 설정 완료 상태이므로 양호함 hosts.lpd 파일 미존재 | Q50: =IF($J50="",IF(OR($H50="N",$H50="인터뷰"), ChkList!$F33, ""), IF(OR($J50="N",$J50="인터뷰"), ChkList!$F33, "")) | R50: =IF($H50="N/A",0,VLOOKUP($F50,'parm(hidden)'!$B$8:$C$10,2,FALSE))*1 -> 2 | S50: =IFERROR(VLOOKUP($F50,'parm(hidden)'!$B$8:$C$10,2,FALSE)*VLOOKUP($H50,'parm(hidden)'!$B$15:$C$19,2,FALSE),0) -> 2 | T50: =IFERROR(VLOOKUP($F50,'parm(hidden)'!$B$8:$C$10,2,FALSE)*VLOOKUP($K50,$V$22:$W$27,2,FALSE),0) -> 2 | U50: =IF($J50="N/A",0,VLOOKUP($F50,'parm(hidden)'!$B$8:$C$10,2,FALSE))*1 -> 2
A51: =ChkList!A35 -> 파일 및 디렉터리 관리 | B51: =ChkList!B35 -> U-31 | C51: =ChkList!C35 -> 홈 디렉터리 소유자 및 권한 설정 | F51: =ChkList!D35 -> M | G51: =ChkList!E35 -> 2 | H51: Y | I51: 현재 설정 완료 상태이므로 양호함 UMASK 값 022로 설정 | J51: Y | K51: =IF($J51="", "", IF(OR($H51="Y", $H51="N/A",$H51="Y(즉시조치)"), $H51, IF(AND($H51="N", $J51="Y"), "조치", IF(AND($H51="N",$J51="N/A"), "N/A", IF(IFERROR(FIND("위험수용", $L51), 0), "위험수용", "미조치"))))) -> Y | L51: 현재 설정 완료 상태이므로 양호함 UMASK 값 022로 설정 | Q51: =IF($J51="",IF(OR($H51="N",$H51="인터뷰"), ChkList!$F34, ""), IF(OR($J51="N",$J51="인터뷰"), ChkList!$F34, "")) | R51: =IF($H51="N/A",0,VLOOKUP($F51,'parm(hidden)'!$B$8:$C$10,2,FALSE))*1 -> 2 | S51: =IFERROR(VLOOKUP($F51,'parm(hidden)'!$B$8:$C$10,2,FALSE)*VLOOKUP($H51,'parm(hidden)'!$B$15:$C$19,2,FALSE),0) -> 2 | T51: =IFERROR(VLOOKUP($F51,'parm(hidden)'!$B$8:$C$10,2,FALSE)*VLOOKUP($K51,$V$22:$W$27,2,FALSE),0) -> 2 | U51: =IF($J51="N/A",0,VLOOKUP($F51,'parm(hidden)'!$B$8:$C$10,2,FALSE))*1 -> 2
A52: =ChkList!A36 -> 파일 및 디렉터리 관리 | B52: =ChkList!B36 -> U-32 | C52: =ChkList!C36 -> 홈 디렉터리로 지정한 디렉터리의 존재 관리 | F52: =ChkList!D36 -> M | G52: =ChkList!E36 -> 2 | H52: Y | I52: 현재 설정 완료 상태이므로 양호함 각 계정에 따른 홈 디렉터리 소유자가 해당 계정으로 설정 | J52: Y | K52: =IF($J52="", "", IF(OR($H52="Y", $H52="N/A",$H52="Y(즉시조치)"), $H52, IF(AND($H52="N", $J52="Y"), "조치", IF(AND($H52="N",$J52="N/A"), "N/A", IF(IFERROR(FIND("위험수용", $L52), 0), "위험수용", "미조치"))))) -> Y | L52: 현재 설정 완료 상태이므로 양호함 각 계정에 따른 홈 디렉터리 소유자가 해당 계정으로 설정 | Q52: =IF($J52="",IF(OR($H52="N",$H52="인터뷰"), ChkList!#REF!, ""), IF(OR($J52="N",$J52="인터뷰"), ChkList!#REF!, "")) | R52: =IF($H52="N/A",0,VLOOKUP($F52,'parm(hidden)'!$B$8:$C$10,2,FALSE))*1 -> 2 | S52: =IFERROR(VLOOKUP($F52,'parm(hidden)'!$B$8:$C$10,2,FALSE)*VLOOKUP($H52,'parm(hidden)'!$B$15:$C$19,2,FALSE),0) -> 2 | T52: =IFERROR(VLOOKUP($F52,'parm(hidden)'!$B$8:$C$10,2,FALSE)*VLOOKUP($K52,$V$22:$W$27,2,FALSE),0) -> 2 | U52: =IF($J52="N/A",0,VLOOKUP($F52,'parm(hidden)'!$B$8:$C$10,2,FALSE))*1 -> 2
A53: =ChkList!A37 -> 파일 및 디렉터리 관리 | B53: =ChkList!B37 -> U-33 | C53: =ChkList!C37 -> 숨겨진 파일 및 디렉터리 검색 및 제거 | F53: =ChkList!D37 -> L | G53: =ChkList!E37 -> 1 | H53: Y | I53: 현재 설정 완료 상태이므로 양호함 홈 디렉터리가 존재하는 계정 미존재 | J53: Y | K53: =IF($J53="", "", IF(OR($H53="Y", $H53="N/A",$H53="Y(즉시조치)"), $H53, IF(AND($H53="N", $J53="Y"), "조치", IF(AND($H53="N",$J53="N/A"), "N/A", IF(IFERROR(FIND("위험수용", $L53), 0), "위험수용", "미조치"))))) -> Y | L53: 현재 설정 완료 상태이므로 양호함 홈 디렉터리가 존재하는 계정 미존재 | Q53: =IF($J53="",IF(OR($H53="N",$H53="인터뷰"), ChkList!$F35, ""), IF(OR($J53="N",$J53="인터뷰"), ChkList!$F35, "")) | R53: =IF($H53="N/A",0,VLOOKUP($F53,'parm(hidden)'!$B$8:$C$10,2,FALSE))*1 -> 1 | S53: =IFERROR(VLOOKUP($F53,'parm(hidden)'!$B$8:$C$10,2,FALSE)*VLOOKUP($H53,'parm(hidden)'!$B$15:$C$19,2,FALSE),0) -> 1 | T53: =IFERROR(VLOOKUP($F53,'parm(hidden)'!$B$8:$C$10,2,FALSE)*VLOOKUP($K53,$V$22:$W$27,2,FALSE),0) -> 1 | U53: =IF($J53="N/A",0,VLOOKUP($F53,'parm(hidden)'!$B$8:$C$10,2,FALSE))*1 -> 1
A54: =ChkList!A38 -> 서비스 관리 | B54: =ChkList!B38 -> U-34 | C54: =ChkList!C38 -> Finger 서비스 비활성화 | F54: =ChkList!D38 -> H | G54: =ChkList!E38 -> 3 | H54: 인터뷰 | I54: 인터뷰 | J54: 인터뷰 | L54: 즉시 처리 불가로 N/A 처리 | Q54: =IF($J54="",IF(OR($H54="N",$H54="인터뷰"), ChkList!$F36, ""), IF(OR($J54="N",$J54="인터뷰"), ChkList!$F36, "")) -> 홈 디렉터리가 존재하지 않는 계정은 홈 디렉터리를 생성하거나 불필요한 계정은 삭제 | R54: =IF($H54="N/A",0,VLOOKUP($F54,'parm(hidden)'!$B$8:$C$10,2,FALSE))*1 -> 3 | S54: =IFERROR(VLOOKUP($F54,'parm(hidden)'!$B$8:$C$10,2,FALSE)*VLOOKUP($H54,'parm(hidden)'!$B$15:$C$19,2,FALSE),0) -> 0 | T54: =IFERROR(VLOOKUP($F54,'parm(hidden)'!$B$8:$C$10,2,FALSE)*VLOOKUP($K54,$V$22:$W$27,2,FALSE),0) -> 0 | U54: =IF($J54="N/A",0,VLOOKUP($F54,'parm(hidden)'!$B$8:$C$10,2,FALSE))*1 -> 3
A55: =ChkList!A39 -> 서비스 관리 | B55: =ChkList!B39 -> U-35 | C55: =ChkList!C39 -> 공유 서비스에 대한 익명 접근 제한 설정 | F55: =ChkList!D39 -> H | G55: =ChkList!E39 -> 3 | H55: Y | I55: Finger 서비스 미사용으로 양호함 Finger 서비스 비활성화 | J55: Y | K55: =IF($J55="", "", IF(OR($H55="Y", $H55="N/A",$H55="Y(즉시조치)"), $H55, IF(AND($H55="N", $J55="Y"), "조치", IF(AND($H55="N",$J55="N/A"), "N/A", IF(IFERROR(FIND("위험수용", $L55), 0), "위험수용", "미조치"))))) -> Y | L55: Finger 서비스 미사용으로 양호함 Finger 서비스 비활성화 | Q55: =IF($J55="",IF(OR($H55="N",$H55="인터뷰"), ChkList!$F37, ""), IF(OR($J55="N",$J55="인터뷰"), ChkList!$F37, "")) | R55: =IF($H55="N/A",0,VLOOKUP($F55,'parm(hidden)'!$B$8:$C$10,2,FALSE))*1 -> 3 | S55: =IFERROR(VLOOKUP($F55,'parm(hidden)'!$B$8:$C$10,2,FALSE)*VLOOKUP($H55,'parm(hidden)'!$B$15:$C$19,2,FALSE),0) -> 3 | T55: =IFERROR(VLOOKUP($F55,'parm(hidden)'!$B$8:$C$10,2,FALSE)*VLOOKUP($K55,$V$22:$W$27,2,FALSE),0) -> 3 | U55: =IF($J55="N/A",0,VLOOKUP($F55,'parm(hidden)'!$B$8:$C$10,2,FALSE))*1 -> 3
A56: =ChkList!A40 -> 서비스 관리 | B56: =ChkList!B40 -> U-36 | C56: =ChkList!C40 -> r 계열 서비스 비활성화 | F56: =ChkList!D40 -> H | G56: =ChkList!E40 -> 3 | H56: Y | I56: 현재 설정 완료 상태이므로 양호함 /etc/passwd 파일 내 ftp 계정 미존재 | J56: Y | K56: =IF($J56="", "", IF(OR($H56="Y", $H56="N/A",$H56="Y(즉시조치)"), $H56, IF(AND($H56="N", $J56="Y"), "조치", IF(AND($H56="N",$J56="N/A"), "N/A", IF(IFERROR(FIND("위험수용", $L56), 0), "위험수용", "미조치"))))) -> Y | L56: 현재 설정 완료 상태이므로 양호함 /etc/passwd 파일 내 ftp 계정 미존재 | Q56: =IF($J56="",IF(OR($H56="N",$H56="인터뷰"), ChkList!$F38, ""), IF(OR($J56="N",$J56="인터뷰"), ChkList!$F38, "")) | R56: =IF($H56="N/A",0,VLOOKUP($F56,'parm(hidden)'!$B$8:$C$10,2,FALSE))*1 -> 3 | S56: =IFERROR(VLOOKUP($F56,'parm(hidden)'!$B$8:$C$10,2,FALSE)*VLOOKUP($H56,'parm(hidden)'!$B$15:$C$19,2,FALSE),0) -> 3 | T56: =IFERROR(VLOOKUP($F56,'parm(hidden)'!$B$8:$C$10,2,FALSE)*VLOOKUP($K56,$V$22:$W$27,2,FALSE),0) -> 3 | U56: =IF($J56="N/A",0,VLOOKUP($F56,'parm(hidden)'!$B$8:$C$10,2,FALSE))*1 -> 3
A57: =ChkList!A41 -> 서비스 관리 | B57: =ChkList!B41 -> U-37 | C57: =ChkList!C41 -> crontab 설정파일 권한 설정 미흡 | F57: =ChkList!D41 -> H | G57: =ChkList!E41 -> 3 | H57: Y | I57: r 계열 서비스 미사용으로 양호함 r 계열 서비스 미설치 | J57: Y | K57: =IF($J57="", "", IF(OR($H57="Y", $H57="N/A",$H57="Y(즉시조치)"), $H57, IF(AND($H57="N", $J57="Y"), "조치", IF(AND($H57="N",$J57="N/A"), "N/A", IF(IFERROR(FIND("위험수용", $L57), 0), "위험수용", "미조치"))))) -> Y | L57: r 계열 서비스 미사용으로 양호함 r 계열 서비스 미설치 | Q57: =IF($J57="",IF(OR($H57="N",$H57="인터뷰"), ChkList!$F39, ""), IF(OR($J57="N",$J57="인터뷰"), ChkList!$F39, "")) | R57: =IF($H57="N/A",0,VLOOKUP($F57,'parm(hidden)'!$B$8:$C$10,2,FALSE))*1 -> 3 | S57: =IFERROR(VLOOKUP($F57,'parm(hidden)'!$B$8:$C$10,2,FALSE)*VLOOKUP($H57,'parm(hidden)'!$B$15:$C$19,2,FALSE),0) -> 3 | T57: =IFERROR(VLOOKUP($F57,'parm(hidden)'!$B$8:$C$10,2,FALSE)*VLOOKUP($K57,$V$22:$W$27,2,FALSE),0) -> 3 | U57: =IF($J57="N/A",0,VLOOKUP($F57,'parm(hidden)'!$B$8:$C$10,2,FALSE))*1 -> 3
A58: =ChkList!A42 -> 서비스 관리 | B58: =ChkList!B42 -> U-38 | C58: =ChkList!C42 -> DoS 공격에 취약한 서비스 비활성화 | F58: =ChkList!D42 -> H | G58: =ChkList!E42 -> 3 | H58: N | I58: 현재 미조치 상태이므로 취약 /usr/bin/crontab 파일 권한 644로 설정 | J58: Y | K58: =IF($J58="", "", IF(OR($H58="Y", $H58="N/A",$H58="Y(즉시조치)"), $H58, IF(AND($H58="N", $J58="Y"), "조치", IF(AND($H58="N",$J58="N/A"), "N/A", IF(IFERROR(FIND("위험수용", $L58), 0), "위험수용", "미조치"))))) -> 조치 | L58: cron 파일 소유자 및 권한설정이 된 상태로 양호함 cron 관련 파일 소유자가 root 권한이 640 이하 | Q58: =IF($J58="",IF(OR($H58="N",$H58="인터뷰"), ChkList!$F40, ""), IF(OR($J58="N",$J58="인터뷰"), ChkList!$F40, "")) | R58: =IF($H58="N/A",0,VLOOKUP($F58,'parm(hidden)'!$B$8:$C$10,2,FALSE))*1 -> 3 | S58: =IFERROR(VLOOKUP($F58,'parm(hidden)'!$B$8:$C$10,2,FALSE)*VLOOKUP($H58,'parm(hidden)'!$B$15:$C$19,2,FALSE),0) -> 0 | T58: =IFERROR(VLOOKUP($F58,'parm(hidden)'!$B$8:$C$10,2,FALSE)*VLOOKUP($K58,$V$22:$W$27,2,FALSE),0) -> 3 | U58: =IF($J58="N/A",0,VLOOKUP($F58,'parm(hidden)'!$B$8:$C$10,2,FALSE))*1 -> 3
A59: =ChkList!A43 -> 서비스 관리 | B59: =ChkList!B43 -> U-39 | C59: =ChkList!C43 -> 불필요한 NFS 서비스 비활성화 | F59: =ChkList!D43 -> H | G59: =ChkList!E43 -> 3 | H59: Y | I59: 현재 설정 완료 상태이므로 양호함 DoS 공격에 취약한 서지스 미설치 | J59: Y | K59: =IF($J59="", "", IF(OR($H59="Y", $H59="N/A",$H59="Y(즉시조치)"), $H59, IF(AND($H59="N", $J59="Y"), "조치", IF(AND($H59="N",$J59="N/A"), "N/A", IF(IFERROR(FIND("위험수용", $L59), 0), "위험수용", "미조치"))))) -> Y | L59: 현재 설정 완료 상태이므로 양호함 DoS 공격에 취약한 서지스 미설치 | Q59: =IF($J59="",IF(OR($H59="N",$H59="인터뷰"), ChkList!$F41, ""), IF(OR($J59="N",$J59="인터뷰"), ChkList!$F41, "")) | R59: =IF($H59="N/A",0,VLOOKUP($F59,'parm(hidden)'!$B$8:$C$10,2,FALSE))*1 -> 3 | S59: =IFERROR(VLOOKUP($F59,'parm(hidden)'!$B$8:$C$10,2,FALSE)*VLOOKUP($H59,'parm(hidden)'!$B$15:$C$19,2,FALSE),0) -> 3 | T59: =IFERROR(VLOOKUP($F59,'parm(hidden)'!$B$8:$C$10,2,FALSE)*VLOOKUP($K59,$V$22:$W$27,2,FALSE),0) -> 3 | U59: =IF($J59="N/A",0,VLOOKUP($F59,'parm(hidden)'!$B$8:$C$10,2,FALSE))*1 -> 3
A60: =ChkList!A44 -> 서비스 관리 | B60: =ChkList!B44 -> U-40 | C60: =ChkList!C44 -> NFS 접근 통제 | F60: =ChkList!D44 -> H | G60: =ChkList!E44 -> 3 | H60: Y | I60: NFS 서비스 미사용으로 양호함 NFS 관련 서비스 미설치 | J60: Y | K60: =IF($J60="", "", IF(OR($H60="Y", $H60="N/A",$H60="Y(즉시조치)"), $H60, IF(AND($H60="N", $J60="Y"), "조치", IF(AND($H60="N",$J60="N/A"), "N/A", IF(IFERROR(FIND("위험수용", $L60), 0), "위험수용", "미조치"))))) -> Y | L60: NFS 서비스 미사용으로 양호함 NFS 관련 서비스 미설치 | Q60: =IF($J60="",IF(OR($H60="N",$H60="인터뷰"), ChkList!$F42, ""), IF(OR($J60="N",$J60="인터뷰"), ChkList!$F42, "")) | R60: =IF($H60="N/A",0,VLOOKUP($F60,'parm(hidden)'!$B$8:$C$10,2,FALSE))*1 -> 3 | S60: =IFERROR(VLOOKUP($F60,'parm(hidden)'!$B$8:$C$10,2,FALSE)*VLOOKUP($H60,'parm(hidden)'!$B$15:$C$19,2,FALSE),0) -> 3 | T60: =IFERROR(VLOOKUP($F60,'parm(hidden)'!$B$8:$C$10,2,FALSE)*VLOOKUP($K60,$V$22:$W$27,2,FALSE),0) -> 3 | U60: =IF($J60="N/A",0,VLOOKUP($F60,'parm(hidden)'!$B$8:$C$10,2,FALSE))*1 -> 3
A61: =ChkList!A45 -> 서비스 관리 | B61: =ChkList!B45 -> U-41 | C61: =ChkList!C45 -> 불필요한 automountd 제거 | F61: =ChkList!D45 -> H | G61: =ChkList!E45 -> 3 | H61: Y | I61: NFS 서비스 미사용으로 양호함 NFS 관련 서비스 미설치 | J61: Y | K61: =IF($J61="", "", IF(OR($H61="Y", $H61="N/A",$H61="Y(즉시조치)"), $H61, IF(AND($H61="N", $J61="Y"), "조치", IF(AND($H61="N",$J61="N/A"), "N/A", IF(IFERROR(FIND("위험수용", $L61), 0), "위험수용", "미조치"))))) -> Y | L61: NFS 서비스 미사용으로 양호함 NFS 관련 서비스 미설치 | Q61: =IF($J61="",IF(OR($H61="N",$H61="인터뷰"), ChkList!$F43, ""), IF(OR($J61="N",$J61="인터뷰"), ChkList!$F43, "")) | R61: =IF($H61="N/A",0,VLOOKUP($F61,'parm(hidden)'!$B$8:$C$10,2,FALSE))*1 -> 3 | S61: =IFERROR(VLOOKUP($F61,'parm(hidden)'!$B$8:$C$10,2,FALSE)*VLOOKUP($H61,'parm(hidden)'!$B$15:$C$19,2,FALSE),0) -> 3 | T61: =IFERROR(VLOOKUP($F61,'parm(hidden)'!$B$8:$C$10,2,FALSE)*VLOOKUP($K61,$V$22:$W$27,2,FALSE),0) -> 3 | U61: =IF($J61="N/A",0,VLOOKUP($F61,'parm(hidden)'!$B$8:$C$10,2,FALSE))*1 -> 3
A62: =ChkList!A46 -> 서비스 관리 | B62: =ChkList!B46 -> U-42 | C62: =ChkList!C46 -> 불필요한 RPC 서비스 비활성화 | F62: =ChkList!D46 -> H | G62: =ChkList!E46 -> 3 | H62: Y | I62: automountd 서비스 미사용으로 양호함 automountd 서비스 미설치 | J62: Y | K62: =IF($J62="", "", IF(OR($H62="Y", $H62="N/A",$H62="Y(즉시조치)"), $H62, IF(AND($H62="N", $J62="Y"), "조치", IF(AND($H62="N",$J62="N/A"), "N/A", IF(IFERROR(FIND("위험수용", $L62), 0), "위험수용", "미조치"))))) -> Y | L62: automountd 서비스 미사용으로 양호함 automountd 서비스 미설치 | Q62: =IF($J62="",IF(OR($H62="N",$H62="인터뷰"), ChkList!$F44, ""), IF(OR($J62="N",$J62="인터뷰"), ChkList!$F44, "")) | R62: =IF($H62="N/A",0,VLOOKUP($F62,'parm(hidden)'!$B$8:$C$10,2,FALSE))*1 -> 3 | S62: =IFERROR(VLOOKUP($F62,'parm(hidden)'!$B$8:$C$10,2,FALSE)*VLOOKUP($H62,'parm(hidden)'!$B$15:$C$19,2,FALSE),0) -> 3 | T62: =IFERROR(VLOOKUP($F62,'parm(hidden)'!$B$8:$C$10,2,FALSE)*VLOOKUP($K62,$V$22:$W$27,2,FALSE),0) -> 3 | U62: =IF($J62="N/A",0,VLOOKUP($F62,'parm(hidden)'!$B$8:$C$10,2,FALSE))*1 -> 3
A63: =ChkList!A47 -> 서비스 관리 | B63: =ChkList!B47 -> U-43 | C63: =ChkList!C47 -> NIS, NIS+ 점검 | F63: =ChkList!D47 -> H | G63: =ChkList!E47 -> 3 | H63: Y | I63: RPC 서비스 미사용으로 양호함 RPC 서비스 미설치 | J63: Y | K63: =IF($J63="", "", IF(OR($H63="Y", $H63="N/A",$H63="Y(즉시조치)"), $H63, IF(AND($H63="N", $J63="Y"), "조치", IF(AND($H63="N",$J63="N/A"), "N/A", IF(IFERROR(FIND("위험수용", $L63), 0), "위험수용", "미조치"))))) -> Y | L63: RPC 서비스 미사용으로 양호함 RPC 서비스 미설치 | Q63: =IF($J63="",IF(OR($H63="N",$H63="인터뷰"), ChkList!#REF!, ""), IF(OR($J63="N",$J63="인터뷰"), ChkList!#REF!, "")) | R63: =IF($H63="N/A",0,VLOOKUP($F63,'parm(hidden)'!$B$8:$C$10,2,FALSE))*1 -> 3 | S63: =IFERROR(VLOOKUP($F63,'parm(hidden)'!$B$8:$C$10,2,FALSE)*VLOOKUP($H63,'parm(hidden)'!$B$15:$C$19,2,FALSE),0) -> 3 | T63: =IFERROR(VLOOKUP($F63,'parm(hidden)'!$B$8:$C$10,2,FALSE)*VLOOKUP($K63,$V$22:$W$27,2,FALSE),0) -> 3 | U63: =IF($J63="N/A",0,VLOOKUP($F63,'parm(hidden)'!$B$8:$C$10,2,FALSE))*1 -> 3
A64: =ChkList!A48 -> 서비스 관리 | B64: =ChkList!B48 -> U-44 | C64: =ChkList!C48 -> tftp, talk 서비스 비활성화 | F64: =ChkList!D48 -> H | G64: =ChkList!E48 -> 3 | H64: Y | I64: NIS 서비스 미사용으로 양호함 NIS 서비스 미설치 | J64: Y | K64: =IF($J64="", "", IF(OR($H64="Y", $H64="N/A",$H64="Y(즉시조치)"), $H64, IF(AND($H64="N", $J64="Y"), "조치", IF(AND($H64="N",$J64="N/A"), "N/A", IF(IFERROR(FIND("위험수용", $L64), 0), "위험수용", "미조치"))))) -> Y | L64: NIS 서비스 미사용으로 양호함 NIS 서비스 미설치 | Q64: =IF($J64="",IF(OR($H64="N",$H64="인터뷰"), ChkList!$F45, ""), IF(OR($J64="N",$J64="인터뷰"), ChkList!$F45, "")) | R64: =IF($H64="N/A",0,VLOOKUP($F64,'parm(hidden)'!$B$8:$C$10,2,FALSE))*1 -> 3 | S64: =IFERROR(VLOOKUP($F64,'parm(hidden)'!$B$8:$C$10,2,FALSE)*VLOOKUP($H64,'parm(hidden)'!$B$15:$C$19,2,FALSE),0) -> 3 | T64: =IFERROR(VLOOKUP($F64,'parm(hidden)'!$B$8:$C$10,2,FALSE)*VLOOKUP($K64,$V$22:$W$27,2,FALSE),0) -> 3 | U64: =IF($J64="N/A",0,VLOOKUP($F64,'parm(hidden)'!$B$8:$C$10,2,FALSE))*1 -> 3
A65: =ChkList!A49 -> 서비스 관리 | B65: =ChkList!B49 -> U-45 | C65: =ChkList!C49 -> 메일 서비스 버전 점검 | F65: =ChkList!D49 -> H | G65: =ChkList!E49 -> 3 | H65: Y | I65: 현재 설정 완료 상태이므로 양호함 tftp, talk, ntalk 서비스 비활성화 | J65: Y | K65: =IF($J65="", "", IF(OR($H65="Y", $H65="N/A",$H65="Y(즉시조치)"), $H65, IF(AND($H65="N", $J65="Y"), "조치", IF(AND($H65="N",$J65="N/A"), "N/A", IF(IFERROR(FIND("위험수용", $L65), 0), "위험수용", "미조치"))))) -> Y | L65: 현재 설정 완료 상태이므로 양호함 tftp, talk, ntalk 서비스 비활성화 | Q65: =IF($J65="",IF(OR($H65="N",$H65="인터뷰"), ChkList!$F46, ""), IF(OR($J65="N",$J65="인터뷰"), ChkList!$F46, "")) | R65: =IF($H65="N/A",0,VLOOKUP($F65,'parm(hidden)'!$B$8:$C$10,2,FALSE))*1 -> 3 | S65: =IFERROR(VLOOKUP($F65,'parm(hidden)'!$B$8:$C$10,2,FALSE)*VLOOKUP($H65,'parm(hidden)'!$B$15:$C$19,2,FALSE),0) -> 3 | T65: =IFERROR(VLOOKUP($F65,'parm(hidden)'!$B$8:$C$10,2,FALSE)*VLOOKUP($K65,$V$22:$W$27,2,FALSE),0) -> 3 | U65: =IF($J65="N/A",0,VLOOKUP($F65,'parm(hidden)'!$B$8:$C$10,2,FALSE))*1 -> 3
A66: =ChkList!A50 -> 서비스 관리 | B66: =ChkList!B50 -> U-46 | C66: =ChkList!C50 -> 일반 사용자의 메일 서비스 실행 방지 | F66: =ChkList!D50 -> H | G66: =ChkList!E50 -> 3 | H66: Y | I66: Sendmail 서비스 존재하지 않는 상태로 양호함 Sendmail 서비스 미존재 | J66: Y | K66: =IF($J66="", "", IF(OR($H66="Y", $H66="N/A",$H66="Y(즉시조치)"), $H66, IF(AND($H66="N", $J66="Y"), "조치", IF(AND($H66="N",$J66="N/A"), "N/A", IF(IFERROR(FIND("위험수용", $L66), 0), "위험수용", "미조치"))))) -> Y | L66: Sendmail 서비스 존재하지 않는 상태로 양호함 Sendmail 서비스 미존재 | Q66: =IF($J66="",IF(OR($H66="N",$H66="인터뷰"), ChkList!$F47, ""), IF(OR($J66="N",$J66="인터뷰"), ChkList!$F47, "")) | R66: =IF($H66="N/A",0,VLOOKUP($F66,'parm(hidden)'!$B$8:$C$10,2,FALSE))*1 -> 3 | S66: =IFERROR(VLOOKUP($F66,'parm(hidden)'!$B$8:$C$10,2,FALSE)*VLOOKUP($H66,'parm(hidden)'!$B$15:$C$19,2,FALSE),0) -> 3 | T66: =IFERROR(VLOOKUP($F66,'parm(hidden)'!$B$8:$C$10,2,FALSE)*VLOOKUP($K66,$V$22:$W$27,2,FALSE),0) -> 3 | U66: =IF($J66="N/A",0,VLOOKUP($F66,'parm(hidden)'!$B$8:$C$10,2,FALSE))*1 -> 3
A67: =ChkList!A51 -> 서비스 관리 | B67: =ChkList!B51 -> U-47 | C67: =ChkList!C51 -> 스팸 메일 릴레이 제한 | F67: =ChkList!D51 -> H | G67: =ChkList!E51 -> 3 | H67: Y | I67: SMTP 서비스 미사용으로 양호함 SMTP 서비스 미설치 | J67: Y | K67: =IF($J67="", "", IF(OR($H67="Y", $H67="N/A",$H67="Y(즉시조치)"), $H67, IF(AND($H67="N", $J67="Y"), "조치", IF(AND($H67="N",$J67="N/A"), "N/A", IF(IFERROR(FIND("위험수용", $L67), 0), "위험수용", "미조치"))))) -> Y | L67: SMTP 서비스 미사용으로 양호함 SMTP 서비스 미설치 | Q67: =IF($J67="",IF(OR($H67="N",$H67="인터뷰"), ChkList!$F48, ""), IF(OR($J67="N",$J67="인터뷰"), ChkList!$F48, "")) | R67: =IF($H67="N/A",0,VLOOKUP($F67,'parm(hidden)'!$B$8:$C$10,2,FALSE))*1 -> 3 | S67: =IFERROR(VLOOKUP($F67,'parm(hidden)'!$B$8:$C$10,2,FALSE)*VLOOKUP($H67,'parm(hidden)'!$B$15:$C$19,2,FALSE),0) -> 3 | T67: =IFERROR(VLOOKUP($F67,'parm(hidden)'!$B$8:$C$10,2,FALSE)*VLOOKUP($K67,$V$22:$W$27,2,FALSE),0) -> 3 | U67: =IF($J67="N/A",0,VLOOKUP($F67,'parm(hidden)'!$B$8:$C$10,2,FALSE))*1 -> 3
A68: =ChkList!A52 -> 서비스 관리 | B68: =ChkList!B52 -> U-48 | C68: =ChkList!C52 -> expn, vrfy 명령어 제한 | F68: =ChkList!D52 -> M | G68: =ChkList!E52 -> 2 | H68: Y | I68: SMTP 서비스 미사용으로 양호함 SMTP 서비스 미설치 | J68: Y | K68: =IF($J68="", "", IF(OR($H68="Y", $H68="N/A",$H68="Y(즉시조치)"), $H68, IF(AND($H68="N", $J68="Y"), "조치", IF(AND($H68="N",$J68="N/A"), "N/A", IF(IFERROR(FIND("위험수용", $L68), 0), "위험수용", "미조치"))))) -> Y | L68: SMTP 서비스 미사용으로 양호함 SMTP 서비스 미설치 | Q68: =IF($J68="",IF(OR($H68="N",$H68="인터뷰"), ChkList!$F49, ""), IF(OR($J68="N",$J68="인터뷰"), ChkList!$F49, "")) | R68: =IF($H68="N/A",0,VLOOKUP($F68,'parm(hidden)'!$B$8:$C$10,2,FALSE))*1 -> 2 | S68: =IFERROR(VLOOKUP($F68,'parm(hidden)'!$B$8:$C$10,2,FALSE)*VLOOKUP($H68,'parm(hidden)'!$B$15:$C$19,2,FALSE),0) -> 2 | T68: =IFERROR(VLOOKUP($F68,'parm(hidden)'!$B$8:$C$10,2,FALSE)*VLOOKUP($K68,$V$22:$W$27,2,FALSE),0) -> 2 | U68: =IF($J68="N/A",0,VLOOKUP($F68,'parm(hidden)'!$B$8:$C$10,2,FALSE))*1 -> 2
A69: =ChkList!A53 -> 서비스 관리 | B69: =ChkList!B53 -> U-49 | C69: =ChkList!C53 -> DNS 보안 버전 패치 | F69: =ChkList!D53 -> H | G69: =ChkList!E53 -> 3 | H69: Y | I69: DNS 서비스 미사용으로 양호함 DNS 서비스 미설치 | J69: Y | K69: =IF($J69="", "", IF(OR($H69="Y", $H69="N/A",$H69="Y(즉시조치)"), $H69, IF(AND($H69="N", $J69="Y"), "조치", IF(AND($H69="N",$J69="N/A"), "N/A", IF(IFERROR(FIND("위험수용", $L69), 0), "위험수용", "미조치"))))) -> Y | L69: DNS 서비스 미사용으로 양호함 DNS 서비스 미설치 | Q69: =IF($J69="",IF(OR($H69="N",$H69="인터뷰"), ChkList!$F50, ""), IF(OR($J69="N",$J69="인터뷰"), ChkList!$F50, "")) | R69: =IF($H69="N/A",0,VLOOKUP($F69,'parm(hidden)'!$B$8:$C$10,2,FALSE))*1 -> 3 | S69: =IFERROR(VLOOKUP($F69,'parm(hidden)'!$B$8:$C$10,2,FALSE)*VLOOKUP($H69,'parm(hidden)'!$B$15:$C$19,2,FALSE),0) -> 3 | T69: =IFERROR(VLOOKUP($F69,'parm(hidden)'!$B$8:$C$10,2,FALSE)*VLOOKUP($K69,$V$22:$W$27,2,FALSE),0) -> 3 | U69: =IF($J69="N/A",0,VLOOKUP($F69,'parm(hidden)'!$B$8:$C$10,2,FALSE))*1 -> 3
A70: =ChkList!A54 -> 서비스 관리 | B70: =ChkList!B54 -> U-50 | C70: =ChkList!C54 -> DNS Zone Transfer 설정 | F70: =ChkList!D54 -> H | G70: =ChkList!E54 -> 3 | H70: Y | I70: 현재 설정 완료 상태이므로 양호함 named 프로세스가 실행 중이지 않음 | J70: Y | K70: =IF($J70="", "", IF(OR($H70="Y", $H70="N/A",$H70="Y(즉시조치)"), $H70, IF(AND($H70="N", $J70="Y"), "조치", IF(AND($H70="N",$J70="N/A"), "N/A", IF(IFERROR(FIND("위험수용", $L70), 0), "위험수용", "미조치"))))) -> Y | L70: 현재 설정 완료 상태이므로 양호함 named 프로세스가 실행 중이지 않음 | Q70: =IF($J70="",IF(OR($H70="N",$H70="인터뷰"), ChkList!$F51, ""), IF(OR($J70="N",$J70="인터뷰"), ChkList!$F51, "")) | R70: =IF($H70="N/A",0,VLOOKUP($F70,'parm(hidden)'!$B$8:$C$10,2,FALSE))*1 -> 3 | S70: =IFERROR(VLOOKUP($F70,'parm(hidden)'!$B$8:$C$10,2,FALSE)*VLOOKUP($H70,'parm(hidden)'!$B$15:$C$19,2,FALSE),0) -> 3 | T70: =IFERROR(VLOOKUP($F70,'parm(hidden)'!$B$8:$C$10,2,FALSE)*VLOOKUP($K70,$V$22:$W$27,2,FALSE),0) -> 3 | U70: =IF($J70="N/A",0,VLOOKUP($F70,'parm(hidden)'!$B$8:$C$10,2,FALSE))*1 -> 3
A71: =ChkList!A55 -> 서비스 관리 | B71: =ChkList!B55 -> U-51 | C71: =ChkList!C55 -> DNS 서비스의 취약한 동적 업데이트 설정 금지 | F71: =ChkList!D55 -> M | G71: =ChkList!E55 -> 2 | H71: N | I71: 디렉터리 검색 기능이 사용되므로 취약함 Indexes 옵션 미존재 | J71: Y | K71: =IF($J71="", "", IF(OR($H71="Y", $H71="N/A",$H71="Y(즉시조치)"), $H71, IF(AND($H71="N", $J71="Y"), "조치", IF(AND($H71="N",$J71="N/A"), "N/A", IF(IFERROR(FIND("위험수용", $L71), 0), "위험수용", "미조치"))))) -> 조치 | L71: 웹 서비스 디렉토리 리스팅이 제거된 상태로 양호함 Indexes 옵션 미존재 | Q71: =IF($J71="",IF(OR($H71="N",$H71="인터뷰"), ChkList!$F52, ""), IF(OR($J71="N",$J71="인터뷰"), ChkList!$F52, "")) | R71: =IF($H71="N/A",0,VLOOKUP($F71,'parm(hidden)'!$B$8:$C$10,2,FALSE))*1 -> 2 | S71: =IFERROR(VLOOKUP($F71,'parm(hidden)'!$B$8:$C$10,2,FALSE)*VLOOKUP($H71,'parm(hidden)'!$B$15:$C$19,2,FALSE),0) -> 0 | T71: =IFERROR(VLOOKUP($F71,'parm(hidden)'!$B$8:$C$10,2,FALSE)*VLOOKUP($K71,$V$22:$W$27,2,FALSE),0) -> 2 | U71: =IF($J71="N/A",0,VLOOKUP($F71,'parm(hidden)'!$B$8:$C$10,2,FALSE))*1 -> 2
A72: =ChkList!A56 -> 서비스 관리 | B72: =ChkList!B56 -> U-52 | C72: =ChkList!C56 -> Telnet 서비스 비활성화 | F72: =ChkList!D56 -> M | G72: =ChkList!E56 -> 2 | H72: Y | I72: 현재 설정 완료 상태이므로 양호함 Apache 데몬이 apache 계정 권한으로 구동 | J72: Y | K72: =IF($J72="", "", IF(OR($H72="Y", $H72="N/A",$H72="Y(즉시조치)"), $H72, IF(AND($H72="N", $J72="Y"), "조치", IF(AND($H72="N",$J72="N/A"), "N/A", IF(IFERROR(FIND("위험수용", $L72), 0), "위험수용", "미조치"))))) -> Y | L72: 현재 설정 완료 상태이므로 양호함 Apache 데몬이 apache 계정 권한으로 구동 | Q72: =IF($J72="",IF(OR($H72="N",$H72="인터뷰"), ChkList!$F53, ""), IF(OR($J72="N",$J72="인터뷰"), ChkList!$F53, "")) | R72: =IF($H72="N/A",0,VLOOKUP($F72,'parm(hidden)'!$B$8:$C$10,2,FALSE))*1 -> 2 | S72: =IFERROR(VLOOKUP($F72,'parm(hidden)'!$B$8:$C$10,2,FALSE)*VLOOKUP($H72,'parm(hidden)'!$B$15:$C$19,2,FALSE),0) -> 2 | T72: =IFERROR(VLOOKUP($F72,'parm(hidden)'!$B$8:$C$10,2,FALSE)*VLOOKUP($K72,$V$22:$W$27,2,FALSE),0) -> 2 | U72: =IF($J72="N/A",0,VLOOKUP($F72,'parm(hidden)'!$B$8:$C$10,2,FALSE))*1 -> 2
A73: =ChkList!A57 -> 서비스 관리 | B73: =ChkList!B57 -> U-53 | C73: =ChkList!C57 -> FTP 서비스 정보 노출 제한 | F73: =ChkList!D57 -> L | G73: =ChkList!E57 -> 1 | H73: N | I73: 현재 미조치 상태이므로 취약함 AllowOverride이 None으로 설정 | J73: Y | K73: =IF($J73="", "", IF(OR($H73="Y", $H73="N/A",$H73="Y(즉시조치)"), $H73, IF(AND($H73="N", $J73="Y"), "조치", IF(AND($H73="N",$J73="N/A"), "N/A", IF(IFERROR(FIND("위험수용", $L73), 0), "위험수용", "미조치"))))) -> 조치 | L73: 웹 서비스 상위 디렉토리 접근 금지된 상태로 양호함 AllowOverride AuthConfig 지시자 존재 | Q73: =IF($J73="",IF(OR($H73="N",$H73="인터뷰"), ChkList!$F54, ""), IF(OR($J73="N",$J73="인터뷰"), ChkList!$F54, "")) | R73: =IF($H73="N/A",0,VLOOKUP($F73,'parm(hidden)'!$B$8:$C$10,2,FALSE))*1 -> 1 | S73: =IFERROR(VLOOKUP($F73,'parm(hidden)'!$B$8:$C$10,2,FALSE)*VLOOKUP($H73,'parm(hidden)'!$B$15:$C$19,2,FALSE),0) -> 0 | T73: =IFERROR(VLOOKUP($F73,'parm(hidden)'!$B$8:$C$10,2,FALSE)*VLOOKUP($K73,$V$22:$W$27,2,FALSE),0) -> 1 | U73: =IF($J73="N/A",0,VLOOKUP($F73,'parm(hidden)'!$B$8:$C$10,2,FALSE))*1 -> 1
A74: =ChkList!A58 -> 서비스 관리 | B74: =ChkList!B58 -> U-54 | C74: =ChkList!C58 -> 암호화되지 않는 FTP 서비스 비활성화 | F74: =ChkList!D58 -> M | G74: =ChkList!E58 -> 2 | H74: N | I74: 현재 미조치 상태이므로 취약함 불필요한 매뉴얼/샘플 디렉터리가 미존재 | J74: Y | K74: =IF($J74="", "", IF(OR($H74="Y", $H74="N/A",$H74="Y(즉시조치)"), $H74, IF(AND($H74="N", $J74="Y"), "조치", IF(AND($H74="N",$J74="N/A"), "N/A", IF(IFERROR(FIND("위험수용", $L74), 0), "위험수용", "미조치"))))) -> 조치 | L74: 웹 서비스 불필요한 파일 제거된 상태로 양호함 기본으로 생성되는 불필요한 파일 및 디렉터리 미존재 | Q74: =IF($J74="",IF(OR($H74="N",$H74="인터뷰"), ChkList!#REF!, ""), IF(OR($J74="N",$J74="인터뷰"), ChkList!#REF!, "")) | R74: =IF($H74="N/A",0,VLOOKUP($F74,'parm(hidden)'!$B$8:$C$10,2,FALSE))*1 -> 2 | S74: =IFERROR(VLOOKUP($F74,'parm(hidden)'!$B$8:$C$10,2,FALSE)*VLOOKUP($H74,'parm(hidden)'!$B$15:$C$19,2,FALSE),0) -> 0 | T74: =IFERROR(VLOOKUP($F74,'parm(hidden)'!$B$8:$C$10,2,FALSE)*VLOOKUP($K74,$V$22:$W$27,2,FALSE),0) -> 2 | U74: =IF($J74="N/A",0,VLOOKUP($F74,'parm(hidden)'!$B$8:$C$10,2,FALSE))*1 -> 2
A75: =ChkList!A59 -> 서비스 관리 | B75: =ChkList!B59 -> U-55 | C75: =ChkList!C59 -> FTP 계정 Shell 제한 | F75: =ChkList!D59 -> M | G75: =ChkList!E59 -> 2 | H75: N | I75: 현재 미조치 상태이므로 취약함 Options Indexes FollowSymLinks 옵션 존재 | J75: Y | K75: =IF($J75="", "", IF(OR($H75="Y", $H75="N/A",$H75="Y(즉시조치)"), $H75, IF(AND($H75="N", $J75="Y"), "조치", IF(AND($H75="N",$J75="N/A"), "N/A", IF(IFERROR(FIND("위험수용", $L75), 0), "위험수용", "미조치"))))) -> 조치 | L75: 웹 서비스 링크 사용 금지된 상태로 양호함 Options Indexes FollowSymLinks 옵션 미존재 | Q75: =IF($J75="",IF(OR($H75="N",$H75="인터뷰"), ChkList!$F55, ""), IF(OR($J75="N",$J75="인터뷰"), ChkList!$F55, "")) | R75: =IF($H75="N/A",0,VLOOKUP($F75,'parm(hidden)'!$B$8:$C$10,2,FALSE))*1 -> 2 | S75: =IFERROR(VLOOKUP($F75,'parm(hidden)'!$B$8:$C$10,2,FALSE)*VLOOKUP($H75,'parm(hidden)'!$B$15:$C$19,2,FALSE),0) -> 0 | T75: =IFERROR(VLOOKUP($F75,'parm(hidden)'!$B$8:$C$10,2,FALSE)*VLOOKUP($K75,$V$22:$W$27,2,FALSE),0) -> 2 | U75: =IF($J75="N/A",0,VLOOKUP($F75,'parm(hidden)'!$B$8:$C$10,2,FALSE))*1 -> 2
A76: =ChkList!A60 -> 서비스 관리 | B76: =ChkList!B60 -> U-56 | C76: =ChkList!C60 -> FTP 서비스 접근 제어 설정 | F76: =ChkList!D60 -> L | G76: =ChkList!E60 -> 1 | H76: N | I76: 현재 미조치 상태이므로 취약함 모든 디렉터리에 LimitRequestBody 설정이 미존대 | J76: Y | K76: =IF($J76="", "", IF(OR($H76="Y", $H76="N/A",$H76="Y(즉시조치)"), $H76, IF(AND($H76="N", $J76="Y"), "조치", IF(AND($H76="N",$J76="N/A"), "N/A", IF(IFERROR(FIND("위험수용", $L76), 0), "위험수용", "미조치"))))) -> 조치 | L76: 웹 서비스 파일 업로드 및 다운로드 제한된 상태로 양호함 LimitRequestBody 옵션 미존재 | Q76: =IF($J76="",IF(OR($H76="N",$H76="인터뷰"), ChkList!$F56, ""), IF(OR($J76="N",$J76="인터뷰"), ChkList!$F56, "")) | R76: =IF($H76="N/A",0,VLOOKUP($F76,'parm(hidden)'!$B$8:$C$10,2,FALSE))*1 -> 1 | S76: =IFERROR(VLOOKUP($F76,'parm(hidden)'!$B$8:$C$10,2,FALSE)*VLOOKUP($H76,'parm(hidden)'!$B$15:$C$19,2,FALSE),0) -> 0 | T76: =IFERROR(VLOOKUP($F76,'parm(hidden)'!$B$8:$C$10,2,FALSE)*VLOOKUP($K76,$V$22:$W$27,2,FALSE),0) -> 1 | U76: =IF($J76="N/A",0,VLOOKUP($F76,'parm(hidden)'!$B$8:$C$10,2,FALSE))*1 -> 1
A77: =ChkList!A61 -> 서비스 관리 | B77: =ChkList!B61 -> U-57 | C77: =ChkList!C61 -> Ftpusers 파일 설정 | F77: =ChkList!D61 -> M | G77: =ChkList!E61 -> 2 | H77: N | I77: 현재 미조치 상태이므로 취약함 DocumentRoot가 기본경로 /var/www/html로 설정 | J77: Y | K77: =IF($J77="", "", IF(OR($H77="Y", $H77="N/A",$H77="Y(즉시조치)"), $H77, IF(AND($H77="N", $J77="Y"), "조치", IF(AND($H77="인터뷰", $J77="Y"), "조치", IF(AND($H77="N",$J77="N/A"), "N/A", IF(IFERROR(FIND("위험수용", $L77), 0), "위험수용", "미조치")))))) -> 조치 | L77: 웹서비스 영역의 분리된 상태로 양호함 DocumentRoot 디렉터리의 경로가 /srv/web/www로 설정 | Q77: =IF($J77="",IF(OR($H77="N",$H77="인터뷰"), ChkList!$F57, ""), IF(OR($J77="N",$J77="인터뷰"), ChkList!$F57, "")) | R77: =IF($H77="N/A",0,VLOOKUP($F77,'parm(hidden)'!$B$8:$C$10,2,FALSE))*1 -> 2 | S77: =IFERROR(VLOOKUP($F77,'parm(hidden)'!$B$8:$C$10,2,FALSE)*VLOOKUP($H77,'parm(hidden)'!$B$15:$C$19,2,FALSE),0) -> 0 | T77: =IFERROR(VLOOKUP($F77,'parm(hidden)'!$B$8:$C$10,2,FALSE)*VLOOKUP($K77,$V$22:$W$27,2,FALSE),0) -> 2 | U77: =IF($J77="N/A",0,VLOOKUP($F77,'parm(hidden)'!$B$8:$C$10,2,FALSE))*1 -> 2
A78: =ChkList!A62 -> 서비스 관리 | B78: =ChkList!B62 -> U-58 | C78: =ChkList!C62 -> 불필요한 SNMP 서비스 구동 점검 | F78: =ChkList!D62 -> M | G78: =ChkList!E62 -> 2 | H78: Y | I78: 현재 설정 완료 상태이므로 양호함 원격 접속 시 SSH 프로토콜만 사용 | J78: Y | K78: =IF($J78="", "", IF(OR($H78="Y", $H78="N/A",$H78="Y(즉시조치)"), $H78, IF(AND($H78="N", $J78="Y"), "조치", IF(AND($H78="인터뷰",$J78="N/A"), "N/A", IF(IFERROR(FIND("위험수용", $L78), 0), "위험수용", "미조치"))))) -> Y | L78: 현재 설정 완료 상태이므로 양호함 원격 접속 시 SSH 프로토콜만 사용 | Q78: =IF($J78="",IF(OR($H78="N",$H78="인터뷰"), ChkList!$F58, ""), IF(OR($J78="N",$J78="인터뷰"), ChkList!$F58, "")) | R78: =IF($H78="N/A",0,VLOOKUP($F78,'parm(hidden)'!$B$8:$C$10,2,FALSE))*1 -> 2 | S78: =IFERROR(VLOOKUP($F78,'parm(hidden)'!$B$8:$C$10,2,FALSE)*VLOOKUP($H78,'parm(hidden)'!$B$15:$C$19,2,FALSE),0) -> 2 | T78: =IFERROR(VLOOKUP($F78,'parm(hidden)'!$B$8:$C$10,2,FALSE)*VLOOKUP($K78,$V$22:$W$27,2,FALSE),0) -> 2 | U78: =IF($J78="N/A",0,VLOOKUP($F78,'parm(hidden)'!$B$8:$C$10,2,FALSE))*1 -> 2
A79: =ChkList!A63 -> 서비스 관리 | B79: =ChkList!B63 -> U-59 | C79: =ChkList!C63 -> 안전한 SNMP 버전 사용 | F79: =ChkList!D63 -> H | G79: =ChkList!E63 -> 3 | H79: Y | I79: 현재 설정 완료 상태이므로 양호함 vsftpd 또는 proftpd 서비스 미실행 및 ftp 서비스 비활성화 | J79: Y | K79: =IF($J79="", "", IF(OR($H79="Y", $H79="N/A",$H79="Y(즉시조치)"), $H79, IF(AND($H79="N", $J79="Y"), "조치", IF(AND($H79="N",$J79="N/A"), "N/A", IF(IFERROR(FIND("위험수용", $L79), 0), "위험수용", "미조치"))))) -> Y | L79: 현재 설정 완료 상태이므로 양호함 vsftpd 또는 proftpd 서비스 미실행 및 ftp 서비스 비활성화 | Q79: =IF($J79="",IF(OR($H79="N",$H79="인터뷰"), ChkList!$F59, ""), IF(OR($J79="N",$J79="인터뷰"), ChkList!$F59, "")) | R79: =IF($H79="N/A",0,VLOOKUP($F79,'parm(hidden)'!$B$8:$C$10,2,FALSE))*1 -> 3 | S79: =IFERROR(VLOOKUP($F79,'parm(hidden)'!$B$8:$C$10,2,FALSE)*VLOOKUP($H79,'parm(hidden)'!$B$15:$C$19,2,FALSE),0) -> 3 | T79: =IFERROR(VLOOKUP($F79,'parm(hidden)'!$B$8:$C$10,2,FALSE)*VLOOKUP($K79,$V$22:$W$27,2,FALSE),0) -> 3 | U79: =IF($J79="N/A",0,VLOOKUP($F79,'parm(hidden)'!$B$8:$C$10,2,FALSE))*1 -> 3
A80: =ChkList!A64 -> 서비스 관리 | B80: =ChkList!B64 -> U-60 | C80: =ChkList!C64 -> SNMP Community String 복잡성 설정 | F80: =ChkList!D64 -> M | G80: =ChkList!E64 -> 2 | H80: Y | I80: 현재 설정 완료 상태이므로 양호함 ftp 계정의 로그인 쉘이 /sbin/nologin 설정 | J80: Y | K80: =IF($J80="", "", IF(OR($H80="Y", $H80="N/A",$H80="Y(즉시조치)"), $H80, IF(AND($H80="N", $J80="Y"), "조치", IF(AND($H80="N",$J80="N/A"), "N/A", IF(IFERROR(FIND("위험수용", $L80), 0), "위험수용", "미조치"))))) -> Y | L80: 현재 설정 완료 상태이므로 양호함 ftp 계정의 로그인 쉘이 /sbin/nologin 설정 | Q80: =IF($J80="",IF(OR($H80="N",$H80="인터뷰"), ChkList!$F60, ""), IF(OR($J80="N",$J80="인터뷰"), ChkList!$F60, "")) | R80: =IF($H80="N/A",0,VLOOKUP($F80,'parm(hidden)'!$B$8:$C$10,2,FALSE))*1 -> 2 | S80: =IFERROR(VLOOKUP($F80,'parm(hidden)'!$B$8:$C$10,2,FALSE)*VLOOKUP($H80,'parm(hidden)'!$B$15:$C$19,2,FALSE),0) -> 2 | T80: =IFERROR(VLOOKUP($F80,'parm(hidden)'!$B$8:$C$10,2,FALSE)*VLOOKUP($K80,$V$22:$W$27,2,FALSE),0) -> 2 | U80: =IF($J80="N/A",0,VLOOKUP($F80,'parm(hidden)'!$B$8:$C$10,2,FALSE))*1 -> 2
A81: =ChkList!A65 -> 서비스 관리 | B81: =ChkList!B65 -> U-61 | C81: =ChkList!C65 -> SNMP Access Control 설정 | F81: =ChkList!D65 -> H | G81: =ChkList!E65 -> 3 | H81: Y | I81: 현재 설정 완료 상태이므로 양호함 ftp 서비스가 미존재 | J81: Y | K81: =IF($J81="", "", IF(OR($H81="Y", $H81="N/A",$H81="Y(즉시조치)"), $H81, IF(AND($H81="N", $J81="Y"), "조치", IF(AND($H81="인터뷰",$J81="N/A"), "N/A", IF(IFERROR(FIND("위험수용", $L81), 0), "위험수용", "미조치"))))) -> Y | L81: 현재 설정 완료 상태이므로 양호함 ftp 서비스가 미존재 | Q81: =IF($J81="",IF(OR($H81="N",$H81="인터뷰"), ChkList!$F61, ""), IF(OR($J81="N",$J81="인터뷰"), ChkList!$F61, "")) | R81: =IF($H81="N/A",0,VLOOKUP($F81,'parm(hidden)'!$B$8:$C$10,2,FALSE))*1 -> 3 | S81: =IFERROR(VLOOKUP($F81,'parm(hidden)'!$B$8:$C$10,2,FALSE)*VLOOKUP($H81,'parm(hidden)'!$B$15:$C$19,2,FALSE),0) -> 3 | T81: =IFERROR(VLOOKUP($F81,'parm(hidden)'!$B$8:$C$10,2,FALSE)*VLOOKUP($K81,$V$22:$W$27,2,FALSE),0) -> 3 | U81: =IF($J81="N/A",0,VLOOKUP($F81,'parm(hidden)'!$B$8:$C$10,2,FALSE))*1 -> 3
A82: =ChkList!A66 -> 서비스 관리 | B82: =ChkList!B66 -> U-62 | C82: =ChkList!C66 -> 로그인 시 경고 메시지 설정 | F82: =ChkList!D66 -> L | G82: =ChkList!E66 -> 1 | H82: Y | I82: 현재 설정 완료 상태이므로 양호함 FTP 서비스가 비활성화 | J82: Y | K82: =IF($J82="", "", IF(OR($H82="Y", $H82="N/A",$H82="Y(즉시조치)"), $H82, IF(AND($H82="N", $J82="Y"), "조치", IF(AND($H82="N",$J82="N/A"), "N/A", IF(IFERROR(FIND("위험수용", $L82), 0), "위험수용", "미조치"))))) -> Y | L82: 현재 설정 완료 상태이므로 양호함 FTP 서비스가 비활성화 | Q82: =IF($J82="",IF(OR($H82="N",$H82="인터뷰"), ChkList!$F62, ""), IF(OR($J82="N",$J82="인터뷰"), ChkList!$F62, "")) | R82: =IF($H82="N/A",0,VLOOKUP($F82,'parm(hidden)'!$B$8:$C$10,2,FALSE))*1 -> 1 | S82: =IFERROR(VLOOKUP($F82,'parm(hidden)'!$B$8:$C$10,2,FALSE)*VLOOKUP($H82,'parm(hidden)'!$B$15:$C$19,2,FALSE),0) -> 1 | T82: =IFERROR(VLOOKUP($F82,'parm(hidden)'!$B$8:$C$10,2,FALSE)*VLOOKUP($K82,$V$22:$W$27,2,FALSE),0) -> 1 | U82: =IF($J82="N/A",0,VLOOKUP($F82,'parm(hidden)'!$B$8:$C$10,2,FALSE))*1 -> 1
A83: =ChkList!A67 -> 서비스 관리 | B83: =ChkList!B67 -> U-63 | C83: =ChkList!C67 -> sudo 명령어 접근 관리 | F83: =ChkList!D67 -> M | G83: =ChkList!E67 -> 2 | H83: Y | I83: 현재 미조치 상태이므로 취약함 at.deny 파일의 권한이 644로 설정 | J83: Y | K83: =IF($J83="", "", IF(OR($H83="Y", $H83="N/A",$H83="Y(즉시조치)"), $H83, IF(AND($H83="N", $J83="Y"), "조치", IF(AND($H83="N",$J83="N/A"), "N/A", IF(IFERROR(FIND("위험수용", $L83), 0), "위험수용", "미조치"))))) -> Y | L83: 현재 미조치 상태이므로 취약함 at.deny 파일의 권한이 644로 설정 | Q83: =IF($J83="",IF(OR($H83="N",$H83="인터뷰"), ChkList!$F63, ""), IF(OR($J83="N",$J83="인터뷰"), ChkList!$F63, "")) | R83: =IF($H83="N/A",0,VLOOKUP($F83,'parm(hidden)'!$B$8:$C$10,2,FALSE))*1 -> 2 | S83: =IFERROR(VLOOKUP($F83,'parm(hidden)'!$B$8:$C$10,2,FALSE)*VLOOKUP($H83,'parm(hidden)'!$B$15:$C$19,2,FALSE),0) -> 2 | T83: =IFERROR(VLOOKUP($F83,'parm(hidden)'!$B$8:$C$10,2,FALSE)*VLOOKUP($K83,$V$22:$W$27,2,FALSE),0) -> 2 | U83: =IF($J83="N/A",0,VLOOKUP($F83,'parm(hidden)'!$B$8:$C$10,2,FALSE))*1 -> 2
A84: =ChkList!A68 -> 패치 관리 | B84: =ChkList!B68 -> U-64 | C84: =ChkList!C68 -> 주기적 보안 패치 및 벤더 권고사항 적용 | F84: =ChkList!D68 -> H | G84: =ChkList!E68 -> 3 | H84: Y | I84: 현재 설정 완료 상태이므로 양호함 SNMP 서비스가 비활성화 상태 | J84: Y | K84: =IF($J84="", "", IF(OR($H84="Y", $H84="N/A",$H84="Y(즉시조치)"), $H84, IF(AND($H84="N", $J84="Y"), "조치", IF(AND($H84="인터뷰",$J84="N/A"), "N/A", IF(IFERROR(FIND("위험수용", $L84), 0), "위험수용", "미조치"))))) -> Y | L84: 현재 설정 완료 상태이므로 양호함 SNMP 서비스가 비활성화 상태 | Q84: =IF($J84="",IF(OR($H84="N",$H84="인터뷰"), ChkList!$F64, ""), IF(OR($J84="N",$J84="인터뷰"), ChkList!$F64, "")) | R84: =IF($H84="N/A",0,VLOOKUP($F84,'parm(hidden)'!$B$8:$C$10,2,FALSE))*1 -> 3 | S84: =IFERROR(VLOOKUP($F84,'parm(hidden)'!$B$8:$C$10,2,FALSE)*VLOOKUP($H84,'parm(hidden)'!$B$15:$C$19,2,FALSE),0) -> 3 | T84: =IFERROR(VLOOKUP($F84,'parm(hidden)'!$B$8:$C$10,2,FALSE)*VLOOKUP($K84,$V$22:$W$27,2,FALSE),0) -> 3 | U84: =IF($J84="N/A",0,VLOOKUP($F84,'parm(hidden)'!$B$8:$C$10,2,FALSE))*1 -> 3
A85: =ChkList!A69 -> 로그 관리 | B85: =ChkList!B69 -> U-65 | C85: =ChkList!C69 -> NTP 및 시각 동기화 설정 | F85: =ChkList!D69 -> M | G85: =ChkList!E69 -> 2 | H85: Y | I85: 현재 설정 완료 상태이므로 양호함 SNMP 서비스가 비활성화 상태 | J85: Y | K85: =IF($J85="", "", IF(OR($H85="Y", $H85="N/A",$H85="Y(즉시조치)"), $H85, IF(AND($H85="N", $J85="Y"), "조치", IF(AND($H85="N",$J85="N/A"), "N/A", IF(IFERROR(FIND("위험수용", $L85), 0), "위험수용", "미조치"))))) -> Y | L85: 현재 설정 완료 상태이므로 양호함 SNMP 서비스가 비활성화 상태 | Q85: =IF($J85="",IF(OR($H85="N",$H85="인터뷰"), ChkList!#REF!, ""), IF(OR($J85="N",$J85="인터뷰"), ChkList!#REF!, "")) | R85: =IF($H85="N/A",0,VLOOKUP($F85,'parm(hidden)'!$B$8:$C$10,2,FALSE))*1 -> 2 | S85: =IFERROR(VLOOKUP($F85,'parm(hidden)'!$B$8:$C$10,2,FALSE)*VLOOKUP($H85,'parm(hidden)'!$B$15:$C$19,2,FALSE),0) -> 2 | T85: =IFERROR(VLOOKUP($F85,'parm(hidden)'!$B$8:$C$10,2,FALSE)*VLOOKUP($K85,$V$22:$W$27,2,FALSE),0) -> 2 | U85: =IF($J85="N/A",0,VLOOKUP($F85,'parm(hidden)'!$B$8:$C$10,2,FALSE))*1 -> 2
A86: =ChkList!A70 -> 로그 관리 | B86: =ChkList!B70 -> U-66 | C86: =ChkList!C70 -> 정책에 따른 시스템 로깅 설정 | F86: =ChkList!D70 -> M | G86: =ChkList!E70 -> 2 | H86: Y | I86: 현재 미조치 상태이므로 취약함 서버 및 서비스에 로그온 메시지가 미설정 | J86: Y | K86: =IF($J86="", "", IF(OR($H86="Y", $H86="N/A",$H86="Y(즉시조치)"), $H86, IF(AND($H86="N", $J86="Y"), "조치", IF(AND($H86="N",$J86="N/A"), "N/A", IF(IFERROR(FIND("위험수용", $L86), 0), "위험수용", "미조치"))))) -> Y | L86: 현재 미조치 상태이므로 취약함 서버 및 서비스에 로그온 메시지가 미설정 | Q86: =IF($J86="",IF(OR($H86="N",$H86="인터뷰"), ChkList!$F65, ""), IF(OR($J86="N",$J86="인터뷰"), ChkList!$F65, "")) | R86: =IF($H86="N/A",0,VLOOKUP($F86,'parm(hidden)'!$B$8:$C$10,2,FALSE))*1 -> 2 | S86: =IFERROR(VLOOKUP($F86,'parm(hidden)'!$B$8:$C$10,2,FALSE)*VLOOKUP($H86,'parm(hidden)'!$B$15:$C$19,2,FALSE),0) -> 2 | T86: =IFERROR(VLOOKUP($F86,'parm(hidden)'!$B$8:$C$10,2,FALSE)*VLOOKUP($K86,$V$22:$W$27,2,FALSE),0) -> 2 | U86: =IF($J86="N/A",0,VLOOKUP($F86,'parm(hidden)'!$B$8:$C$10,2,FALSE))*1 -> 2
A87: =ChkList!A71 -> 로그 관리 | B87: =ChkList!B71 -> U-67 | C87: =ChkList!C71 -> 로그 디렉터리 소유자 및 권한 설정 | F87: =ChkList!D71 -> M | G87: =ChkList!E71 -> 2 | H87: Y | I87: 현재 설정 완료 상태이므로 양호함 NFS 접근제어 설정파일의 소유자가 root 이고, 권한이 644로 설정 | J87: Y | K87: =IF($J87="", "", IF(OR($H87="Y", $H87="N/A",$H87="Y(즉시조치)"), $H87, IF(AND($H87="N", $J87="Y"), "조치", IF(AND($H87="N",$J87="N/A"), "N/A", IF(IFERROR(FIND("위험수용", $L87), 0), "위험수용", "미조치"))))) -> Y | L87: 현재 설정 완료 상태이므로 양호함 NFS 접근제어 설정파일의 소유자가 root 이고, 권한이 644로 설정 | Q87: =IF($J87="",IF(OR($H87="N",$H87="인터뷰"), ChkList!$F66, ""), IF(OR($J87="N",$J87="인터뷰"), ChkList!$F66, "")) | R87: =IF($H87="N/A",0,VLOOKUP($F87,'parm(hidden)'!$B$8:$C$10,2,FALSE))*1 -> 2 | S87: =IFERROR(VLOOKUP($F87,'parm(hidden)'!$B$8:$C$10,2,FALSE)*VLOOKUP($H87,'parm(hidden)'!$B$15:$C$19,2,FALSE),0) -> 2 | T87: =IFERROR(VLOOKUP($F87,'parm(hidden)'!$B$8:$C$10,2,FALSE)*VLOOKUP($K87,$V$22:$W$27,2,FALSE),0) -> 2 | U87: =IF($J87="N/A",0,VLOOKUP($F87,'parm(hidden)'!$B$8:$C$10,2,FALSE))*1 -> 2

Sheet LOG_HQ_Rocky
A1: ■ 자산목록
A3: 1) 시스템 현황 | R3: ※ 자산 평가
A4: HostName | B4: =REPLACE(CELL("filename",A1),1,FIND("]",CELL("filename",A1)),"") -> LOG_HQ_Rocky | D4: 운영자산 명 | F4: =IFERROR(VLOOKUP($B$4,자산목록!$B$1:$Q$835,8,FALSE),"N/A") -> 본사 LOG 서버 | R4: 기밀성 | S4: =IFERROR(VLOOKUP($B$4,자산목록!$B$1:$Q$835,13,FALSE),"N/A") -> 3 | T4: 자산등급 | U4: =IFERROR(VLOOKUP($B$4,자산목록!$B$1:$Q$835,16,FALSE),"N/A") -> H
A5: OS 종류 및 버전 | B5: =IFERROR(VLOOKUP($B$4,자산목록!$B$1:$Q$835,6,FALSE)&" "&VLOOKUP($B$4,자산목록!$B$1:$Q$835,7,FALSE),"N/A") -> Rocky 8.1 | D5: IP Address | F5: =IFERROR(VLOOKUP($B$4,자산목록!$B$1:$Q$835,2,FALSE),"N/A") -> 10.10.40.3 | R5: 무결성 | S5: =IFERROR(VLOOKUP($B$4,자산목록!$B$1:$Q$835,14,FALSE),"N/A") -> 3
A6: 담당자 | B6: =IFERROR(VLOOKUP($B$4,자산목록!$B$1:$Q$835,11,FALSE),"N/A") -> 이서연 | D6: 설치 위치 | F6: =IFERROR(VLOOKUP($B$4,자산목록!$B$1:$Q$835,9,FALSE),"N/A") -> 본사 DMZ망 | R6: 가용성 | S6: =IFERROR(VLOOKUP($B$4,자산목록!$B$1:$Q$835,15,FALSE),"N/A") -> 3
A8: 2) 진단 결과
A9: ① 부분별 진단 결과
A10: 분류 | D10: 본진단 결과 (이행 전) | I10: 영역별 수준 그래프 | J10: 이행 결과 | R10: 결과 점수 | V10: 영역별 수준 그래프
D11: 전체 | E11: 양호 | F11: 취약 | G11: N/A | H11: 수준 | J11: 조치 | K11: 미조치 | L11: 위험수용 | M11: N/A | N11: 이행율 | O11: 수준 | R11: 전체점수(이행 전) | S11: 평가점수 (이행 전) | T11: 평가점수 (이행 후) | U11: 전체점수(이행 후) | V11: 분류 | X11: 본진단 결과 (이행 전) | Y11: 이행 결과
A12: =ChkList!A6 -> 계정 관리 | D12: =COUNTIF($A$21:$A$995, $A12) -> 13 | E12: =COUNTIFS($A$21:INDIRECT(ADDRESS(MATCH("",$A:$A,-1),1,1,1)),$A12,$H$21:INDIRECT(ADDRESS(MATCH("",$A:$A,-1),8,1,1)),"Y")+COUNTIFS($A$21:INDIRECT(ADDRESS(MATCH("",$A:$A,-1),1,1,1)),$A12,$H$21:INDIRECT(ADDRESS(MATCH("",$A:$A,-1),8,1,1)),"Y(즉시조치)") -> 13 | F12: =COUNTIFS($A$21:INDIRECT(ADDRESS(MATCH("",$A:$A,-1),1,1,1)),$A12&"*",$H$21:INDIRECT(ADDRESS(MATCH("",$A:$A,-1),8,1,1)),"N") -> 0 | G12: =COUNTIFS($A$21:INDIRECT(ADDRESS(MATCH("",$A:$A,-1),1,1,1)),$A12&"*",$H$21:INDIRECT(ADDRESS(MATCH("",$A:$A,-1),8,1,1)),"N/A") -> 0 | H12: =IF($G12=$D12, "N/A", (S12/R12)) -> 1 | J12: =COUNTIFS($A$21:INDIRECT(ADDRESS(MATCH("",$A:$A,-1),1,1,1)),$A12,$K$21:INDIRECT(ADDRESS(MATCH("",$B:$B,-1),11,1,1)),"조치") -> 0 | K12: =COUNTIFS($A$21:INDIRECT(ADDRESS(MATCH("",$A:$A,-1),1,1,1)),$A12,$K$21:INDIRECT(ADDRESS(MATCH("",$B:$B,-1),11,1,1)),"미조치") -> 0 | L12: =COUNTIFS($A$21:INDIRECT(ADDRESS(MATCH("",$A:$A,-1),1,1,1)),$A12,$K$21:INDIRECT(ADDRESS(MATCH("",$B:$B,-1),11,1,1)),"위험수용") -> 0 | M12: =COUNTIFS($A$21:INDIRECT(ADDRESS(MATCH("",$A:$A,-1),1,1,1)),$A12,$K$21:INDIRECT(ADDRESS(MATCH("",$B:$B,-1),11,1,1)),"N/A") -> 0 | N12: =IFERROR($J12/($F12-(M12-G12)),"N/A") -> N/A | O12: =IF(OR($G12=$D12,$D12=$M12),"N/A", ($T12/$U12)) -> 1 | R12: =SUMIF($A$21:$A$995, $A12, $R$21:$R$995) -> 28 | S12: =SUMIF($A$21:$A$995, $A12, $S$21:$S$995) -> 28 | T12: =SUMIF($A$21:$A$995, $A12, $R$21:$R$995) -> 28 | U12: =SUMIF($A$21:$A$995, $A12, $R$21:$R$995) -> 28 | V12: =B12 -> 0 | X12: =H12 -> 1 | Y12: =O12 -> 1
A13: =ChkList!A20 -> 파일 및 디렉터리 관리 | D13: =COUNTIF($A$21:INDIRECT(ADDRESS(MATCH("",$A:$A,-1),1,1,1)),$A13) -> 20 | E13: =COUNTIFS($A$21:INDIRECT(ADDRESS(MATCH("",$A:$A,-1),1,1,1)),$A13,$H$21:INDIRECT(ADDRESS(MATCH("",$A:$A,-1),8,1,1)),"Y")+COUNTIFS($A$21:INDIRECT(ADDRESS(MATCH("",$A:$A,-1),1,1,1)),$A13,$H$21:INDIRECT(ADDRESS(MATCH("",$A:$A,-1),8,1,1)),"Y(즉시조치)") -> 11 | F13: =COUNTIFS($A$21:INDIRECT(ADDRESS(MATCH("",$A:$A,-1),1,1,1)),$A13&"*",$H$21:INDIRECT(ADDRESS(MATCH("",$A:$A,-1),8,1,1)),"N") -> 9 | G13: =COUNTIFS($A$21:INDIRECT(ADDRESS(MATCH("",$A:$A,-1),1,1,1)),$A13&"*",$H$21:INDIRECT(ADDRESS(MATCH("",$A:$A,-1),8,1,1)),"N/A") -> 0 | H13: =IF($G13=$D13, "N/A", (S13/R13)) -> 0.52830189 | J13: =COUNTIFS($A$21:INDIRECT(ADDRESS(MATCH("",$A:$A,-1),1,1,1)),$A13,$K$21:INDIRECT(ADDRESS(MATCH("",$B:$B,-1),11,1,1)),"조치") -> 9 | K13: =COUNTIFS($A$21:INDIRECT(ADDRESS(MATCH("",$A:$A,-1),1,1,1)),$A13,$K$21:INDIRECT(ADDRESS(MATCH("",$B:$B,-1),11,1,1)),"미조치") -> 0 | L13: =COUNTIFS($A$21:INDIRECT(ADDRESS(MATCH("",$A:$A,-1),1,1,1)),$A13,$K$21:INDIRECT(ADDRESS(MATCH("",$B:$B,-1),11,1,1)),"위험수용") -> 0 | M13: =COUNTIFS($A$21:INDIRECT(ADDRESS(MATCH("",$A:$A,-1),1,1,1)),$A13,$K$21:INDIRECT(ADDRESS(MATCH("",$B:$B,-1),11,1,1)),"N/A") -> 0 | N13: =IFERROR($J13/($F13-(M13-G13)),"N/A") -> 1 | O13: =IF(OR($G13=$D13,$D13=$M13),"N/A", ($T13/$U13)) -> 1 | R13: =SUMIF($A$21:$A$995, $A13, $R$21:$R$995) -> 53 | S13: =SUMIF($A$21:$A$995, $A13, $S$21:$S$995) -> 28 | T13: =SUMIF($A$21:$A$995, $A13, $R$21:$R$995) -> 53 | U13: =SUMIF($A$21:$A$995, $A13, $R$21:$R$995) -> 53 | V13: =B13 -> 0 | X13: =H13 -> 0.52830189 | Y13: =O13 -> 1
A14: =ChkList!A37 -> 파일 및 디렉터리 관리 | D14: =COUNTIF($A$21:INDIRECT(ADDRESS(MATCH("",$A:$A,-1),1,1,1)),$A14) -> 20 | E14: =COUNTIFS($A$21:INDIRECT(ADDRESS(MATCH("",$A:$A,-1),1,1,1)),$A14,$H$21:INDIRECT(ADDRESS(MATCH("",$A:$A,-1),8,1,1)),"Y")+COUNTIFS($A$21:INDIRECT(ADDRESS(MATCH("",$A:$A,-1),1,1,1)),$A14,$H$21:INDIRECT(ADDRESS(MATCH("",$A:$A,-1),8,1,1)),"Y(즉시조치)") -> 11 | F14: =COUNTIFS($A$21:INDIRECT(ADDRESS(MATCH("",$A:$A,-1),1,1,1)),$A14&"*",$H$21:INDIRECT(ADDRESS(MATCH("",$A:$A,-1),8,1,1)),"N") -> 9 | G14: =COUNTIFS($A$21:INDIRECT(ADDRESS(MATCH("",$A:$A,-1),1,1,1)),$A14&"*",$H$21:INDIRECT(ADDRESS(MATCH("",$A:$A,-1),8,1,1)),"N/A") -> 0 | H14: =IF($G14=$D14, "N/A", (S14/R14)) -> 0.52830189 | J14: =COUNTIFS($A$21:INDIRECT(ADDRESS(MATCH("",$A:$A,-1),1,1,1)),$A14,$K$21:INDIRECT(ADDRESS(MATCH("",$B:$B,-1),11,1,1)),"조치") -> 9 | K14: =COUNTIFS($A$21:INDIRECT(ADDRESS(MATCH("",$A:$A,-1),1,1,1)),$A14,$K$21:INDIRECT(ADDRESS(MATCH("",$B:$B,-1),11,1,1)),"미조치") -> 0 | L14: =COUNTIFS($A$21:INDIRECT(ADDRESS(MATCH("",$A:$A,-1),1,1,1)),$A14,$K$21:INDIRECT(ADDRESS(MATCH("",$B:$B,-1),11,1,1)),"위험수용") -> 0 | M14: =COUNTIFS($A$21:INDIRECT(ADDRESS(MATCH("",$A:$A,-1),1,1,1)),$A14,$K$21:INDIRECT(ADDRESS(MATCH("",$B:$B,-1),11,1,1)),"N/A") -> 0 | N14: =IFERROR($J14/($F14-(M14-G14)),"N/A") -> 1 | O14: =IF(OR($G14=$D14,$D14=$M14),"N/A", ($T14/$U14)) -> 1 | R14: =SUMIF($A$21:$A$995, $A14, $R$21:$R$995) -> 53 | S14: =SUMIF($A$21:$A$995, $A14, $S$21:$S$995) -> 28 | T14: =SUMIF($A$21:$A$995, $A14, $R$21:$R$995) -> 53 | U14: =SUMIF($A$21:$A$995, $A14, $R$21:$R$995) -> 53 | V14: =B14 -> 0 | X14: =H14 -> 0.52830189 | Y14: =O14 -> 1
A15: =ChkList!A69 -> 로그 관리 | D15: =COUNTIF($A$21:INDIRECT(ADDRESS(MATCH("",$A:$A,-1),1,1,1)),$A15) -> 3 | E15: =COUNTIFS($A$21:INDIRECT(ADDRESS(MATCH("",$A:$A,-1),1,1,1)),$A15,$H$21:INDIRECT(ADDRESS(MATCH("",$A:$A,-1),8,1,1)),"Y")+COUNTIFS($A$21:INDIRECT(ADDRESS(MATCH("",$A:$A,-1),1,1,1)),$A15,$H$21:INDIRECT(ADDRESS(MATCH("",$A:$A,-1),8,1,1)),"Y(즉시조치)") -> 3 | F15: =COUNTIFS($A$21:INDIRECT(ADDRESS(MATCH("",$A:$A,-1),1,1,1)),$A15&"*",$H$21:INDIRECT(ADDRESS(MATCH("",$A:$A,-1),8,1,1)),"N") -> 0 | G15: =COUNTIFS($A$21:INDIRECT(ADDRESS(MATCH("",$A:$A,-1),1,1,1)),$A15&"*",$H$21:INDIRECT(ADDRESS(MATCH("",$A:$A,-1),8,1,1)),"N/A") -> 0 | H15: =IF($G15=$D15, "N/A", (S15/R15)) -> 1 | J15: =COUNTIFS($A$21:INDIRECT(ADDRESS(MATCH("",$A:$A,-1),1,1,1)),$A15,$K$21:INDIRECT(ADDRESS(MATCH("",$B:$B,-1),11,1,1)),"조치") -> 0 | K15: =COUNTIFS($A$21:INDIRECT(ADDRESS(MATCH("",$A:$A,-1),1,1,1)),$A15,$K$21:INDIRECT(ADDRESS(MATCH("",$B:$B,-1),11,1,1)),"미조치") -> 0 | L15: =COUNTIFS($A$21:INDIRECT(ADDRESS(MATCH("",$A:$A,-1),1,1,1)),$A15,$K$21:INDIRECT(ADDRESS(MATCH("",$B:$B,-1),11,1,1)),"위험수용") -> 0 | M15: =COUNTIFS($A$21:INDIRECT(ADDRESS(MATCH("",$A:$A,-1),1,1,1)),$A15,$K$21:INDIRECT(ADDRESS(MATCH("",$B:$B,-1),11,1,1)),"N/A") -> 0 | N15: =IFERROR($J15/($F15-(M15-G15)),"N/A") -> N/A | O15: =IF(OR($G15=$D15,$D15=$M15),"N/A", ($T15/$U15)) -> 1 | R15: =SUMIF($A$21:$A$995, $A15, $R$21:$R$995) -> 6 | S15: =SUMIF($A$21:$A$995, $A15, $S$21:$S$995) -> 6 | T15: =SUMIF($A$21:$A$995, $A15, $R$21:$R$995) -> 6 | U15: =SUMIF($A$21:$A$995, $A15, $R$21:$R$995) -> 6 | V15: =B15 -> 0 | X15: =H15 -> 1 | Y15: =O15 -> 1
A16: =ChkList!A70 -> 로그 관리 | D16: =COUNTIF($A$21:INDIRECT(ADDRESS(MATCH("",$A:$A,-1),1,1,1)),$A16) -> 3 | E16: =COUNTIFS($A$21:INDIRECT(ADDRESS(MATCH("",$A:$A,-1),1,1,1)),$A16,$H$21:INDIRECT(ADDRESS(MATCH("",$A:$A,-1),8,1,1)),"Y")+COUNTIFS($A$21:INDIRECT(ADDRESS(MATCH("",$A:$A,-1),1,1,1)),$A16,$H$21:INDIRECT(ADDRESS(MATCH("",$A:$A,-1),8,1,1)),"Y(즉시조치)") -> 3 | F16: =COUNTIFS($A$21:INDIRECT(ADDRESS(MATCH("",$A:$A,-1),1,1,1)),$A16&"*",$H$21:INDIRECT(ADDRESS(MATCH("",$A:$A,-1),8,1,1)),"N") -> 0 | G16: =COUNTIFS($A$21:INDIRECT(ADDRESS(MATCH("",$A:$A,-1),1,1,1)),$A16&"*",$H$21:INDIRECT(ADDRESS(MATCH("",$A:$A,-1),8,1,1)),"N/A") -> 0 | H16: =IF($G16=$D16, "N/A", (S16/R16)) -> 1 | J16: =COUNTIFS($A$21:INDIRECT(ADDRESS(MATCH("",$A:$A,-1),1,1,1)),$A16,$K$21:INDIRECT(ADDRESS(MATCH("",$B:$B,-1),11,1,1)),"조치") -> 0 | K16: =COUNTIFS($A$21:INDIRECT(ADDRESS(MATCH("",$A:$A,-1),1,1,1)),$A16,$K$21:INDIRECT(ADDRESS(MATCH("",$B:$B,-1),11,1,1)),"미조치") -> 0 | L16: =COUNTIFS($A$21:INDIRECT(ADDRESS(MATCH("",$A:$A,-1),1,1,1)),$A16,$K$21:INDIRECT(ADDRESS(MATCH("",$B:$B,-1),11,1,1)),"위험수용") -> 0 | M16: =COUNTIFS($A$21:INDIRECT(ADDRESS(MATCH("",$A:$A,-1),1,1,1)),$A16,$K$21:INDIRECT(ADDRESS(MATCH("",$B:$B,-1),11,1,1)),"N/A") -> 0 | N16: =IFERROR($J16/($F16-(M16-G16)),"N/A") -> N/A | O16: =IF(OR($G16=$D16,$D16=$M16),"N/A", ($T16/$U16)) -> 1 | R16: =SUMIF($A$21:$A$995, $A16, $R$21:$R$995) -> 6 | S16: =SUMIF($A$21:$A$995, $A16, $S$21:$S$995) -> 6 | T16: =SUMIF($A$21:$A$995, $A16, $R$21:$R$995) -> 6 | U16: =SUMIF($A$21:$A$995, $A16, $R$21:$R$995) -> 6 | V16: =B16 -> 0 | X16: =H16 -> 1 | Y16: =O16 -> 1
A17: 전체 보안 수준 | D17: =SUM(D12:D16) -> 59 | E17: =SUM(E12:E16) -> 41 | F17: =SUM(F12:F16) -> 18 | G17: =SUM(G12:G16) -> 0 | H17: =IF($G17=$D17, "N/A", (S17/R17)) -> 0.65753425 | J17: =SUM(J12:J16) -> 18 | K17: =SUM(K12:K16) -> 0 | L17: =SUM(L12:L16) -> 0 | M17: =SUM(M12:M16) -> 0 | N17: =IF($O17="N/A","N/A",IFERROR($J17/($F17-(M17-G17)),"N/A")) -> 1 | O17: =IF($G17=$D17, "N/A", IFERROR((T17/U17),"N/A")) -> 1 | R17: =SUM(R12:R16) -> 146 | S17: =SUM(S12:S16) -> 96 | T17: =SUM(T12:T16) -> 146 | U17: =SUM(U12:U16) -> 146 | V17: 전채 보안 수준 | X17: =H17 -> 0.65753425 | Y17: =O17 -> 1
A19: ② 상세 진단 현황 | R19: HIDDEN 필드입니다
A20: 분류 | C20: 진단 항목 | F20: 중요도 | H20: 진단 결과 | I20: 현황 및 문제점 | J20: 이행 결과 | K20: 이행여부 | L20: 조치 현황 | Q20: 개선방안 및 보호대책 | R20: 전체점수(이행전) | S20: 평가점수 (이행 전) | T20: 평가점수 (이행 후) | U20: 전체점수(이행 후) | V20: 이행 결과
A21: =ChkList!A5 -> 계정 관리 | B21: =ChkList!B5 -> U-01 | C21: =ChkList!C5 -> root 계정 원격 접속 제한 | F21: =ChkList!D5 -> H | G21: =ChkList!E5 -> 3 | H21: Y | I21: root 계정 원격 접속 제한 설정값 변경 /etc/default/login, /etc/ssh/sshd_config 설정 수정 | J21: Y | K21: =IF($J21="", "", IF(OR($H21="Y", $H21="N/A",$H21="Y(즉시조치)"), $H21, IF(AND($H21="N", $J21="Y"), "조치", IF(AND($H21="N",$J21="N/A"), "N/A", IF(IFERROR(FIND("위험수용", $L21), 0), "위험수용", "미조치"))))) -> Y | L21: root 계정 원격 접속 제한 상태로 양호함 PermitRootLogin no | Q21: =IF($J21="",IF(OR($H21="N",$H21="인터뷰"), ChkList!$F6, ""), IF(OR($J21="N",$J21="인터뷰"), ChkList!$F6, "")) | R21: =IF($H21="N/A",0,VLOOKUP($F21,'parm(hidden)'!$B$8:$C$10,2,FALSE))*1 -> 3 | S21: =IFERROR(VLOOKUP($F21,'parm(hidden)'!$B$8:$C$10,2,FALSE)*VLOOKUP($H21,'parm(hidden)'!$B$15:$C$19,2,FALSE),0) -> 3 | T21: =IFERROR(VLOOKUP($F21,'parm(hidden)'!$B$8:$C$10,2,FALSE)*VLOOKUP($K21,$V$22:$W$27,2,FALSE),0) -> 3 | U21: =IF($J21="N/A",0,VLOOKUP($F21,'parm(hidden)'!$B$8:$C$10,2,FALSE))*1 -> 3 | V21: 결과 | W21: 점수
A22: =ChkList!A6 -> 계정 관리 | B22: =ChkList!B6 -> U-02 | C22: =ChkList!C6 -> 비밀번호 관리정책 설정 | F22: =ChkList!D6 -> H | G22: =ChkList!E6 -> 3 | H22: Y | I22: 비밀번호 관리 정책 설정값 변경 /etc/login.defs, /etc/security/pwquality.conf, /etc/security/pwhistory.conf, /etc/login.defs 파일 설정 수정 | J22: Y | K22: =IF($J22="", "", IF(OR($H22="Y", $H22="N/A",$H22="Y(즉시조치)"), $H22, IF(AND($H22="N", $J22="Y"), "조치", IF(AND($H22="N",$J22="N/A"), "N/A", IF(IFERROR(FIND("위험수용", $L22), 0), "위험수용", "미조치"))))) -> Y | L22: 패스워드 복잡성이 설정된 상태로 양호함 최소길이 8자리 이상, 영문·숫자·특수문자 최소 입력 기능이 설정 | Q22: =IF($J22="",IF(OR($H22="N",$H22="인터뷰"), ChkList!$F7, ""), IF(OR($J22="N",$J22="인터뷰"), ChkList!$F7, "")) | R22: =IF($H22="N/A",0,VLOOKUP($F22,'parm(hidden)'!$B$8:$C$10,2,FALSE))*1 -> 3 | S22: =IFERROR(VLOOKUP($F22,'parm(hidden)'!$B$8:$C$10,2,FALSE)*VLOOKUP($H22,'parm(hidden)'!$B$15:$C$19,2,FALSE),0) -> 3 | T22: =IFERROR(VLOOKUP($F22,'parm(hidden)'!$B$8:$C$10,2,FALSE)*VLOOKUP($K22,$V$22:$W$27,2,FALSE),0) -> 3 | U22: =IF($J22="N/A",0,VLOOKUP($F22,'parm(hidden)'!$B$8:$C$10,2,FALSE))*1 -> 3 | V22: 조치 | W22: 1
A23: =ChkList!A7 -> 계정 관리 | B23: =ChkList!B7 -> U-03 | C23: =ChkList!C7 -> 계정 잠금 임계값 설정 | F23: =ChkList!D7 -> H | G23: =ChkList!E7 -> 3 | H23: Y | I23: authselect 명령어를 사용한 계정 잠금 임계값 설정 완료 etc/securiy/faillock.conf 파일 설정 수정 | J23: Y | K23: =IF($J23="", "", IF(OR($H23="Y", $H23="N/A",$H23="Y(즉시조치)"), $H23, IF(AND($H23="N", $J23="Y"), "조치", IF(AND($H23="N",$J23="N/A"), "N/A", IF(IFERROR(FIND("위험수용", $L23), 0), "위험수용", "미조치"))))) -> Y | L23: 계정 임계값이 설정된 상태로 양호함 pam_faillock.so 모듈 및 임계값이 설정되어있음(deny=5) | Q23: =IF($J23="",IF(OR($H23="N",$H23="인터뷰"), ChkList!$F8, ""), IF(OR($J23="N",$J23="인터뷰"), ChkList!$F8, "")) | R23: =IF($H23="N/A",0,VLOOKUP($F23,'parm(hidden)'!$B$8:$C$10,2,FALSE))*1 -> 3 | S23: =IFERROR(VLOOKUP($F23,'parm(hidden)'!$B$8:$C$10,2,FALSE)*VLOOKUP($H23,'parm(hidden)'!$B$15:$C$19,2,FALSE),0) -> 3 | T23: =IFERROR(VLOOKUP($F23,'parm(hidden)'!$B$8:$C$10,2,FALSE)*VLOOKUP($K23,$V$22:$W$27,2,FALSE),0) -> 3 | U23: =IF($J23="N/A",0,VLOOKUP($F23,'parm(hidden)'!$B$8:$C$10,2,FALSE))*1 -> 3 | V23: 미조치 | W23: 0
A24: =ChkList!A8 -> 계정 관리 | B24: =ChkList!B8 -> U-04 | C24: =ChkList!C8 -> 비밀번호 파일 보호 | F24: =ChkList!D8 -> H | G24: =ChkList!E8 -> 3 | H24: Y | I24: 현재 설정 완료되있는 상태이므로 양호함 쉐도우 비밀번호 적용중 | J24: Y | K24: =IF($J24="", "", IF(OR($H24="Y", $H24="N/A",$H24="Y(즉시조치)"), $H24, IF(AND($H24="N", $J24="Y"), "조치", IF(AND($H24="N",$J24="N/A"), "N/A", IF(IFERROR(FIND("위험수용", $L24), 0), "위험수용", "미조치"))))) -> Y | L24: 현재 설정 완료 상태이므로 양호함 shadow 패스워드 사용 및 암호화 | Q24: =IF($J24="",IF(OR($H24="N",$H24="인터뷰"), ChkList!$F9, ""), IF(OR($J24="N",$J24="인터뷰"), ChkList!$F9, "")) | R24: =IF($H24="N/A",0,VLOOKUP($F24,'parm(hidden)'!$B$8:$C$10,2,FALSE))*1 -> 3 | S24: =IFERROR(VLOOKUP($F24,'parm(hidden)'!$B$8:$C$10,2,FALSE)*VLOOKUP($H24,'parm(hidden)'!$B$15:$C$19,2,FALSE),0) -> 3 | T24: =IFERROR(VLOOKUP($F24,'parm(hidden)'!$B$8:$C$10,2,FALSE)*VLOOKUP($K24,$V$22:$W$27,2,FALSE),0) -> 3 | U24: =IF($J24="N/A",0,VLOOKUP($F24,'parm(hidden)'!$B$8:$C$10,2,FALSE))*1 -> 3 | V24: 위험수용 | W24: 0
A25: =ChkList!A9 -> 계정 관리 | B25: =ChkList!B9 -> U-05 | C25: =ChkList!C9 -> root 이외의 UID가 ‘0’ 금지 | F25: =ChkList!D9 -> H | G25: =ChkList!E9 -> 3 | H25: Y | I25: 현재 설정 완료되있는 상태이므로 양호함 UID=0을 가진 계정은 root만 존재함 | J25: Y | K25: =IF($J25="", "", IF(OR($H25="Y", $H25="N/A",$H25="Y(즉시조치)"), $H25, IF(AND($H25="N", $J25="Y"), "조치", IF(AND($H25="N",$J25="N/A"), "N/A", IF(IFERROR(FIND("위험수용", $L25), 0), "위험수용", "미조치"))))) -> Y | L25: 현재 설정 완료상태이므로 양호함 UID=0을 가진 계정은 root 하나만 존재 | Q25: =IF($J25="",IF(OR($H25="N",$H25="인터뷰"), ChkList!$F10, ""), IF(OR($J25="N",$J25="인터뷰"), ChkList!$F10, "")) | R25: =IF($H25="N/A",0,VLOOKUP($F25,'parm(hidden)'!$B$8:$C$10,2,FALSE))*1 -> 3 | S25: =IFERROR(VLOOKUP($F25,'parm(hidden)'!$B$8:$C$10,2,FALSE)*VLOOKUP($H25,'parm(hidden)'!$B$15:$C$19,2,FALSE),0) -> 3 | T25: =IFERROR(VLOOKUP($F25,'parm(hidden)'!$B$8:$C$10,2,FALSE)*VLOOKUP($K25,$V$22:$W$27,2,FALSE),0) -> 3 | U25: =IF($J25="N/A",0,VLOOKUP($F25,'parm(hidden)'!$B$8:$C$10,2,FALSE))*1 -> 3 | V25: N/A | W25: 0
A26: =ChkList!A10 -> 계정 관리 | B26: =ChkList!B10 -> U-06 | C26: =ChkList!C10 -> 사용자 계정 su 기능 제한 | F26: =ChkList!D10 -> H | G26: =ChkList!E10 -> 3 | H26: Y | I26: su 명령어 그룹과 권한 설정 변경 wheel 그룹 및 구성원 내 불필요한 계정 미존재 | J26: Y | K26: =IF($J26="", "", IF(OR($H26="Y", $H26="N/A",$H26="Y(즉시조치)"), $H26, IF(AND($H26="N", $J26="Y"), "조치", IF(AND($H26="N",$J26="N/A"), "N/A", IF(IFERROR(FIND("위험수용", $L26), 0), "위험수용", "미조치"))))) -> Y | L26: 현재 설정 완료상태이므로 양호함 wheel 그룹 및 구성원 내 불필요한 계정 미존재 | Q26: =IF($J26="",IF(OR($H26="N",$H26="인터뷰"), ChkList!$F11, ""), IF(OR($J26="N",$J26="인터뷰"), ChkList!$F11, "")) | R26: =IF($H26="N/A",0,VLOOKUP($F26,'parm(hidden)'!$B$8:$C$10,2,FALSE))*1 -> 3 | S26: =IFERROR(VLOOKUP($F26,'parm(hidden)'!$B$8:$C$10,2,FALSE)*VLOOKUP($H26,'parm(hidden)'!$B$15:$C$19,2,FALSE),0) -> 3 | T26: =IFERROR(VLOOKUP($F26,'parm(hidden)'!$B$8:$C$10,2,FALSE)*VLOOKUP($K26,$V$22:$W$27,2,FALSE),0) -> 3 | U26: =IF($J26="N/A",0,VLOOKUP($F26,'parm(hidden)'!$B$8:$C$10,2,FALSE))*1 -> 3 | V26: Y | W26: 1
A27: =ChkList!A11 -> 계정 관리 | B27: =ChkList!B11 -> U-07 | C27: =ChkList!C11 -> 불필요한 계정 제거 | F27: =ChkList!D11 -> L | G27: =ChkList!E11 -> 1 | H27: Y | I27: 현재 설정 완료되있는 상태이므로 양호함 불필요한 계정이 존재하지 않음 | J27: Y | K27: =IF($J27="", "", IF(OR($H27="Y", $H27="N/A",$H27="Y(즉시조치)"), $H27, IF(AND($H27="N", $J27="Y"), "조치", IF(AND($H27="N",$J27="N/A"), "N/A", IF(IFERROR(FIND("위험수용", $L27), 0), "위험수용", "미조치"))))) -> Y | L27: 현재 설정 완료 상태이므로 양호함 패스워드 최소 길이 8로 설정 | Q27: =IF($J27="",IF(OR($H27="N",$H27="인터뷰"), ChkList!$F12, ""), IF(OR($J27="N",$J27="인터뷰"), ChkList!$F12, "")) | R27: =IF($H27="N/A",0,VLOOKUP($F27,'parm(hidden)'!$B$8:$C$10,2,FALSE))*1 -> 1 | S27: =IFERROR(VLOOKUP($F27,'parm(hidden)'!$B$8:$C$10,2,FALSE)*VLOOKUP($H27,'parm(hidden)'!$B$15:$C$19,2,FALSE),0) -> 1 | T27: =IFERROR(VLOOKUP($F27,'parm(hidden)'!$B$8:$C$10,2,FALSE)*VLOOKUP($K27,$V$22:$W$27,2,FALSE),0) -> 1 | U27: =IF($J27="N/A",0,VLOOKUP($F27,'parm(hidden)'!$B$8:$C$10,2,FALSE))*1 -> 1 | V27: Y(즉시조치) | W27: 1
A28: =ChkList!A12 -> 계정 관리 | B28: =ChkList!B12 -> U-08 | C28: =ChkList!C12 -> 관리자 그룹에 최소한의 계정 포함 | F28: =ChkList!D12 -> M | G28: =ChkList!E12 -> 2 | H28: Y | I28: 현재 설정 완료되있는 상태이므로 양호함 관리자 그룹에 불필요한 계정이 등록되어있지 않음 | J28: Y | K28: =IF($J28="", "", IF(OR($H28="Y", $H28="N/A",$H28="Y(즉시조치)"), $H28, IF(AND($H28="N", $J28="Y"), "조치", IF(AND($H28="N",$J28="N/A"), "N/A", IF(IFERROR(FIND("위험수용", $L28), 0), "위험수용", "미조치"))))) -> Y | L28: 현재 설정 완료 상태이므로 양호함 패스워드 최대 사용기간 90일로 설정 | Q28: =IF($J28="",IF(OR($H28="N",$H28="인터뷰"), ChkList!$F13, ""), IF(OR($J28="N",$J28="인터뷰"), ChkList!$F13, "")) | R28: =IF($H28="N/A",0,VLOOKUP($F28,'parm(hidden)'!$B$8:$C$10,2,FALSE))*1 -> 2 | S28: =IFERROR(VLOOKUP($F28,'parm(hidden)'!$B$8:$C$10,2,FALSE)*VLOOKUP($H28,'parm(hidden)'!$B$15:$C$19,2,FALSE),0) -> 2 | T28: =IFERROR(VLOOKUP($F28,'parm(hidden)'!$B$8:$C$10,2,FALSE)*VLOOKUP($K28,$V$22:$W$27,2,FALSE),0) -> 2 | U28: =IF($J28="N/A",0,VLOOKUP($F28,'parm(hidden)'!$B$8:$C$10,2,FALSE))*1 -> 2
A29: =ChkList!A13 -> 계정 관리 | B29: =ChkList!B13 -> U-09 | C29: =ChkList!C13 -> 계정이 존재하지 않는 GID 금지 | F29: =ChkList!D13 -> L | G29: =ChkList!E13 -> 1 | H29: Y | I29: 현재 설정 완료되있는 상태이므로 양호함 관리자 그룹에 불필요한 계정이 등록되어있지 않음 | J29: Y | K29: =IF($J29="", "", IF(OR($H29="Y", $H29="N/A",$H29="Y(즉시조치)"), $H29, IF(AND($H29="N", $J29="Y"), "조치", IF(AND($H29="N",$J29="N/A"), "N/A", IF(IFERROR(FIND("위험수용", $L29), 0), "위험수용", "미조치"))))) -> Y | L29: 현재 설정 완료 상태이므로 양호함 패스워드 최소 사용기간 1일 | Q29: =IF($J29="",IF(OR($H29="N",$H29="인터뷰"), ChkList!$F14, ""), IF(OR($J29="N",$J29="인터뷰"), ChkList!$F14, "")) | R29: =IF($H29="N/A",0,VLOOKUP($F29,'parm(hidden)'!$B$8:$C$10,2,FALSE))*1 -> 1 | S29: =IFERROR(VLOOKUP($F29,'parm(hidden)'!$B$8:$C$10,2,FALSE)*VLOOKUP($H29,'parm(hidden)'!$B$15:$C$19,2,FALSE),0) -> 1 | T29: =IFERROR(VLOOKUP($F29,'parm(hidden)'!$B$8:$C$10,2,FALSE)*VLOOKUP($K29,$V$22:$W$27,2,FALSE),0) -> 1 | U29: =IF($J29="N/A",0,VLOOKUP($F29,'parm(hidden)'!$B$8:$C$10,2,FALSE))*1 -> 1
A30: =ChkList!A14 -> 계정 관리 | B30: =ChkList!B14 -> U-10 | C30: =ChkList!C14 -> 동일한 UID 금지 | F30: =ChkList!D14 -> M | G30: =ChkList!E14 -> 2 | H30: Y | I30: 현재 설정 완료 상태이므로 양호함 서버 내에 불필요한 계정이 미존재 | J30: Y | K30: =IF($J30="", "", IF(OR($H30="Y", $H30="N/A",$H30="Y(즉시조치)"), $H30, IF(AND($H30="N", $J30="Y"), "조치", IF(AND($H30="N",$J30="N/A"), "N/A", IF(IFERROR(FIND("위험수용", $L30), 0), "위험수용", "미조치"))))) -> Y | L30: 현재 설정 완료 상태이므로 양호함 서버 내에 불필요한 계정이 미존재 | Q30: =IF($J30="",IF(OR($H30="N",$H30="인터뷰"), ChkList!#REF!, ""), IF(OR($J30="N",$J30="인터뷰"), ChkList!#REF!, "")) | R30: =IF($H30="N/A",0,VLOOKUP($F30,'parm(hidden)'!$B$8:$C$10,2,FALSE))*1 -> 2 | S30: =IFERROR(VLOOKUP($F30,'parm(hidden)'!$B$8:$C$10,2,FALSE)*VLOOKUP($H30,'parm(hidden)'!$B$15:$C$19,2,FALSE),0) -> 2 | T30: =IFERROR(VLOOKUP($F30,'parm(hidden)'!$B$8:$C$10,2,FALSE)*VLOOKUP($K30,$V$22:$W$27,2,FALSE),0) -> 2 | U30: =IF($J30="N/A",0,VLOOKUP($F30,'parm(hidden)'!$B$8:$C$10,2,FALSE))*1 -> 2
A31: =ChkList!A15 -> 계정 관리 | B31: =ChkList!B15 -> U-11 | C31: =ChkList!C15 -> 사용자 Shell 점검 | F31: =ChkList!D15 -> L | G31: =ChkList!E15 -> 1 | H31: Y | I31: 현재 설정 완료 상태이므로 양호함 관리자 그룹에 root 계정만 존재 | J31: Y | K31: =IF($J31="", "", IF(OR($H31="Y", $H31="N/A",$H31="Y(즉시조치)"), $H31, IF(AND($H31="N", $J31="Y"), "조치", IF(AND($H31="N",$J31="N/A"), "N/A", IF(IFERROR(FIND("위험수용", $L31), 0), "위험수용", "미조치"))))) -> Y | L31: 현재 설정 완료 상태이므로 양호함 관리자 그룹에 root 계정만 존재 | Q31: =IF($J31="",IF(OR($H31="N",$H31="인터뷰"), ChkList!$F15, ""), IF(OR($J31="N",$J31="인터뷰"), ChkList!$F15, "")) | R31: =IF($H31="N/A",0,VLOOKUP($F31,'parm(hidden)'!$B$8:$C$10,2,FALSE))*1 -> 1 | S31: =IFERROR(VLOOKUP($F31,'parm(hidden)'!$B$8:$C$10,2,FALSE)*VLOOKUP($H31,'parm(hidden)'!$B$15:$C$19,2,FALSE),0) -> 1 | T31: =IFERROR(VLOOKUP($F31,'parm(hidden)'!$B$8:$C$10,2,FALSE)*VLOOKUP($K31,$V$22:$W$27,2,FALSE),0) -> 1 | U31: =IF($J31="N/A",0,VLOOKUP($F31,'parm(hidden)'!$B$8:$C$10,2,FALSE))*1 -> 1
A32: =ChkList!A16 -> 계정 관리 | B32: =ChkList!B16 -> U-12 | C32: =ChkList!C16 -> 세션 종료 시간 설정 | F32: =ChkList!D16 -> L | G32: =ChkList!E16 -> 1 | H32: Y | I32: 현재 설정 완료 상태이므로 양호함 계정 관련 그룹 제외 불필요한 그룹 미존재 | J32: Y | K32: =IF($J32="", "", IF(OR($H32="Y", $H32="N/A",$H32="Y(즉시조치)"), $H32, IF(AND($H32="N", $J32="Y"), "조치", IF(AND($H32="N",$J32="N/A"), "N/A", IF(IFERROR(FIND("위험수용", $L32), 0), "위험수용", "미조치"))))) -> Y | L32: 현재 설정 완료 상태이므로 양호함 계정 관련 그룹 제외 불필요한 그룹 미존재 | Q32: =IF($J32="",IF(OR($H32="N",$H32="인터뷰"), ChkList!$F16, ""), IF(OR($J32="N",$J32="인터뷰"), ChkList!$F16, "")) | R32: =IF($H32="N/A",0,VLOOKUP($F32,'parm(hidden)'!$B$8:$C$10,2,FALSE))*1 -> 1 | S32: =IFERROR(VLOOKUP($F32,'parm(hidden)'!$B$8:$C$10,2,FALSE)*VLOOKUP($H32,'parm(hidden)'!$B$15:$C$19,2,FALSE),0) -> 1 | T32: =IFERROR(VLOOKUP($F32,'parm(hidden)'!$B$8:$C$10,2,FALSE)*VLOOKUP($K32,$V$22:$W$27,2,FALSE),0) -> 1 | U32: =IF($J32="N/A",0,VLOOKUP($F32,'parm(hidden)'!$B$8:$C$10,2,FALSE))*1 -> 1
