Workbook
Name _10월_변동내역_메모_확인: #REF!
Name _Order1: 255
Name _Order2: 255
Name asd: #REF!
Name HTML_CodePage: 949
Name HTML_Control: {"'손익현황'!$A$1:$J$29"}
Name HTML_Description: ""
Name HTML_Email: ""
Name HTML_Header: "손익현황"
Name HTML_LastUpdate: "99-04-13"
Name HTML_LineAfter: FALSE
Name HTML_LineBefore: FALSE
Name HTML_Name: "윤찬영"
Name HTML_OBDlg2: TRUE
Name HTML_OBDlg4: TRUE
Name HTML_OS: 0
Name HTML_PathFile: "C:\d7100\MyHTML.htm"
Name HTML_Title: "결산요약보고3월"
Name MPLS: #REF!
Name MPLS2: #REF!
Name MPLSLine: #REF!
Name N_A: #REF!
Name O: #REF!
Name P: #REF!
Name X: #REF!
Name 건물: {"'손익현황'!$A$1:$J$29"}
Name 건물임.: {"'손익현황'!$A$1:$J$29"}
Name 공: {"'손익현황'!$A$1:$J$29"}
Name 공구: {"'손익현황'!$A$1:$J$29"}
Name 공구기구: {"'손익현황'!$A$1:$J$29"}
Name 구: {"'손익현황'!$A$1:$J$29"}
Name 구축물: {"'손익현황'!$A$1:$J$29"}
Name 구축물임: {"'손익현황'!$A$1:$J$29"}
Name 기계장치: {"'손익현황'!$A$1:$J$29"}
Name 기술2팀: #REF!
Name 기준반영: #REF!
Name 동의여부: #REF!
Name ㅅㅅㅅ: {"'손익현황'!$A$1:$J$29"}
Name 적정성: #REF!
Name 차량운반구: {"'손익현황'!$A$1:$J$29"}
Name 훈: 255

Sheet 표지
F11: 46219

Sheet 자산목록
A1: ■ 자산목록
A3: No. | B3: 호스트명 | C3: IP | D3: 제조업체 | E3: 구분 | F3: 모델명 | G3: OS/SW | H3: 버전 | I3: 자산명/용도 | J3: 설치위치 | K3: 부서 | L3: 담당자 | M3: 비고 | N3: 자산 평가
N4: 기밀성 | O4: 무결성 | P4: 가용성 | Q4: 등급 | R4: 점수(Hidden)
A5: 1 | B5: DHCP_HQ_Win | C5: 10.10.40.17 | D5: Microsoft | E5: - | F5: - | G5: - | H5: 2016 | I5: 본사 DHCP 서버 | J5: 내부망 | K5: 본사 | L5: 이재원 | N5: 3 | O5: 3 | P5: 3 | Q5: =IF(R5>=7,"H",IF(R5>=5,"M","L")) -> H | R5: =SUM(N5:P5) -> 9
A6: 2 | B6: DNS_HQ_Win | C6: 10.10.40.2 | D6: Microsoft | E6: - | F6: - | G6: - | H6: 2016 | I6: 본사 DNS 서버 | J6: DMZ | K6: 본사 | L6: 박성민 | N6: 3 | O6: 3 | P6: 3 | Q6: =IF(R6>=7,"H",IF(R6>=5,"M","L")) -> H | R6: =SUM(N6:P6) -> 9
A7: 3 | B7: DHCP_BR_Win | C7: 10.200.40.17 | D7: Microsoft | E7: - | F7: - | G7: - | H7: 2016 | I7: 지사 DHCP서버 | J7: 내부망 | K7: 지사 | L7: 김도현 | N7: 3 | O7: 3 | P7: 3 | Q7: =IF(R7>=7,"H",IF(R7>=5,"M","L")) -> H | R7: =SUM(N7:P7) -> 9
A8: 4 | B8: DNS_BR_Win | C8: 10.200.40.2 | D8: Microsoft | E8: - | F8: - | G8: - | H8: 2016 | I8: 지사 DNS서버 | J8: DMZ | K8: 지사 | L8: 정하늘 | N8: 3 | O8: 3 | P8: 3 | Q8: =IF(R8>=7,"H",IF(R8>=5,"M","L")) -> H | R8: =SUM(N8:P8) -> 9
T21: ㄴ

Sheet parm(hidden)
B2: 1. 분류 Code
B3: Code
B4: NW
B6: 2. 중요도, 자산등급, 위협도 점수
B7: 중요도 | C7: 점수
B8: H | C8: 3
B9: M | C9: 2
B10: L | C10: 1
B12: 3. 점검결과 점수
B13: 점검 결과 | C13: 점수
C14: 취약점 진단 | D14: 위험평가
B15: Y | C15: 1 | D15: 0
B16: N | C16: 0 | D16: 3 | F16: P | G16: 0.5 | H16: 0.5
B17: N/A | C17: 0 | D17: 0
B18: R/A | C18: 0 | D18: 0
B19: Y(즉시조치) | C19: 1 | D19: 0
B21: 4. DoA
B22: DoA
B23: 21
B25: 5. 자산등급 점수 범위 | F25: 8_2. 위험평가 방법론
B26: 위험 등급 | C26: 점수 범위
C27: 최저 | D27: 최고
B28: H | C28: 7 | D28: 9
B29: M | C29: 5 | D29: 6
B30: L | C30: 3 | D30: 4
B32: 6. 위협도 점수 범위
B33: 위험 등급 | C33: 점수 범위
C34: 최저 | D34: 최고
B35: H | C35: 5 | D35: 6
B36: M | C36: 4 | D36: 4
B37: L | C37: 2 | D37: 3
B39: 7. 위험도 점수 범위
B40: 위험 등급 | C40: 점수 범위
C41: 최저 | D41: 최고
B42: H | C42: =$B$23 -> 21 | D42: 30
B43: M | C43: 11 | D43: =$C$42-1 -> 20
B44: L | C44: 1 | D44: =$C$43-1 -> 10
B46: 8. 위험도 평가표
B47: 8_1. 위험도 평가표
B48: V' | C48: 보호대책 | D48: Y=0(보호대책 있음) | M48: N=1(보호대책 없음)
C49: 취약점(Vulnerability) | D49: L | G49: M | J49: H | M49: L | P49: M | S49: H
B50: 위협(Threats) | D50: L | E50: M | F50: H | G50: L | H50: M | I50: H | J50: L | K50: M | L50: H | M50: L | N50: M | O50: H | P50: L | Q50: M | R50: H | S50: L | T50: M | U50: H
B51: 자산 | C51: L | D51: =VLOOKUP($C51,$B$8:$C$10,2,FALSE)*(1+VLOOKUP($D$49,$B$8:$C$10,2,FALSE)*0*VLOOKUP(D$50,$B$8:$C$10,2,FALSE)) -> 1 | E51: =VLOOKUP($C51,$B$8:$C$10,2,FALSE)*(1+VLOOKUP($D$49,$B$8:$C$10,2,FALSE)*0*VLOOKUP(E$50,$B$8:$C$10,2,FALSE)) -> 1 | F51: =VLOOKUP($C51,$B$8:$C$10,2,FALSE)*(1+VLOOKUP($D$49,$B$8:$C$10,2,FALSE)*0*VLOOKUP(F$50,$B$8:$C$10,2,FALSE)) -> 1 | G51: =VLOOKUP($C51,$B$8:$C$10,2,FALSE)*(1+VLOOKUP($G$49,$B$8:$C$10,2,FALSE)*0*VLOOKUP(G$50,$B$8:$C$10,2,FALSE)) -> 1 | H51: =VLOOKUP($C51,$B$8:$C$10,2,FALSE)*(1+VLOOKUP($G$49,$B$8:$C$10,2,FALSE)*0*VLOOKUP(H$50,$B$8:$C$10,2,FALSE)) -> 1 | I51: =VLOOKUP($C51,$B$8:$C$10,2,FALSE)*(1+VLOOKUP($G$49,$B$8:$C$10,2,FALSE)*0*VLOOKUP(I$50,$B$8:$C$10,2,FALSE)) -> 1 | J51: =VLOOKUP($C51,$B$8:$C$10,2,FALSE)*(1+VLOOKUP($J$49,$B$8:$C$10,2,FALSE)*0*VLOOKUP(J$50,$B$8:$C$10,2,FALSE)) -> 1 | K51: =VLOOKUP($C51,$B$8:$C$10,2,FALSE)*(1+VLOOKUP($J$49,$B$8:$C$10,2,FALSE)*0*VLOOKUP(K$50,$B$8:$C$10,2,FALSE)) -> 1 | L51: =VLOOKUP($C51,$B$8:$C$10,2,FALSE)*(1+VLOOKUP($J$49,$B$8:$C$10,2,FALSE)*0*VLOOKUP(L$50,$B$8:$C$10,2,FALSE)) -> 1 | M51: =VLOOKUP($C51,$B$8:$C$10,2,FALSE)*(1+VLOOKUP($M$49,$B$8:$C$10,2,FALSE)*1*VLOOKUP(M$50,$B$8:$C$10,2,FALSE)) -> 2 | N51: =VLOOKUP($C51,$B$8:$C$10,2,FALSE)*(1+VLOOKUP($M$49,$B$8:$C$10,2,FALSE)*1*VLOOKUP(N$50,$B$8:$C$10,2,FALSE)) -> 3 | O51: =VLOOKUP($C51,$B$8:$C$10,2,FALSE)*(1+VLOOKUP($M$49,$B$8:$C$10,2,FALSE)*1*VLOOKUP(O$50,$B$8:$C$10,2,FALSE)) -> 4 | P51: =VLOOKUP($C51,$B$8:$C$10,2,FALSE)*(1+VLOOKUP($P$49,$B$8:$C$10,2,FALSE)*1*VLOOKUP(P$50,$B$8:$C$10,2,FALSE)) -> 3 | Q51: =VLOOKUP($C51,$B$8:$C$10,2,FALSE)*(1+VLOOKUP($P$49,$B$8:$C$10,2,FALSE)*1*VLOOKUP(Q$50,$B$8:$C$10,2,FALSE)) -> 5 | R51: =VLOOKUP($C51,$B$8:$C$10,2,FALSE)*(1+VLOOKUP($P$49,$B$8:$C$10,2,FALSE)*1*VLOOKUP(R$50,$B$8:$C$10,2,FALSE)) -> 7 | S51: =VLOOKUP($C51,$B$8:$C$10,2,FALSE)*(1+VLOOKUP($S$49,$B$8:$C$10,2,FALSE)*1*VLOOKUP(S$50,$B$8:$C$10,2,FALSE)) -> 4 | T51: =VLOOKUP($C51,$B$8:$C$10,2,FALSE)*(1+VLOOKUP($S$49,$B$8:$C$10,2,FALSE)*1*VLOOKUP(T$50,$B$8:$C$10,2,FALSE)) -> 7 | U51: =VLOOKUP($C51,$B$8:$C$10,2,FALSE)*(1+VLOOKUP($S$49,$B$8:$C$10,2,FALSE)*1*VLOOKUP(U$50,$B$8:$C$10,2,FALSE)) -> 10
C52: M | D52: =VLOOKUP($C52,$B$8:$C$10,2,FALSE)*(1+VLOOKUP($D$49,$B$8:$C$10,2,FALSE)*0*VLOOKUP(D$50,$B$8:$C$10,2,FALSE)) -> 2 | E52: =VLOOKUP($C52,$B$8:$C$10,2,FALSE)*(1+VLOOKUP($D$49,$B$8:$C$10,2,FALSE)*0*VLOOKUP(E$50,$B$8:$C$10,2,FALSE)) -> 2 | F52: =VLOOKUP($C52,$B$8:$C$10,2,FALSE)*(1+VLOOKUP($D$49,$B$8:$C$10,2,FALSE)*0*VLOOKUP(F$50,$B$8:$C$10,2,FALSE)) -> 2 | G52: =VLOOKUP($C52,$B$8:$C$10,2,FALSE)*(1+VLOOKUP($G$49,$B$8:$C$10,2,FALSE)*0*VLOOKUP(G$50,$B$8:$C$10,2,FALSE)) -> 2 | H52: =VLOOKUP($C52,$B$8:$C$10,2,FALSE)*(1+VLOOKUP($G$49,$B$8:$C$10,2,FALSE)*0*VLOOKUP(H$50,$B$8:$C$10,2,FALSE)) -> 2 | I52: =VLOOKUP($C52,$B$8:$C$10,2,FALSE)*(1+VLOOKUP($G$49,$B$8:$C$10,2,FALSE)*0*VLOOKUP(I$50,$B$8:$C$10,2,FALSE)) -> 2 | J52: =VLOOKUP($C52,$B$8:$C$10,2,FALSE)*(1+VLOOKUP($J$49,$B$8:$C$10,2,FALSE)*0*VLOOKUP(J$50,$B$8:$C$10,2,FALSE)) -> 2 | K52: =VLOOKUP($C52,$B$8:$C$10,2,FALSE)*(1+VLOOKUP($J$49,$B$8:$C$10,2,FALSE)*0*VLOOKUP(K$50,$B$8:$C$10,2,FALSE)) -> 2 | L52: =VLOOKUP($C52,$B$8:$C$10,2,FALSE)*(1+VLOOKUP($J$49,$B$8:$C$10,2,FALSE)*0*VLOOKUP(L$50,$B$8:$C$10,2,FALSE)) -> 2 | M52: =VLOOKUP($C52,$B$8:$C$10,2,FALSE)*(1+VLOOKUP($M$49,$B$8:$C$10,2,FALSE)*1*VLOOKUP(M$50,$B$8:$C$10,2,FALSE)) -> 4 | N52: =VLOOKUP($C52,$B$8:$C$10,2,FALSE)*(1+VLOOKUP($M$49,$B$8:$C$10,2,FALSE)*1*VLOOKUP(N$50,$B$8:$C$10,2,FALSE)) -> 6 | O52: =VLOOKUP($C52,$B$8:$C$10,2,FALSE)*(1+VLOOKUP($M$49,$B$8:$C$10,2,FALSE)*1*VLOOKUP(O$50,$B$8:$C$10,2,FALSE)) -> 8 | P52: =VLOOKUP($C52,$B$8:$C$10,2,FALSE)*(1+VLOOKUP($P$49,$B$8:$C$10,2,FALSE)*1*VLOOKUP(P$50,$B$8:$C$10,2,FALSE)) -> 6 | Q52: =VLOOKUP($C52,$B$8:$C$10,2,FALSE)*(1+VLOOKUP($P$49,$B$8:$C$10,2,FALSE)*1*VLOOKUP(Q$50,$B$8:$C$10,2,FALSE)) -> 10 | R52: =VLOOKUP($C52,$B$8:$C$10,2,FALSE)*(1+VLOOKUP($P$49,$B$8:$C$10,2,FALSE)*1*VLOOKUP(R$50,$B$8:$C$10,2,FALSE)) -> 14 | S52: =VLOOKUP($C52,$B$8:$C$10,2,FALSE)*(1+VLOOKUP($S$49,$B$8:$C$10,2,FALSE)*1*VLOOKUP(S$50,$B$8:$C$10,2,FALSE)) -> 8 | T52: =VLOOKUP($C52,$B$8:$C$10,2,FALSE)*(1+VLOOKUP($S$49,$B$8:$C$10,2,FALSE)*1*VLOOKUP(T$50,$B$8:$C$10,2,FALSE)) -> 14 | U52: =VLOOKUP($C52,$B$8:$C$10,2,FALSE)*(1+VLOOKUP($S$49,$B$8:$C$10,2,FALSE)*1*VLOOKUP(U$50,$B$8:$C$10,2,FALSE)) -> 20
C53: H | D53: =VLOOKUP($C53,$B$8:$C$10,2,FALSE)*(1+VLOOKUP($D$49,$B$8:$C$10,2,FALSE)*0*VLOOKUP(D$50,$B$8:$C$10,2,FALSE)) -> 3 | E53: =VLOOKUP($C53,$B$8:$C$10,2,FALSE)*(1+VLOOKUP($D$49,$B$8:$C$10,2,FALSE)*0*VLOOKUP(E$50,$B$8:$C$10,2,FALSE)) -> 3 | F53: =VLOOKUP($C53,$B$8:$C$10,2,FALSE)*(1+VLOOKUP($D$49,$B$8:$C$10,2,FALSE)*0*VLOOKUP(F$50,$B$8:$C$10,2,FALSE)) -> 3 | G53: =VLOOKUP($C53,$B$8:$C$10,2,FALSE)*(1+VLOOKUP($G$49,$B$8:$C$10,2,FALSE)*0*VLOOKUP(G$50,$B$8:$C$10,2,FALSE)) -> 3 | H53: =VLOOKUP($C53,$B$8:$C$10,2,FALSE)*(1+VLOOKUP($G$49,$B$8:$C$10,2,FALSE)*0*VLOOKUP(H$50,$B$8:$C$10,2,FALSE)) -> 3 | I53: =VLOOKUP($C53,$B$8:$C$10,2,FALSE)*(1+VLOOKUP($G$49,$B$8:$C$10,2,FALSE)*0*VLOOKUP(I$50,$B$8:$C$10,2,FALSE)) -> 3 | J53: =VLOOKUP($C53,$B$8:$C$10,2,FALSE)*(1+VLOOKUP($J$49,$B$8:$C$10,2,FALSE)*0*VLOOKUP(J$50,$B$8:$C$10,2,FALSE)) -> 3 | K53: =VLOOKUP($C53,$B$8:$C$10,2,FALSE)*(1+VLOOKUP($J$49,$B$8:$C$10,2,FALSE)*0*VLOOKUP(K$50,$B$8:$C$10,2,FALSE)) -> 3 | L53: =VLOOKUP($C53,$B$8:$C$10,2,FALSE)*(1+VLOOKUP($J$49,$B$8:$C$10,2,FALSE)*0*VLOOKUP(L$50,$B$8:$C$10,2,FALSE)) -> 3 | M53: =VLOOKUP($C53,$B$8:$C$10,2,FALSE)*(1+VLOOKUP($M$49,$B$8:$C$10,2,FALSE)*1*VLOOKUP(M$50,$B$8:$C$10,2,FALSE)) -> 6 | N53: =VLOOKUP($C53,$B$8:$C$10,2,FALSE)*(1+VLOOKUP($M$49,$B$8:$C$10,2,FALSE)*1*VLOOKUP(N$50,$B$8:$C$10,2,FALSE)) -> 9 | O53: =VLOOKUP($C53,$B$8:$C$10,2,FALSE)*(1+VLOOKUP($M$49,$B$8:$C$10,2,FALSE)*1*VLOOKUP(O$50,$B$8:$C$10,2,FALSE)) -> 12 | P53: =VLOOKUP($C53,$B$8:$C$10,2,FALSE)*(1+VLOOKUP($P$49,$B$8:$C$10,2,FALSE)*1*VLOOKUP(P$50,$B$8:$C$10,2,FALSE)) -> 9 | Q53: =VLOOKUP($C53,$B$8:$C$10,2,FALSE)*(1+VLOOKUP($P$49,$B$8:$C$10,2,FALSE)*1*VLOOKUP(Q$50,$B$8:$C$10,2,FALSE)) -> 15 | R53: =VLOOKUP($C53,$B$8:$C$10,2,FALSE)*(1+VLOOKUP($P$49,$B$8:$C$10,2,FALSE)*1*VLOOKUP(R$50,$B$8:$C$10,2,FALSE)) -> 21 | S53: =VLOOKUP($C53,$B$8:$C$10,2,FALSE)*(1+VLOOKUP($S$49,$B$8:$C$10,2,FALSE)*1*VLOOKUP(S$50,$B$8:$C$10,2,FALSE)) -> 12 | T53: =VLOOKUP($C53,$B$8:$C$10,2,FALSE)*(1+VLOOKUP($S$49,$B$8:$C$10,2,FALSE)*1*VLOOKUP(T$50,$B$8:$C$10,2,FALSE)) -> 21 | U53: =VLOOKUP($C53,$B$8:$C$10,2,FALSE)*(1+VLOOKUP($S$49,$B$8:$C$10,2,FALSE)*1*VLOOKUP(U$50,$B$8:$C$10,2,FALSE)) -> 30

Sheet ChkList
A1: ■ Check List
A3: 취약점 진단항목 | F3: 개선방안 및 보호대책
A4: 분류 | B4: 항목코드 | C4: 진단항목 | D4: 중요도 | E4: 위험도 | F4: windows
A5: 계정 관리 | B5: W-01 | C5: Administrator 계정 이름 변경 등 보안성 강화 | D5: H | E5: 3 | F5: Administrator 기본 계정 이름 변경 및 보안성이 있는 비밀번호 설정
A6: 계정 관리 | B6: W-02 | C6: Guest 계정 비활성화 | D6: H | E6: 3 | F6: Guest 계정 비활성화
A7: 계정 관리 | B7: W-03 | C7: 불필요한 계정 제거 | D7: H | E7: 3 | F7: 현재 계정 현황 확인 후 불필요한 계정 삭제
A8: 계정 관리 | B8: W-04 | C8: 계정 잠금 임계값 설정 | D8: H | E8: 3 | F8: 계정 잠금 임계값을 5 이하의 값으로 설정
A9: 계정 관리 | B9: W-05 | C9: 해독 가능한 암호화를 사용하여 암호 저장 해제 | D9: H | E9: 3 | F9: “해독 가능한 암호화를 사용하여 암호 저장”을 “사용 안 함”으로 설정
A10: 계정 관리 | B10: W-06 | C10: 관리자 그룹에 최소한의 사용자 포함 | D10: H | E10: 3 | F10: Administrators 그룹에 포함된 불필요한 계정 제거
A11: 계정 관리 | B11: W-07 | C11: Everyone 사용 권한을 익명 사용자에 적용 | D11: M | E11: 2 | F11: “Everyone 사용 권한을 익명 사용자에게 적용”정책을 “사용 안 함”으로 설정
A12: 계정 관리 | B12: W-08 | C12: 계정 잠금 기간 설정 | D12: M | E12: 2 | F12: “계정 잠금 기간” 및 “잠금 기간 원래대로 설정 기간” 60분 이상으로 설정
A13: 계정 관리 | B13: W-09 | C13: 비밀번호 관리 정책 설정 | D13: H | E13: 3 | F13: 비밀번호 복잡성, 최소 비밀번호 길이, 최대/최소 사용 기간을 기준에 맞게 설정
A14: 계정 관리 | B14: W-10 | C14: 마지막 사용자 이름 표시 안 함 | D14: M | E14: 2 | F14: ※ Windows NT: 마지막으로 로그온한 사용자 이름 표시 안 함 설정 ※ Windows 2000: 로그온 스크린에 마지막 사용자 이름 표시 안 함 사용 설정 ※ Windows 2003, 2008, 2012, 2016, 2019, 2022: 대화형 로그온: 마지막 사용자 이름 표시 안 함 사용 설정
A15: 계정 관리 | B15: W-11 | C15: 로컬 로그온 허용 | D15: M | E15: 2 | F15: Administrators, IUSR_ 외 다른 계정 및 그룹의 로컬 로그온 제한
A16: 계정 관리 | B16: W-12 | C16: 익명 SID/이름 변환 허용 해제 | D16: M | E16: 2 | F16: “네트워크 액세스: 익명 SID/이름 변환 허용” 정책 “사용 안 함” 설정
... A68: 보안 관리 | B68: W-64 | C68: 윈도우 방화벽 설정 | D68: M | E68: 2 | F68: Windows 방화벽 “사용”으로 설정

Sheet 취약점 진단 통계
A1: ■ 영역별/장비별 보안수준 통계
A3: 1) 영역별 보안수준
A4: 분류 | E4: 진단 결과 | J4: 중요도점수
E5: 전체항목 | F5: 진단항목 | G5: 양호 | H5: 취약 | I5: 해당없음 | J5: 전체점수 | K5: 평가점수 | L5: 보안수준
A6: 계정 관리 | E6: =SUMIF('취약점 진단 항목별 통계'!$A:$A,$A6&"*",'취약점 진단 항목별 통계'!$F:$F) -> 56 | F6: =E6-I6 -> 56 | G6: =SUMIF('취약점 진단 항목별 통계'!$A:$A,$A6&"*",'취약점 진단 항목별 통계'!$G:$G)+SUMIF('취약점 진단 항목별 통계'!$A:$A,$A6&"*",'취약점 진단 항목별 통계'!$H:$H) -> 29 | H6: =SUMIF('취약점 진단 항목별 통계'!$A:$A,$A6&"*",'취약점 진단 항목별 통계'!$I:$I) -> 27 | I6: =SUMIF('취약점 진단 항목별 통계'!$A:$A,$A6&"*",'취약점 진단 항목별 통계'!$J:$J) -> 0 | J6: =SUMIF('취약점 진단 항목별 통계'!$A:$A,$A6&"*",'취약점 진단 항목별 통계'!$K:$K) -> 140 | K6: =SUMIF('취약점 진단 항목별 통계'!$A:$A,$A6&"*",'취약점 진단 항목별 통계'!$L:$L) -> 77 | L6: =IF($I6=$E6,"N/A",(K6/J6)) -> 0.55
A7: 서비스 관리 | E7: =SUMIF('취약점 진단 항목별 통계'!$A:$A,$A7&"*",'취약점 진단 항목별 통계'!$F:$F) -> 92 | F7: =E7-I7 -> 91 | G7: =SUMIF('취약점 진단 항목별 통계'!$A:$A,$A7&"*",'취약점 진단 항목별 통계'!$G:$G)+SUMIF('취약점 진단 항목별 통계'!$A:$A,$A7&"*",'취약점 진단 항목별 통계'!$H:$H) -> 20 | H7: =SUMIF('취약점 진단 항목별 통계'!$A:$A,$A7&"*",'취약점 진단 항목별 통계'!$I:$I) -> 71 | I7: =SUMIF('취약점 진단 항목별 통계'!$A:$A,$A7&"*",'취약점 진단 항목별 통계'!$J:$J) -> 1 | J7: =SUMIF('취약점 진단 항목별 통계'!$A:$A,$A7&"*",'취약점 진단 항목별 통계'!$K:$K) -> 258 | K7: =SUMIF('취약점 진단 항목별 통계'!$A:$A,$A7&"*",'취약점 진단 항목별 통계'!$L:$L) -> 56 | L7: =IF($I7=$E7,"N/A",(K7/J7)) -> 0.21705426
A8: 패치 관리 | E8: =SUMIF('취약점 진단 항목별 통계'!$A:$A,$A8&"*",'취약점 진단 항목별 통계'!$F:$F) -> 8 | F8: =E8-I8 -> 8 | G8: =SUMIF('취약점 진단 항목별 통계'!$A:$A,$A8&"*",'취약점 진단 항목별 통계'!$G:$G)+SUMIF('취약점 진단 항목별 통계'!$A:$A,$A8&"*",'취약점 진단 항목별 통계'!$H:$H) -> 2 | H8: =SUMIF('취약점 진단 항목별 통계'!$A:$A,$A8&"*",'취약점 진단 항목별 통계'!$I:$I) -> 6 | I8: =SUMIF('취약점 진단 항목별 통계'!$A:$A,$A8&"*",'취약점 진단 항목별 통계'!$J:$J) -> 0 | J8: =SUMIF('취약점 진단 항목별 통계'!$A:$A,$A8&"*",'취약점 진단 항목별 통계'!$K:$K) -> 24 | K8: =SUMIF('취약점 진단 항목별 통계'!$A:$A,$A8&"*",'취약점 진단 항목별 통계'!$L:$L) -> 6 | L8: =IF($I8=$E8,"N/A",(K8/J8)) -> 0.25
A9: 로그 관리 | E9: =SUMIF('취약점 진단 항목별 통계'!$A:$A,$A9&"*",'취약점 진단 항목별 통계'!$F:$F) -> 16 | F9: =E9-I9 -> 16 | G9: =SUMIF('취약점 진단 항목별 통계'!$A:$A,$A9&"*",'취약점 진단 항목별 통계'!$G:$G)+SUMIF('취약점 진단 항목별 통계'!$A:$A,$A9&"*",'취약점 진단 항목별 통계'!$H:$H) -> 6 | H9: =SUMIF('취약점 진단 항목별 통계'!$A:$A,$A9&"*",'취약점 진단 항목별 통계'!$I:$I) -> 10 | I9: =SUMIF('취약점 진단 항목별 통계'!$A:$A,$A9&"*",'취약점 진단 항목별 통계'!$J:$J) -> 0 | J9: =SUMIF('취약점 진단 항목별 통계'!$A:$A,$A9&"*",'취약점 진단 항목별 통계'!$K:$K) -> 36 | K9: =SUMIF('취약점 진단 항목별 통계'!$A:$A,$A9&"*",'취약점 진단 항목별 통계'!$L:$L) -> 12 | L9: =IF($I9=$E9,"N/A",(K9/J9)) -> 0.33333333
A10: 보안 관리 | E10: =SUMIF('취약점 진단 항목별 통계'!$A:$A,$A10&"*",'취약점 진단 항목별 통계'!$F:$F) -> 84 | F10: =E10-I10 -> 84 | G10: =SUMIF('취약점 진단 항목별 통계'!$A:$A,$A10&"*",'취약점 진단 항목별 통계'!$G:$G)+SUMIF('취약점 진단 항목별 통계'!$A:$A,$A10&"*",'취약점 진단 항목별 통계'!$H:$H) -> 24 | H10: =SUMIF('취약점 진단 항목별 통계'!$A:$A,$A10&"*",'취약점 진단 항목별 통계'!$I:$I) -> 40 | I10: =SUMIF('취약점 진단 항목별 통계'!$A:$A,$A10&"*",'취약점 진단 항목별 통계'!$J:$J) -> 0 | J10: =SUMIF('취약점 진단 항목별 통계'!$A:$A,$A10&"*",'취약점 진단 항목별 통계'!$K:$K) -> 204 | K10: =SUMIF('취약점 진단 항목별 통계'!$A:$A,$A10&"*",'취약점 진단 항목별 통계'!$L:$L) -> 51 | L10: =IF($I10=$E10,"N/A",(K10/J10)) -> 0.25
A11: 계 | E11: =SUM(E6:E10) -> 256 | F11: =SUM(F6:F10) -> 255 | G11: =SUM(G6:G10) -> 81 | H11: =SUM(H6:H10) -> 154 | I11: =SUM(I6:I10) -> 1 | J11: =SUM(J6:J10) -> 662 | K11: =SUM(K6:K10) -> 202 | L11: =IFERROR(K11/J11,0) -> 0.30513595
A39: 2) 장비별 보안수준
A40: 장비 구분 | E40: 진단 결과 | J40: 중요도점수
E41: 전체항목 | F41: 진단항목 | G41: 양호 | H41: 취약 | I41: 해당없음 | J41: 전체점수 | K41: 평가점수 | L41: 보안수준
A42: =HYPERLINK("["&MID(CELL("filename"),SEARCH("[",CELL("filename"))+1,SEARCH("]",CELL("filename"))-SEARCH("[",CELL("filename"))-1)&"]"&INDIRECT(ADDRESS(ROW()-37,2,1,TRUE,"자산목록"))&"!A1",INDIRECT(ADDRESS(ROW()-37,2,1,TRUE,"자산목록"))) -> DHCP_HQ_Win | C42: =IFERROR(VLOOKUP($A42,자산목록!$B$1:$M$838,8,FALSE),"-") -> 본사 DHCP 서버 | E42: =IFERROR(INDIRECT(ADDRESS(17,4,1,TRUE,$A42)),0) -> 20 | F42: =E42-I42 -> 20 | G42: =IFERROR(INDIRECT(ADDRESS(17,5,1,TRUE,$A42)),0) -> 19 | H42: =IFERROR(INDIRECT(ADDRESS(17,6,1,TRUE,$A42)),0) -> 15 | I42: =IFERROR(INDIRECT(ADDRESS(17,7,1,TRUE,$A42)),0) -> 0 | J42: =IFERROR(INDIRECT(ADDRESS(17,18,1,TRUE,$A42)),0) -> 0 | K42: =IFERROR(INDIRECT(ADDRESS(17,19,1,TRUE,$A42)),0) -> 1 | L42: =IFERROR(INDIRECT(ADDRESS(17,8,1,TRUE,$A42)),0) -> 0
A43: =HYPERLINK("["&MID(CELL("filename"),SEARCH("[",CELL("filename"))+1,SEARCH("]",CELL("filename"))-SEARCH("[",CELL("filename"))-1)&"]"&INDIRECT(ADDRESS(ROW()-37,2,1,TRUE,"자산목록"))&"!A1",INDIRECT(ADDRESS(ROW()-37,2,1,TRUE,"자산목록"))) -> DNS_HQ_Win | C43: =IFERROR(VLOOKUP($A43,자산목록!$B$1:$M$838,8,FALSE),"-") -> 본사 DNS 서버 | E43: =IFERROR(INDIRECT(ADDRESS(17,4,1,TRUE,$A43)),0) -> 20 | F43: =E43-I43 -> 20 | G43: =IFERROR(INDIRECT(ADDRESS(17,5,1,TRUE,$A43)),0) -> 4 | H43: =IFERROR(INDIRECT(ADDRESS(17,6,1,TRUE,$A43)),0) -> 10 | I43: =IFERROR(INDIRECT(ADDRESS(17,7,1,TRUE,$A43)),0) -> 0 | J43: =IFERROR(INDIRECT(ADDRESS(17,18,1,TRUE,$A43)),0) -> 48 | K43: =IFERROR(INDIRECT(ADDRESS(17,19,1,TRUE,$A43)),0) -> 0 | L43: =IFERROR(INDIRECT(ADDRESS(17,8,1,TRUE,$A43)),0) -> 0
A44: =HYPERLINK("["&MID(CELL("filename"),SEARCH("[",CELL("filename"))+1,SEARCH("]",CELL("filename"))-SEARCH("[",CELL("filename"))-1)&"]"&INDIRECT(ADDRESS(ROW()-37,2,1,TRUE,"자산목록"))&"!A1",INDIRECT(ADDRESS(ROW()-37,2,1,TRUE,"자산목록"))) -> DHCP_BR_Win | C44: =IFERROR(VLOOKUP($A44,자산목록!$B$1:$M$838,8,FALSE),"-") -> 지사 DHCP서버 | E44: =IFERROR(INDIRECT(ADDRESS(17,4,1,TRUE,$A44)),0) -> 20 | F44: =E44-I44 -> 20 | G44: =IFERROR(INDIRECT(ADDRESS(17,5,1,TRUE,$A44)),0) -> 4 | H44: =IFERROR(INDIRECT(ADDRESS(17,6,1,TRUE,$A44)),0) -> 10 | I44: =IFERROR(INDIRECT(ADDRESS(17,7,1,TRUE,$A44)),0) -> 0 | J44: =IFERROR(INDIRECT(ADDRESS(17,18,1,TRUE,$A44)),0) -> 48 | K44: =IFERROR(INDIRECT(ADDRESS(17,19,1,TRUE,$A44)),0) -> 0 | L44: =IFERROR(INDIRECT(ADDRESS(17,8,1,TRUE,$A44)),0) -> 0
A45: =HYPERLINK("["&MID(CELL("filename"),SEARCH("[",CELL("filename"))+1,SEARCH("]",CELL("filename"))-SEARCH("[",CELL("filename"))-1)&"]"&INDIRECT(ADDRESS(ROW()-37,2,1,TRUE,"자산목록"))&"!A1",INDIRECT(ADDRESS(ROW()-37,2,1,TRUE,"자산목록"))) -> DNS_BR_Win | C45: =IFERROR(VLOOKUP($A45,자산목록!$B$1:$M$838,8,FALSE),"-") -> 지사 DNS서버 | E45: =IFERROR(INDIRECT(ADDRESS(17,4,1,TRUE,$A45)),0) -> 20 | F45: =E45-I45 -> 20 | G45: =IFERROR(INDIRECT(ADDRESS(17,5,1,TRUE,$A45)),0) -> 4 | H45: =IFERROR(INDIRECT(ADDRESS(17,6,1,TRUE,$A45)),0) -> 10 | I45: =IFERROR(INDIRECT(ADDRESS(17,7,1,TRUE,$A45)),0) -> 0 | J45: =IFERROR(INDIRECT(ADDRESS(17,18,1,TRUE,$A45)),0) -> 48 | K45: =IFERROR(INDIRECT(ADDRESS(17,19,1,TRUE,$A45)),0) -> 0 | L45: =IFERROR(INDIRECT(ADDRESS(17,8,1,TRUE,$A45)),0) -> 0
A46: =HYPERLINK("["&MID(CELL("filename"),SEARCH("[",CELL("filename"))+1,SEARCH("]",CELL("filename"))-SEARCH("[",CELL("filename"))-1)&"]"&INDIRECT(ADDRESS(ROW()-37,2,1,TRUE,"자산목록"))&"!A1",INDIRECT(ADDRESS(ROW()-37,2,1,TRUE,"자산목록"))) -> 0 | C46: =IFERROR(VLOOKUP($A46,자산목록!$B$1:$M$838,8,FALSE),"-") -> - | E46: =IFERROR(INDIRECT(ADDRESS(17,4,1,TRUE,$A46)),0) -> 0 | F46: =E46-I46 -> 0 | G46: =IFERROR(INDIRECT(ADDRESS(17,5,1,TRUE,$A46)),0) -> 0 | H46: =IFERROR(INDIRECT(ADDRESS(17,6,1,TRUE,$A46)),0) -> 0 | I46: =IFERROR(INDIRECT(ADDRESS(17,7,1,TRUE,$A46)),0) -> 0 | J46: =IFERROR(INDIRECT(ADDRESS(17,18,1,TRUE,$A46)),0) -> 0 | K46: =IFERROR(INDIRECT(ADDRESS(17,19,1,TRUE,$A46)),0) -> 0 | L46: =IFERROR(INDIRECT(ADDRESS(17,8,1,TRUE,$A46)),0) -> 0
A47: =HYPERLINK("["&MID(CELL("filename"),SEARCH("[",CELL("filename"))+1,SEARCH("]",CELL("filename"))-SEARCH("[",CELL("filename"))-1)&"]"&INDIRECT(ADDRESS(ROW()-37,2,1,TRUE,"자산목록"))&"!A1",INDIRECT(ADDRESS(ROW()-37,2,1,TRUE,"자산목록"))) -> 0 | C47: =IFERROR(VLOOKUP($A47,자산목록!$B$1:$M$838,8,FALSE),"-") -> - | E47: =IFERROR(INDIRECT(ADDRESS(17,4,1,TRUE,$A47)),0) -> 0 | F47: =E47-I47 -> 0 | G47: =IFERROR(INDIRECT(ADDRESS(17,5,1,TRUE,$A47)),0) -> 0 | H47: =IFERROR(INDIRECT(ADDRESS(17,6,1,TRUE,$A47)),0) -> 0 | I47: =IFERROR(INDIRECT(ADDRESS(17,7,1,TRUE,$A47)),0) -> 0 | J47: =IFERROR(INDIRECT(ADDRESS(17,18,1,TRUE,$A47)),0) -> 0 | K47: =IFERROR(INDIRECT(ADDRESS(17,19,1,TRUE,$A47)),0) -> 0 | L47: =IFERROR(INDIRECT(ADDRESS(17,8,1,TRUE,$A47)),0) -> 0
A48: =HYPERLINK("["&MID(CELL("filename"),SEARCH("[",CELL("filename"))+1,SEARCH("]",CELL("filename"))-SEARCH("[",CELL("filename"))-1)&"]"&INDIRECT(ADDRESS(ROW()-37,2,1,TRUE,"자산목록"))&"!A1",INDIRECT(ADDRESS(ROW()-37,2,1,TRUE,"자산목록"))) -> 0 | C48: =IFERROR(VLOOKUP($A48,자산목록!$B$1:$M$838,8,FALSE),"-") -> - | E48: =IFERROR(INDIRECT(ADDRESS(17,4,1,TRUE,$A48)),0) -> 0 | F48: =E48-I48 -> 0 | G48: =IFERROR(INDIRECT(ADDRESS(17,5,1,TRUE,$A48)),0) -> 0 | H48: =IFERROR(INDIRECT(ADDRESS(17,6,1,TRUE,$A48)),0) -> 0 | I48: =IFERROR(INDIRECT(ADDRESS(17,7,1,TRUE,$A48)),0) -> 0 | J48: =IFERROR(INDIRECT(ADDRESS(17,18,1,TRUE,$A48)),0) -> 0 | K48: =IFERROR(INDIRECT(ADDRESS(17,19,1,TRUE,$A48)),0) -> 0 | L48: =IFERROR(INDIRECT(ADDRESS(17,8,1,TRUE,$A48)),0) -> 0
A49: 계 | E49: =SUM(E42:E42) -> 20 | F49: =SUM(F42:F42) -> 20 | G49: =SUM(G42:G42) -> 19 | H49: =SUM(H42:H42) -> 15 | I49: =SUM(I42:I42) -> 0 | J49: =SUM(J42:J42) -> 0 | K49: =SUM(K42:K42) -> 1 | L49: =IFERROR(K49/J49,0) -> 0

Sheet 취약점 진단 통계 (이행)
A1: ■ 영역별/장비별 보안수준 통계
A3: 1) 영역별 보안수준
A4: 분류 | E4: 진단 결과 | J4: 이행 결과 | O4: 중요도점수
E5: 전체항목 | F5: 진단항목 | G5: 양호 | H5: 취약 | I5: 해당없음 | J5: 조치 | K5: 미조치 | L5: 위험수용 | M5: 해당없음 | N5: 잔여취약점 (미조치+위험수용) | O5: 전체점수 (이행전) | P5: 전체점수 (이행후) | Q5: 평가점수 (이행전) | R5: 평가점수 (이행후) | S5: 이행율 | T5: 보안수준 (이행 전) | U5: 보안수준 (이행 후)
A6: 계정 관리 | E6: =SUMIF('취약점 진단 항목별 통계 (이행)'!$A:$A,$A6&"*",'취약점 진단 항목별 통계 (이행)'!$F:$F) -> 28 | F6: =E6-I6 -> 28 | G6: =SUMIF('취약점 진단 항목별 통계'!$A:$A,$A6&"*",'취약점 진단 항목별 통계'!$G:$G)+SUMIF('취약점 진단 항목별 통계'!$A:$A,$A6&"*",'취약점 진단 항목별 통계'!$H:$H) -> 29 | H6: =SUMIF('취약점 진단 항목별 통계'!$A:$A,$A6&"*",'취약점 진단 항목별 통계'!$I:$I) -> 27 | I6: =SUMIF('취약점 진단 항목별 통계'!$A:$A,$A6&"*",'취약점 진단 항목별 통계'!$J:$J) -> 0 | J6: =SUMIF('취약점 진단 항목별 통계 (이행)'!$A:$A,$A6&"*",'취약점 진단 항목별 통계 (이행)'!$K:$K) -> 9 | K6: =SUMIF('취약점 진단 항목별 통계 (이행)'!$A:$A,$A6&"*",'취약점 진단 항목별 통계 (이행)'!$L:$L) -> 0 | L6: =SUMIF('취약점 진단 항목별 통계 (이행)'!$A:$A,$A6&"*",'취약점 진단 항목별 통계 (이행)'!$M:$M) -> 0 | M6: =SUMIF('취약점 진단 항목별 통계 (이행)'!$A:$A,$A6&"*",'취약점 진단 항목별 통계 (이행)'!$N:$N) -> 0 | N6: =K6+L6 -> 0 | O6: =SUMIF('취약점 진단 항목별 통계 (이행)'!$A:$A,$A6&"*",'취약점 진단 항목별 통계 (이행)'!$O:$O) -> 70 | P6: =SUMIF('취약점 진단 항목별 통계 (이행)'!$A:$A,$A6&"*",'취약점 진단 항목별 통계 (이행)'!$P:$P) -> 70 | Q6: =SUMIF('취약점 진단 항목별 통계 (이행)'!$A:$A,$A6&"*",'취약점 진단 항목별 통계 (이행)'!$Q:$Q) -> 74 | R6: =SUMIF('취약점 진단 항목별 통계 (이행)'!$A:$A,$A6&"*",'취약점 진단 항목별 통계 (이행)'!$R:$R) -> 96 | S6: =IFERROR($J6/($H6-(M6-I6)),"N/A") -> 0.33333333 | T6: =IF($I6=$E6,"N/A",(Q6/O6)) -> 1.0571429 | U6: =IF(OR($I6=$E6,$E6=$M6),"N/A",($R6/$P6)) -> 1.3714286
A7: 접근 관리 | E7: =SUMIF('취약점 진단 항목별 통계 (이행)'!$A:$A,$A7&"*",'취약점 진단 항목별 통계 (이행)'!$F:$F) -> 0 | F7: =E7-I7 -> 0 | G7: =SUMIF('취약점 진단 항목별 통계'!$A:$A,$A7&"*",'취약점 진단 항목별 통계'!$G:$G)+SUMIF('취약점 진단 항목별 통계'!$A:$A,$A7&"*",'취약점 진단 항목별 통계'!$H:$H) -> 0 | H7: =SUMIF('취약점 진단 항목별 통계'!$A:$A,$A7&"*",'취약점 진단 항목별 통계'!$I:$I) -> 0 | I7: =SUMIF('취약점 진단 항목별 통계'!$A:$A,$A7&"*",'취약점 진단 항목별 통계'!$J:$J) -> 0 | J7: =SUMIF('취약점 진단 항목별 통계 (이행)'!$A:$A,$A7&"*",'취약점 진단 항목별 통계 (이행)'!$K:$K) -> 0 | K7: =SUMIF('취약점 진단 항목별 통계 (이행)'!$A:$A,$A7&"*",'취약점 진단 항목별 통계 (이행)'!$L:$L) -> 0 | L7: =SUMIF('취약점 진단 항목별 통계 (이행)'!$A:$A,$A7&"*",'취약점 진단 항목별 통계 (이행)'!$M:$M) -> 0 | M7: =SUMIF('취약점 진단 항목별 통계 (이행)'!$A:$A,$A7&"*",'취약점 진단 항목별 통계 (이행)'!$N:$N) -> 0 | N7: =K7+L7 -> 0 | O7: =SUMIF('취약점 진단 항목별 통계 (이행)'!$A:$A,$A7&"*",'취약점 진단 항목별 통계 (이행)'!$O:$O) -> 0 | P7: =SUMIF('취약점 진단 항목별 통계 (이행)'!$A:$A,$A7&"*",'취약점 진단 항목별 통계 (이행)'!$P:$P) -> 0 | Q7: =SUMIF('취약점 진단 항목별 통계 (이행)'!$A:$A,$A7&"*",'취약점 진단 항목별 통계 (이행)'!$Q:$Q) -> 0 | R7: =SUMIF('취약점 진단 항목별 통계 (이행)'!$A:$A,$A7&"*",'취약점 진단 항목별 통계 (이행)'!$R:$R) -> 0 | S7: =IFERROR($J7/($H7-(M7-I7)),"N/A") -> N/A | T7: =IF($I7=$E7,"N/A",(Q7/O7)) -> N/A | U7: =IF(OR($I7=$E7,$E7=$M7),"N/A",($R7/$P7)) -> N/A
A8: 패치 관리 | E8: =SUMIF('취약점 진단 항목별 통계 (이행)'!$A:$A,$A8&"*",'취약점 진단 항목별 통계 (이행)'!$F:$F) -> 4 | F8: =E8-I8 -> 4 | G8: =SUMIF('취약점 진단 항목별 통계'!$A:$A,$A8&"*",'취약점 진단 항목별 통계'!$G:$G)+SUMIF('취약점 진단 항목별 통계'!$A:$A,$A8&"*",'취약점 진단 항목별 통계'!$H:$H) -> 2 | H8: =SUMIF('취약점 진단 항목별 통계'!$A:$A,$A8&"*",'취약점 진단 항목별 통계'!$I:$I) -> 6 | I8: =SUMIF('취약점 진단 항목별 통계'!$A:$A,$A8&"*",'취약점 진단 항목별 통계'!$J:$J) -> 0 | J8: =SUMIF('취약점 진단 항목별 통계 (이행)'!$A:$A,$A8&"*",'취약점 진단 항목별 통계 (이행)'!$K:$K) -> 0 | K8: =SUMIF('취약점 진단 항목별 통계 (이행)'!$A:$A,$A8&"*",'취약점 진단 항목별 통계 (이행)'!$L:$L) -> 0 | L8: =SUMIF('취약점 진단 항목별 통계 (이행)'!$A:$A,$A8&"*",'취약점 진단 항목별 통계 (이행)'!$M:$M) -> 0 | M8: =SUMIF('취약점 진단 항목별 통계 (이행)'!$A:$A,$A8&"*",'취약점 진단 항목별 통계 (이행)'!$N:$N) -> 2 | N8: =K8+L8 -> 0 | O8: =SUMIF('취약점 진단 항목별 통계 (이행)'!$A:$A,$A8&"*",'취약점 진단 항목별 통계 (이행)'!$O:$O) -> 12 | P8: =SUMIF('취약점 진단 항목별 통계 (이행)'!$A:$A,$A8&"*",'취약점 진단 항목별 통계 (이행)'!$P:$P) -> 6 | Q8: =SUMIF('취약점 진단 항목별 통계 (이행)'!$A:$A,$A8&"*",'취약점 진단 항목별 통계 (이행)'!$Q:$Q) -> 6 | R8: =SUMIF('취약점 진단 항목별 통계 (이행)'!$A:$A,$A8&"*",'취약점 진단 항목별 통계 (이행)'!$R:$R) -> 6 | S8: =IFERROR($J8/($H8-(M8-I8)),"N/A") -> 0 | T8: =IF($I8=$E8,"N/A",(Q8/O8)) -> 0.5 | U8: =IF(OR($I8=$E8,$E8=$M8),"N/A",($R8/$P8)) -> 1
A9: 로그 관리 | E9: =SUMIF('취약점 진단 항목별 통계 (이행)'!$A:$A,$A9&"*",'취약점 진단 항목별 통계 (이행)'!$F:$F) -> 8 | F9: =E9-I9 -> 8 | G9: =SUMIF('취약점 진단 항목별 통계'!$A:$A,$A9&"*",'취약점 진단 항목별 통계'!$G:$G)+SUMIF('취약점 진단 항목별 통계'!$A:$A,$A9&"*",'취약점 진단 항목별 통계'!$H:$H) -> 6 | H9: =SUMIF('취약점 진단 항목별 통계'!$A:$A,$A9&"*",'취약점 진단 항목별 통계'!$I:$I) -> 10 | I9: =SUMIF('취약점 진단 항목별 통계'!$A:$A,$A9&"*",'취약점 진단 항목별 통계'!$J:$J) -> 0 | J9: =SUMIF('취약점 진단 항목별 통계 (이행)'!$A:$A,$A9&"*",'취약점 진단 항목별 통계 (이행)'!$K:$K) -> 1 | K9: =SUMIF('취약점 진단 항목별 통계 (이행)'!$A:$A,$A9&"*",'취약점 진단 항목별 통계 (이행)'!$L:$L) -> 1 | L9: =SUMIF('취약점 진단 항목별 통계 (이행)'!$A:$A,$A9&"*",'취약점 진단 항목별 통계 (이행)'!$M:$M) -> 0 | M9: =SUMIF('취약점 진단 항목별 통계 (이행)'!$A:$A,$A9&"*",'취약점 진단 항목별 통계 (이행)'!$N:$N) -> 2 | N9: =K9+L9 -> 1 | O9: =SUMIF('취약점 진단 항목별 통계 (이행)'!$A:$A,$A9&"*",'취약점 진단 항목별 통계 (이행)'!$O:$O) -> 14 | P9: =SUMIF('취약점 진단 항목별 통계 (이행)'!$A:$A,$A9&"*",'취약점 진단 항목별 통계 (이행)'!$P:$P) -> 10 | Q9: =SUMIF('취약점 진단 항목별 통계 (이행)'!$A:$A,$A9&"*",'취약점 진단 항목별 통계 (이행)'!$Q:$Q) -> 11 | R9: =SUMIF('취약점 진단 항목별 통계 (이행)'!$A:$A,$A9&"*",'취약점 진단 항목별 통계 (이행)'!$R:$R) -> 12 | S9: =IFERROR($J9/($H9-(M9-I9)),"N/A") -> 0.125 | T9: =IF($I9=$E9,"N/A",(Q9/O9)) -> 0.78571429 | U9: =IF(OR($I9=$E9,$E9=$M9),"N/A",($R9/$P9)) -> 1.2
A10: 기능 관리 | E10: =SUMIF('취약점 진단 항목별 통계 (이행)'!$A:$A,$A10&"*",'취약점 진단 항목별 통계 (이행)'!$F:$F) -> 0 | F10: =E10-I10 -> 0 | G10: =SUMIF('취약점 진단 항목별 통계'!$A:$A,$A10&"*",'취약점 진단 항목별 통계'!$G:$G)+SUMIF('취약점 진단 항목별 통계'!$A:$A,$A10&"*",'취약점 진단 항목별 통계'!$H:$H) -> 0 | H10: =SUMIF('취약점 진단 항목별 통계'!$A:$A,$A10&"*",'취약점 진단 항목별 통계'!$I:$I) -> 0 | I10: =SUMIF('취약점 진단 항목별 통계'!$A:$A,$A10&"*",'취약점 진단 항목별 통계'!$J:$J) -> 0 | J10: =SUMIF('취약점 진단 항목별 통계 (이행)'!$A:$A,$A10&"*",'취약점 진단 항목별 통계 (이행)'!$K:$K) -> 0 | K10: =SUMIF('취약점 진단 항목별 통계 (이행)'!$A:$A,$A10&"*",'취약점 진단 항목별 통계 (이행)'!$L:$L) -> 0 | L10: =SUMIF('취약점 진단 항목별 통계 (이행)'!$A:$A,$A10&"*",'취약점 진단 항목별 통계 (이행)'!$M:$M) -> 0 | M10: =SUMIF('취약점 진단 항목별 통계 (이행)'!$A:$A,$A10&"*",'취약점 진단 항목별 통계 (이행)'!$N:$N) -> 0 | N10: =K10+L10 -> 0 | O10: =SUMIF('취약점 진단 항목별 통계 (이행)'!$A:$A,$A10&"*",'취약점 진단 항목별 통계 (이행)'!$O:$O) -> 0 | P10: =SUMIF('취약점 진단 항목별 통계 (이행)'!$A:$A,$A10&"*",'취약점 진단 항목별 통계 (이행)'!$P:$P) -> 0 | Q10: =SUMIF('취약점 진단 항목별 통계 (이행)'!$A:$A,$A10&"*",'취약점 진단 항목별 통계 (이행)'!$Q:$Q) -> 0 | R10: =SUMIF('취약점 진단 항목별 통계 (이행)'!$A:$A,$A10&"*",'취약점 진단 항목별 통계 (이행)'!$R:$R) -> 0 | S10: =IFERROR($J10/($H10-(M10-I10)),"N/A") -> N/A | T10: =IF($I10=$E10,"N/A",(Q10/O10)) -> N/A | U10: =IF(OR($I10=$E10,$E10=$M10),"N/A",($R10/$P10)) -> N/A
A11: 계 | E11: =SUM(E6:E10) -> 40 | F11: =SUM(F6:F10) -> 40 | G11: =SUM(G6:G10) -> 37 | H11: =SUM(H6:H10) -> 43 | I11: =SUM(I6:I10) -> 0 | J11: =SUM(J6:J10) -> 10 | K11: =SUM(K6:K10) -> 1 | L11: =SUM(L6:L10) -> 0 | ... R11: =SUM(R6:R10) -> 114 | S11: =IFERROR($J11/($H11-(M11-I11)),"N/A") -> 0.25641026 | T11: =IF($I11=$E11,"N/A",(Q11/O11)) -> 0.94791667 | U11: =IF(OR($I11=$E11,$E11=$M11),"N/A",($R11/$P11)) -> 1.3255814
A39: 2) 장비별 보안수준
A40: 장비 구분 | E40: 진단 결과 | J40: 이행 결과 | O40: 중요도점수
E41: 전체항목 | F41: 진단항목 | G41: 양호 | H41: 취약 | I41: 해당없음 | J41: 조치 | K41: 미조치 | L41: 위험수용 | M41: 해당없음 | N41: 잔여취약점 (미조치+위험수용) | O41: 전체점수 (이행전) | P41: 전체점수 (이행후) | Q41: 평가점수 (이행전) | R41: 평가점수 (이행후) | S41: 이행율 | T41: 보안수준 (이행 전) | U41: 보안수준 (이행 후)
A42: =HYPERLINK("["&MID(CELL("filename"),SEARCH("[",CELL("filename"))+1,SEARCH("]",CELL("filename"))-SEARCH("[",CELL("filename"))-1)&"]"&INDIRECT(ADDRESS(ROW()-37,2,1,TRUE,"자산목록"))&"!A1",INDIRECT(ADDRESS(ROW()-37,2,1,TRUE,"자산목록"))) -> DHCP_HQ_Win | C42: =IFERROR(VLOOKUP($A42,자산목록!$B$1:$M$838,8,FALSE),"-") -> 본사 DHCP 서버 | E42: =IFERROR(INDIRECT(ADDRESS(17,4,1,TRUE,$A42)),0) -> 20 | F42: =E42-I42 -> 20 | G42: =IFERROR(INDIRECT(ADDRESS(17,5,1,TRUE,$A42)),0) -> 19 | H42: =IFERROR(INDIRECT(ADDRESS(17,6,1,TRUE,$A42)),0) -> 15 | I42: =IFERROR(INDIRECT(ADDRESS(17,7,1,TRUE,$A42)),0) -> 0 | J42: =IFERROR(INDIRECT(ADDRESS(17,10,1,TRUE,$A42)),0) -> 0 | K42: =IFERROR(INDIRECT(ADDRESS(17,11,1,TRUE,$A42)),0) -> 1 | L42: =IFERROR(INDIRECT(ADDRESS(17,12,1,TRUE,$A42)),0) -> 0 | M42: =IFERROR(INDIRECT(ADDRESS(17,13,1,TRUE,$A42)),0) -> 0 | N42: =K42+L42 -> 1 | O42: =IFERROR(INDIRECT(ADDRESS(17,18,1,TRUE,$A42)),0) -> 0 | P42: =IFERROR(INDIRECT(ADDRESS(17,21,1,TRUE,$A42)),0) -> 37 | Q42: =IFERROR(INDIRECT(ADDRESS(17,19,1,TRUE,$A42)),0) -> 1 | R42: =IFERROR(INDIRECT(ADDRESS(17,20,1,TRUE,$A42)),0) -> 46 | S42: =IFERROR(INDIRECT(ADDRESS(17,14,1,TRUE,$A42)),0) -> 0 | T42: =IFERROR(INDIRECT(ADDRESS(17,8,1,TRUE,$A42)),0) -> 0 | U42: =IFERROR(INDIRECT(ADDRESS(17,15,1,TRUE,$A42)),0) -> 1.2432432
A43: =HYPERLINK("["&MID(CELL("filename"),SEARCH("[",CELL("filename"))+1,SEARCH("]",CELL("filename"))-SEARCH("[",CELL("filename"))-1)&"]"&INDIRECT(ADDRESS(ROW()-37,2,1,TRUE,"자산목록"))&"!A1",INDIRECT(ADDRESS(ROW()-37,2,1,TRUE,"자산목록"))) -> DNS_HQ_Win | C43: =IFERROR(VLOOKUP($A43,자산목록!$B$1:$M$838,8,FALSE),"-") -> 본사 DNS 서버 | E43: =IFERROR(INDIRECT(ADDRESS(17,4,1,TRUE,$A43)),0) -> 20 | F43: =E43-I43 -> 20 | G43: =IFERROR(INDIRECT(ADDRESS(17,5,1,TRUE,$A43)),0) -> 4 | H43: =IFERROR(INDIRECT(ADDRESS(17,6,1,TRUE,$A43)),0) -> 10 | I43: =IFERROR(INDIRECT(ADDRESS(17,7,1,TRUE,$A43)),0) -> 0 | J43: =IFERROR(INDIRECT(ADDRESS(17,10,1,TRUE,$A43)),0) -> 10 | K43: =IFERROR(INDIRECT(ADDRESS(17,11,1,TRUE,$A43)),0) -> 0 | L43: =IFERROR(INDIRECT(ADDRESS(17,12,1,TRUE,$A43)),0) -> 0 | M43: =IFERROR(INDIRECT(ADDRESS(17,13,1,TRUE,$A43)),0) -> 6 | N43: =K43+L43 -> 0 | O43: =IFERROR(INDIRECT(ADDRESS(17,18,1,TRUE,$A43)),0) -> 48 | P43: =IFERROR(INDIRECT(ADDRESS(17,21,1,TRUE,$A43)),0) -> 35 | Q43: =IFERROR(INDIRECT(ADDRESS(17,19,1,TRUE,$A43)),0) -> 0 | R43: =IFERROR(INDIRECT(ADDRESS(17,20,1,TRUE,$A43)),0) -> 35 | S43: =IFERROR(INDIRECT(ADDRESS(17,14,1,TRUE,$A43)),0) -> 2.5 | T43: =IFERROR(INDIRECT(ADDRESS(17,8,1,TRUE,$A43)),0) -> 0 | U43: =IFERROR(INDIRECT(ADDRESS(17,15,1,TRUE,$A43)),0) -> 1
A44: 계 | E44: =SUM(E42:E43) -> 40 | F44: =SUM(F42:F43) -> 40 | G44: =SUM(G42:G43) -> 23 | H44: =SUM(H42:H43) -> 25 | I44: =SUM(I42:I43) -> 0 | J44: =SUM(J42:J43) -> 10 | K44: =SUM(K42:K43) -> 1 | L44: =SUM(L42:L43) -> 0 | ... R44: =SUM(R42:R43) -> 81 | S44: =IFERROR($J44/($H44-(M44-I44)),"N/A") -> 0.52631579 | T44: =IF($I44=$E44,"N/A",(Q44/O44)) -> 0.020833333 | U44: =IF(OR($I44=$E44,$E44=$M44),"N/A",($R44/$P44)) -> 1.125

Sheet 취약점 진단 항목별 통계
A1: ■ 취약점 진단 항목별 통계
A3: =ChkList!A4 -> 분류 | C3: =ChkList!C4 -> 진단항목 | D3: =ChkList!D4 -> 중요도 | F3: 진단 통계 | K3: 중요도 점수 | M3: 진단결과 | N3: 진단결과 | O3: 진단결과 | P3: 진단결과
F4: 전체 | G4: 양호 | H4: 즉시조치 | I4: 취약 | J4: N/A | K4: 전체 | L4: 평가 | M4: =HYPERLINK("["&MID(CELL("filename"),SEARCH("[",CELL("filename"))+1,SEARCH("]",CELL("filename"))-SEARCH("[",CELL("filename"))-1)&"]"&INDIRECT(ADDRESS(COLUMN()-8,2,1,TRUE,"자산목록"))&"!A1",INDIRECT(ADDRESS(COLUMN()-8,2,1,TRUE,"자산목록"))) -> DHCP_HQ_Win | N4: =HYPERLINK("["&MID(CELL("filename"),SEARCH("[",CELL("filename"))+1,SEARCH("]",CELL("filename"))-SEARCH("[",CELL("filename"))-1)&"]"&INDIRECT(ADDRESS(COLUMN()-8,2,1,TRUE,"자산목록"))&"!A1",INDIRECT(ADDRESS(COLUMN()-8,2,1,TRUE,"자산목록"))) -> DNS_HQ_Win | O4: =HYPERLINK("["&MID(CELL("filename"),SEARCH("[",CELL("filename"))+1,SEARCH("]",CELL("filename"))-SEARCH("[",CELL("filename"))-1)&"]"&INDIRECT(ADDRESS(COLUMN()-8,2,1,TRUE,"자산목록"))&"!A1",INDIRECT(ADDRESS(COLUMN()-8,2,1,TRUE,"자산목록"))) -> DHCP_BR_Win | P4: =HYPERLINK("["&MID(CELL("filename"),SEARCH("[",CELL("filename"))+1,SEARCH("]",CELL("filename"))-SEARCH("[",CELL("filename"))-1)&"]"&INDIRECT(ADDRESS(COLUMN()-8,2,1,TRUE,"자산목록"))&"!A1",INDIRECT(ADDRESS(COLUMN()-8,2,1,TRUE,"자산목록"))) -> DNS_BR_Win
A5: =ChkList!$A5 -> 계정 관리 | B5: =ChkList!$B5 -> W-01 | C5: =ChkList!$C5 -> Administrator 계정 이름 변경 등 보안성 강화 | D5: =ChkList!$D5 -> H | E5: =ChkList!E5 -> 3 | F5: =COUNTA($M5:INDIRECT(ADDRESS(ROW(),MATCH("",$4:$4,-1),1,1))) -> 4 | G5: =COUNTIF($M5:INDIRECT(ADDRESS(ROW(),MATCH("",$4:$4,-1),1,1)),"조치완료(Y)")+COUNTIF($M5:INDIRECT(ADDRESS(ROW(),MATCH("",$4:$4,-1),1,1)),"Y") -> 1 | H5: =COUNTIF($M5:INDIRECT(ADDRESS(ROW(),MATCH("",$4:$4,-1),1,1)),"Y(즉시조치)")+COUNTIF($M5:INDIRECT(ADDRESS(ROW(),MATCH("",$4:$4,-1),1,1)),"조치완료(즉시조치)") -> 0 | I5: =COUNTIF($M5:INDIRECT(ADDRESS(ROW(),MATCH("",$4:$4,-1),1,1)),"N") -> 3 | J5: =COUNTIF($M5:INDIRECT(ADDRESS(ROW(),MATCH("",$4:$4,-1),1,1)),"N/A")+COUNTIF($M5:INDIRECT(ADDRESS(ROW(),MATCH("",$4:$4,-1),1,1)),"조치완료(N/A)") -> 0 | K5: =VLOOKUP($D5,'parm(hidden)'!$B$8:$C$10,2,FALSE)*($F5-$J5) -> 12 | L5: =VLOOKUP($D5,'parm(hidden)'!$B$8:$C$10,2,FALSE)*($G5+$H5) -> 3 | M5: =HYPERLINK("["&MID(CELL("filename"),SEARCH("[",CELL("filename"))+1,SEARCH("]",CELL("filename"))-SEARCH("[",CELL("filename"))-1)&"]"&ADDRESS(ROW()+16,8,1,TRUE,M$4),INDIRECT(ADDRESS(ROW()+16,8,1,TRUE,M$4))) -> Y | N5: =HYPERLINK("["&MID(CELL("filename"),SEARCH("[",CELL("filename"))+1,SEARCH("]",CELL("filename"))-SEARCH("[",CELL("filename"))-1)&"]"&ADDRESS(ROW()+16,8,1,TRUE,N$4),INDIRECT(ADDRESS(ROW()+16,8,1,TRUE,N$4))) -> N | O5: =HYPERLINK("["&MID(CELL("filename"),SEARCH("[",CELL("filename"))+1,SEARCH("]",CELL("filename"))-SEARCH("[",CELL("filename"))-1)&"]"&ADDRESS(ROW()+16,8,1,TRUE,O$4),INDIRECT(ADDRESS(ROW()+16,8,1,TRUE,O$4))) -> N | P5: =HYPERLINK("["&MID(CELL("filename"),SEARCH("[",CELL("filename"))+1,SEARCH("]",CELL("filename"))-SEARCH("[",CELL("filename"))-1)&"]"&ADDRESS(ROW()+16,8,1,TRUE,P$4),INDIRECT(ADDRESS(ROW()+16,8,1,TRUE,P$4))) -> N
A6: =ChkList!$A6 -> 계정 관리 | B6: =ChkList!$B6 -> W-02 | C6: =ChkList!$C6 -> Guest 계정 비활성화 | D6: H | E6: =IF(D6="H",3,IF(D6="M",2,IF(D6="L",1,""))) -> 3 | F6: =COUNTA($M6:INDIRECT(ADDRESS(ROW(),MATCH("",$4:$4,-1),1,1))) -> 4 | G6: =COUNTIF($M6:INDIRECT(ADDRESS(ROW(),MATCH("",$4:$4,-1),1,1)),"조치완료(Y)")+COUNTIF($M6:INDIRECT(ADDRESS(ROW(),MATCH("",$4:$4,-1),1,1)),"Y") -> 1 | H6: =COUNTIF($M6:INDIRECT(ADDRESS(ROW(),MATCH("",$4:$4,-1),1,1)),"Y(즉시조치)")+COUNTIF($M6:INDIRECT(ADDRESS(ROW(),MATCH("",$4:$4,-1),1,1)),"조치완료(즉시조치)") -> 0 | I6: =COUNTIF($M6:INDIRECT(ADDRESS(ROW(),MATCH("",$4:$4,-1),1,1)),"N") -> 3 | J6: =COUNTIF($M6:INDIRECT(ADDRESS(ROW(),MATCH("",$4:$4,-1),1,1)),"N/A")+COUNTIF($M6:INDIRECT(ADDRESS(ROW(),MATCH("",$4:$4,-1),1,1)),"조치완료(N/A)") -> 0 | K6: =VLOOKUP($D6,'parm(hidden)'!$B$8:$C$10,2,FALSE)*($F6-$J6) -> 12 | L6: =VLOOKUP($D6,'parm(hidden)'!$B$8:$C$10,2,FALSE)*($G6+$H6) -> 3 | M6: =HYPERLINK("["&MID(CELL("filename"),SEARCH("[",CELL("filename"))+1,SEARCH("]",CELL("filename"))-SEARCH("[",CELL("filename"))-1)&"]"&ADDRESS(ROW()+16,8,1,TRUE,M$4),INDIRECT(ADDRESS(ROW()+16,8,1,TRUE,M$4))) -> Y | N6: =HYPERLINK("["&MID(CELL("filename"),SEARCH("[",CELL("filename"))+1,SEARCH("]",CELL("filename"))-SEARCH("[",CELL("filename"))-1)&"]"&ADDRESS(ROW()+16,8,1,TRUE,N$4),INDIRECT(ADDRESS(ROW()+16,8,1,TRUE,N$4))) -> N | O6: =HYPERLINK("["&MID(CELL("filename"),SEARCH("[",CELL("filename"))+1,SEARCH("]",CELL("filename"))-SEARCH("[",CELL("filename"))-1)&"]"&ADDRESS(ROW()+16,8,1,TRUE,O$4),INDIRECT(ADDRESS(ROW()+16,8,1,TRUE,O$4))) -> N | P6: =HYPERLINK("["&MID(CELL("filename"),SEARCH("[",CELL("filename"))+1,SEARCH("]",CELL("filename"))-SEARCH("[",CELL("filename"))-1)&"]"&ADDRESS(ROW()+16,8,1,TRUE,P$4),INDIRECT(ADDRESS(ROW()+16,8,1,TRUE,P$4))) -> N
A7: =ChkList!$A7 -> 계정 관리 | B7: =ChkList!$B7 -> W-03 | C7: =ChkList!$C7 -> 불필요한 계정 제거 | D7: H | E7: =IF(D7="H",3,IF(D7="M",2,IF(D7="L",1,""))) -> 3 | F7: =COUNTA($M7:INDIRECT(ADDRESS(ROW(),MATCH("",$4:$4,-1),1,1))) -> 4 | G7: =COUNTIF($M7:INDIRECT(ADDRESS(ROW(),MATCH("",$4:$4,-1),1,1)),"조치완료(Y)")+COUNTIF($M7:INDIRECT(ADDRESS(ROW(),MATCH("",$4:$4,-1),1,1)),"Y") -> 4 | H7: =COUNTIF($M7:INDIRECT(ADDRESS(ROW(),MATCH("",$4:$4,-1),1,1)),"Y(즉시조치)")+COUNTIF($M7:INDIRECT(ADDRESS(ROW(),MATCH("",$4:$4,-1),1,1)),"조치완료(즉시조치)") -> 0 | I7: =COUNTIF($M7:INDIRECT(ADDRESS(ROW(),MATCH("",$4:$4,-1),1,1)),"N") -> 0 | J7: =COUNTIF($M7:INDIRECT(ADDRESS(ROW(),MATCH("",$4:$4,-1),1,1)),"N/A")+COUNTIF($M7:INDIRECT(ADDRESS(ROW(),MATCH("",$4:$4,-1),1,1)),"조치완료(N/A)") -> 0 | K7: =VLOOKUP($D7,'parm(hidden)'!$B$8:$C$10,2,FALSE)*($F7-$J7) -> 12 | L7: =VLOOKUP($D7,'parm(hidden)'!$B$8:$C$10,2,FALSE)*($G7+$H7) -> 12 | M7: =HYPERLINK("["&MID(CELL("filename"),SEARCH("[",CELL("filename"))+1,SEARCH("]",CELL("filename"))-SEARCH("[",CELL("filename"))-1)&"]"&ADDRESS(ROW()+16,8,1,TRUE,M$4),INDIRECT(ADDRESS(ROW()+16,8,1,TRUE,M$4))) -> Y | N7: =HYPERLINK("["&MID(CELL("filename"),SEARCH("[",CELL("filename"))+1,SEARCH("]",CELL("filename"))-SEARCH("[",CELL("filename"))-1)&"]"&ADDRESS(ROW()+16,8,1,TRUE,N$4),INDIRECT(ADDRESS(ROW()+16,8,1,TRUE,N$4))) -> Y | O7: =HYPERLINK("["&MID(CELL("filename"),SEARCH("[",CELL("filename"))+1,SEARCH("]",CELL("filename"))-SEARCH("[",CELL("filename"))-1)&"]"&ADDRESS(ROW()+16,8,1,TRUE,O$4),INDIRECT(ADDRESS(ROW()+16,8,1,TRUE,O$4))) -> Y | P7: =HYPERLINK("["&MID(CELL("filename"),SEARCH("[",CELL("filename"))+1,SEARCH("]",CELL("filename"))-SEARCH("[",CELL("filename"))-1)&"]"&ADDRESS(ROW()+16,8,1,TRUE,P$4),INDIRECT(ADDRESS(ROW()+16,8,1,TRUE,P$4))) -> Y
A8: =ChkList!$A8 -> 계정 관리 | B8: =ChkList!$B8 -> W-04 | C8: =ChkList!$C8 -> 계정 잠금 임계값 설정 | D8: H | E8: =IF(D8="H",3,IF(D8="M",2,IF(D8="L",1,""))) -> 3 | F8: =COUNTA($M8:INDIRECT(ADDRESS(ROW(),MATCH("",$4:$4,-1),1,1))) -> 4 | G8: =COUNTIF($M8:INDIRECT(ADDRESS(ROW(),MATCH("",$4:$4,-1),1,1)),"조치완료(Y)")+COUNTIF($M8:INDIRECT(ADDRESS(ROW(),MATCH("",$4:$4,-1),1,1)),"Y") -> 1 | H8: =COUNTIF($M8:INDIRECT(ADDRESS(ROW(),MATCH("",$4:$4,-1),1,1)),"Y(즉시조치)")+COUNTIF($M8:INDIRECT(ADDRESS(ROW(),MATCH("",$4:$4,-1),1,1)),"조치완료(즉시조치)") -> 0 | I8: =COUNTIF($M8:INDIRECT(ADDRESS(ROW(),MATCH("",$4:$4,-1),1,1)),"N") -> 3 | J8: =COUNTIF($M8:INDIRECT(ADDRESS(ROW(),MATCH("",$4:$4,-1),1,1)),"N/A")+COUNTIF($M8:INDIRECT(ADDRESS(ROW(),MATCH("",$4:$4,-1),1,1)),"조치완료(N/A)") -> 0 | K8: =VLOOKUP($D8,'parm(hidden)'!$B$8:$C$10,2,FALSE)*($F8-$J8) -> 12 | L8: =VLOOKUP($D8,'parm(hidden)'!$B$8:$C$10,2,FALSE)*($G8+$H8) -> 3 | M8: =HYPERLINK("["&MID(CELL("filename"),SEARCH("[",CELL("filename"))+1,SEARCH("]",CELL("filename"))-SEARCH("[",CELL("filename"))-1)&"]"&ADDRESS(ROW()+16,8,1,TRUE,M$4),INDIRECT(ADDRESS(ROW()+16,8,1,TRUE,M$4))) -> Y | N8: =HYPERLINK("["&MID(CELL("filename"),SEARCH("[",CELL("filename"))+1,SEARCH("]",CELL("filename"))-SEARCH("[",CELL("filename"))-1)&"]"&ADDRESS(ROW()+16,8,1,TRUE,N$4),INDIRECT(ADDRESS(ROW()+16,8,1,TRUE,N$4))) -> N | O8: =HYPERLINK("["&MID(CELL("filename"),SEARCH("[",CELL("filename"))+1,SEARCH("]",CELL("filename"))-SEARCH("[",CELL("filename"))-1)&"]"&ADDRESS(ROW()+16,8,1,TRUE,O$4),INDIRECT(ADDRESS(ROW()+16,8,1,TRUE,O$4))) -> N | P8: =HYPERLINK("["&MID(CELL("filename"),SEARCH("[",CELL("filename"))+1,SEARCH("]",CELL("filename"))-SEARCH("[",CELL("filename"))-1)&"]"&ADDRESS(ROW()+16,8,1,TRUE,P$4),INDIRECT(ADDRESS(ROW()+16,8,1,TRUE,P$4))) -> N
A9: =ChkList!$A9 -> 계정 관리 | B9: =ChkList!$B9 -> W-05 | C9: =ChkList!$C9 -> 해독 가능한 암호화를 사용하여 암호 저장 해제 | D9: H | E9: =IF(D9="H",3,IF(D9="M",2,IF(D9="L",1,""))) -> 3 | F9: =COUNTA($M9:INDIRECT(ADDRESS(ROW(),MATCH("",$4:$4,-1),1,1))) -> 4 | G9: =COUNTIF($M9:INDIRECT(ADDRESS(ROW(),MATCH("",$4:$4,-1),1,1)),"조치완료(Y)")+COUNTIF($M9:INDIRECT(ADDRESS(ROW(),MATCH("",$4:$4,-1),1,1)),"Y") -> 4 | H9: =COUNTIF($M9:INDIRECT(ADDRESS(ROW(),MATCH("",$4:$4,-1),1,1)),"Y(즉시조치)")+COUNTIF($M9:INDIRECT(ADDRESS(ROW(),MATCH("",$4:$4,-1),1,1)),"조치완료(즉시조치)") -> 0 | I9: =COUNTIF($M9:INDIRECT(ADDRESS(ROW(),MATCH("",$4:$4,-1),1,1)),"N") -> 0 | J9: =COUNTIF($M9:INDIRECT(ADDRESS(ROW(),MATCH("",$4:$4,-1),1,1)),"N/A")+COUNTIF($M9:INDIRECT(ADDRESS(ROW(),MATCH("",$4:$4,-1),1,1)),"조치완료(N/A)") -> 0 | K9: =VLOOKUP($D9,'parm(hidden)'!$B$8:$C$10,2,FALSE)*($F9-$J9) -> 12 | L9: =VLOOKUP($D9,'parm(hidden)'!$B$8:$C$10,2,FALSE)*($G9+$H9) -> 12 | M9: =HYPERLINK("["&MID(CELL("filename"),SEARCH("[",CELL("filename"))+1,SEARCH("]",CELL("filename"))-SEARCH("[",CELL("filename"))-1)&"]"&ADDRESS(ROW()+16,8,1,TRUE,M$4),INDIRECT(ADDRESS(ROW()+16,8,1,TRUE,M$4))) -> Y | N9: =HYPERLINK("["&MID(CELL("filename"),SEARCH("[",CELL("filename"))+1,SEARCH("]",CELL("filename"))-SEARCH("[",CELL("filename"))-1)&"]"&ADDRESS(ROW()+16,8,1,TRUE,N$4),INDIRECT(ADDRESS(ROW()+16,8,1,TRUE,N$4))) -> Y | O9: =HYPERLINK("["&MID(CELL("filename"),SEARCH("[",CELL("filename"))+1,SEARCH("]",CELL("filename"))-SEARCH("[",CELL("filename"))-1)&"]"&ADDRESS(ROW()+16,8,1,TRUE,O$4),INDIRECT(ADDRESS(ROW()+16,8,1,TRUE,O$4))) -> Y | P9: =HYPERLINK("["&MID(CELL("filename"),SEARCH("[",CELL("filename"))+1,SEARCH("]",CELL("filename"))-SEARCH("[",CELL("filename"))-1)&"]"&ADDRESS(ROW()+16,8,1,TRUE,P$4),INDIRECT(ADDRESS(ROW()+16,8,1,TRUE,P$4))) -> Y
A10: =ChkList!$A10 -> 계정 관리 | B10: =ChkList!$B10 -> W-06 | C10: =ChkList!$C10 -> 관리자 그룹에 최소한의 사용자 포함 | D10: H | E10: =IF(D10="H",3,IF(D10="M",2,IF(D10="L",1,""))) -> 3 | F10: =COUNTA($M10:INDIRECT(ADDRESS(ROW(),MATCH("",$4:$4,-1),1,1))) -> 4 | G10: =COUNTIF($M10:INDIRECT(ADDRESS(ROW(),MATCH("",$4:$4,-1),1,1)),"조치완료(Y)")+COUNTIF($M10:INDIRECT(ADDRESS(ROW(),MATCH("",$4:$4,-1),1,1)),"Y") -> 4 | H10: =COUNTIF($M10:INDIRECT(ADDRESS(ROW(),MATCH("",$4:$4,-1),1,1)),"Y(즉시조치)")+COUNTIF($M10:INDIRECT(ADDRESS(ROW(),MATCH("",$4:$4,-1),1,1)),"조치완료(즉시조치)") -> 0 | I10: =COUNTIF($M10:INDIRECT(ADDRESS(ROW(),MATCH("",$4:$4,-1),1,1)),"N") -> 0 | J10: =COUNTIF($M10:INDIRECT(ADDRESS(ROW(),MATCH("",$4:$4,-1),1,1)),"N/A")+COUNTIF($M10:INDIRECT(ADDRESS(ROW(),MATCH("",$4:$4,-1),1,1)),"조치완료(N/A)") -> 0 | K10: =VLOOKUP($D10,'parm(hidden)'!$B$8:$C$10,2,FALSE)*($F10-$J10) -> 12 | L10: =VLOOKUP($D10,'parm(hidden)'!$B$8:$C$10,2,FALSE)*($G10+$H10) -> 12 | M10: =HYPERLINK("["&MID(CELL("filename"),SEARCH("[",CELL("filename"))+1,SEARCH("]",CELL("filename"))-SEARCH("[",CELL("filename"))-1)&"]"&ADDRESS(ROW()+16,8,1,TRUE,M$4),INDIRECT(ADDRESS(ROW()+16,8,1,TRUE,M$4))) -> Y | N10: =HYPERLINK("["&MID(CELL("filename"),SEARCH("[",CELL("filename"))+1,SEARCH("]",CELL("filename"))-SEARCH("[",CELL("filename"))-1)&"]"&ADDRESS(ROW()+16,8,1,TRUE,N$4),INDIRECT(ADDRESS(ROW()+16,8,1,TRUE,N$4))) -> Y | O10: =HYPERLINK("["&MID(CELL("filename"),SEARCH("[",CELL("filename"))+1,SEARCH("]",CELL("filename"))-SEARCH("[",CELL("filename"))-1)&"]"&ADDRESS(ROW()+16,8,1,TRUE,O$4),INDIRECT(ADDRESS(ROW()+16,8,1,TRUE,O$4))) -> Y | P10: =HYPERLINK("["&MID(CELL("filename"),SEARCH("[",CELL("filename"))+1,SEARCH("]",CELL("filename"))-SEARCH("[",CELL("filename"))-1)&"]"&ADDRESS(ROW()+16,8,1,TRUE,P$4),INDIRECT(ADDRESS(ROW()+16,8,1,TRUE,P$4))) -> Y
A11: =ChkList!$A11 -> 계정 관리 | B11: =ChkList!$B11 -> W-07 | C11: =ChkList!$C11 -> Everyone 사용 권한을 익명 사용자에 적용 | D11: H | E11: =IF(D11="H",3,IF(D11="M",2,IF(D11="L",1,""))) -> 3 | F11: =COUNTA($M11:INDIRECT(ADDRESS(ROW(),MATCH("",$4:$4,-1),1,1))) -> 4 | G11: =COUNTIF($M11:INDIRECT(ADDRESS(ROW(),MATCH("",$4:$4,-1),1,1)),"조치완료(Y)")+COUNTIF($M11:INDIRECT(ADDRESS(ROW(),MATCH("",$4:$4,-1),1,1)),"Y") -> 4 | H11: =COUNTIF($M11:INDIRECT(ADDRESS(ROW(),MATCH("",$4:$4,-1),1,1)),"Y(즉시조치)")+COUNTIF($M11:INDIRECT(ADDRESS(ROW(),MATCH("",$4:$4,-1),1,1)),"조치완료(즉시조치)") -> 0 | I11: =COUNTIF($M11:INDIRECT(ADDRESS(ROW(),MATCH("",$4:$4,-1),1,1)),"N") -> 0 | J11: =COUNTIF($M11:INDIRECT(ADDRESS(ROW(),MATCH("",$4:$4,-1),1,1)),"N/A")+COUNTIF($M11:INDIRECT(ADDRESS(ROW(),MATCH("",$4:$4,-1),1,1)),"조치완료(N/A)") -> 0 | K11: =VLOOKUP($D11,'parm(hidden)'!$B$8:$C$10,2,FALSE)*($F11-$J11) -> 12 | L11: =VLOOKUP($D11,'parm(hidden)'!$B$8:$C$10,2,FALSE)*($G11+$H11) -> 12 | M11: =HYPERLINK("["&MID(CELL("filename"),SEARCH("[",CELL("filename"))+1,SEARCH("]",CELL("filename"))-SEARCH("[",CELL("filename"))-1)&"]"&ADDRESS(ROW()+16,8,1,TRUE,M$4),INDIRECT(ADDRESS(ROW()+16,8,1,TRUE,M$4))) -> Y | N11: =HYPERLINK("["&MID(CELL("filename"),SEARCH("[",CELL("filename"))+1,SEARCH("]",CELL("filename"))-SEARCH("[",CELL("filename"))-1)&"]"&ADDRESS(ROW()+16,8,1,TRUE,N$4),INDIRECT(ADDRESS(ROW()+16,8,1,TRUE,N$4))) -> Y | O11: =HYPERLINK("["&MID(CELL("filename"),SEARCH("[",CELL("filename"))+1,SEARCH("]",CELL("filename"))-SEARCH("[",CELL("filename"))-1)&"]"&ADDRESS(ROW()+16,8,1,TRUE,O$4),INDIRECT(ADDRESS(ROW()+16,8,1,TRUE,O$4))) -> Y | P11: =HYPERLINK("["&MID(CELL("filename"),SEARCH("[",CELL("filename"))+1,SEARCH("]",CELL("filename"))-SEARCH("[",CELL("filename"))-1)&"]"&ADDRESS(ROW()+16,8,1,TRUE,P$4),INDIRECT(ADDRESS(ROW()+16,8,1,TRUE,P$4))) -> Y
A12: =ChkList!$A12 -> 계정 관리 | B12: =ChkList!$B12 -> W-08 | C12: =ChkList!$C12 -> 계정 잠금 기간 설정 | D12: M | E12: =IF(D12="H",3,IF(D12="M",2,IF(D12="L",1,""))) -> 2 | F12: =COUNTA($M12:INDIRECT(ADDRESS(ROW(),MATCH("",$4:$4,-1),1,1))) -> 4 | G12: =COUNTIF($M12:INDIRECT(ADDRESS(ROW(),MATCH("",$4:$4,-1),1,1)),"조치완료(Y)")+COUNTIF($M12:INDIRECT(ADDRESS(ROW(),MATCH("",$4:$4,-1),1,1)),"Y") -> 1 | H12: =COUNTIF($M12:INDIRECT(ADDRESS(ROW(),MATCH("",$4:$4,-1),1,1)),"Y(즉시조치)")+COUNTIF($M12:INDIRECT(ADDRESS(ROW(),MATCH("",$4:$4,-1),1,1)),"조치완료(즉시조치)") -> 0 | I12: =COUNTIF($M12:INDIRECT(ADDRESS(ROW(),MATCH("",$4:$4,-1),1,1)),"N") -> 3 | J12: =COUNTIF($M12:INDIRECT(ADDRESS(ROW(),MATCH("",$4:$4,-1),1,1)),"N/A")+COUNTIF($M12:INDIRECT(ADDRESS(ROW(),MATCH("",$4:$4,-1),1,1)),"조치완료(N/A)") -> 0 | K12: =VLOOKUP($D12,'parm(hidden)'!$B$8:$C$10,2,FALSE)*($F12-$J12) -> 8 | L12: =VLOOKUP($D12,'parm(hidden)'!$B$8:$C$10,2,FALSE)*($G12+$H12) -> 2 | M12: =HYPERLINK("["&MID(CELL("filename"),SEARCH("[",CELL("filename"))+1,SEARCH("]",CELL("filename"))-SEARCH("[",CELL("filename"))-1)&"]"&ADDRESS(ROW()+16,8,1,TRUE,M$4),INDIRECT(ADDRESS(ROW()+16,8,1,TRUE,M$4))) -> Y | N12: =HYPERLINK("["&MID(CELL("filename"),SEARCH("[",CELL("filename"))+1,SEARCH("]",CELL("filename"))-SEARCH("[",CELL("filename"))-1)&"]"&ADDRESS(ROW()+16,8,1,TRUE,N$4),INDIRECT(ADDRESS(ROW()+16,8,1,TRUE,N$4))) -> N | O12: =HYPERLINK("["&MID(CELL("filename"),SEARCH("[",CELL("filename"))+1,SEARCH("]",CELL("filename"))-SEARCH("[",CELL("filename"))-1)&"]"&ADDRESS(ROW()+16,8,1,TRUE,O$4),INDIRECT(ADDRESS(ROW()+16,8,1,TRUE,O$4))) -> N | P12: =HYPERLINK("["&MID(CELL("filename"),SEARCH("[",CELL("filename"))+1,SEARCH("]",CELL("filename"))-SEARCH("[",CELL("filename"))-1)&"]"&ADDRESS(ROW()+16,8,1,TRUE,P$4),INDIRECT(ADDRESS(ROW()+16,8,1,TRUE,P$4))) -> N
A13: =ChkList!$A13 -> 계정 관리 | B13: =ChkList!$B13 -> W-09 | C13: =ChkList!$C13 -> 비밀번호 관리 정책 설정 | D13: M | E13: =IF(D13="H",3,IF(D13="M",2,IF(D13="L",1,""))) -> 2 | F13: =COUNTA($M13:INDIRECT(ADDRESS(ROW(),MATCH("",$4:$4,-1),1,1))) -> 4 | G13: =COUNTIF($M13:INDIRECT(ADDRESS(ROW(),MATCH("",$4:$4,-1),1,1)),"조치완료(Y)")+COUNTIF($M13:INDIRECT(ADDRESS(ROW(),MATCH("",$4:$4,-1),1,1)),"Y") -> 1 | H13: =COUNTIF($M13:INDIRECT(ADDRESS(ROW(),MATCH("",$4:$4,-1),1,1)),"Y(즉시조치)")+COUNTIF($M13:INDIRECT(ADDRESS(ROW(),MATCH("",$4:$4,-1),1,1)),"조치완료(즉시조치)") -> 0 | I13: =COUNTIF($M13:INDIRECT(ADDRESS(ROW(),MATCH("",$4:$4,-1),1,1)),"N") -> 3 | J13: =COUNTIF($M13:INDIRECT(ADDRESS(ROW(),MATCH("",$4:$4,-1),1,1)),"N/A")+COUNTIF($M13:INDIRECT(ADDRESS(ROW(),MATCH("",$4:$4,-1),1,1)),"조치완료(N/A)") -> 0 | K13: =VLOOKUP($D13,'parm(hidden)'!$B$8:$C$10,2,FALSE)*($F13-$J13) -> 8 | L13: =VLOOKUP($D13,'parm(hidden)'!$B$8:$C$10,2,FALSE)*($G13+$H13) -> 2 | M13: =HYPERLINK("["&MID(CELL("filename"),SEARCH("[",CELL("filename"))+1,SEARCH("]",CELL("filename"))-SEARCH("[",CELL("filename"))-1)&"]"&ADDRESS(ROW()+16,8,1,TRUE,M$4),INDIRECT(ADDRESS(ROW()+16,8,1,TRUE,M$4))) -> Y | N13: =HYPERLINK("["&MID(CELL("filename"),SEARCH("[",CELL("filename"))+1,SEARCH("]",CELL("filename"))-SEARCH("[",CELL("filename"))-1)&"]"&ADDRESS(ROW()+16,8,1,TRUE,N$4),INDIRECT(ADDRESS(ROW()+16,8,1,TRUE,N$4))) -> N | O13: =HYPERLINK("["&MID(CELL("filename"),SEARCH("[",CELL("filename"))+1,SEARCH("]",CELL("filename"))-SEARCH("[",CELL("filename"))-1)&"]"&ADDRESS(ROW()+16,8,1,TRUE,O$4),INDIRECT(ADDRESS(ROW()+16,8,1,TRUE,O$4))) -> N | P13: =HYPERLINK("["&MID(CELL("filename"),SEARCH("[",CELL("filename"))+1,SEARCH("]",CELL("filename"))-SEARCH("[",CELL("filename"))-1)&"]"&ADDRESS(ROW()+16,8,1,TRUE,P$4),INDIRECT(ADDRESS(ROW()+16,8,1,TRUE,P$4))) -> N
A14: =ChkList!$A14 -> 계정 관리 | B14: =ChkList!$B14 -> W-10 | C14: =ChkList!$C14 -> 마지막 사용자 이름 표시 안 함 | D14: M | E14: =IF(D14="H",3,IF(D14="M",2,IF(D14="L",1,""))) -> 2 | F14: =COUNTA($M14:INDIRECT(ADDRESS(ROW(),MATCH("",$4:$4,-1),1,1))) -> 4 | G14: =COUNTIF($M14:INDIRECT(ADDRESS(ROW(),MATCH("",$4:$4,-1),1,1)),"조치완료(Y)")+COUNTIF($M14:INDIRECT(ADDRESS(ROW(),MATCH("",$4:$4,-1),1,1)),"Y") -> 1 | H14: =COUNTIF($M14:INDIRECT(ADDRESS(ROW(),MATCH("",$4:$4,-1),1,1)),"Y(즉시조치)")+COUNTIF($M14:INDIRECT(ADDRESS(ROW(),MATCH("",$4:$4,-1),1,1)),"조치완료(즉시조치)") -> 0 | I14: =COUNTIF($M14:INDIRECT(ADDRESS(ROW(),MATCH("",$4:$4,-1),1,1)),"N") -> 3 | J14: =COUNTIF($M14:INDIRECT(ADDRESS(ROW(),MATCH("",$4:$4,-1),1,1)),"N/A")+COUNTIF($M14:INDIRECT(ADDRESS(ROW(),MATCH("",$4:$4,-1),1,1)),"조치완료(N/A)") -> 0 | K14: =VLOOKUP($D14,'parm(hidden)'!$B$8:$C$10,2,FALSE)*($F14-$J14) -> 8 | L14: =VLOOKUP($D14,'parm(hidden)'!$B$8:$C$10,2,FALSE)*($G14+$H14) -> 2 | M14: =HYPERLINK("["&MID(CELL("filename"),SEARCH("[",CELL("filename"))+1,SEARCH("]",CELL("filename"))-SEARCH("[",CELL("filename"))-1)&"]"&ADDRESS(ROW()+16,8,1,TRUE,M$4),INDIRECT(ADDRESS(ROW()+16,8,1,TRUE,M$4))) -> Y | N14: =HYPERLINK("["&MID(CELL("filename"),SEARCH("[",CELL("filename"))+1,SEARCH("]",CELL("filename"))-SEARCH("[",CELL("filename"))-1)&"]"&ADDRESS(ROW()+16,8,1,TRUE,N$4),INDIRECT(ADDRESS(ROW()+16,8,1,TRUE,N$4))) -> N | O14: =HYPERLINK("["&MID(CELL("filename"),SEARCH("[",CELL("filename"))+1,SEARCH("]",CELL("filename"))-SEARCH("[",CELL("filename"))-1)&"]"&ADDRESS(ROW()+16,8,1,TRUE,O$4),INDIRECT(ADDRESS(ROW()+16,8,1,TRUE,O$4))) -> N | P14: =HYPERLINK("["&MID(CELL("filename"),SEARCH("[",CELL("filename"))+1,SEARCH("]",CELL("filename"))-SEARCH("[",CELL("filename"))-1)&"]"&ADDRESS(ROW()+16,8,1,TRUE,P$4),INDIRECT(ADDRESS(ROW()+16,8,1,TRUE,P$4))) -> N
A15: =ChkList!#REF! -> #REF! | B15: =ChkList!#REF! -> #REF! | C15: =ChkList!#REF! -> #REF! | D15: M | E15: =IF(D15="H",3,IF(D15="M",2,IF(D15="L",1,""))) -> 2 | F15: =COUNTA($M15:INDIRECT(ADDRESS(ROW(),MATCH("",$4:$4,-1),1,1))) -> 4 | G15: =COUNTIF($M15:INDIRECT(ADDRESS(ROW(),MATCH("",$4:$4,-1),1,1)),"조치완료(Y)")+COUNTIF($M15:INDIRECT(ADDRESS(ROW(),MATCH("",$4:$4,-1),1,1)),"Y") -> 1 | H15: =COUNTIF($M15:INDIRECT(ADDRESS(ROW(),MATCH("",$4:$4,-1),1,1)),"Y(즉시조치)")+COUNTIF($M15:INDIRECT(ADDRESS(ROW(),MATCH("",$4:$4,-1),1,1)),"조치완료(즉시조치)") -> 0 | I15: =COUNTIF($M15:INDIRECT(ADDRESS(ROW(),MATCH("",$4:$4,-1),1,1)),"N") -> 3 | J15: =COUNTIF($M15:INDIRECT(ADDRESS(ROW(),MATCH("",$4:$4,-1),1,1)),"N/A")+COUNTIF($M15:INDIRECT(ADDRESS(ROW(),MATCH("",$4:$4,-1),1,1)),"조치완료(N/A)") -> 0 | K15: =VLOOKUP($D15,'parm(hidden)'!$B$8:$C$10,2,FALSE)*($F15-$J15) -> 8 | L15: =VLOOKUP($D15,'parm(hidden)'!$B$8:$C$10,2,FALSE)*($G15+$H15) -> 2 | M15: =HYPERLINK("["&MID(CELL("filename"),SEARCH("[",CELL("filename"))+1,SEARCH("]",CELL("filename"))-SEARCH("[",CELL("filename"))-1)&"]"&ADDRESS(ROW()+16,8,1,TRUE,M$4),INDIRECT(ADDRESS(ROW()+16,8,1,TRUE,M$4))) -> Y | N15: =HYPERLINK("["&MID(CELL("filename"),SEARCH("[",CELL("filename"))+1,SEARCH("]",CELL("filename"))-SEARCH("[",CELL("filename"))-1)&"]"&ADDRESS(ROW()+16,8,1,TRUE,N$4),INDIRECT(ADDRESS(ROW()+16,8,1,TRUE,N$4))) -> N | O15: =HYPERLINK("["&MID(CELL("filename"),SEARCH("[",CELL("filename"))+1,SEARCH("]",CELL("filename"))-SEARCH("[",CELL("filename"))-1)&"]"&ADDRESS(ROW()+16,8,1,TRUE,O$4),INDIRECT(ADDRESS(ROW()+16,8,1,TRUE,O$4))) -> N | P15: =HYPERLINK("["&MID(CELL("filename"),SEARCH("[",CELL("filename"))+1,SEARCH("]",CELL("filename"))-SEARCH("[",CELL("filename"))-1)&"]"&ADDRESS(ROW()+16,8,1,TRUE,P$4),INDIRECT(ADDRESS(ROW()+16,8,1,TRUE,P$4))) -> N
A16: =ChkList!$A15 -> 계정 관리 | B16: =ChkList!$B15 -> W-11 | C16: =ChkList!$C15 -> 로컬 로그온 허용 | D16: M | E16: =IF(D16="H",3,IF(D16="M",2,IF(D16="L",1,""))) -> 2 | F16: =COUNTA($M16:INDIRECT(ADDRESS(ROW(),MATCH("",$4:$4,-1),1,1))) -> 4 | G16: =COUNTIF($M16:INDIRECT(ADDRESS(ROW(),MATCH("",$4:$4,-1),1,1)),"조치완료(Y)")+COUNTIF($M16:INDIRECT(ADDRESS(ROW(),MATCH("",$4:$4,-1),1,1)),"Y") -> 1 | H16: =COUNTIF($M16:INDIRECT(ADDRESS(ROW(),MATCH("",$4:$4,-1),1,1)),"Y(즉시조치)")+COUNTIF($M16:INDIRECT(ADDRESS(ROW(),MATCH("",$4:$4,-1),1,1)),"조치완료(즉시조치)") -> 0 | I16: =COUNTIF($M16:INDIRECT(ADDRESS(ROW(),MATCH("",$4:$4,-1),1,1)),"N") -> 3 | J16: =COUNTIF($M16:INDIRECT(ADDRESS(ROW(),MATCH("",$4:$4,-1),1,1)),"N/A")+COUNTIF($M16:INDIRECT(ADDRESS(ROW(),MATCH("",$4:$4,-1),1,1)),"조치완료(N/A)") -> 0 | K16: =VLOOKUP($D16,'parm(hidden)'!$B$8:$C$10,2,FALSE)*($F16-$J16) -> 8 | L16: =VLOOKUP($D16,'parm(hidden)'!$B$8:$C$10,2,FALSE)*($G16+$H16) -> 2 | M16: =HYPERLINK("["&MID(CELL("filename"),SEARCH("[",CELL("filename"))+1,SEARCH("]",CELL("filename"))-SEARCH("[",CELL("filename"))-1)&"]"&ADDRESS(ROW()+16,8,1,TRUE,M$4),INDIRECT(ADDRESS(ROW()+16,8,1,TRUE,M$4))) -> Y | N16: =HYPERLINK("["&MID(CELL("filename"),SEARCH("[",CELL("filename"))+1,SEARCH("]",CELL("filename"))-SEARCH("[",CELL("filename"))-1)&"]"&ADDRESS(ROW()+16,8,1,TRUE,N$4),INDIRECT(ADDRESS(ROW()+16,8,1,TRUE,N$4))) -> N | O16: =HYPERLINK("["&MID(CELL("filename"),SEARCH("[",CELL("filename"))+1,SEARCH("]",CELL("filename"))-SEARCH("[",CELL("filename"))-1)&"]"&ADDRESS(ROW()+16,8,1,TRUE,O$4),INDIRECT(ADDRESS(ROW()+16,8,1,TRUE,O$4))) -> N | P16: =HYPERLINK("["&MID(CELL("filename"),SEARCH("[",CELL("filename"))+1,SEARCH("]",CELL("filename"))-SEARCH("[",CELL("filename"))-1)&"]"&ADDRESS(ROW()+16,8,1,TRUE,P$4),INDIRECT(ADDRESS(ROW()+16,8,1,TRUE,P$4))) -> N
A17: =ChkList!$A16 -> 계정 관리 | B17: =ChkList!$B16 -> W-12 | C17: =ChkList!$C16 -> 익명 SID/이름 변환 허용 해제 | D17: M | E17: =IF(D17="H",3,IF(D17="M",2,IF(D17="L",1,""))) -> 2 | F17: =COUNTA($M17:INDIRECT(ADDRESS(ROW(),MATCH("",$4:$4,-1),1,1))) -> 4 | G17: =COUNTIF($M17:INDIRECT(ADDRESS(ROW(),MATCH("",$4:$4,-1),1,1)),"조치완료(Y)")+COUNTIF($M17:INDIRECT(ADDRESS(ROW(),MATCH("",$4:$4,-1),1,1)),"Y") -> 1 | H17: =COUNTIF($M17:INDIRECT(ADDRESS(ROW(),MATCH("",$4:$4,-1),1,1)),"Y(즉시조치)")+COUNTIF($M17:INDIRECT(ADDRESS(ROW(),MATCH("",$4:$4,-1),1,1)),"조치완료(즉시조치)") -> 0 | I17: =COUNTIF($M17:INDIRECT(ADDRESS(ROW(),MATCH("",$4:$4,-1),1,1)),"N") -> 3 | J17: =COUNTIF($M17:INDIRECT(ADDRESS(ROW(),MATCH("",$4:$4,-1),1,1)),"N/A")+COUNTIF($M17:INDIRECT(ADDRESS(ROW(),MATCH("",$4:$4,-1),1,1)),"조치완료(N/A)") -> 0 | K17: =VLOOKUP($D17,'parm(hidden)'!$B$8:$C$10,2,FALSE)*($F17-$J17) -> 8 | L17: =VLOOKUP($D17,'parm(hidden)'!$B$8:$C$10,2,FALSE)*($G17+$H17) -> 2 | M17: =HYPERLINK("["&MID(CELL("filename"),SEARCH("[",CELL("filename"))+1,SEARCH("]",CELL("filename"))-SEARCH("[",CELL("filename"))-1)&"]"&ADDRESS(ROW()+16,8,1,TRUE,M$4),INDIRECT(ADDRESS(ROW()+16,8,1,TRUE,M$4))) -> Y | N17: =HYPERLINK("["&MID(CELL("filename"),SEARCH("[",CELL("filename"))+1,SEARCH("]",CELL("filename"))-SEARCH("[",CELL("filename"))-1)&"]"&ADDRESS(ROW()+16,8,1,TRUE,N$4),INDIRECT(ADDRESS(ROW()+16,8,1,TRUE,N$4))) -> N | O17: =HYPERLINK("["&MID(CELL("filename"),SEARCH("[",CELL("filename"))+1,SEARCH("]",CELL("filename"))-SEARCH("[",CELL("filename"))-1)&"]"&ADDRESS(ROW()+16,8,1,TRUE,O$4),INDIRECT(ADDRESS(ROW()+16,8,1,TRUE,O$4))) -> N | P17: =HYPERLINK("["&MID(CELL("filename"),SEARCH("[",CELL("filename"))+1,SEARCH("]",CELL("filename"))-SEARCH("[",CELL("filename"))-1)&"]"&ADDRESS(ROW()+16,8,1,TRUE,P$4),INDIRECT(ADDRESS(ROW()+16,8,1,TRUE,P$4))) -> N
A18: =ChkList!$A17 -> 계정 관리 | B18: =ChkList!$B17 -> W-13 | C18: =ChkList!$C17 -> 콘솔 로그온 시 로컬 계정에서 빈 암호 사용 제한 | D18: M | E18: =IF(D18="H",3,IF(D18="M",2,IF(D18="L",1,""))) -> 2 | F18: =COUNTA($M18:INDIRECT(ADDRESS(ROW(),MATCH("",$4:$4,-1),1,1))) -> 4 | G18: =COUNTIF($M18:INDIRECT(ADDRESS(ROW(),MATCH("",$4:$4,-1),1,1)),"조치완료(Y)")+COUNTIF($M18:INDIRECT(ADDRESS(ROW(),MATCH("",$4:$4,-1),1,1)),"Y") -> 1 | H18: =COUNTIF($M18:INDIRECT(ADDRESS(ROW(),MATCH("",$4:$4,-1),1,1)),"Y(즉시조치)")+COUNTIF($M18:INDIRECT(ADDRESS(ROW(),MATCH("",$4:$4,-1),1,1)),"조치완료(즉시조치)") -> 0 | I18: =COUNTIF($M18:INDIRECT(ADDRESS(ROW(),MATCH("",$4:$4,-1),1,1)),"N") -> 3 | J18: =COUNTIF($M18:INDIRECT(ADDRESS(ROW(),MATCH("",$4:$4,-1),1,1)),"N/A")+COUNTIF($M18:INDIRECT(ADDRESS(ROW(),MATCH("",$4:$4,-1),1,1)),"조치완료(N/A)") -> 0 | K18: =VLOOKUP($D18,'parm(hidden)'!$B$8:$C$10,2,FALSE)*($F18-$J18) -> 8 | L18: =VLOOKUP($D18,'parm(hidden)'!$B$8:$C$10,2,FALSE)*($G18+$H18) -> 2 | M18: =HYPERLINK("["&MID(CELL("filename"),SEARCH("[",CELL("filename"))+1,SEARCH("]",CELL("filename"))-SEARCH("[",CELL("filename"))-1)&"]"&ADDRESS(ROW()+16,8,1,TRUE,M$4),INDIRECT(ADDRESS(ROW()+16,8,1,TRUE,M$4))) -> Y | N18: =HYPERLINK("["&MID(CELL("filename"),SEARCH("[",CELL("filename"))+1,SEARCH("]",CELL("filename"))-SEARCH("[",CELL("filename"))-1)&"]"&ADDRESS(ROW()+16,8,1,TRUE,N$4),INDIRECT(ADDRESS(ROW()+16,8,1,TRUE,N$4))) -> N | O18: =HYPERLINK("["&MID(CELL("filename"),SEARCH("[",CELL("filename"))+1,SEARCH("]",CELL("filename"))-SEARCH("[",CELL("filename"))-1)&"]"&ADDRESS(ROW()+16,8,1,TRUE,O$4),INDIRECT(ADDRESS(ROW()+16,8,1,TRUE,O$4))) -> N | P18: =HYPERLINK("["&MID(CELL("filename"),SEARCH("[",CELL("filename"))+1,SEARCH("]",CELL("filename"))-SEARCH("[",CELL("filename"))-1)&"]"&ADDRESS(ROW()+16,8,1,TRUE,P$4),INDIRECT(ADDRESS(ROW()+16,8,1,TRUE,P$4))) -> N
A19: =ChkList!$A18 -> 계정 관리 | B19: =ChkList!$B18 -> W-14 | C19: =ChkList!$C18 -> 원격터미널 접속 가능한 사용자 그룹 제한 | D19: M | E19: =IF(D19="H",3,IF(D19="M",2,IF(D19="L",1,""))) -> 2 | F19: =COUNTA($M19:INDIRECT(ADDRESS(ROW(),MATCH("",$4:$4,-1),1,1))) -> 4 | G19: =COUNTIF($M19:INDIRECT(ADDRESS(ROW(),MATCH("",$4:$4,-1),1,1)),"조치완료(Y)")+COUNTIF($M19:INDIRECT(ADDRESS(ROW(),MATCH("",$4:$4,-1),1,1)),"Y") -> 4 | H19: =COUNTIF($M19:INDIRECT(ADDRESS(ROW(),MATCH("",$4:$4,-1),1,1)),"Y(즉시조치)")+COUNTIF($M19:INDIRECT(ADDRESS(ROW(),MATCH("",$4:$4,-1),1,1)),"조치완료(즉시조치)") -> 0 | I19: =COUNTIF($M19:INDIRECT(ADDRESS(ROW(),MATCH("",$4:$4,-1),1,1)),"N") -> 0 | J19: =COUNTIF($M19:INDIRECT(ADDRESS(ROW(),MATCH("",$4:$4,-1),1,1)),"N/A")+COUNTIF($M19:INDIRECT(ADDRESS(ROW(),MATCH("",$4:$4,-1),1,1)),"조치완료(N/A)") -> 0 | K19: =VLOOKUP($D19,'parm(hidden)'!$B$8:$C$10,2,FALSE)*($F19-$J19) -> 8 | L19: =VLOOKUP($D19,'parm(hidden)'!$B$8:$C$10,2,FALSE)*($G19+$H19) -> 8 | M19: =HYPERLINK("["&MID(CELL("filename"),SEARCH("[",CELL("filename"))+1,SEARCH("]",CELL("filename"))-SEARCH("[",CELL("filename"))-1)&"]"&ADDRESS(ROW()+16,8,1,TRUE,M$4),INDIRECT(ADDRESS(ROW()+16,8,1,TRUE,M$4))) -> Y | N19: =HYPERLINK("["&MID(CELL("filename"),SEARCH("[",CELL("filename"))+1,SEARCH("]",CELL("filename"))-SEARCH("[",CELL("filename"))-1)&"]"&ADDRESS(ROW()+16,8,1,TRUE,N$4),INDIRECT(ADDRESS(ROW()+16,8,1,TRUE,N$4))) -> Y | O19: =HYPERLINK("["&MID(CELL("filename"),SEARCH("[",CELL("filename"))+1,SEARCH("]",CELL("filename"))-SEARCH("[",CELL("filename"))-1)&"]"&ADDRESS(ROW()+16,8,1,TRUE,O$4),INDIRECT(ADDRESS(ROW()+16,8,1,TRUE,O$4))) -> Y | P19: =HYPERLINK("["&MID(CELL("filename"),SEARCH("[",CELL("filename"))+1,SEARCH("]",CELL("filename"))-SEARCH("[",CELL("filename"))-1)&"]"&ADDRESS(ROW()+16,8,1,TRUE,P$4),INDIRECT(ADDRESS(ROW()+16,8,1,TRUE,P$4))) -> Y
A20: =ChkList!$A19 -> 서비스 관리 | B20: =ChkList!$B19 -> W-15 | C20: =ChkList!$C19 -> 사용자 개인키 사용 시 암호 입력 | D20: M | E20: =IF(D20="H",3,IF(D20="M",2,IF(D20="L",1,""))) -> 2 | F20: =COUNTA($M20:INDIRECT(ADDRESS(ROW(),MATCH("",$4:$4,-1),1,1))) -> 4 | G20: =COUNTIF($M20:INDIRECT(ADDRESS(ROW(),MATCH("",$4:$4,-1),1,1)),"조치완료(Y)")+COUNTIF($M20:INDIRECT(ADDRESS(ROW(),MATCH("",$4:$4,-1),1,1)),"Y") -> 1 | H20: =COUNTIF($M20:INDIRECT(ADDRESS(ROW(),MATCH("",$4:$4,-1),1,1)),"Y(즉시조치)")+COUNTIF($M20:INDIRECT(ADDRESS(ROW(),MATCH("",$4:$4,-1),1,1)),"조치완료(즉시조치)") -> 0 | I20: =COUNTIF($M20:INDIRECT(ADDRESS(ROW(),MATCH("",$4:$4,-1),1,1)),"N") -> 3 | J20: =COUNTIF($M20:INDIRECT(ADDRESS(ROW(),MATCH("",$4:$4,-1),1,1)),"N/A")+COUNTIF($M20:INDIRECT(ADDRESS(ROW(),MATCH("",$4:$4,-1),1,1)),"조치완료(N/A)") -> 0 | K20: =VLOOKUP($D20,'parm(hidden)'!$B$8:$C$10,2,FALSE)*($F20-$J20) -> 8 | L20: =VLOOKUP($D20,'parm(hidden)'!$B$8:$C$10,2,FALSE)*($G20+$H20) -> 2 | M20: =HYPERLINK("["&MID(CELL("filename"),SEARCH("[",CELL("filename"))+1,SEARCH("]",CELL("filename"))-SEARCH("[",CELL("filename"))-1)&"]"&ADDRESS(ROW()+16,8,1,TRUE,M$4),INDIRECT(ADDRESS(ROW()+16,8,1,TRUE,M$4))) -> Y | N20: =HYPERLINK("["&MID(CELL("filename"),SEARCH("[",CELL("filename"))+1,SEARCH("]",CELL("filename"))-SEARCH("[",CELL("filename"))-1)&"]"&ADDRESS(ROW()+16,8,1,TRUE,N$4),INDIRECT(ADDRESS(ROW()+16,8,1,TRUE,N$4))) -> N | O20: =HYPERLINK("["&MID(CELL("filename"),SEARCH("[",CELL("filename"))+1,SEARCH("]",CELL("filename"))-SEARCH("[",CELL("filename"))-1)&"]"&ADDRESS(ROW()+16,8,1,TRUE,O$4),INDIRECT(ADDRESS(ROW()+16,8,1,TRUE,O$4))) -> N | P20: =HYPERLINK("["&MID(CELL("filename"),SEARCH("[",CELL("filename"))+1,SEARCH("]",CELL("filename"))-SEARCH("[",CELL("filename"))-1)&"]"&ADDRESS(ROW()+16,8,1,TRUE,P$4),INDIRECT(ADDRESS(ROW()+16,8,1,TRUE,P$4))) -> N
A21: =ChkList!$A20 -> 서비스 관리 | B21: =ChkList!$B20 -> W-16 | C21: =ChkList!$C20 -> 공유 권한 및 사용자 그룹 설정 | D21: M | E21: =IF(D21="H",3,IF(D21="M",2,IF(D21="L",1,""))) -> 2 | F21: =COUNTA($M21:INDIRECT(ADDRESS(ROW(),MATCH("",$4:$4,-1),1,1))) -> 4 | G21: =COUNTIF($M21:INDIRECT(ADDRESS(ROW(),MATCH("",$4:$4,-1),1,1)),"조치완료(Y)")+COUNTIF($M21:INDIRECT(ADDRESS(ROW(),MATCH("",$4:$4,-1),1,1)),"Y") -> 3 | H21: =COUNTIF($M21:INDIRECT(ADDRESS(ROW(),MATCH("",$4:$4,-1),1,1)),"Y(즉시조치)")+COUNTIF($M21:INDIRECT(ADDRESS(ROW(),MATCH("",$4:$4,-1),1,1)),"조치완료(즉시조치)") -> 0 | I21: =COUNTIF($M21:INDIRECT(ADDRESS(ROW(),MATCH("",$4:$4,-1),1,1)),"N") -> 0 | J21: =COUNTIF($M21:INDIRECT(ADDRESS(ROW(),MATCH("",$4:$4,-1),1,1)),"N/A")+COUNTIF($M21:INDIRECT(ADDRESS(ROW(),MATCH("",$4:$4,-1),1,1)),"조치완료(N/A)") -> 1 | K21: =VLOOKUP($D21,'parm(hidden)'!$B$8:$C$10,2,FALSE)*($F21-$J21) -> 6 | L21: =VLOOKUP($D21,'parm(hidden)'!$B$8:$C$10,2,FALSE)*($G21+$H21) -> 6 | M21: =HYPERLINK("["&MID(CELL("filename"),SEARCH("[",CELL("filename"))+1,SEARCH("]",CELL("filename"))-SEARCH("[",CELL("filename"))-1)&"]"&ADDRESS(ROW()+16,8,1,TRUE,M$4),INDIRECT(ADDRESS(ROW()+16,8,1,TRUE,M$4))) -> N/A | N21: =HYPERLINK("["&MID(CELL("filename"),SEARCH("[",CELL("filename"))+1,SEARCH("]",CELL("filename"))-SEARCH("[",CELL("filename"))-1)&"]"&ADDRESS(ROW()+16,8,1,TRUE,N$4),INDIRECT(ADDRESS(ROW()+16,8,1,TRUE,N$4))) -> Y | O21: =HYPERLINK("["&MID(CELL("filename"),SEARCH("[",CELL("filename"))+1,SEARCH("]",CELL("filename"))-SEARCH("[",CELL("filename"))-1)&"]"&ADDRESS(ROW()+16,8,1,TRUE,O$4),INDIRECT(ADDRESS(ROW()+16,8,1,TRUE,O$4))) -> Y | P21: =HYPERLINK("["&MID(CELL("filename"),SEARCH("[",CELL("filename"))+1,SEARCH("]",CELL("filename"))-SEARCH("[",CELL("filename"))-1)&"]"&ADDRESS(ROW()+16,8,1,TRUE,P$4),INDIRECT(ADDRESS(ROW()+16,8,1,TRUE,P$4))) -> Y
A22: =ChkList!$A21 -> 서비스 관리 | B22: =ChkList!$B21 -> W-17 | C22: =ChkList!$C21 -> 하드디스크 기본 공유 제거 | D22: M | E22: =IF(D22="H",3,IF(D22="M",2,IF(D22="L",1,""))) -> 2 | F22: =COUNTA($M22:INDIRECT(ADDRESS(ROW(),MATCH("",$4:$4,-1),1,1))) -> 4 | G22: =COUNTIF($M22:INDIRECT(ADDRESS(ROW(),MATCH("",$4:$4,-1),1,1)),"조치완료(Y)")+COUNTIF($M22:INDIRECT(ADDRESS(ROW(),MATCH("",$4:$4,-1),1,1)),"Y") -> 0 | H22: =COUNTIF($M22:INDIRECT(ADDRESS(ROW(),MATCH("",$4:$4,-1),1,1)),"Y(즉시조치)")+COUNTIF($M22:INDIRECT(ADDRESS(ROW(),MATCH("",$4:$4,-1),1,1)),"조치완료(즉시조치)") -> 0 | I22: =COUNTIF($M22:INDIRECT(ADDRESS(ROW(),MATCH("",$4:$4,-1),1,1)),"N") -> 4 | J22: =COUNTIF($M22:INDIRECT(ADDRESS(ROW(),MATCH("",$4:$4,-1),1,1)),"N/A")+COUNTIF($M22:INDIRECT(ADDRESS(ROW(),MATCH("",$4:$4,-1),1,1)),"조치완료(N/A)") -> 0 | K22: =VLOOKUP($D22,'parm(hidden)'!$B$8:$C$10,2,FALSE)*($F22-$J22) -> 8 | L22: =VLOOKUP($D22,'parm(hidden)'!$B$8:$C$10,2,FALSE)*($G22+$H22) -> 0 | M22: =HYPERLINK("["&MID(CELL("filename"),SEARCH("[",CELL("filename"))+1,SEARCH("]",CELL("filename"))-SEARCH("[",CELL("filename"))-1)&"]"&ADDRESS(ROW()+16,8,1,TRUE,M$4),INDIRECT(ADDRESS(ROW()+16,8,1,TRUE,M$4))) -> N | N22: =HYPERLINK("["&MID(CELL("filename"),SEARCH("[",CELL("filename"))+1,SEARCH("]",CELL("filename"))-SEARCH("[",CELL("filename"))-1)&"]"&ADDRESS(ROW()+16,8,1,TRUE,N$4),INDIRECT(ADDRESS(ROW()+16,8,1,TRUE,N$4))) -> N | O22: =HYPERLINK("["&MID(CELL("filename"),SEARCH("[",CELL("filename"))+1,SEARCH("]",CELL("filename"))-SEARCH("[",CELL("filename"))-1)&"]"&ADDRESS(ROW()+16,8,1,TRUE,O$4),INDIRECT(ADDRESS(ROW()+16,8,1,TRUE,O$4))) -> N | P22: =HYPERLINK("["&MID(CELL("filename"),SEARCH("[",CELL("filename"))+1,SEARCH("]",CELL("filename"))-SEARCH("[",CELL("filename"))-1)&"]"&ADDRESS(ROW()+16,8,1,TRUE,P$4),INDIRECT(ADDRESS(ROW()+16,8,1,TRUE,P$4))) -> N
A23: =ChkList!$A22 -> 서비스 관리 | B23: =ChkList!$B22 -> W-18 | C23: =ChkList!$C22 -> 불필요한 서비스 제거 | D23: M | E23: =IF(D23="H",3,IF(D23="M",2,IF(D23="L",1,""))) -> 2 | F23: =COUNTA($M23:INDIRECT(ADDRESS(ROW(),MATCH("",$4:$4,-1),1,1))) -> 4 | G23: =COUNTIF($M23:INDIRECT(ADDRESS(ROW(),MATCH("",$4:$4,-1),1,1)),"조치완료(Y)")+COUNTIF($M23:INDIRECT(ADDRESS(ROW(),MATCH("",$4:$4,-1),1,1)),"Y") -> 0 | H23: =COUNTIF($M23:INDIRECT(ADDRESS(ROW(),MATCH("",$4:$4,-1),1,1)),"Y(즉시조치)")+COUNTIF($M23:INDIRECT(ADDRESS(ROW(),MATCH("",$4:$4,-1),1,1)),"조치완료(즉시조치)") -> 0 | I23: =COUNTIF($M23:INDIRECT(ADDRESS(ROW(),MATCH("",$4:$4,-1),1,1)),"N") -> 4 | J23: =COUNTIF($M23:INDIRECT(ADDRESS(ROW(),MATCH("",$4:$4,-1),1,1)),"N/A")+COUNTIF($M23:INDIRECT(ADDRESS(ROW(),MATCH("",$4:$4,-1),1,1)),"조치완료(N/A)") -> 0 | K23: =VLOOKUP($D23,'parm(hidden)'!$B$8:$C$10,2,FALSE)*($F23-$J23) -> 8 | L23: =VLOOKUP($D23,'parm(hidden)'!$B$8:$C$10,2,FALSE)*($G23+$H23) -> 0 | M23: =HYPERLINK("["&MID(CELL("filename"),SEARCH("[",CELL("filename"))+1,SEARCH("]",CELL("filename"))-SEARCH("[",CELL("filename"))-1)&"]"&ADDRESS(ROW()+16,8,1,TRUE,M$4),INDIRECT(ADDRESS(ROW()+16,8,1,TRUE,M$4))) -> N | N23: =HYPERLINK("["&MID(CELL("filename"),SEARCH("[",CELL("filename"))+1,SEARCH("]",CELL("filename"))-SEARCH("[",CELL("filename"))-1)&"]"&ADDRESS(ROW()+16,8,1,TRUE,N$4),INDIRECT(ADDRESS(ROW()+16,8,1,TRUE,N$4))) -> N | O23: =HYPERLINK("["&MID(CELL("filename"),SEARCH("[",CELL("filename"))+1,SEARCH("]",CELL("filename"))-SEARCH("[",CELL("filename"))-1)&"]"&ADDRESS(ROW()+16,8,1,TRUE,O$4),INDIRECT(ADDRESS(ROW()+16,8,1,TRUE,O$4))) -> N | P23: =HYPERLINK("["&MID(CELL("filename"),SEARCH("[",CELL("filename"))+1,SEARCH("]",CELL("filename"))-SEARCH("[",CELL("filename"))-1)&"]"&ADDRESS(ROW()+16,8,1,TRUE,P$4),INDIRECT(ADDRESS(ROW()+16,8,1,TRUE,P$4))) -> N
A24: =ChkList!$A23 -> 서비스 관리 | B24: =ChkList!$B23 -> W-19 | C24: =ChkList!$C23 -> 불필요한 IIS 서비스 구동 점검 | D24: H | E24: =IF(D24="H",3,IF(D24="M",2,IF(D24="L",1,""))) -> 3 | F24: =COUNTA($M24:INDIRECT(ADDRESS(ROW(),MATCH("",$4:$4,-1),1,1))) -> 4 | G24: =COUNTIF($M24:INDIRECT(ADDRESS(ROW(),MATCH("",$4:$4,-1),1,1)),"조치완료(Y)")+COUNTIF($M24:INDIRECT(ADDRESS(ROW(),MATCH("",$4:$4,-1),1,1)),"Y") -> 0 | H24: =COUNTIF($M24:INDIRECT(ADDRESS(ROW(),MATCH("",$4:$4,-1),1,1)),"Y(즉시조치)")+COUNTIF($M24:INDIRECT(ADDRESS(ROW(),MATCH("",$4:$4,-1),1,1)),"조치완료(즉시조치)") -> 0 | I24: =COUNTIF($M24:INDIRECT(ADDRESS(ROW(),MATCH("",$4:$4,-1),1,1)),"N") -> 4 | J24: =COUNTIF($M24:INDIRECT(ADDRESS(ROW(),MATCH("",$4:$4,-1),1,1)),"N/A")+COUNTIF($M24:INDIRECT(ADDRESS(ROW(),MATCH("",$4:$4,-1),1,1)),"조치완료(N/A)") -> 0 | K24: =VLOOKUP($D24,'parm(hidden)'!$B$8:$C$10,2,FALSE)*($F24-$J24) -> 12 | L24: =VLOOKUP($D24,'parm(hidden)'!$B$8:$C$10,2,FALSE)*($G24+$H24) -> 0 | M24: =HYPERLINK("["&MID(CELL("filename"),SEARCH("[",CELL("filename"))+1,SEARCH("]",CELL("filename"))-SEARCH("[",CELL("filename"))-1)&"]"&ADDRESS(ROW()+16,8,1,TRUE,M$4),INDIRECT(ADDRESS(ROW()+16,8,1,TRUE,M$4))) -> N | N24: =HYPERLINK("["&MID(CELL("filename"),SEARCH("[",CELL("filename"))+1,SEARCH("]",CELL("filename"))-SEARCH("[",CELL("filename"))-1)&"]"&ADDRESS(ROW()+16,8,1,TRUE,N$4),INDIRECT(ADDRESS(ROW()+16,8,1,TRUE,N$4))) -> N | O24: =HYPERLINK("["&MID(CELL("filename"),SEARCH("[",CELL("filename"))+1,SEARCH("]",CELL("filename"))-SEARCH("[",CELL("filename"))-1)&"]"&ADDRESS(ROW()+16,8,1,TRUE,O$4),INDIRECT(ADDRESS(ROW()+16,8,1,TRUE,O$4))) -> N | P24: =HYPERLINK("["&MID(CELL("filename"),SEARCH("[",CELL("filename"))+1,SEARCH("]",CELL("filename"))-SEARCH("[",CELL("filename"))-1)&"]"&ADDRESS(ROW()+16,8,1,TRUE,P$4),INDIRECT(ADDRESS(ROW()+16,8,1,TRUE,P$4))) -> N
A25: =ChkList!$A24 -> 서비스 관리 | B25: =ChkList!$B24 -> W-20 | C25: =ChkList!$C24 -> NetBIOS 바인딩 서비스 구동 점검 | D25: H | E25: =IF(D25="H",3,IF(D25="M",2,IF(D25="L",1,""))) -> 3 | F25: =COUNTA($M25:INDIRECT(ADDRESS(ROW(),MATCH("",$4:$4,-1),1,1))) -> 4 | G25: =COUNTIF($M25:INDIRECT(ADDRESS(ROW(),MATCH("",$4:$4,-1),1,1)),"조치완료(Y)")+COUNTIF($M25:INDIRECT(ADDRESS(ROW(),MATCH("",$4:$4,-1),1,1)),"Y") -> 0 | H25: =COUNTIF($M25:INDIRECT(ADDRESS(ROW(),MATCH("",$4:$4,-1),1,1)),"Y(즉시조치)")+COUNTIF($M25:INDIRECT(ADDRESS(ROW(),MATCH("",$4:$4,-1),1,1)),"조치완료(즉시조치)") -> 0 | I25: =COUNTIF($M25:INDIRECT(ADDRESS(ROW(),MATCH("",$4:$4,-1),1,1)),"N") -> 4 | J25: =COUNTIF($M25:INDIRECT(ADDRESS(ROW(),MATCH("",$4:$4,-1),1,1)),"N/A")+COUNTIF($M25:INDIRECT(ADDRESS(ROW(),MATCH("",$4:$4,-1),1,1)),"조치완료(N/A)") -> 0 | K25: =VLOOKUP($D25,'parm(hidden)'!$B$8:$C$10,2,FALSE)*($F25-$J25) -> 12 | L25: =VLOOKUP($D25,'parm(hidden)'!$B$8:$C$10,2,FALSE)*($G25+$H25) -> 0 | M25: =HYPERLINK("["&MID(CELL("filename"),SEARCH("[",CELL("filename"))+1,SEARCH("]",CELL("filename"))-SEARCH("[",CELL("filename"))-1)&"]"&ADDRESS(ROW()+16,8,1,TRUE,M$4),INDIRECT(ADDRESS(ROW()+16,8,1,TRUE,M$4))) -> N | N25: =HYPERLINK("["&MID(CELL("filename"),SEARCH("[",CELL("filename"))+1,SEARCH("]",CELL("filename"))-SEARCH("[",CELL("filename"))-1)&"]"&ADDRESS(ROW()+16,8,1,TRUE,N$4),INDIRECT(ADDRESS(ROW()+16,8,1,TRUE,N$4))) -> N | O25: =HYPERLINK("["&MID(CELL("filename"),SEARCH("[",CELL("filename"))+1,SEARCH("]",CELL("filename"))-SEARCH("[",CELL("filename"))-1)&"]"&ADDRESS(ROW()+16,8,1,TRUE,O$4),INDIRECT(ADDRESS(ROW()+16,8,1,TRUE,O$4))) -> N | P25: =HYPERLINK("["&MID(CELL("filename"),SEARCH("[",CELL("filename"))+1,SEARCH("]",CELL("filename"))-SEARCH("[",CELL("filename"))-1)&"]"&ADDRESS(ROW()+16,8,1,TRUE,P$4),INDIRECT(ADDRESS(ROW()+16,8,1,TRUE,P$4))) -> N
A26: =ChkList!#REF! -> #REF! | B26: =ChkList!#REF! -> #REF! | C26: =ChkList!#REF! -> #REF! | D26: H | E26: =IF(D26="H",3,IF(D26="M",2,IF(D26="L",1,""))) -> 3 | F26: =COUNTA($M26:INDIRECT(ADDRESS(ROW(),MATCH("",$4:$4,-1),1,1))) -> 4 | G26: =COUNTIF($M26:INDIRECT(ADDRESS(ROW(),MATCH("",$4:$4,-1),1,1)),"조치완료(Y)")+COUNTIF($M26:INDIRECT(ADDRESS(ROW(),MATCH("",$4:$4,-1),1,1)),"Y") -> 1 | H26: =COUNTIF($M26:INDIRECT(ADDRESS(ROW(),MATCH("",$4:$4,-1),1,1)),"Y(즉시조치)")+COUNTIF($M26:INDIRECT(ADDRESS(ROW(),MATCH("",$4:$4,-1),1,1)),"조치완료(즉시조치)") -> 0 | I26: =COUNTIF($M26:INDIRECT(ADDRESS(ROW(),MATCH("",$4:$4,-1),1,1)),"N") -> 3 | J26: =COUNTIF($M26:INDIRECT(ADDRESS(ROW(),MATCH("",$4:$4,-1),1,1)),"N/A")+COUNTIF($M26:INDIRECT(ADDRESS(ROW(),MATCH("",$4:$4,-1),1,1)),"조치완료(N/A)") -> 0 | K26: =VLOOKUP($D26,'parm(hidden)'!$B$8:$C$10,2,FALSE)*($F26-$J26) -> 12 | L26: =VLOOKUP($D26,'parm(hidden)'!$B$8:$C$10,2,FALSE)*($G26+$H26) -> 3 | M26: =HYPERLINK("["&MID(CELL("filename"),SEARCH("[",CELL("filename"))+1,SEARCH("]",CELL("filename"))-SEARCH("[",CELL("filename"))-1)&"]"&ADDRESS(ROW()+16,8,1,TRUE,M$4),INDIRECT(ADDRESS(ROW()+16,8,1,TRUE,M$4))) -> Y | N26: =HYPERLINK("["&MID(CELL("filename"),SEARCH("[",CELL("filename"))+1,SEARCH("]",CELL("filename"))-SEARCH("[",CELL("filename"))-1)&"]"&ADDRESS(ROW()+16,8,1,TRUE,N$4),INDIRECT(ADDRESS(ROW()+16,8,1,TRUE,N$4))) -> N | O26: =HYPERLINK("["&MID(CELL("filename"),SEARCH("[",CELL("filename"))+1,SEARCH("]",CELL("filename"))-SEARCH("[",CELL("filename"))-1)&"]"&ADDRESS(ROW()+16,8,1,TRUE,O$4),INDIRECT(ADDRESS(ROW()+16,8,1,TRUE,O$4))) -> N | P26: =HYPERLINK("["&MID(CELL("filename"),SEARCH("[",CELL("filename"))+1,SEARCH("]",CELL("filename"))-SEARCH("[",CELL("filename"))-1)&"]"&ADDRESS(ROW()+16,8,1,TRUE,P$4),INDIRECT(ADDRESS(ROW()+16,8,1,TRUE,P$4))) -> N
A27: =ChkList!$A25 -> 서비스 관리 | B27: =ChkList!$B25 -> W-21 | C27: =ChkList!$C25 -> 암호화되지 않는 FTP 서비스 비활성화 | D27: H | E27: =IF(D27="H",3,IF(D27="M",2,IF(D27="L",1,""))) -> 3 | F27: =COUNTA($M27:INDIRECT(ADDRESS(ROW(),MATCH("",$4:$4,-1),1,1))) -> 4 | G27: =COUNTIF($M27:INDIRECT(ADDRESS(ROW(),MATCH("",$4:$4,-1),1,1)),"조치완료(Y)")+COUNTIF($M27:INDIRECT(ADDRESS(ROW(),MATCH("",$4:$4,-1),1,1)),"Y") -> 1 | H27: =COUNTIF($M27:INDIRECT(ADDRESS(ROW(),MATCH("",$4:$4,-1),1,1)),"Y(즉시조치)")+COUNTIF($M27:INDIRECT(ADDRESS(ROW(),MATCH("",$4:$4,-1),1,1)),"조치완료(즉시조치)") -> 0 | I27: =COUNTIF($M27:INDIRECT(ADDRESS(ROW(),MATCH("",$4:$4,-1),1,1)),"N") -> 3 | J27: =COUNTIF($M27:INDIRECT(ADDRESS(ROW(),MATCH("",$4:$4,-1),1,1)),"N/A")+COUNTIF($M27:INDIRECT(ADDRESS(ROW(),MATCH("",$4:$4,-1),1,1)),"조치완료(N/A)") -> 0 | K27: =VLOOKUP($D27,'parm(hidden)'!$B$8:$C$10,2,FALSE)*($F27-$J27) -> 12 | L27: =VLOOKUP($D27,'parm(hidden)'!$B$8:$C$10,2,FALSE)*($G27+$H27) -> 3 | M27: =HYPERLINK("["&MID(CELL("filename"),SEARCH("[",CELL("filename"))+1,SEARCH("]",CELL("filename"))-SEARCH("[",CELL("filename"))-1)&"]"&ADDRESS(ROW()+16,8,1,TRUE,M$4),INDIRECT(ADDRESS(ROW()+16,8,1,TRUE,M$4))) -> Y | N27: =HYPERLINK("["&MID(CELL("filename"),SEARCH("[",CELL("filename"))+1,SEARCH("]",CELL("filename"))-SEARCH("[",CELL("filename"))-1)&"]"&ADDRESS(ROW()+16,8,1,TRUE,N$4),INDIRECT(ADDRESS(ROW()+16,8,1,TRUE,N$4))) -> N | O27: =HYPERLINK("["&MID(CELL("filename"),SEARCH("[",CELL("filename"))+1,SEARCH("]",CELL("filename"))-SEARCH("[",CELL("filename"))-1)&"]"&ADDRESS(ROW()+16,8,1,TRUE,O$4),INDIRECT(ADDRESS(ROW()+16,8,1,TRUE,O$4))) -> N | P27: =HYPERLINK("["&MID(CELL("filename"),SEARCH("[",CELL("filename"))+1,SEARCH("]",CELL("filename"))-SEARCH("[",CELL("filename"))-1)&"]"&ADDRESS(ROW()+16,8,1,TRUE,P$4),INDIRECT(ADDRESS(ROW()+16,8,1,TRUE,P$4))) -> N
A28: =ChkList!$A26 -> 서비스 관리 | B28: =ChkList!$B26 -> W-22 | C28: =ChkList!$C26 -> FTP 디렉토리 접근권한 설정 | D28: H | E28: =IF(D28="H",3,IF(D28="M",2,IF(D28="L",1,""))) -> 3 | F28: =COUNTA($M28:INDIRECT(ADDRESS(ROW(),MATCH("",$4:$4,-1),1,1))) -> 4 | G28: =COUNTIF($M28:INDIRECT(ADDRESS(ROW(),MATCH("",$4:$4,-1),1,1)),"조치완료(Y)")+COUNTIF($M28:INDIRECT(ADDRESS(ROW(),MATCH("",$4:$4,-1),1,1)),"Y") -> 1 | H28: =COUNTIF($M28:INDIRECT(ADDRESS(ROW(),MATCH("",$4:$4,-1),1,1)),"Y(즉시조치)")+COUNTIF($M28:INDIRECT(ADDRESS(ROW(),MATCH("",$4:$4,-1),1,1)),"조치완료(즉시조치)") -> 0 | I28: =COUNTIF($M28:INDIRECT(ADDRESS(ROW(),MATCH("",$4:$4,-1),1,1)),"N") -> 3 | J28: =COUNTIF($M28:INDIRECT(ADDRESS(ROW(),MATCH("",$4:$4,-1),1,1)),"N/A")+COUNTIF($M28:INDIRECT(ADDRESS(ROW(),MATCH("",$4:$4,-1),1,1)),"조치완료(N/A)") -> 0 | K28: =VLOOKUP($D28,'parm(hidden)'!$B$8:$C$10,2,FALSE)*($F28-$J28) -> 12 | L28: =VLOOKUP($D28,'parm(hidden)'!$B$8:$C$10,2,FALSE)*($G28+$H28) -> 3 | M28: =HYPERLINK("["&MID(CELL("filename"),SEARCH("[",CELL("filename"))+1,SEARCH("]",CELL("filename"))-SEARCH("[",CELL("filename"))-1)&"]"&ADDRESS(ROW()+16,8,1,TRUE,M$4),INDIRECT(ADDRESS(ROW()+16,8,1,TRUE,M$4))) -> Y | N28: =HYPERLINK("["&MID(CELL("filename"),SEARCH("[",CELL("filename"))+1,SEARCH("]",CELL("filename"))-SEARCH("[",CELL("filename"))-1)&"]"&ADDRESS(ROW()+16,8,1,TRUE,N$4),INDIRECT(ADDRESS(ROW()+16,8,1,TRUE,N$4))) -> N | O28: =HYPERLINK("["&MID(CELL("filename"),SEARCH("[",CELL("filename"))+1,SEARCH("]",CELL("filename"))-SEARCH("[",CELL("filename"))-1)&"]"&ADDRESS(ROW()+16,8,1,TRUE,O$4),INDIRECT(ADDRESS(ROW()+16,8,1,TRUE,O$4))) -> N | P28: =HYPERLINK("["&MID(CELL("filename"),SEARCH("[",CELL("filename"))+1,SEARCH("]",CELL("filename"))-SEARCH("[",CELL("filename"))-1)&"]"&ADDRESS(ROW()+16,8,1,TRUE,P$4),INDIRECT(ADDRESS(ROW()+16,8,1,TRUE,P$4))) -> N
A29: =ChkList!$A27 -> 서비스 관리 | B29: =ChkList!$B27 -> W-23 | C29: =ChkList!$C27 -> 공유 서비스에 대한 익명 접근 제한 설정 | D29: H | E29: =IF(D29="H",3,IF(D29="M",2,IF(D29="L",1,""))) -> 3 | F29: =COUNTA($M29:INDIRECT(ADDRESS(ROW(),MATCH("",$4:$4,-1),1,1))) -> 4 | G29: =COUNTIF($M29:INDIRECT(ADDRESS(ROW(),MATCH("",$4:$4,-1),1,1)),"조치완료(Y)")+COUNTIF($M29:INDIRECT(ADDRESS(ROW(),MATCH("",$4:$4,-1),1,1)),"Y") -> 1 | H29: =COUNTIF($M29:INDIRECT(ADDRESS(ROW(),MATCH("",$4:$4,-1),1,1)),"Y(즉시조치)")+COUNTIF($M29:INDIRECT(ADDRESS(ROW(),MATCH("",$4:$4,-1),1,1)),"조치완료(즉시조치)") -> 0 | I29: =COUNTIF($M29:INDIRECT(ADDRESS(ROW(),MATCH("",$4:$4,-1),1,1)),"N") -> 3 | J29: =COUNTIF($M29:INDIRECT(ADDRESS(ROW(),MATCH("",$4:$4,-1),1,1)),"N/A")+COUNTIF($M29:INDIRECT(ADDRESS(ROW(),MATCH("",$4:$4,-1),1,1)),"조치완료(N/A)") -> 0 | K29: =VLOOKUP($D29,'parm(hidden)'!$B$8:$C$10,2,FALSE)*($F29-$J29) -> 12 | L29: =VLOOKUP($D29,'parm(hidden)'!$B$8:$C$10,2,FALSE)*($G29+$H29) -> 3 | M29: =HYPERLINK("["&MID(CELL("filename"),SEARCH("[",CELL("filename"))+1,SEARCH("]",CELL("filename"))-SEARCH("[",CELL("filename"))-1)&"]"&ADDRESS(ROW()+16,8,1,TRUE,M$4),INDIRECT(ADDRESS(ROW()+16,8,1,TRUE,M$4))) -> Y | N29: =HYPERLINK("["&MID(CELL("filename"),SEARCH("[",CELL("filename"))+1,SEARCH("]",CELL("filename"))-SEARCH("[",CELL("filename"))-1)&"]"&ADDRESS(ROW()+16,8,1,TRUE,N$4),INDIRECT(ADDRESS(ROW()+16,8,1,TRUE,N$4))) -> N | O29: =HYPERLINK("["&MID(CELL("filename"),SEARCH("[",CELL("filename"))+1,SEARCH("]",CELL("filename"))-SEARCH("[",CELL("filename"))-1)&"]"&ADDRESS(ROW()+16,8,1,TRUE,O$4),INDIRECT(ADDRESS(ROW()+16,8,1,TRUE,O$4))) -> N | P29: =HYPERLINK("["&MID(CELL("filename"),SEARCH("[",CELL("filename"))+1,SEARCH("]",CELL("filename"))-SEARCH("[",CELL("filename"))-1)&"]"&ADDRESS(ROW()+16,8,1,TRUE,P$4),INDIRECT(ADDRESS(ROW()+16,8,1,TRUE,P$4))) -> N
A30: =ChkList!$A28 -> 서비스 관리 | B30: =ChkList!$B28 -> W-24 | C30: =ChkList!$C28 -> FTP 접근 제어 설정 | D30: H | E30: =IF(D30="H",3,IF(D30="M",2,IF(D30="L",1,""))) -> 3 | F30: =COUNTA($M30:INDIRECT(ADDRESS(ROW(),MATCH("",$4:$4,-1),1,1))) -> 4 | G30: =COUNTIF($M30:INDIRECT(ADDRESS(ROW(),MATCH("",$4:$4,-1),1,1)),"조치완료(Y)")+COUNTIF($M30:INDIRECT(ADDRESS(ROW(),MATCH("",$4:$4,-1),1,1)),"Y") -> 1 | H30: =COUNTIF($M30:INDIRECT(ADDRESS(ROW(),MATCH("",$4:$4,-1),1,1)),"Y(즉시조치)")+COUNTIF($M30:INDIRECT(ADDRESS(ROW(),MATCH("",$4:$4,-1),1,1)),"조치완료(즉시조치)") -> 0 | I30: =COUNTIF($M30:INDIRECT(ADDRESS(ROW(),MATCH("",$4:$4,-1),1,1)),"N") -> 3 | J30: =COUNTIF($M30:INDIRECT(ADDRESS(ROW(),MATCH("",$4:$4,-1),1,1)),"N/A")+COUNTIF($M30:INDIRECT(ADDRESS(ROW(),MATCH("",$4:$4,-1),1,1)),"조치완료(N/A)") -> 0 | K30: =VLOOKUP($D30,'parm(hidden)'!$B$8:$C$10,2,FALSE)*($F30-$J30) -> 12 | L30: =VLOOKUP($D30,'parm(hidden)'!$B$8:$C$10,2,FALSE)*($G30+$H30) -> 3 | M30: =HYPERLINK("["&MID(CELL("filename"),SEARCH("[",CELL("filename"))+1,SEARCH("]",CELL("filename"))-SEARCH("[",CELL("filename"))-1)&"]"&ADDRESS(ROW()+16,8,1,TRUE,M$4),INDIRECT(ADDRESS(ROW()+16,8,1,TRUE,M$4))) -> Y | N30: =HYPERLINK("["&MID(CELL("filename"),SEARCH("[",CELL("filename"))+1,SEARCH("]",CELL("filename"))-SEARCH("[",CELL("filename"))-1)&"]"&ADDRESS(ROW()+16,8,1,TRUE,N$4),INDIRECT(ADDRESS(ROW()+16,8,1,TRUE,N$4))) -> N | O30: =HYPERLINK("["&MID(CELL("filename"),SEARCH("[",CELL("filename"))+1,SEARCH("]",CELL("filename"))-SEARCH("[",CELL("filename"))-1)&"]"&ADDRESS(ROW()+16,8,1,TRUE,O$4),INDIRECT(ADDRESS(ROW()+16,8,1,TRUE,O$4))) -> N | P30: =HYPERLINK("["&MID(CELL("filename"),SEARCH("[",CELL("filename"))+1,SEARCH("]",CELL("filename"))-SEARCH("[",CELL("filename"))-1)&"]"&ADDRESS(ROW()+16,8,1,TRUE,P$4),INDIRECT(ADDRESS(ROW()+16,8,1,TRUE,P$4))) -> N
A31: =ChkList!$A29 -> 서비스 관리 | B31: =ChkList!$B29 -> W-25 | C31: =ChkList!$C29 -> DNS Zone Transfer 설정 | D31: H | E31: =IF(D31="H",3,IF(D31="M",2,IF(D31="L",1,""))) -> 3 | F31: =COUNTA($M31:INDIRECT(ADDRESS(ROW(),MATCH("",$4:$4,-1),1,1))) -> 4 | G31: =COUNTIF($M31:INDIRECT(ADDRESS(ROW(),MATCH("",$4:$4,-1),1,1)),"조치완료(Y)")+COUNTIF($M31:INDIRECT(ADDRESS(ROW(),MATCH("",$4:$4,-1),1,1)),"Y") -> 1 | H31: =COUNTIF($M31:INDIRECT(ADDRESS(ROW(),MATCH("",$4:$4,-1),1,1)),"Y(즉시조치)")+COUNTIF($M31:INDIRECT(ADDRESS(ROW(),MATCH("",$4:$4,-1),1,1)),"조치완료(즉시조치)") -> 0 | I31: =COUNTIF($M31:INDIRECT(ADDRESS(ROW(),MATCH("",$4:$4,-1),1,1)),"N") -> 3 | J31: =COUNTIF($M31:INDIRECT(ADDRESS(ROW(),MATCH("",$4:$4,-1),1,1)),"N/A")+COUNTIF($M31:INDIRECT(ADDRESS(ROW(),MATCH("",$4:$4,-1),1,1)),"조치완료(N/A)") -> 0 | K31: =VLOOKUP($D31,'parm(hidden)'!$B$8:$C$10,2,FALSE)*($F31-$J31) -> 12 | L31: =VLOOKUP($D31,'parm(hidden)'!$B$8:$C$10,2,FALSE)*($G31+$H31) -> 3 | M31: =HYPERLINK("["&MID(CELL("filename"),SEARCH("[",CELL("filename"))+1,SEARCH("]",CELL("filename"))-SEARCH("[",CELL("filename"))-1)&"]"&ADDRESS(ROW()+16,8,1,TRUE,M$4),INDIRECT(ADDRESS(ROW()+16,8,1,TRUE,M$4))) -> Y | N31: =HYPERLINK("["&MID(CELL("filename"),SEARCH("[",CELL("filename"))+1,SEARCH("]",CELL("filename"))-SEARCH("[",CELL("filename"))-1)&"]"&ADDRESS(ROW()+16,8,1,TRUE,N$4),INDIRECT(ADDRESS(ROW()+16,8,1,TRUE,N$4))) -> N | O31: =HYPERLINK("["&MID(CELL("filename"),SEARCH("[",CELL("filename"))+1,SEARCH("]",CELL("filename"))-SEARCH("[",CELL("filename"))-1)&"]"&ADDRESS(ROW()+16,8,1,TRUE,O$4),INDIRECT(ADDRESS(ROW()+16,8,1,TRUE,O$4))) -> N | P31: =HYPERLINK("["&MID(CELL("filename"),SEARCH("[",CELL("filename"))+1,SEARCH("]",CELL("filename"))-SEARCH("[",CELL("filename"))-1)&"]"&ADDRESS(ROW()+16,8,1,TRUE,P$4),INDIRECT(ADDRESS(ROW()+16,8,1,TRUE,P$4))) -> N
A32: =ChkList!$A30 -> 서비스 관리 | B32: =ChkList!$B30 -> W-26 | C32: =ChkList!$C30 -> RDS(Remote Data Services)제거 | D32: H | E32: =IF(D32="H",3,IF(D32="M",2,IF(D32="L",1,""))) -> 3 | F32: =COUNTA($M32:INDIRECT(ADDRESS(ROW(),MATCH("",$4:$4,-1),1,1))) -> 4 | G32: =COUNTIF($M32:INDIRECT(ADDRESS(ROW(),MATCH("",$4:$4,-1),1,1)),"조치완료(Y)")+COUNTIF($M32:INDIRECT(ADDRESS(ROW(),MATCH("",$4:$4,-1),1,1)),"Y") -> 1 | H32: =COUNTIF($M32:INDIRECT(ADDRESS(ROW(),MATCH("",$4:$4,-1),1,1)),"Y(즉시조치)")+COUNTIF($M32:INDIRECT(ADDRESS(ROW(),MATCH("",$4:$4,-1),1,1)),"조치완료(즉시조치)") -> 0 | I32: =COUNTIF($M32:INDIRECT(ADDRESS(ROW(),MATCH("",$4:$4,-1),1,1)),"N") -> 3 | J32: =COUNTIF($M32:INDIRECT(ADDRESS(ROW(),MATCH("",$4:$4,-1),1,1)),"N/A")+COUNTIF($M32:INDIRECT(ADDRESS(ROW(),MATCH("",$4:$4,-1),1,1)),"조치완료(N/A)") -> 0 | K32: =VLOOKUP($D32,'parm(hidden)'!$B$8:$C$10,2,FALSE)*($F32-$J32) -> 12 | L32: =VLOOKUP($D32,'parm(hidden)'!$B$8:$C$10,2,FALSE)*($G32+$H32) -> 3 | M32: =HYPERLINK("["&MID(CELL("filename"),SEARCH("[",CELL("filename"))+1,SEARCH("]",CELL("filename"))-SEARCH("[",CELL("filename"))-1)&"]"&ADDRESS(ROW()+16,8,1,TRUE,M$4),INDIRECT(ADDRESS(ROW()+16,8,1,TRUE,M$4))) -> Y | N32: =HYPERLINK("["&MID(CELL("filename"),SEARCH("[",CELL("filename"))+1,SEARCH("]",CELL("filename"))-SEARCH("[",CELL("filename"))-1)&"]"&ADDRESS(ROW()+16,8,1,TRUE,N$4),INDIRECT(ADDRESS(ROW()+16,8,1,TRUE,N$4))) -> N | O32: =HYPERLINK("["&MID(CELL("filename"),SEARCH("[",CELL("filename"))+1,SEARCH("]",CELL("filename"))-SEARCH("[",CELL("filename"))-1)&"]"&ADDRESS(ROW()+16,8,1,TRUE,O$4),INDIRECT(ADDRESS(ROW()+16,8,1,TRUE,O$4))) -> N | P32: =HYPERLINK("["&MID(CELL("filename"),SEARCH("[",CELL("filename"))+1,SEARCH("]",CELL("filename"))-SEARCH("[",CELL("filename"))-1)&"]"&ADDRESS(ROW()+16,8,1,TRUE,P$4),INDIRECT(ADDRESS(ROW()+16,8,1,TRUE,P$4))) -> N
A33: =ChkList!$A31 -> 서비스 관리 | B33: =ChkList!$B31 -> W-27 | C33: =ChkList!$C31 -> 최신 Windows OS Build 버전 적용 | D33: H | E33: =IF(D33="H",3,IF(D33="M",2,IF(D33="L",1,""))) -> 3 | F33: =COUNTA($M33:INDIRECT(ADDRESS(ROW(),MATCH("",$4:$4,-1),1,1))) -> 4 | G33: =COUNTIF($M33:INDIRECT(ADDRESS(ROW(),MATCH("",$4:$4,-1),1,1)),"조치완료(Y)")+COUNTIF($M33:INDIRECT(ADDRESS(ROW(),MATCH("",$4:$4,-1),1,1)),"Y") -> 1 | H33: =COUNTIF($M33:INDIRECT(ADDRESS(ROW(),MATCH("",$4:$4,-1),1,1)),"Y(즉시조치)")+COUNTIF($M33:INDIRECT(ADDRESS(ROW(),MATCH("",$4:$4,-1),1,1)),"조치완료(즉시조치)") -> 0 | I33: =COUNTIF($M33:INDIRECT(ADDRESS(ROW(),MATCH("",$4:$4,-1),1,1)),"N") -> 3 | J33: =COUNTIF($M33:INDIRECT(ADDRESS(ROW(),MATCH("",$4:$4,-1),1,1)),"N/A")+COUNTIF($M33:INDIRECT(ADDRESS(ROW(),MATCH("",$4:$4,-1),1,1)),"조치완료(N/A)") -> 0 | K33: =VLOOKUP($D33,'parm(hidden)'!$B$8:$C$10,2,FALSE)*($F33-$J33) -> 12 | L33: =VLOOKUP($D33,'parm(hidden)'!$B$8:$C$10,2,FALSE)*($G33+$H33) -> 3 | M33: =HYPERLINK("["&MID(CELL("filename"),SEARCH("[",CELL("filename"))+1,SEARCH("]",CELL("filename"))-SEARCH("[",CELL("filename"))-1)&"]"&ADDRESS(ROW()+16,8,1,TRUE,M$4),INDIRECT(ADDRESS(ROW()+16,8,1,TRUE,M$4))) -> Y | N33: =HYPERLINK("["&MID(CELL("filename"),SEARCH("[",CELL("filename"))+1,SEARCH("]",CELL("filename"))-SEARCH("[",CELL("filename"))-1)&"]"&ADDRESS(ROW()+16,8,1,TRUE,N$4),INDIRECT(ADDRESS(ROW()+16,8,1,TRUE,N$4))) -> N | O33: =HYPERLINK("["&MID(CELL("filename"),SEARCH("[",CELL("filename"))+1,SEARCH("]",CELL("filename"))-SEARCH("[",CELL("filename"))-1)&"]"&ADDRESS(ROW()+16,8,1,TRUE,O$4),INDIRECT(ADDRESS(ROW()+16,8,1,TRUE,O$4))) -> N | P33: =HYPERLINK("["&MID(CELL("filename"),SEARCH("[",CELL("filename"))+1,SEARCH("]",CELL("filename"))-SEARCH("[",CELL("filename"))-1)&"]"&ADDRESS(ROW()+16,8,1,TRUE,P$4),INDIRECT(ADDRESS(ROW()+16,8,1,TRUE,P$4))) -> N
A34: =ChkList!$A32 -> 서비스 관리 | B34: =ChkList!$B32 -> W-28 | C34: =ChkList!$C32 -> 터미널 서비스 암호화 수준 설정 | D34: H | E34: =IF(D34="H",3,IF(D34="M",2,IF(D34="L",1,""))) -> 3 | F34: =COUNTA($M34:INDIRECT(ADDRESS(ROW(),MATCH("",$4:$4,-1),1,1))) -> 4 | G34: =COUNTIF($M34:INDIRECT(ADDRESS(ROW(),MATCH("",$4:$4,-1),1,1)),"조치완료(Y)")+COUNTIF($M34:INDIRECT(ADDRESS(ROW(),MATCH("",$4:$4,-1),1,1)),"Y") -> 1 | H34: =COUNTIF($M34:INDIRECT(ADDRESS(ROW(),MATCH("",$4:$4,-1),1,1)),"Y(즉시조치)")+COUNTIF($M34:INDIRECT(ADDRESS(ROW(),MATCH("",$4:$4,-1),1,1)),"조치완료(즉시조치)") -> 0 | I34: =COUNTIF($M34:INDIRECT(ADDRESS(ROW(),MATCH("",$4:$4,-1),1,1)),"N") -> 3 | J34: =COUNTIF($M34:INDIRECT(ADDRESS(ROW(),MATCH("",$4:$4,-1),1,1)),"N/A")+COUNTIF($M34:INDIRECT(ADDRESS(ROW(),MATCH("",$4:$4,-1),1,1)),"조치완료(N/A)") -> 0 | K34: =VLOOKUP($D34,'parm(hidden)'!$B$8:$C$10,2,FALSE)*($F34-$J34) -> 12 | L34: =VLOOKUP($D34,'parm(hidden)'!$B$8:$C$10,2,FALSE)*($G34+$H34) -> 3 | M34: =HYPERLINK("["&MID(CELL("filename"),SEARCH("[",CELL("filename"))+1,SEARCH("]",CELL("filename"))-SEARCH("[",CELL("filename"))-1)&"]"&ADDRESS(ROW()+16,8,1,TRUE,M$4),INDIRECT(ADDRESS(ROW()+16,8,1,TRUE,M$4))) -> Y | N34: =HYPERLINK("["&MID(CELL("filename"),SEARCH("[",CELL("filename"))+1,SEARCH("]",CELL("filename"))-SEARCH("[",CELL("filename"))-1)&"]"&ADDRESS(ROW()+16,8,1,TRUE,N$4),INDIRECT(ADDRESS(ROW()+16,8,1,TRUE,N$4))) -> N | O34: =HYPERLINK("["&MID(CELL("filename"),SEARCH("[",CELL("filename"))+1,SEARCH("]",CELL("filename"))-SEARCH("[",CELL("filename"))-1)&"]"&ADDRESS(ROW()+16,8,1,TRUE,O$4),INDIRECT(ADDRESS(ROW()+16,8,1,TRUE,O$4))) -> N | P34: =HYPERLINK("["&MID(CELL("filename"),SEARCH("[",CELL("filename"))+1,SEARCH("]",CELL("filename"))-SEARCH("[",CELL("filename"))-1)&"]"&ADDRESS(ROW()+16,8,1,TRUE,P$4),INDIRECT(ADDRESS(ROW()+16,8,1,TRUE,P$4))) -> N
A35: =ChkList!$A33 -> 서비스 관리 | B35: =ChkList!$B33 -> W-29 | C35: =ChkList!$C33 -> 불필요한 SNMP 서비스 구동 점검 | D35: H | E35: =IF(D35="H",3,IF(D35="M",2,IF(D35="L",1,""))) -> 3 | F35: =COUNTA($M35:INDIRECT(ADDRESS(ROW(),MATCH("",$4:$4,-1),1,1))) -> 4 | G35: =COUNTIF($M35:INDIRECT(ADDRESS(ROW(),MATCH("",$4:$4,-1),1,1)),"조치완료(Y)")+COUNTIF($M35:INDIRECT(ADDRESS(ROW(),MATCH("",$4:$4,-1),1,1)),"Y") -> 1 | H35: =COUNTIF($M35:INDIRECT(ADDRESS(ROW(),MATCH("",$4:$4,-1),1,1)),"Y(즉시조치)")+COUNTIF($M35:INDIRECT(ADDRESS(ROW(),MATCH("",$4:$4,-1),1,1)),"조치완료(즉시조치)") -> 0 | I35: =COUNTIF($M35:INDIRECT(ADDRESS(ROW(),MATCH("",$4:$4,-1),1,1)),"N") -> 3 | J35: =COUNTIF($M35:INDIRECT(ADDRESS(ROW(),MATCH("",$4:$4,-1),1,1)),"N/A")+COUNTIF($M35:INDIRECT(ADDRESS(ROW(),MATCH("",$4:$4,-1),1,1)),"조치완료(N/A)") -> 0 | K35: =VLOOKUP($D35,'parm(hidden)'!$B$8:$C$10,2,FALSE)*($F35-$J35) -> 12 | L35: =VLOOKUP($D35,'parm(hidden)'!$B$8:$C$10,2,FALSE)*($G35+$H35) -> 3 | M35: =HYPERLINK("["&MID(CELL("filename"),SEARCH("[",CELL("filename"))+1,SEARCH("]",CELL("filename"))-SEARCH("[",CELL("filename"))-1)&"]"&ADDRESS(ROW()+16,8,1,TRUE,M$4),INDIRECT(ADDRESS(ROW()+16,8,1,TRUE,M$4))) -> Y | N35: =HYPERLINK("["&MID(CELL("filename"),SEARCH("[",CELL("filename"))+1,SEARCH("]",CELL("filename"))-SEARCH("[",CELL("filename"))-1)&"]"&ADDRESS(ROW()+16,8,1,TRUE,N$4),INDIRECT(ADDRESS(ROW()+16,8,1,TRUE,N$4))) -> N | O35: =HYPERLINK("["&MID(CELL("filename"),SEARCH("[",CELL("filename"))+1,SEARCH("]",CELL("filename"))-SEARCH("[",CELL("filename"))-1)&"]"&ADDRESS(ROW()+16,8,1,TRUE,O$4),INDIRECT(ADDRESS(ROW()+16,8,1,TRUE,O$4))) -> N | P35: =HYPERLINK("["&MID(CELL("filename"),SEARCH("[",CELL("filename"))+1,SEARCH("]",CELL("filename"))-SEARCH("[",CELL("filename"))-1)&"]"&ADDRESS(ROW()+16,8,1,TRUE,P$4),INDIRECT(ADDRESS(ROW()+16,8,1,TRUE,P$4))) -> N
A36: =ChkList!$A34 -> 서비스 관리 | B36: =ChkList!$B34 -> W-30 | C36: =ChkList!$C34 -> SNMP Community String 복잡성 설정 | D36: H | E36: =IF(D36="H",3,IF(D36="M",2,IF(D36="L",1,""))) -> 3 | F36: =COUNTA($M36:INDIRECT(ADDRESS(ROW(),MATCH("",$4:$4,-1),1,1))) -> 4 | G36: =COUNTIF($M36:INDIRECT(ADDRESS(ROW(),MATCH("",$4:$4,-1),1,1)),"조치완료(Y)")+COUNTIF($M36:INDIRECT(ADDRESS(ROW(),MATCH("",$4:$4,-1),1,1)),"Y") -> 1 | H36: =COUNTIF($M36:INDIRECT(ADDRESS(ROW(),MATCH("",$4:$4,-1),1,1)),"Y(즉시조치)")+COUNTIF($M36:INDIRECT(ADDRESS(ROW(),MATCH("",$4:$4,-1),1,1)),"조치완료(즉시조치)") -> 0 | I36: =COUNTIF($M36:INDIRECT(ADDRESS(ROW(),MATCH("",$4:$4,-1),1,1)),"N") -> 3 | J36: =COUNTIF($M36:INDIRECT(ADDRESS(ROW(),MATCH("",$4:$4,-1),1,1)),"N/A")+COUNTIF($M36:INDIRECT(ADDRESS(ROW(),MATCH("",$4:$4,-1),1,1)),"조치완료(N/A)") -> 0 | K36: =VLOOKUP($D36,'parm(hidden)'!$B$8:$C$10,2,FALSE)*($F36-$J36) -> 12 | L36: =VLOOKUP($D36,'parm(hidden)'!$B$8:$C$10,2,FALSE)*($G36+$H36) -> 3 | M36: =HYPERLINK("["&MID(CELL("filename"),SEARCH("[",CELL("filename"))+1,SEARCH("]",CELL("filename"))-SEARCH("[",CELL("filename"))-1)&"]"&ADDRESS(ROW()+16,8,1,TRUE,M$4),INDIRECT(ADDRESS(ROW()+16,8,1,TRUE,M$4))) -> Y | N36: =HYPERLINK("["&MID(CELL("filename"),SEARCH("[",CELL("filename"))+1,SEARCH("]",CELL("filename"))-SEARCH("[",CELL("filename"))-1)&"]"&ADDRESS(ROW()+16,8,1,TRUE,N$4),INDIRECT(ADDRESS(ROW()+16,8,1,TRUE,N$4))) -> N | O36: =HYPERLINK("["&MID(CELL("filename"),SEARCH("[",CELL("filename"))+1,SEARCH("]",CELL("filename"))-SEARCH("[",CELL("filename"))-1)&"]"&ADDRESS(ROW()+16,8,1,TRUE,O$4),INDIRECT(ADDRESS(ROW()+16,8,1,TRUE,O$4))) -> N | P36: =HYPERLINK("["&MID(CELL("filename"),SEARCH("[",CELL("filename"))+1,SEARCH("]",CELL("filename"))-SEARCH("[",CELL("filename"))-1)&"]"&ADDRESS(ROW()+16,8,1,TRUE,P$4),INDIRECT(ADDRESS(ROW()+16,8,1,TRUE,P$4))) -> N
A37: =ChkList!#REF! -> #REF! | B37: =ChkList!#REF! -> #REF! | C37: =ChkList!#REF! -> #REF! | D37: H | E37: =IF(D37="H",3,IF(D37="M",2,IF(D37="L",1,""))) -> 3 | F37: =COUNTA($M37:INDIRECT(ADDRESS(ROW(),MATCH("",$4:$4,-1),1,1))) -> 4 | G37: =COUNTIF($M37:INDIRECT(ADDRESS(ROW(),MATCH("",$4:$4,-1),1,1)),"조치완료(Y)")+COUNTIF($M37:INDIRECT(ADDRESS(ROW(),MATCH("",$4:$4,-1),1,1)),"Y") -> 1 | H37: =COUNTIF($M37:INDIRECT(ADDRESS(ROW(),MATCH("",$4:$4,-1),1,1)),"Y(즉시조치)")+COUNTIF($M37:INDIRECT(ADDRESS(ROW(),MATCH("",$4:$4,-1),1,1)),"조치완료(즉시조치)") -> 0 | I37: =COUNTIF($M37:INDIRECT(ADDRESS(ROW(),MATCH("",$4:$4,-1),1,1)),"N") -> 3 | J37: =COUNTIF($M37:INDIRECT(ADDRESS(ROW(),MATCH("",$4:$4,-1),1,1)),"N/A")+COUNTIF($M37:INDIRECT(ADDRESS(ROW(),MATCH("",$4:$4,-1),1,1)),"조치완료(N/A)") -> 0 | K37: =VLOOKUP($D37,'parm(hidden)'!$B$8:$C$10,2,FALSE)*($F37-$J37) -> 12 | L37: =VLOOKUP($D37,'parm(hidden)'!$B$8:$C$10,2,FALSE)*($G37+$H37) -> 3 | M37: =HYPERLINK("["&MID(CELL("filename"),SEARCH("[",CELL("filename"))+1,SEARCH("]",CELL("filename"))-SEARCH("[",CELL("filename"))-1)&"]"&ADDRESS(ROW()+16,8,1,TRUE,M$4),INDIRECT(ADDRESS(ROW()+16,8,1,TRUE,M$4))) -> Y | N37: =HYPERLINK("["&MID(CELL("filename"),SEARCH("[",CELL("filename"))+1,SEARCH("]",CELL("filename"))-SEARCH("[",CELL("filename"))-1)&"]"&ADDRESS(ROW()+16,8,1,TRUE,N$4),INDIRECT(ADDRESS(ROW()+16,8,1,TRUE,N$4))) -> N | O37: =HYPERLINK("["&MID(CELL("filename"),SEARCH("[",CELL("filename"))+1,SEARCH("]",CELL("filename"))-SEARCH("[",CELL("filename"))-1)&"]"&ADDRESS(ROW()+16,8,1,TRUE,O$4),INDIRECT(ADDRESS(ROW()+16,8,1,TRUE,O$4))) -> N | P37: =HYPERLINK("["&MID(CELL("filename"),SEARCH("[",CELL("filename"))+1,SEARCH("]",CELL("filename"))-SEARCH("[",CELL("filename"))-1)&"]"&ADDRESS(ROW()+16,8,1,TRUE,P$4),INDIRECT(ADDRESS(ROW()+16,8,1,TRUE,P$4))) -> N
A38: =ChkList!$A35 -> 서비스 관리 | B38: =ChkList!$B35 -> W-31 | C38: =ChkList!$C35 -> SNMP Access Control 설정 | D38: H | E38: =IF(D38="H",3,IF(D38="M",2,IF(D38="L",1,""))) -> 3 | F38: =COUNTA($M38:INDIRECT(ADDRESS(ROW(),MATCH("",$4:$4,-1),1,1))) -> 4 | G38: =COUNTIF($M38:INDIRECT(ADDRESS(ROW(),MATCH("",$4:$4,-1),1,1)),"조치완료(Y)")+COUNTIF($M38:INDIRECT(ADDRESS(ROW(),MATCH("",$4:$4,-1),1,1)),"Y") -> 1 | H38: =COUNTIF($M38:INDIRECT(ADDRESS(ROW(),MATCH("",$4:$4,-1),1,1)),"Y(즉시조치)")+COUNTIF($M38:INDIRECT(ADDRESS(ROW(),MATCH("",$4:$4,-1),1,1)),"조치완료(즉시조치)") -> 0 | I38: =COUNTIF($M38:INDIRECT(ADDRESS(ROW(),MATCH("",$4:$4,-1),1,1)),"N") -> 3 | J38: =COUNTIF($M38:INDIRECT(ADDRESS(ROW(),MATCH("",$4:$4,-1),1,1)),"N/A")+COUNTIF($M38:INDIRECT(ADDRESS(ROW(),MATCH("",$4:$4,-1),1,1)),"조치완료(N/A)") -> 0 | K38: =VLOOKUP($D38,'parm(hidden)'!$B$8:$C$10,2,FALSE)*($F38-$J38) -> 12 | L38: =VLOOKUP($D38,'parm(hidden)'!$B$8:$C$10,2,FALSE)*($G38+$H38) -> 3 | M38: =HYPERLINK("["&MID(CELL("filename"),SEARCH("[",CELL("filename"))+1,SEARCH("]",CELL("filename"))-SEARCH("[",CELL("filename"))-1)&"]"&ADDRESS(ROW()+16,8,1,TRUE,M$4),INDIRECT(ADDRESS(ROW()+16,8,1,TRUE,M$4))) -> Y | N38: =HYPERLINK("["&MID(CELL("filename"),SEARCH("[",CELL("filename"))+1,SEARCH("]",CELL("filename"))-SEARCH("[",CELL("filename"))-1)&"]"&ADDRESS(ROW()+16,8,1,TRUE,N$4),INDIRECT(ADDRESS(ROW()+16,8,1,TRUE,N$4))) -> N | O38: =HYPERLINK("["&MID(CELL("filename"),SEARCH("[",CELL("filename"))+1,SEARCH("]",CELL("filename"))-SEARCH("[",CELL("filename"))-1)&"]"&ADDRESS(ROW()+16,8,1,TRUE,O$4),INDIRECT(ADDRESS(ROW()+16,8,1,TRUE,O$4))) -> N | P38: =HYPERLINK("["&MID(CELL("filename"),SEARCH("[",CELL("filename"))+1,SEARCH("]",CELL("filename"))-SEARCH("[",CELL("filename"))-1)&"]"&ADDRESS(ROW()+16,8,1,TRUE,P$4),INDIRECT(ADDRESS(ROW()+16,8,1,TRUE,P$4))) -> N
A39: =ChkList!$A36 -> 서비스 관리 | B39: =ChkList!$B36 -> W-32 | C39: =ChkList!$C36 -> DNS 서비스 구동 점검 | D39: H | E39: =IF(D39="H",3,IF(D39="M",2,IF(D39="L",1,""))) -> 3 | F39: =COUNTA($M39:INDIRECT(ADDRESS(ROW(),MATCH("",$4:$4,-1),1,1))) -> 4 | G39: =COUNTIF($M39:INDIRECT(ADDRESS(ROW(),MATCH("",$4:$4,-1),1,1)),"조치완료(Y)")+COUNTIF($M39:INDIRECT(ADDRESS(ROW(),MATCH("",$4:$4,-1),1,1)),"Y") -> 1 | H39: =COUNTIF($M39:INDIRECT(ADDRESS(ROW(),MATCH("",$4:$4,-1),1,1)),"Y(즉시조치)")+COUNTIF($M39:INDIRECT(ADDRESS(ROW(),MATCH("",$4:$4,-1),1,1)),"조치완료(즉시조치)") -> 0 | I39: =COUNTIF($M39:INDIRECT(ADDRESS(ROW(),MATCH("",$4:$4,-1),1,1)),"N") -> 3 | J39: =COUNTIF($M39:INDIRECT(ADDRESS(ROW(),MATCH("",$4:$4,-1),1,1)),"N/A")+COUNTIF($M39:INDIRECT(ADDRESS(ROW(),MATCH("",$4:$4,-1),1,1)),"조치완료(N/A)") -> 0 | K39: =VLOOKUP($D39,'parm(hidden)'!$B$8:$C$10,2,FALSE)*($F39-$J39) -> 12 | L39: =VLOOKUP($D39,'parm(hidden)'!$B$8:$C$10,2,FALSE)*($G39+$H39) -> 3 | M39: =HYPERLINK("["&MID(CELL("filename"),SEARCH("[",CELL("filename"))+1,SEARCH("]",CELL("filename"))-SEARCH("[",CELL("filename"))-1)&"]"&ADDRESS(ROW()+16,8,1,TRUE,M$4),INDIRECT(ADDRESS(ROW()+16,8,1,TRUE,M$4))) -> Y | N39: =HYPERLINK("["&MID(CELL("filename"),SEARCH("[",CELL("filename"))+1,SEARCH("]",CELL("filename"))-SEARCH("[",CELL("filename"))-1)&"]"&ADDRESS(ROW()+16,8,1,TRUE,N$4),INDIRECT(ADDRESS(ROW()+16,8,1,TRUE,N$4))) -> N | O39: =HYPERLINK("["&MID(CELL("filename"),SEARCH("[",CELL("filename"))+1,SEARCH("]",CELL("filename"))-SEARCH("[",CELL("filename"))-1)&"]"&ADDRESS(ROW()+16,8,1,TRUE,O$4),INDIRECT(ADDRESS(ROW()+16,8,1,TRUE,O$4))) -> N | P39: =HYPERLINK("["&MID(CELL("filename"),SEARCH("[",CELL("filename"))+1,SEARCH("]",CELL("filename"))-SEARCH("[",CELL("filename"))-1)&"]"&ADDRESS(ROW()+16,8,1,TRUE,P$4),INDIRECT(ADDRESS(ROW()+16,8,1,TRUE,P$4))) -> N
A40: =ChkList!$A37 -> 서비스 관리 | B40: =ChkList!$B37 -> W-33 | C40: =ChkList!$C37 -> HTTP/FTP/SMTP 배너 차단 | D40: H | E40: =IF(D40="H",3,IF(D40="M",2,IF(D40="L",1,""))) -> 3 | F40: =COUNTA($M40:INDIRECT(ADDRESS(ROW(),MATCH("",$4:$4,-1),1,1))) -> 4 | G40: =COUNTIF($M40:INDIRECT(ADDRESS(ROW(),MATCH("",$4:$4,-1),1,1)),"조치완료(Y)")+COUNTIF($M40:INDIRECT(ADDRESS(ROW(),MATCH("",$4:$4,-1),1,1)),"Y") -> 0 | H40: =COUNTIF($M40:INDIRECT(ADDRESS(ROW(),MATCH("",$4:$4,-1),1,1)),"Y(즉시조치)")+COUNTIF($M40:INDIRECT(ADDRESS(ROW(),MATCH("",$4:$4,-1),1,1)),"조치완료(즉시조치)") -> 0 | I40: =COUNTIF($M40:INDIRECT(ADDRESS(ROW(),MATCH("",$4:$4,-1),1,1)),"N") -> 4 | J40: =COUNTIF($M40:INDIRECT(ADDRESS(ROW(),MATCH("",$4:$4,-1),1,1)),"N/A")+COUNTIF($M40:INDIRECT(ADDRESS(ROW(),MATCH("",$4:$4,-1),1,1)),"조치완료(N/A)") -> 0 | K40: =VLOOKUP($D40,'parm(hidden)'!$B$8:$C$10,2,FALSE)*($F40-$J40) -> 12 | L40: =VLOOKUP($D40,'parm(hidden)'!$B$8:$C$10,2,FALSE)*($G40+$H40) -> 0 | M40: =HYPERLINK("["&MID(CELL("filename"),SEARCH("[",CELL("filename"))+1,SEARCH("]",CELL("filename"))-SEARCH("[",CELL("filename"))-1)&"]"&ADDRESS(ROW()+16,8,1,TRUE,M$4),INDIRECT(ADDRESS(ROW()+16,8,1,TRUE,M$4))) -> N | N40: =HYPERLINK("["&MID(CELL("filename"),SEARCH("[",CELL("filename"))+1,SEARCH("]",CELL("filename"))-SEARCH("[",CELL("filename"))-1)&"]"&ADDRESS(ROW()+16,8,1,TRUE,N$4),INDIRECT(ADDRESS(ROW()+16,8,1,TRUE,N$4))) -> N | O40: =HYPERLINK("["&MID(CELL("filename"),SEARCH("[",CELL("filename"))+1,SEARCH("]",CELL("filename"))-SEARCH("[",CELL("filename"))-1)&"]"&ADDRESS(ROW()+16,8,1,TRUE,O$4),INDIRECT(ADDRESS(ROW()+16,8,1,TRUE,O$4))) -> N | P40: =HYPERLINK("["&MID(CELL("filename"),SEARCH("[",CELL("filename"))+1,SEARCH("]",CELL("filename"))-SEARCH("[",CELL("filename"))-1)&"]"&ADDRESS(ROW()+16,8,1,TRUE,P$4),INDIRECT(ADDRESS(ROW()+16,8,1,TRUE,P$4))) -> N
A41: =ChkList!$A38 -> 서비스 관리 | B41: =ChkList!$B38 -> W-34 | C41: =ChkList!$C38 -> Telnet 서비스 비활성화 | D41: H | E41: =IF(D41="H",3,IF(D41="M",2,IF(D41="L",1,""))) -> 3 | F41: =COUNTA($M41:INDIRECT(ADDRESS(ROW(),MATCH("",$4:$4,-1),1,1))) -> 4 | G41: =COUNTIF($M41:INDIRECT(ADDRESS(ROW(),MATCH("",$4:$4,-1),1,1)),"조치완료(Y)")+COUNTIF($M41:INDIRECT(ADDRESS(ROW(),MATCH("",$4:$4,-1),1,1)),"Y") -> 1 | H41: =COUNTIF($M41:INDIRECT(ADDRESS(ROW(),MATCH("",$4:$4,-1),1,1)),"Y(즉시조치)")+COUNTIF($M41:INDIRECT(ADDRESS(ROW(),MATCH("",$4:$4,-1),1,1)),"조치완료(즉시조치)") -> 0 | I41: =COUNTIF($M41:INDIRECT(ADDRESS(ROW(),MATCH("",$4:$4,-1),1,1)),"N") -> 3 | J41: =COUNTIF($M41:INDIRECT(ADDRESS(ROW(),MATCH("",$4:$4,-1),1,1)),"N/A")+COUNTIF($M41:INDIRECT(ADDRESS(ROW(),MATCH("",$4:$4,-1),1,1)),"조치완료(N/A)") -> 0 | K41: =VLOOKUP($D41,'parm(hidden)'!$B$8:$C$10,2,FALSE)*($F41-$J41) -> 12 | L41: =VLOOKUP($D41,'parm(hidden)'!$B$8:$C$10,2,FALSE)*($G41+$H41) -> 3 | M41: =HYPERLINK("["&MID(CELL("filename"),SEARCH("[",CELL("filename"))+1,SEARCH("]",CELL("filename"))-SEARCH("[",CELL("filename"))-1)&"]"&ADDRESS(ROW()+16,8,1,TRUE,M$4),INDIRECT(ADDRESS(ROW()+16,8,1,TRUE,M$4))) -> Y | N41: =HYPERLINK("["&MID(CELL("filename"),SEARCH("[",CELL("filename"))+1,SEARCH("]",CELL("filename"))-SEARCH("[",CELL("filename"))-1)&"]"&ADDRESS(ROW()+16,8,1,TRUE,N$4),INDIRECT(ADDRESS(ROW()+16,8,1,TRUE,N$4))) -> N | O41: =HYPERLINK("["&MID(CELL("filename"),SEARCH("[",CELL("filename"))+1,SEARCH("]",CELL("filename"))-SEARCH("[",CELL("filename"))-1)&"]"&ADDRESS(ROW()+16,8,1,TRUE,O$4),INDIRECT(ADDRESS(ROW()+16,8,1,TRUE,O$4))) -> N | P41: =HYPERLINK("["&MID(CELL("filename"),SEARCH("[",CELL("filename"))+1,SEARCH("]",CELL("filename"))-SEARCH("[",CELL("filename"))-1)&"]"&ADDRESS(ROW()+16,8,1,TRUE,P$4),INDIRECT(ADDRESS(ROW()+16,8,1,TRUE,P$4))) -> N
A42: =ChkList!$A39 -> 서비스 관리 | B42: =ChkList!$B39 -> W-35 | C42: =ChkList!$C39 -> 불필요한 ODBC/OLE-DB 데이터 소스와 드라이브 제거 | D42: H | E42: =IF(D42="H",3,IF(D42="M",2,IF(D42="L",1,""))) -> 3 | F42: =COUNTA($M42:INDIRECT(ADDRESS(ROW(),MATCH("",$4:$4,-1),1,1))) -> 4 | G42: =COUNTIF($M42:INDIRECT(ADDRESS(ROW(),MATCH("",$4:$4,-1),1,1)),"조치완료(Y)")+COUNTIF($M42:INDIRECT(ADDRESS(ROW(),MATCH("",$4:$4,-1),1,1)),"Y") -> 1 | H42: =COUNTIF($M42:INDIRECT(ADDRESS(ROW(),MATCH("",$4:$4,-1),1,1)),"Y(즉시조치)")+COUNTIF($M42:INDIRECT(ADDRESS(ROW(),MATCH("",$4:$4,-1),1,1)),"조치완료(즉시조치)") -> 0 | I42: =COUNTIF($M42:INDIRECT(ADDRESS(ROW(),MATCH("",$4:$4,-1),1,1)),"N") -> 3 | J42: =COUNTIF($M42:INDIRECT(ADDRESS(ROW(),MATCH("",$4:$4,-1),1,1)),"N/A")+COUNTIF($M42:INDIRECT(ADDRESS(ROW(),MATCH("",$4:$4,-1),1,1)),"조치완료(N/A)") -> 0 | K42: =VLOOKUP($D42,'parm(hidden)'!$B$8:$C$10,2,FALSE)*($F42-$J42) -> 12 | L42: =VLOOKUP($D42,'parm(hidden)'!$B$8:$C$10,2,FALSE)*($G42+$H42) -> 3 | M42: =HYPERLINK("["&MID(CELL("filename"),SEARCH("[",CELL("filename"))+1,SEARCH("]",CELL("filename"))-SEARCH("[",CELL("filename"))-1)&"]"&ADDRESS(ROW()+16,8,1,TRUE,M$4),INDIRECT(ADDRESS(ROW()+16,8,1,TRUE,M$4))) -> Y | N42: =HYPERLINK("["&MID(CELL("filename"),SEARCH("[",CELL("filename"))+1,SEARCH("]",CELL("filename"))-SEARCH("[",CELL("filename"))-1)&"]"&ADDRESS(ROW()+16,8,1,TRUE,N$4),INDIRECT(ADDRESS(ROW()+16,8,1,TRUE,N$4))) -> N | O42: =HYPERLINK("["&MID(CELL("filename"),SEARCH("[",CELL("filename"))+1,SEARCH("]",CELL("filename"))-SEARCH("[",CELL("filename"))-1)&"]"&ADDRESS(ROW()+16,8,1,TRUE,O$4),INDIRECT(ADDRESS(ROW()+16,8,1,TRUE,O$4))) -> N | P42: =HYPERLINK("["&MID(CELL("filename"),SEARCH("[",CELL("filename"))+1,SEARCH("]",CELL("filename"))-SEARCH("[",CELL("filename"))-1)&"]"&ADDRESS(ROW()+16,8,1,TRUE,P$4),INDIRECT(ADDRESS(ROW()+16,8,1,TRUE,P$4))) -> N
A43: =ChkList!$A40 -> 서비스 관리 | B43: =ChkList!$B40 -> W-36 | C43: =ChkList!$C40 -> 원격터미널 접속 타임아웃 설정 | D43: H | E43: =IF(D43="H",3,IF(D43="M",2,IF(D43="L",1,""))) -> 3 | F43: =COUNTA($M43:INDIRECT(ADDRESS(ROW(),MATCH("",$4:$4,-1),1,1))) -> 4 | G43: =COUNTIF($M43:INDIRECT(ADDRESS(ROW(),MATCH("",$4:$4,-1),1,1)),"조치완료(Y)")+COUNTIF($M43:INDIRECT(ADDRESS(ROW(),MATCH("",$4:$4,-1),1,1)),"Y") -> 1 | H43: =COUNTIF($M43:INDIRECT(ADDRESS(ROW(),MATCH("",$4:$4,-1),1,1)),"Y(즉시조치)")+COUNTIF($M43:INDIRECT(ADDRESS(ROW(),MATCH("",$4:$4,-1),1,1)),"조치완료(즉시조치)") -> 0 | I43: =COUNTIF($M43:INDIRECT(ADDRESS(ROW(),MATCH("",$4:$4,-1),1,1)),"N") -> 3 | J43: =COUNTIF($M43:INDIRECT(ADDRESS(ROW(),MATCH("",$4:$4,-1),1,1)),"N/A")+COUNTIF($M43:INDIRECT(ADDRESS(ROW(),MATCH("",$4:$4,-1),1,1)),"조치완료(N/A)") -> 0 | K43: =VLOOKUP($D43,'parm(hidden)'!$B$8:$C$10,2,FALSE)*($F43-$J43) -> 12 | L43: =VLOOKUP($D43,'parm(hidden)'!$B$8:$C$10,2,FALSE)*($G43+$H43) -> 3 | M43: =HYPERLINK("["&MID(CELL("filename"),SEARCH("[",CELL("filename"))+1,SEARCH("]",CELL("filename"))-SEARCH("[",CELL("filename"))-1)&"]"&ADDRESS(ROW()+16,8,1,TRUE,M$4),INDIRECT(ADDRESS(ROW()+16,8,1,TRUE,M$4))) -> Y | N43: =HYPERLINK("["&MID(CELL("filename"),SEARCH("[",CELL("filename"))+1,SEARCH("]",CELL("filename"))-SEARCH("[",CELL("filename"))-1)&"]"&ADDRESS(ROW()+16,8,1,TRUE,N$4),INDIRECT(ADDRESS(ROW()+16,8,1,TRUE,N$4))) -> N | O43: =HYPERLINK("["&MID(CELL("filename"),SEARCH("[",CELL("filename"))+1,SEARCH("]",CELL("filename"))-SEARCH("[",CELL("filename"))-1)&"]"&ADDRESS(ROW()+16,8,1,TRUE,O$4),INDIRECT(ADDRESS(ROW()+16,8,1,TRUE,O$4))) -> N | P43: =HYPERLINK("["&MID(CELL("filename"),SEARCH("[",CELL("filename"))+1,SEARCH("]",CELL("filename"))-SEARCH("[",CELL("filename"))-1)&"]"&ADDRESS(ROW()+16,8,1,TRUE,P$4),INDIRECT(ADDRESS(ROW()+16,8,1,TRUE,P$4))) -> N
A44: =ChkList!$A41 -> 서비스 관리 | B44: =ChkList!$B41 -> W-37 | C44: =ChkList!$C41 -> 예약된 작업에 의심스러운 명령이 등록되어 있는지 점검 | D44: H | E44: =IF(D44="H",3,IF(D44="M",2,IF(D44="L",1,""))) -> 3 | F44: =COUNTA($M44:INDIRECT(ADDRESS(ROW(),MATCH("",$4:$4,-1),1,1))) -> 4 | G44: =COUNTIF($M44:INDIRECT(ADDRESS(ROW(),MATCH("",$4:$4,-1),1,1)),"조치완료(Y)")+COUNTIF($M44:INDIRECT(ADDRESS(ROW(),MATCH("",$4:$4,-1),1,1)),"Y") -> 1 | H44: =COUNTIF($M44:INDIRECT(ADDRESS(ROW(),MATCH("",$4:$4,-1),1,1)),"Y(즉시조치)")+COUNTIF($M44:INDIRECT(ADDRESS(ROW(),MATCH("",$4:$4,-1),1,1)),"조치완료(즉시조치)") -> 0 | I44: =COUNTIF($M44:INDIRECT(ADDRESS(ROW(),MATCH("",$4:$4,-1),1,1)),"N") -> 3 | J44: =COUNTIF($M44:INDIRECT(ADDRESS(ROW(),MATCH("",$4:$4,-1),1,1)),"N/A")+COUNTIF($M44:INDIRECT(ADDRESS(ROW(),MATCH("",$4:$4,-1),1,1)),"조치완료(N/A)") -> 0 | K44: =VLOOKUP($D44,'parm(hidden)'!$B$8:$C$10,2,FALSE)*($F44-$J44) -> 12 | L44: =VLOOKUP($D44,'parm(hidden)'!$B$8:$C$10,2,FALSE)*($G44+$H44) -> 3 | M44: =HYPERLINK("["&MID(CELL("filename"),SEARCH("[",CELL("filename"))+1,SEARCH("]",CELL("filename"))-SEARCH("[",CELL("filename"))-1)&"]"&ADDRESS(ROW()+16,8,1,TRUE,M$4),INDIRECT(ADDRESS(ROW()+16,8,1,TRUE,M$4))) -> Y | N44: =HYPERLINK("["&MID(CELL("filename"),SEARCH("[",CELL("filename"))+1,SEARCH("]",CELL("filename"))-SEARCH("[",CELL("filename"))-1)&"]"&ADDRESS(ROW()+16,8,1,TRUE,N$4),INDIRECT(ADDRESS(ROW()+16,8,1,TRUE,N$4))) -> N | O44: =HYPERLINK("["&MID(CELL("filename"),SEARCH("[",CELL("filename"))+1,SEARCH("]",CELL("filename"))-SEARCH("[",CELL("filename"))-1)&"]"&ADDRESS(ROW()+16,8,1,TRUE,O$4),INDIRECT(ADDRESS(ROW()+16,8,1,TRUE,O$4))) -> N | P44: =HYPERLINK("["&MID(CELL("filename"),SEARCH("[",CELL("filename"))+1,SEARCH("]",CELL("filename"))-SEARCH("[",CELL("filename"))-1)&"]"&ADDRESS(ROW()+16,8,1,TRUE,P$4),INDIRECT(ADDRESS(ROW()+16,8,1,TRUE,P$4))) -> N
A45: =ChkList!$A42 -> 패치 관리 | B45: =ChkList!$B42 -> W-38 | C45: =ChkList!$C42 -> 주기적 보안 패치 및 벤더 권고사항 적용 | D45: H | E45: =IF(D45="H",3,IF(D45="M",2,IF(D45="L",1,""))) -> 3 | F45: =COUNTA($M45:INDIRECT(ADDRESS(ROW(),MATCH("",$4:$4,-1),1,1))) -> 4 | G45: =COUNTIF($M45:INDIRECT(ADDRESS(ROW(),MATCH("",$4:$4,-1),1,1)),"조치완료(Y)")+COUNTIF($M45:INDIRECT(ADDRESS(ROW(),MATCH("",$4:$4,-1),1,1)),"Y") -> 1 | H45: =COUNTIF($M45:INDIRECT(ADDRESS(ROW(),MATCH("",$4:$4,-1),1,1)),"Y(즉시조치)")+COUNTIF($M45:INDIRECT(ADDRESS(ROW(),MATCH("",$4:$4,-1),1,1)),"조치완료(즉시조치)") -> 0 | I45: =COUNTIF($M45:INDIRECT(ADDRESS(ROW(),MATCH("",$4:$4,-1),1,1)),"N") -> 3 | J45: =COUNTIF($M45:INDIRECT(ADDRESS(ROW(),MATCH("",$4:$4,-1),1,1)),"N/A")+COUNTIF($M45:INDIRECT(ADDRESS(ROW(),MATCH("",$4:$4,-1),1,1)),"조치완료(N/A)") -> 0 | K45: =VLOOKUP($D45,'parm(hidden)'!$B$8:$C$10,2,FALSE)*($F45-$J45) -> 12 | L45: =VLOOKUP($D45,'parm(hidden)'!$B$8:$C$10,2,FALSE)*($G45+$H45) -> 3 | M45: =HYPERLINK("["&MID(CELL("filename"),SEARCH("[",CELL("filename"))+1,SEARCH("]",CELL("filename"))-SEARCH("[",CELL("filename"))-1)&"]"&ADDRESS(ROW()+16,8,1,TRUE,M$4),INDIRECT(ADDRESS(ROW()+16,8,1,TRUE,M$4))) -> Y | N45: =HYPERLINK("["&MID(CELL("filename"),SEARCH("[",CELL("filename"))+1,SEARCH("]",CELL("filename"))-SEARCH("[",CELL("filename"))-1)&"]"&ADDRESS(ROW()+16,8,1,TRUE,N$4),INDIRECT(ADDRESS(ROW()+16,8,1,TRUE,N$4))) -> N | O45: =HYPERLINK("["&MID(CELL("filename"),SEARCH("[",CELL("filename"))+1,SEARCH("]",CELL("filename"))-SEARCH("[",CELL("filename"))-1)&"]"&ADDRESS(ROW()+16,8,1,TRUE,O$4),INDIRECT(ADDRESS(ROW()+16,8,1,TRUE,O$4))) -> N | P45: =HYPERLINK("["&MID(CELL("filename"),SEARCH("[",CELL("filename"))+1,SEARCH("]",CELL("filename"))-SEARCH("[",CELL("filename"))-1)&"]"&ADDRESS(ROW()+16,8,1,TRUE,P$4),INDIRECT(ADDRESS(ROW()+16,8,1,TRUE,P$4))) -> N
A46: =ChkList!$A43 -> 패치 관리 | B46: =ChkList!$B43 -> W-39 | C46: =ChkList!$C43 -> 백신 프로그램 업데이트 | D46: H | E46: =IF(D46="H",3,IF(D46="M",2,IF(D46="L",1,""))) -> 3 | F46: =COUNTA($M46:INDIRECT(ADDRESS(ROW(),MATCH("",$4:$4,-1),1,1))) -> 4 | G46: =COUNTIF($M46:INDIRECT(ADDRESS(ROW(),MATCH("",$4:$4,-1),1,1)),"조치완료(Y)")+COUNTIF($M46:INDIRECT(ADDRESS(ROW(),MATCH("",$4:$4,-1),1,1)),"Y") -> 1 | H46: =COUNTIF($M46:INDIRECT(ADDRESS(ROW(),MATCH("",$4:$4,-1),1,1)),"Y(즉시조치)")+COUNTIF($M46:INDIRECT(ADDRESS(ROW(),MATCH("",$4:$4,-1),1,1)),"조치완료(즉시조치)") -> 0 | I46: =COUNTIF($M46:INDIRECT(ADDRESS(ROW(),MATCH("",$4:$4,-1),1,1)),"N") -> 3 | J46: =COUNTIF($M46:INDIRECT(ADDRESS(ROW(),MATCH("",$4:$4,-1),1,1)),"N/A")+COUNTIF($M46:INDIRECT(ADDRESS(ROW(),MATCH("",$4:$4,-1),1,1)),"조치완료(N/A)") -> 0 | K46: =VLOOKUP($D46,'parm(hidden)'!$B$8:$C$10,2,FALSE)*($F46-$J46) -> 12 | L46: =VLOOKUP($D46,'parm(hidden)'!$B$8:$C$10,2,FALSE)*($G46+$H46) -> 3 | M46: =HYPERLINK("["&MID(CELL("filename"),SEARCH("[",CELL("filename"))+1,SEARCH("]",CELL("filename"))-SEARCH("[",CELL("filename"))-1)&"]"&ADDRESS(ROW()+16,8,1,TRUE,M$4),INDIRECT(ADDRESS(ROW()+16,8,1,TRUE,M$4))) -> Y | N46: =HYPERLINK("["&MID(CELL("filename"),SEARCH("[",CELL("filename"))+1,SEARCH("]",CELL("filename"))-SEARCH("[",CELL("filename"))-1)&"]"&ADDRESS(ROW()+16,8,1,TRUE,N$4),INDIRECT(ADDRESS(ROW()+16,8,1,TRUE,N$4))) -> N | O46: =HYPERLINK("["&MID(CELL("filename"),SEARCH("[",CELL("filename"))+1,SEARCH("]",CELL("filename"))-SEARCH("[",CELL("filename"))-1)&"]"&ADDRESS(ROW()+16,8,1,TRUE,O$4),INDIRECT(ADDRESS(ROW()+16,8,1,TRUE,O$4))) -> N | P46: =HYPERLINK("["&MID(CELL("filename"),SEARCH("[",CELL("filename"))+1,SEARCH("]",CELL("filename"))-SEARCH("[",CELL("filename"))-1)&"]"&ADDRESS(ROW()+16,8,1,TRUE,P$4),INDIRECT(ADDRESS(ROW()+16,8,1,TRUE,P$4))) -> N
A47: =ChkList!$A44 -> 로그 관리 | B47: =ChkList!$B44 -> W-40 | C47: =ChkList!$C44 -> 정책에 따른 시스템 로깅 설정 | D47: H | E47: =IF(D47="H",3,IF(D47="M",2,IF(D47="L",1,""))) -> 3 | F47: =COUNTA($M47:INDIRECT(ADDRESS(ROW(),MATCH("",$4:$4,-1),1,1))) -> 4 | G47: =COUNTIF($M47:INDIRECT(ADDRESS(ROW(),MATCH("",$4:$4,-1),1,1)),"조치완료(Y)")+COUNTIF($M47:INDIRECT(ADDRESS(ROW(),MATCH("",$4:$4,-1),1,1)),"Y") -> 0 | H47: =COUNTIF($M47:INDIRECT(ADDRESS(ROW(),MATCH("",$4:$4,-1),1,1)),"Y(즉시조치)")+COUNTIF($M47:INDIRECT(ADDRESS(ROW(),MATCH("",$4:$4,-1),1,1)),"조치완료(즉시조치)") -> 0 | I47: =COUNTIF($M47:INDIRECT(ADDRESS(ROW(),MATCH("",$4:$4,-1),1,1)),"N") -> 4 | J47: =COUNTIF($M47:INDIRECT(ADDRESS(ROW(),MATCH("",$4:$4,-1),1,1)),"N/A")+COUNTIF($M47:INDIRECT(ADDRESS(ROW(),MATCH("",$4:$4,-1),1,1)),"조치완료(N/A)") -> 0 | K47: =VLOOKUP($D47,'parm(hidden)'!$B$8:$C$10,2,FALSE)*($F47-$J47) -> 12 | L47: =VLOOKUP($D47,'parm(hidden)'!$B$8:$C$10,2,FALSE)*($G47+$H47) -> 0 | M47: =HYPERLINK("["&MID(CELL("filename"),SEARCH("[",CELL("filename"))+1,SEARCH("]",CELL("filename"))-SEARCH("[",CELL("filename"))-1)&"]"&ADDRESS(ROW()+16,8,1,TRUE,M$4),INDIRECT(ADDRESS(ROW()+16,8,1,TRUE,M$4))) -> N | N47: =HYPERLINK("["&MID(CELL("filename"),SEARCH("[",CELL("filename"))+1,SEARCH("]",CELL("filename"))-SEARCH("[",CELL("filename"))-1)&"]"&ADDRESS(ROW()+16,8,1,TRUE,N$4),INDIRECT(ADDRESS(ROW()+16,8,1,TRUE,N$4))) -> N | O47: =HYPERLINK("["&MID(CELL("filename"),SEARCH("[",CELL("filename"))+1,SEARCH("]",CELL("filename"))-SEARCH("[",CELL("filename"))-1)&"]"&ADDRESS(ROW()+16,8,1,TRUE,O$4),INDIRECT(ADDRESS(ROW()+16,8,1,TRUE,O$4))) -> N | P47: =HYPERLINK("["&MID(CELL("filename"),SEARCH("[",CELL("filename"))+1,SEARCH("]",CELL("filename"))-SEARCH("[",CELL("filename"))-1)&"]"&ADDRESS(ROW()+16,8,1,TRUE,P$4),INDIRECT(ADDRESS(ROW()+16,8,1,TRUE,P$4))) -> N
A48: =ChkList!#REF! -> #REF! | B48: =ChkList!#REF! -> #REF! | C48: =ChkList!#REF! -> #REF! | D48: H | E48: =IF(D48="H",3,IF(D48="M",2,IF(D48="L",1,""))) -> 3 | F48: =COUNTA($M48:INDIRECT(ADDRESS(ROW(),MATCH("",$4:$4,-1),1,1))) -> 4 | G48: =COUNTIF($M48:INDIRECT(ADDRESS(ROW(),MATCH("",$4:$4,-1),1,1)),"조치완료(Y)")+COUNTIF($M48:INDIRECT(ADDRESS(ROW(),MATCH("",$4:$4,-1),1,1)),"Y") -> 0 | H48: =COUNTIF($M48:INDIRECT(ADDRESS(ROW(),MATCH("",$4:$4,-1),1,1)),"Y(즉시조치)")+COUNTIF($M48:INDIRECT(ADDRESS(ROW(),MATCH("",$4:$4,-1),1,1)),"조치완료(즉시조치)") -> 0 | I48: =COUNTIF($M48:INDIRECT(ADDRESS(ROW(),MATCH("",$4:$4,-1),1,1)),"N") -> 4 | J48: =COUNTIF($M48:INDIRECT(ADDRESS(ROW(),MATCH("",$4:$4,-1),1,1)),"N/A")+COUNTIF($M48:INDIRECT(ADDRESS(ROW(),MATCH("",$4:$4,-1),1,1)),"조치완료(N/A)") -> 0 | K48: =VLOOKUP($D48,'parm(hidden)'!$B$8:$C$10,2,FALSE)*($F48-$J48) -> 12 | L48: =VLOOKUP($D48,'parm(hidden)'!$B$8:$C$10,2,FALSE)*($G48+$H48) -> 0 | M48: =HYPERLINK("["&MID(CELL("filename"),SEARCH("[",CELL("filename"))+1,SEARCH("]",CELL("filename"))-SEARCH("[",CELL("filename"))-1)&"]"&ADDRESS(ROW()+16,8,1,TRUE,M$4),INDIRECT(ADDRESS(ROW()+16,8,1,TRUE,M$4))) -> N | N48: =HYPERLINK("["&MID(CELL("filename"),SEARCH("[",CELL("filename"))+1,SEARCH("]",CELL("filename"))-SEARCH("[",CELL("filename"))-1)&"]"&ADDRESS(ROW()+16,8,1,TRUE,N$4),INDIRECT(ADDRESS(ROW()+16,8,1,TRUE,N$4))) -> N | O48: =HYPERLINK("["&MID(CELL("filename"),SEARCH("[",CELL("filename"))+1,SEARCH("]",CELL("filename"))-SEARCH("[",CELL("filename"))-1)&"]"&ADDRESS(ROW()+16,8,1,TRUE,O$4),INDIRECT(ADDRESS(ROW()+16,8,1,TRUE,O$4))) -> N | P48: =HYPERLINK("["&MID(CELL("filename"),SEARCH("[",CELL("filename"))+1,SEARCH("]",CELL("filename"))-SEARCH("[",CELL("filename"))-1)&"]"&ADDRESS(ROW()+16,8,1,TRUE,P$4),INDIRECT(ADDRESS(ROW()+16,8,1,TRUE,P$4))) -> N
A49: =ChkList!$A45 -> 로그 관리 | B49: =ChkList!$B45 -> W-41 | C49: =ChkList!$C45 -> NTP 및 시각 동기화 설정 | D49: M | E49: =IF(D49="H",3,IF(D49="M",2,IF(D49="L",1,""))) -> 2 | F49: =COUNTA($M49:INDIRECT(ADDRESS(ROW(),MATCH("",$4:$4,-1),1,1))) -> 4 | G49: =COUNTIF($M49:INDIRECT(ADDRESS(ROW(),MATCH("",$4:$4,-1),1,1)),"조치완료(Y)")+COUNTIF($M49:INDIRECT(ADDRESS(ROW(),MATCH("",$4:$4,-1),1,1)),"Y") -> 1 | H49: =COUNTIF($M49:INDIRECT(ADDRESS(ROW(),MATCH("",$4:$4,-1),1,1)),"Y(즉시조치)")+COUNTIF($M49:INDIRECT(ADDRESS(ROW(),MATCH("",$4:$4,-1),1,1)),"조치완료(즉시조치)") -> 0 | I49: =COUNTIF($M49:INDIRECT(ADDRESS(ROW(),MATCH("",$4:$4,-1),1,1)),"N") -> 3 | J49: =COUNTIF($M49:INDIRECT(ADDRESS(ROW(),MATCH("",$4:$4,-1),1,1)),"N/A")+COUNTIF($M49:INDIRECT(ADDRESS(ROW(),MATCH("",$4:$4,-1),1,1)),"조치완료(N/A)") -> 0 | K49: =VLOOKUP($D49,'parm(hidden)'!$B$8:$C$10,2,FALSE)*($F49-$J49) -> 8 | L49: =VLOOKUP($D49,'parm(hidden)'!$B$8:$C$10,2,FALSE)*($G49+$H49) -> 2 | M49: =HYPERLINK("["&MID(CELL("filename"),SEARCH("[",CELL("filename"))+1,SEARCH("]",CELL("filename"))-SEARCH("[",CELL("filename"))-1)&"]"&ADDRESS(ROW()+16,8,1,TRUE,M$4),INDIRECT(ADDRESS(ROW()+16,8,1,TRUE,M$4))) -> Y | N49: =HYPERLINK("["&MID(CELL("filename"),SEARCH("[",CELL("filename"))+1,SEARCH("]",CELL("filename"))-SEARCH("[",CELL("filename"))-1)&"]"&ADDRESS(ROW()+16,8,1,TRUE,N$4),INDIRECT(ADDRESS(ROW()+16,8,1,TRUE,N$4))) -> N | O49: =HYPERLINK("["&MID(CELL("filename"),SEARCH("[",CELL("filename"))+1,SEARCH("]",CELL("filename"))-SEARCH("[",CELL("filename"))-1)&"]"&ADDRESS(ROW()+16,8,1,TRUE,O$4),INDIRECT(ADDRESS(ROW()+16,8,1,TRUE,O$4))) -> N | P49: =HYPERLINK("["&MID(CELL("filename"),SEARCH("[",CELL("filename"))+1,SEARCH("]",CELL("filename"))-SEARCH("[",CELL("filename"))-1)&"]"&ADDRESS(ROW()+16,8,1,TRUE,P$4),INDIRECT(ADDRESS(ROW()+16,8,1,TRUE,P$4))) -> N
A50: =ChkList!$A46 -> 로그 관리 | B50: =ChkList!$B46 -> W-42 | C50: =ChkList!$C46 -> 이벤트 로그 관리 설정 | D50: M | E50: =IF(D50="H",3,IF(D50="M",2,IF(D50="L",1,""))) -> 2 | F50: =COUNTA($M50:INDIRECT(ADDRESS(ROW(),MATCH("",$4:$4,-1),1,1))) -> 4 | G50: =COUNTIF($M50:INDIRECT(ADDRESS(ROW(),MATCH("",$4:$4,-1),1,1)),"조치완료(Y)")+COUNTIF($M50:INDIRECT(ADDRESS(ROW(),MATCH("",$4:$4,-1),1,1)),"Y") -> 1 | H50: =COUNTIF($M50:INDIRECT(ADDRESS(ROW(),MATCH("",$4:$4,-1),1,1)),"Y(즉시조치)")+COUNTIF($M50:INDIRECT(ADDRESS(ROW(),MATCH("",$4:$4,-1),1,1)),"조치완료(즉시조치)") -> 0 | I50: =COUNTIF($M50:INDIRECT(ADDRESS(ROW(),MATCH("",$4:$4,-1),1,1)),"N") -> 3 | J50: =COUNTIF($M50:INDIRECT(ADDRESS(ROW(),MATCH("",$4:$4,-1),1,1)),"N/A")+COUNTIF($M50:INDIRECT(ADDRESS(ROW(),MATCH("",$4:$4,-1),1,1)),"조치완료(N/A)") -> 0 | K50: =VLOOKUP($D50,'parm(hidden)'!$B$8:$C$10,2,FALSE)*($F50-$J50) -> 8 | L50: =VLOOKUP($D50,'parm(hidden)'!$B$8:$C$10,2,FALSE)*($G50+$H50) -> 2 | M50: =HYPERLINK("["&MID(CELL("filename"),SEARCH("[",CELL("filename"))+1,SEARCH("]",CELL("filename"))-SEARCH("[",CELL("filename"))-1)&"]"&ADDRESS(ROW()+16,8,1,TRUE,M$4),INDIRECT(ADDRESS(ROW()+16,8,1,TRUE,M$4))) -> Y | N50: =HYPERLINK("["&MID(CELL("filename"),SEARCH("[",CELL("filename"))+1,SEARCH("]",CELL("filename"))-SEARCH("[",CELL("filename"))-1)&"]"&ADDRESS(ROW()+16,8,1,TRUE,N$4),INDIRECT(ADDRESS(ROW()+16,8,1,TRUE,N$4))) -> N | O50: =HYPERLINK("["&MID(CELL("filename"),SEARCH("[",CELL("filename"))+1,SEARCH("]",CELL("filename"))-SEARCH("[",CELL("filename"))-1)&"]"&ADDRESS(ROW()+16,8,1,TRUE,O$4),INDIRECT(ADDRESS(ROW()+16,8,1,TRUE,O$4))) -> N | P50: =HYPERLINK("["&MID(CELL("filename"),SEARCH("[",CELL("filename"))+1,SEARCH("]",CELL("filename"))-SEARCH("[",CELL("filename"))-1)&"]"&ADDRESS(ROW()+16,8,1,TRUE,P$4),INDIRECT(ADDRESS(ROW()+16,8,1,TRUE,P$4))) -> N
A51: =ChkList!$A47 -> 로그 관리 | B51: =ChkList!$B47 -> W-43 | C51: =ChkList!$C47 -> 이벤트 로그 파일 접근 통제 설정 | D51: M | E51: =IF(D51="H",3,IF(D51="M",2,IF(D51="L",1,""))) -> 2 | F51: =COUNTA($M51:INDIRECT(ADDRESS(ROW(),MATCH("",$4:$4,-1),1,1))) -> 4 | G51: =COUNTIF($M51:INDIRECT(ADDRESS(ROW(),MATCH("",$4:$4,-1),1,1)),"조치완료(Y)")+COUNTIF($M51:INDIRECT(ADDRESS(ROW(),MATCH("",$4:$4,-1),1,1)),"Y") -> 4 | H51: =COUNTIF($M51:INDIRECT(ADDRESS(ROW(),MATCH("",$4:$4,-1),1,1)),"Y(즉시조치)")+COUNTIF($M51:INDIRECT(ADDRESS(ROW(),MATCH("",$4:$4,-1),1,1)),"조치완료(즉시조치)") -> 0 | I51: =COUNTIF($M51:INDIRECT(ADDRESS(ROW(),MATCH("",$4:$4,-1),1,1)),"N") -> 0 | J51: =COUNTIF($M51:INDIRECT(ADDRESS(ROW(),MATCH("",$4:$4,-1),1,1)),"N/A")+COUNTIF($M51:INDIRECT(ADDRESS(ROW(),MATCH("",$4:$4,-1),1,1)),"조치완료(N/A)") -> 0 | K51: =VLOOKUP($D51,'parm(hidden)'!$B$8:$C$10,2,FALSE)*($F51-$J51) -> 8 | L51: =VLOOKUP($D51,'parm(hidden)'!$B$8:$C$10,2,FALSE)*($G51+$H51) -> 8 | M51: =HYPERLINK("["&MID(CELL("filename"),SEARCH("[",CELL("filename"))+1,SEARCH("]",CELL("filename"))-SEARCH("[",CELL("filename"))-1)&"]"&ADDRESS(ROW()+16,8,1,TRUE,M$4),INDIRECT(ADDRESS(ROW()+16,8,1,TRUE,M$4))) -> Y | N51: =HYPERLINK("["&MID(CELL("filename"),SEARCH("[",CELL("filename"))+1,SEARCH("]",CELL("filename"))-SEARCH("[",CELL("filename"))-1)&"]"&ADDRESS(ROW()+16,8,1,TRUE,N$4),INDIRECT(ADDRESS(ROW()+16,8,1,TRUE,N$4))) -> Y | O51: =HYPERLINK("["&MID(CELL("filename"),SEARCH("[",CELL("filename"))+1,SEARCH("]",CELL("filename"))-SEARCH("[",CELL("filename"))-1)&"]"&ADDRESS(ROW()+16,8,1,TRUE,O$4),INDIRECT(ADDRESS(ROW()+16,8,1,TRUE,O$4))) -> Y | P51: =HYPERLINK("["&MID(CELL("filename"),SEARCH("[",CELL("filename"))+1,SEARCH("]",CELL("filename"))-SEARCH("[",CELL("filename"))-1)&"]"&ADDRESS(ROW()+16,8,1,TRUE,P$4),INDIRECT(ADDRESS(ROW()+16,8,1,TRUE,P$4))) -> Y
A52: =ChkList!$A48 -> 보안 관리 | B52: =ChkList!$B48 -> W-44 | C52: =ChkList!$C48 -> 원격으로 액세스할 수 있는 레지스트리 경로 | D52: M | E52: =IF(D52="H",3,IF(D52="M",2,IF(D52="L",1,""))) -> 2 | F52: =COUNTA($M52:INDIRECT(ADDRESS(ROW(),MATCH("",$4:$4,-1),1,1))) -> 4 | G52: =COUNTIF($M52:INDIRECT(ADDRESS(ROW(),MATCH("",$4:$4,-1),1,1)),"조치완료(Y)")+COUNTIF($M52:INDIRECT(ADDRESS(ROW(),MATCH("",$4:$4,-1),1,1)),"Y") -> 1 | H52: =COUNTIF($M52:INDIRECT(ADDRESS(ROW(),MATCH("",$4:$4,-1),1,1)),"Y(즉시조치)")+COUNTIF($M52:INDIRECT(ADDRESS(ROW(),MATCH("",$4:$4,-1),1,1)),"조치완료(즉시조치)") -> 0 | I52: =COUNTIF($M52:INDIRECT(ADDRESS(ROW(),MATCH("",$4:$4,-1),1,1)),"N") -> 3 | J52: =COUNTIF($M52:INDIRECT(ADDRESS(ROW(),MATCH("",$4:$4,-1),1,1)),"N/A")+COUNTIF($M52:INDIRECT(ADDRESS(ROW(),MATCH("",$4:$4,-1),1,1)),"조치완료(N/A)") -> 0 | K52: =VLOOKUP($D52,'parm(hidden)'!$B$8:$C$10,2,FALSE)*($F52-$J52) -> 8 | L52: =VLOOKUP($D52,'parm(hidden)'!$B$8:$C$10,2,FALSE)*($G52+$H52) -> 2 | M52: =HYPERLINK("["&MID(CELL("filename"),SEARCH("[",CELL("filename"))+1,SEARCH("]",CELL("filename"))-SEARCH("[",CELL("filename"))-1)&"]"&ADDRESS(ROW()+16,8,1,TRUE,M$4),INDIRECT(ADDRESS(ROW()+16,8,1,TRUE,M$4))) -> Y | N52: =HYPERLINK("["&MID(CELL("filename"),SEARCH("[",CELL("filename"))+1,SEARCH("]",CELL("filename"))-SEARCH("[",CELL("filename"))-1)&"]"&ADDRESS(ROW()+16,8,1,TRUE,N$4),INDIRECT(ADDRESS(ROW()+16,8,1,TRUE,N$4))) -> N | O52: =HYPERLINK("["&MID(CELL("filename"),SEARCH("[",CELL("filename"))+1,SEARCH("]",CELL("filename"))-SEARCH("[",CELL("filename"))-1)&"]"&ADDRESS(ROW()+16,8,1,TRUE,O$4),INDIRECT(ADDRESS(ROW()+16,8,1,TRUE,O$4))) -> N | P52: =HYPERLINK("["&MID(CELL("filename"),SEARCH("[",CELL("filename"))+1,SEARCH("]",CELL("filename"))-SEARCH("[",CELL("filename"))-1)&"]"&ADDRESS(ROW()+16,8,1,TRUE,P$4),INDIRECT(ADDRESS(ROW()+16,8,1,TRUE,P$4))) -> N
A53: =ChkList!$A49 -> 보안 관리 | B53: =ChkList!$B49 -> W-45 | C53: =ChkList!$C49 -> 백신 프로그램 설치 | D53: M | E53: =IF(D53="H",3,IF(D53="M",2,IF(D53="L",1,""))) -> 2 | F53: =COUNTA($M53:INDIRECT(ADDRESS(ROW(),MATCH("",$4:$4,-1),1,1))) -> 4 | G53: =COUNTIF($M53:INDIRECT(ADDRESS(ROW(),MATCH("",$4:$4,-1),1,1)),"조치완료(Y)")+COUNTIF($M53:INDIRECT(ADDRESS(ROW(),MATCH("",$4:$4,-1),1,1)),"Y") -> 1 | H53: =COUNTIF($M53:INDIRECT(ADDRESS(ROW(),MATCH("",$4:$4,-1),1,1)),"Y(즉시조치)")+COUNTIF($M53:INDIRECT(ADDRESS(ROW(),MATCH("",$4:$4,-1),1,1)),"조치완료(즉시조치)") -> 0 | I53: =COUNTIF($M53:INDIRECT(ADDRESS(ROW(),MATCH("",$4:$4,-1),1,1)),"N") -> 3 | J53: =COUNTIF($M53:INDIRECT(ADDRESS(ROW(),MATCH("",$4:$4,-1),1,1)),"N/A")+COUNTIF($M53:INDIRECT(ADDRESS(ROW(),MATCH("",$4:$4,-1),1,1)),"조치완료(N/A)") -> 0 | K53: =VLOOKUP($D53,'parm(hidden)'!$B$8:$C$10,2,FALSE)*($F53-$J53) -> 8 | L53: =VLOOKUP($D53,'parm(hidden)'!$B$8:$C$10,2,FALSE)*($G53+$H53) -> 2 | M53: =HYPERLINK("["&MID(CELL("filename"),SEARCH("[",CELL("filename"))+1,SEARCH("]",CELL("filename"))-SEARCH("[",CELL("filename"))-1)&"]"&ADDRESS(ROW()+16,8,1,TRUE,M$4),INDIRECT(ADDRESS(ROW()+16,8,1,TRUE,M$4))) -> Y | N53: =HYPERLINK("["&MID(CELL("filename"),SEARCH("[",CELL("filename"))+1,SEARCH("]",CELL("filename"))-SEARCH("[",CELL("filename"))-1)&"]"&ADDRESS(ROW()+16,8,1,TRUE,N$4),INDIRECT(ADDRESS(ROW()+16,8,1,TRUE,N$4))) -> N | O53: =HYPERLINK("["&MID(CELL("filename"),SEARCH("[",CELL("filename"))+1,SEARCH("]",CELL("filename"))-SEARCH("[",CELL("filename"))-1)&"]"&ADDRESS(ROW()+16,8,1,TRUE,O$4),INDIRECT(ADDRESS(ROW()+16,8,1,TRUE,O$4))) -> N | P53: =HYPERLINK("["&MID(CELL("filename"),SEARCH("[",CELL("filename"))+1,SEARCH("]",CELL("filename"))-SEARCH("[",CELL("filename"))-1)&"]"&ADDRESS(ROW()+16,8,1,TRUE,P$4),INDIRECT(ADDRESS(ROW()+16,8,1,TRUE,P$4))) -> N
A54: =ChkList!$A50 -> 보안 관리 | B54: =ChkList!$B50 -> W-46 | C54: =ChkList!$C50 -> SAM 파일 접근 통제 설정 | D54: M | E54: =IF(D54="H",3,IF(D54="M",2,IF(D54="L",1,""))) -> 2 | F54: =COUNTA($M54:INDIRECT(ADDRESS(ROW(),MATCH("",$4:$4,-1),1,1))) -> 4 | G54: =COUNTIF($M54:INDIRECT(ADDRESS(ROW(),MATCH("",$4:$4,-1),1,1)),"조치완료(Y)")+COUNTIF($M54:INDIRECT(ADDRESS(ROW(),MATCH("",$4:$4,-1),1,1)),"Y") -> 1 | H54: =COUNTIF($M54:INDIRECT(ADDRESS(ROW(),MATCH("",$4:$4,-1),1,1)),"Y(즉시조치)")+COUNTIF($M54:INDIRECT(ADDRESS(ROW(),MATCH("",$4:$4,-1),1,1)),"조치완료(즉시조치)") -> 0 | I54: =COUNTIF($M54:INDIRECT(ADDRESS(ROW(),MATCH("",$4:$4,-1),1,1)),"N") -> 3 | J54: =COUNTIF($M54:INDIRECT(ADDRESS(ROW(),MATCH("",$4:$4,-1),1,1)),"N/A")+COUNTIF($M54:INDIRECT(ADDRESS(ROW(),MATCH("",$4:$4,-1),1,1)),"조치완료(N/A)") -> 0 | K54: =VLOOKUP($D54,'parm(hidden)'!$B$8:$C$10,2,FALSE)*($F54-$J54) -> 8 | L54: =VLOOKUP($D54,'parm(hidden)'!$B$8:$C$10,2,FALSE)*($G54+$H54) -> 2 | M54: =HYPERLINK("["&MID(CELL("filename"),SEARCH("[",CELL("filename"))+1,SEARCH("]",CELL("filename"))-SEARCH("[",CELL("filename"))-1)&"]"&ADDRESS(ROW()+16,8,1,TRUE,M$4),INDIRECT(ADDRESS(ROW()+16,8,1,TRUE,M$4))) -> Y | N54: =HYPERLINK("["&MID(CELL("filename"),SEARCH("[",CELL("filename"))+1,SEARCH("]",CELL("filename"))-SEARCH("[",CELL("filename"))-1)&"]"&ADDRESS(ROW()+16,8,1,TRUE,N$4),INDIRECT(ADDRESS(ROW()+16,8,1,TRUE,N$4))) -> N | O54: =HYPERLINK("["&MID(CELL("filename"),SEARCH("[",CELL("filename"))+1,SEARCH("]",CELL("filename"))-SEARCH("[",CELL("filename"))-1)&"]"&ADDRESS(ROW()+16,8,1,TRUE,O$4),INDIRECT(ADDRESS(ROW()+16,8,1,TRUE,O$4))) -> N | P54: =HYPERLINK("["&MID(CELL("filename"),SEARCH("[",CELL("filename"))+1,SEARCH("]",CELL("filename"))-SEARCH("[",CELL("filename"))-1)&"]"&ADDRESS(ROW()+16,8,1,TRUE,P$4),INDIRECT(ADDRESS(ROW()+16,8,1,TRUE,P$4))) -> N
A55: =ChkList!$A51 -> 보안 관리 | B55: =ChkList!$B51 -> W-47 | C55: =ChkList!$C51 -> 화면 보호기 설정 | D55: L | E55: =IF(D55="H",3,IF(D55="M",2,IF(D55="L",1,""))) -> 1 | F55: =COUNTA($M55:INDIRECT(ADDRESS(ROW(),MATCH("",$4:$4,-1),1,1))) -> 4 | G55: =COUNTIF($M55:INDIRECT(ADDRESS(ROW(),MATCH("",$4:$4,-1),1,1)),"조치완료(Y)")+COUNTIF($M55:INDIRECT(ADDRESS(ROW(),MATCH("",$4:$4,-1),1,1)),"Y") -> 1 | H55: =COUNTIF($M55:INDIRECT(ADDRESS(ROW(),MATCH("",$4:$4,-1),1,1)),"Y(즉시조치)")+COUNTIF($M55:INDIRECT(ADDRESS(ROW(),MATCH("",$4:$4,-1),1,1)),"조치완료(즉시조치)") -> 0 | I55: =COUNTIF($M55:INDIRECT(ADDRESS(ROW(),MATCH("",$4:$4,-1),1,1)),"N") -> 3 | J55: =COUNTIF($M55:INDIRECT(ADDRESS(ROW(),MATCH("",$4:$4,-1),1,1)),"N/A")+COUNTIF($M55:INDIRECT(ADDRESS(ROW(),MATCH("",$4:$4,-1),1,1)),"조치완료(N/A)") -> 0 | K55: =VLOOKUP($D55,'parm(hidden)'!$B$8:$C$10,2,FALSE)*($F55-$J55) -> 4 | L55: =VLOOKUP($D55,'parm(hidden)'!$B$8:$C$10,2,FALSE)*($G55+$H55) -> 1 | M55: =HYPERLINK("["&MID(CELL("filename"),SEARCH("[",CELL("filename"))+1,SEARCH("]",CELL("filename"))-SEARCH("[",CELL("filename"))-1)&"]"&ADDRESS(ROW()+16,8,1,TRUE,M$4),INDIRECT(ADDRESS(ROW()+16,8,1,TRUE,M$4))) -> Y | N55: =HYPERLINK("["&MID(CELL("filename"),SEARCH("[",CELL("filename"))+1,SEARCH("]",CELL("filename"))-SEARCH("[",CELL("filename"))-1)&"]"&ADDRESS(ROW()+16,8,1,TRUE,N$4),INDIRECT(ADDRESS(ROW()+16,8,1,TRUE,N$4))) -> N | O55: =HYPERLINK("["&MID(CELL("filename"),SEARCH("[",CELL("filename"))+1,SEARCH("]",CELL("filename"))-SEARCH("[",CELL("filename"))-1)&"]"&ADDRESS(ROW()+16,8,1,TRUE,O$4),INDIRECT(ADDRESS(ROW()+16,8,1,TRUE,O$4))) -> N | P55: =HYPERLINK("["&MID(CELL("filename"),SEARCH("[",CELL("filename"))+1,SEARCH("]",CELL("filename"))-SEARCH("[",CELL("filename"))-1)&"]"&ADDRESS(ROW()+16,8,1,TRUE,P$4),INDIRECT(ADDRESS(ROW()+16,8,1,TRUE,P$4))) -> N
A56: =ChkList!$A52 -> 보안 관리 | B56: =ChkList!$B52 -> W-48 | C56: =ChkList!$C52 -> 로그온하지 않고 시스템 종료 허용 | D56: M | E56: =IF(D56="H",3,IF(D56="M",2,IF(D56="L",1,""))) -> 2 | F56: =COUNTA($M56:INDIRECT(ADDRESS(ROW(),MATCH("",$4:$4,-1),1,1))) -> 4 | G56: =COUNTIF($M56:INDIRECT(ADDRESS(ROW(),MATCH("",$4:$4,-1),1,1)),"조치완료(Y)")+COUNTIF($M56:INDIRECT(ADDRESS(ROW(),MATCH("",$4:$4,-1),1,1)),"Y") -> 4 | H56: =COUNTIF($M56:INDIRECT(ADDRESS(ROW(),MATCH("",$4:$4,-1),1,1)),"Y(즉시조치)")+COUNTIF($M56:INDIRECT(ADDRESS(ROW(),MATCH("",$4:$4,-1),1,1)),"조치완료(즉시조치)") -> 0 | I56: =COUNTIF($M56:INDIRECT(ADDRESS(ROW(),MATCH("",$4:$4,-1),1,1)),"N") -> 0 | J56: =COUNTIF($M56:INDIRECT(ADDRESS(ROW(),MATCH("",$4:$4,-1),1,1)),"N/A")+COUNTIF($M56:INDIRECT(ADDRESS(ROW(),MATCH("",$4:$4,-1),1,1)),"조치완료(N/A)") -> 0 | K56: =VLOOKUP($D56,'parm(hidden)'!$B$8:$C$10,2,FALSE)*($F56-$J56) -> 8 | L56: =VLOOKUP($D56,'parm(hidden)'!$B$8:$C$10,2,FALSE)*($G56+$H56) -> 8 | M56: =HYPERLINK("["&MID(CELL("filename"),SEARCH("[",CELL("filename"))+1,SEARCH("]",CELL("filename"))-SEARCH("[",CELL("filename"))-1)&"]"&ADDRESS(ROW()+16,8,1,TRUE,M$4),INDIRECT(ADDRESS(ROW()+16,8,1,TRUE,M$4))) -> Y | N56: =HYPERLINK("["&MID(CELL("filename"),SEARCH("[",CELL("filename"))+1,SEARCH("]",CELL("filename"))-SEARCH("[",CELL("filename"))-1)&"]"&ADDRESS(ROW()+16,8,1,TRUE,N$4),INDIRECT(ADDRESS(ROW()+16,8,1,TRUE,N$4))) -> Y | O56: =HYPERLINK("["&MID(CELL("filename"),SEARCH("[",CELL("filename"))+1,SEARCH("]",CELL("filename"))-SEARCH("[",CELL("filename"))-1)&"]"&ADDRESS(ROW()+16,8,1,TRUE,O$4),INDIRECT(ADDRESS(ROW()+16,8,1,TRUE,O$4))) -> Y | P56: =HYPERLINK("["&MID(CELL("filename"),SEARCH("[",CELL("filename"))+1,SEARCH("]",CELL("filename"))-SEARCH("[",CELL("filename"))-1)&"]"&ADDRESS(ROW()+16,8,1,TRUE,P$4),INDIRECT(ADDRESS(ROW()+16,8,1,TRUE,P$4))) -> Y
A57: =ChkList!$A53 -> 보안 관리 | B57: =ChkList!$B53 -> W-49 | C57: =ChkList!$C53 -> 원격 시스템에서 강제로 시스템 종료 | D57: M | E57: =IF(D57="H",3,IF(D57="M",2,IF(D57="L",1,""))) -> 2 | F57: =COUNTA($M57:INDIRECT(ADDRESS(ROW(),MATCH("",$4:$4,-1),1,1))) -> 4 | G57: =COUNTIF($M57:INDIRECT(ADDRESS(ROW(),MATCH("",$4:$4,-1),1,1)),"조치완료(Y)")+COUNTIF($M57:INDIRECT(ADDRESS(ROW(),MATCH("",$4:$4,-1),1,1)),"Y") -> 0 | H57: =COUNTIF($M57:INDIRECT(ADDRESS(ROW(),MATCH("",$4:$4,-1),1,1)),"Y(즉시조치)")+COUNTIF($M57:INDIRECT(ADDRESS(ROW(),MATCH("",$4:$4,-1),1,1)),"조치완료(즉시조치)") -> 0 | I57: =COUNTIF($M57:INDIRECT(ADDRESS(ROW(),MATCH("",$4:$4,-1),1,1)),"N") -> 4 | J57: =COUNTIF($M57:INDIRECT(ADDRESS(ROW(),MATCH("",$4:$4,-1),1,1)),"N/A")+COUNTIF($M57:INDIRECT(ADDRESS(ROW(),MATCH("",$4:$4,-1),1,1)),"조치완료(N/A)") -> 0 | K57: =VLOOKUP($D57,'parm(hidden)'!$B$8:$C$10,2,FALSE)*($F57-$J57) -> 8 | L57: =VLOOKUP($D57,'parm(hidden)'!$B$8:$C$10,2,FALSE)*($G57+$H57) -> 0 | M57: =HYPERLINK("["&MID(CELL("filename"),SEARCH("[",CELL("filename"))+1,SEARCH("]",CELL("filename"))-SEARCH("[",CELL("filename"))-1)&"]"&ADDRESS(ROW()+16,8,1,TRUE,M$4),INDIRECT(ADDRESS(ROW()+16,8,1,TRUE,M$4))) -> N | N57: =HYPERLINK("["&MID(CELL("filename"),SEARCH("[",CELL("filename"))+1,SEARCH("]",CELL("filename"))-SEARCH("[",CELL("filename"))-1)&"]"&ADDRESS(ROW()+16,8,1,TRUE,N$4),INDIRECT(ADDRESS(ROW()+16,8,1,TRUE,N$4))) -> N | O57: =HYPERLINK("["&MID(CELL("filename"),SEARCH("[",CELL("filename"))+1,SEARCH("]",CELL("filename"))-SEARCH("[",CELL("filename"))-1)&"]"&ADDRESS(ROW()+16,8,1,TRUE,O$4),INDIRECT(ADDRESS(ROW()+16,8,1,TRUE,O$4))) -> N | P57: =HYPERLINK("["&MID(CELL("filename"),SEARCH("[",CELL("filename"))+1,SEARCH("]",CELL("filename"))-SEARCH("[",CELL("filename"))-1)&"]"&ADDRESS(ROW()+16,8,1,TRUE,P$4),INDIRECT(ADDRESS(ROW()+16,8,1,TRUE,P$4))) -> N
A58: =ChkList!$A54 -> 보안 관리 | B58: =ChkList!$B54 -> W-50 | C58: =ChkList!$C54 -> 보안 감사를 로그 할 수 없는 경우 즉시 시스템 종료 | D58: M | E58: =IF(D58="H",3,IF(D58="M",2,IF(D58="L",1,""))) -> 2 | F58: =COUNTA($M58:INDIRECT(ADDRESS(ROW(),MATCH("",$4:$4,-1),1,1))) -> 4 | G58: =COUNTIF($M58:INDIRECT(ADDRESS(ROW(),MATCH("",$4:$4,-1),1,1)),"조치완료(Y)")+COUNTIF($M58:INDIRECT(ADDRESS(ROW(),MATCH("",$4:$4,-1),1,1)),"Y") -> 4 | H58: =COUNTIF($M58:INDIRECT(ADDRESS(ROW(),MATCH("",$4:$4,-1),1,1)),"Y(즉시조치)")+COUNTIF($M58:INDIRECT(ADDRESS(ROW(),MATCH("",$4:$4,-1),1,1)),"조치완료(즉시조치)") -> 0 | I58: =COUNTIF($M58:INDIRECT(ADDRESS(ROW(),MATCH("",$4:$4,-1),1,1)),"N") -> 0 | J58: =COUNTIF($M58:INDIRECT(ADDRESS(ROW(),MATCH("",$4:$4,-1),1,1)),"N/A")+COUNTIF($M58:INDIRECT(ADDRESS(ROW(),MATCH("",$4:$4,-1),1,1)),"조치완료(N/A)") -> 0 | K58: =VLOOKUP($D58,'parm(hidden)'!$B$8:$C$10,2,FALSE)*($F58-$J58) -> 8 | L58: =VLOOKUP($D58,'parm(hidden)'!$B$8:$C$10,2,FALSE)*($G58+$H58) -> 8 | M58: =HYPERLINK("["&MID(CELL("filename"),SEARCH("[",CELL("filename"))+1,SEARCH("]",CELL("filename"))-SEARCH("[",CELL("filename"))-1)&"]"&ADDRESS(ROW()+16,8,1,TRUE,M$4),INDIRECT(ADDRESS(ROW()+16,8,1,TRUE,M$4))) -> Y | N58: =HYPERLINK("["&MID(CELL("filename"),SEARCH("[",CELL("filename"))+1,SEARCH("]",CELL("filename"))-SEARCH("[",CELL("filename"))-1)&"]"&ADDRESS(ROW()+16,8,1,TRUE,N$4),INDIRECT(ADDRESS(ROW()+16,8,1,TRUE,N$4))) -> Y | O58: =HYPERLINK("["&MID(CELL("filename"),SEARCH("[",CELL("filename"))+1,SEARCH("]",CELL("filename"))-SEARCH("[",CELL("filename"))-1)&"]"&ADDRESS(ROW()+16,8,1,TRUE,O$4),INDIRECT(ADDRESS(ROW()+16,8,1,TRUE,O$4))) -> Y | P58: =HYPERLINK("["&MID(CELL("filename"),SEARCH("[",CELL("filename"))+1,SEARCH("]",CELL("filename"))-SEARCH("[",CELL("filename"))-1)&"]"&ADDRESS(ROW()+16,8,1,TRUE,P$4),INDIRECT(ADDRESS(ROW()+16,8,1,TRUE,P$4))) -> Y
A59: =ChkList!#REF! -> #REF! | B59: =ChkList!#REF! -> #REF! | C59: =ChkList!#REF! -> #REF! | D59: M | E59: =IF(D59="H",3,IF(D59="M",2,IF(D59="L",1,""))) -> 2 | F59: =COUNTA($M59:INDIRECT(ADDRESS(ROW(),MATCH("",$4:$4,-1),1,1))) -> 4 | G59: =COUNTIF($M59:INDIRECT(ADDRESS(ROW(),MATCH("",$4:$4,-1),1,1)),"조치완료(Y)")+COUNTIF($M59:INDIRECT(ADDRESS(ROW(),MATCH("",$4:$4,-1),1,1)),"Y") -> 0 | H59: =COUNTIF($M59:INDIRECT(ADDRESS(ROW(),MATCH("",$4:$4,-1),1,1)),"Y(즉시조치)")+COUNTIF($M59:INDIRECT(ADDRESS(ROW(),MATCH("",$4:$4,-1),1,1)),"조치완료(즉시조치)") -> 0 | I59: =COUNTIF($M59:INDIRECT(ADDRESS(ROW(),MATCH("",$4:$4,-1),1,1)),"N") -> 4 | J59: =COUNTIF($M59:INDIRECT(ADDRESS(ROW(),MATCH("",$4:$4,-1),1,1)),"N/A")+COUNTIF($M59:INDIRECT(ADDRESS(ROW(),MATCH("",$4:$4,-1),1,1)),"조치완료(N/A)") -> 0 | K59: =VLOOKUP($D59,'parm(hidden)'!$B$8:$C$10,2,FALSE)*($F59-$J59) -> 8 | L59: =VLOOKUP($D59,'parm(hidden)'!$B$8:$C$10,2,FALSE)*($G59+$H59) -> 0 | M59: =HYPERLINK("["&MID(CELL("filename"),SEARCH("[",CELL("filename"))+1,SEARCH("]",CELL("filename"))-SEARCH("[",CELL("filename"))-1)&"]"&ADDRESS(ROW()+16,8,1,TRUE,M$4),INDIRECT(ADDRESS(ROW()+16,8,1,TRUE,M$4))) -> N | N59: =HYPERLINK("["&MID(CELL("filename"),SEARCH("[",CELL("filename"))+1,SEARCH("]",CELL("filename"))-SEARCH("[",CELL("filename"))-1)&"]"&ADDRESS(ROW()+16,8,1,TRUE,N$4),INDIRECT(ADDRESS(ROW()+16,8,1,TRUE,N$4))) -> N | O59: =HYPERLINK("["&MID(CELL("filename"),SEARCH("[",CELL("filename"))+1,SEARCH("]",CELL("filename"))-SEARCH("[",CELL("filename"))-1)&"]"&ADDRESS(ROW()+16,8,1,TRUE,O$4),INDIRECT(ADDRESS(ROW()+16,8,1,TRUE,O$4))) -> N | P59: =HYPERLINK("["&MID(CELL("filename"),SEARCH("[",CELL("filename"))+1,SEARCH("]",CELL("filename"))-SEARCH("[",CELL("filename"))-1)&"]"&ADDRESS(ROW()+16,8,1,TRUE,P$4),INDIRECT(ADDRESS(ROW()+16,8,1,TRUE,P$4))) -> N
A60: =ChkList!$A55 -> 보안 관리 | B60: =ChkList!$B55 -> W-51 | C60: =ChkList!$C55 -> SAM 계정과 공유의 익명 열거 허용 안 함 | D60: H | E60: =IF(D60="H",3,IF(D60="M",2,IF(D60="L",1,""))) -> 3 | F60: =COUNTA($M60:INDIRECT(ADDRESS(ROW(),MATCH("",$4:$4,-1),1,1))) -> 4 | G60: =COUNTIF($M60:INDIRECT(ADDRESS(ROW(),MATCH("",$4:$4,-1),1,1)),"조치완료(Y)")+COUNTIF($M60:INDIRECT(ADDRESS(ROW(),MATCH("",$4:$4,-1),1,1)),"Y") -> 0 | H60: =COUNTIF($M60:INDIRECT(ADDRESS(ROW(),MATCH("",$4:$4,-1),1,1)),"Y(즉시조치)")+COUNTIF($M60:INDIRECT(ADDRESS(ROW(),MATCH("",$4:$4,-1),1,1)),"조치완료(즉시조치)") -> 0 | I60: =COUNTIF($M60:INDIRECT(ADDRESS(ROW(),MATCH("",$4:$4,-1),1,1)),"N") -> 4 | J60: =COUNTIF($M60:INDIRECT(ADDRESS(ROW(),MATCH("",$4:$4,-1),1,1)),"N/A")+COUNTIF($M60:INDIRECT(ADDRESS(ROW(),MATCH("",$4:$4,-1),1,1)),"조치완료(N/A)") -> 0 | K60: =VLOOKUP($D60,'parm(hidden)'!$B$8:$C$10,2,FALSE)*($F60-$J60) -> 12 | L60: =VLOOKUP($D60,'parm(hidden)'!$B$8:$C$10,2,FALSE)*($G60+$H60) -> 0 | M60: =HYPERLINK("["&MID(CELL("filename"),SEARCH("[",CELL("filename"))+1,SEARCH("]",CELL("filename"))-SEARCH("[",CELL("filename"))-1)&"]"&ADDRESS(ROW()+16,8,1,TRUE,M$4),INDIRECT(ADDRESS(ROW()+16,8,1,TRUE,M$4))) -> N | N60: =HYPERLINK("["&MID(CELL("filename"),SEARCH("[",CELL("filename"))+1,SEARCH("]",CELL("filename"))-SEARCH("[",CELL("filename"))-1)&"]"&ADDRESS(ROW()+16,8,1,TRUE,N$4),INDIRECT(ADDRESS(ROW()+16,8,1,TRUE,N$4))) -> N | O60: =HYPERLINK("["&MID(CELL("filename"),SEARCH("[",CELL("filename"))+1,SEARCH("]",CELL("filename"))-SEARCH("[",CELL("filename"))-1)&"]"&ADDRESS(ROW()+16,8,1,TRUE,O$4),INDIRECT(ADDRESS(ROW()+16,8,1,TRUE,O$4))) -> N | P60: =HYPERLINK("["&MID(CELL("filename"),SEARCH("[",CELL("filename"))+1,SEARCH("]",CELL("filename"))-SEARCH("[",CELL("filename"))-1)&"]"&ADDRESS(ROW()+16,8,1,TRUE,P$4),INDIRECT(ADDRESS(ROW()+16,8,1,TRUE,P$4))) -> N
A61: =ChkList!$A56 -> 보안 관리 | B61: =ChkList!$B56 -> W-52 | C61: =ChkList!$C56 -> Autologon 기능 제어 | D61: H | E61: =IF(D61="H",3,IF(D61="M",2,IF(D61="L",1,""))) -> 3 | F61: =COUNTA($M61:INDIRECT(ADDRESS(ROW(),MATCH("",$4:$4,-1),1,1))) -> 4 | G61: =COUNTIF($M61:INDIRECT(ADDRESS(ROW(),MATCH("",$4:$4,-1),1,1)),"조치완료(Y)")+COUNTIF($M61:INDIRECT(ADDRESS(ROW(),MATCH("",$4:$4,-1),1,1)),"Y") -> 0 | H61: =COUNTIF($M61:INDIRECT(ADDRESS(ROW(),MATCH("",$4:$4,-1),1,1)),"Y(즉시조치)")+COUNTIF($M61:INDIRECT(ADDRESS(ROW(),MATCH("",$4:$4,-1),1,1)),"조치완료(즉시조치)") -> 0 | I61: =COUNTIF($M61:INDIRECT(ADDRESS(ROW(),MATCH("",$4:$4,-1),1,1)),"N") -> 4 | J61: =COUNTIF($M61:INDIRECT(ADDRESS(ROW(),MATCH("",$4:$4,-1),1,1)),"N/A")+COUNTIF($M61:INDIRECT(ADDRESS(ROW(),MATCH("",$4:$4,-1),1,1)),"조치완료(N/A)") -> 0 | K61: =VLOOKUP($D61,'parm(hidden)'!$B$8:$C$10,2,FALSE)*($F61-$J61) -> 12 | L61: =VLOOKUP($D61,'parm(hidden)'!$B$8:$C$10,2,FALSE)*($G61+$H61) -> 0 | M61: =HYPERLINK("["&MID(CELL("filename"),SEARCH("[",CELL("filename"))+1,SEARCH("]",CELL("filename"))-SEARCH("[",CELL("filename"))-1)&"]"&ADDRESS(ROW()+16,8,1,TRUE,M$4),INDIRECT(ADDRESS(ROW()+16,8,1,TRUE,M$4))) -> N | N61: =HYPERLINK("["&MID(CELL("filename"),SEARCH("[",CELL("filename"))+1,SEARCH("]",CELL("filename"))-SEARCH("[",CELL("filename"))-1)&"]"&ADDRESS(ROW()+16,8,1,TRUE,N$4),INDIRECT(ADDRESS(ROW()+16,8,1,TRUE,N$4))) -> N | O61: =HYPERLINK("["&MID(CELL("filename"),SEARCH("[",CELL("filename"))+1,SEARCH("]",CELL("filename"))-SEARCH("[",CELL("filename"))-1)&"]"&ADDRESS(ROW()+16,8,1,TRUE,O$4),INDIRECT(ADDRESS(ROW()+16,8,1,TRUE,O$4))) -> N | P61: =HYPERLINK("["&MID(CELL("filename"),SEARCH("[",CELL("filename"))+1,SEARCH("]",CELL("filename"))-SEARCH("[",CELL("filename"))-1)&"]"&ADDRESS(ROW()+16,8,1,TRUE,P$4),INDIRECT(ADDRESS(ROW()+16,8,1,TRUE,P$4))) -> N
A62: =ChkList!$A57 -> 보안 관리 | B62: =ChkList!$B57 -> W-53 | C62: =ChkList!$C57 -> 이동식 미디어 포맷 및 꺼내기 허용 | D62: M | E62: =IF(D62="H",3,IF(D62="M",2,IF(D62="L",1,""))) -> 2 | F62: =COUNTA($M62:INDIRECT(ADDRESS(ROW(),MATCH("",$4:$4,-1),1,1))) -> 4 | G62: =COUNTIF($M62:INDIRECT(ADDRESS(ROW(),MATCH("",$4:$4,-1),1,1)),"조치완료(Y)")+COUNTIF($M62:INDIRECT(ADDRESS(ROW(),MATCH("",$4:$4,-1),1,1)),"Y") -> 0 | H62: =COUNTIF($M62:INDIRECT(ADDRESS(ROW(),MATCH("",$4:$4,-1),1,1)),"Y(즉시조치)")+COUNTIF($M62:INDIRECT(ADDRESS(ROW(),MATCH("",$4:$4,-1),1,1)),"조치완료(즉시조치)") -> 0 | I62: =COUNTIF($M62:INDIRECT(ADDRESS(ROW(),MATCH("",$4:$4,-1),1,1)),"N") -> 4 | J62: =COUNTIF($M62:INDIRECT(ADDRESS(ROW(),MATCH("",$4:$4,-1),1,1)),"N/A")+COUNTIF($M62:INDIRECT(ADDRESS(ROW(),MATCH("",$4:$4,-1),1,1)),"조치완료(N/A)") -> 0 | K62: =VLOOKUP($D62,'parm(hidden)'!$B$8:$C$10,2,FALSE)*($F62-$J62) -> 8 | L62: =VLOOKUP($D62,'parm(hidden)'!$B$8:$C$10,2,FALSE)*($G62+$H62) -> 0 | M62: =HYPERLINK("["&MID(CELL("filename"),SEARCH("[",CELL("filename"))+1,SEARCH("]",CELL("filename"))-SEARCH("[",CELL("filename"))-1)&"]"&ADDRESS(ROW()+16,8,1,TRUE,M$4),INDIRECT(ADDRESS(ROW()+16,8,1,TRUE,M$4))) -> N | N62: =HYPERLINK("["&MID(CELL("filename"),SEARCH("[",CELL("filename"))+1,SEARCH("]",CELL("filename"))-SEARCH("[",CELL("filename"))-1)&"]"&ADDRESS(ROW()+16,8,1,TRUE,N$4),INDIRECT(ADDRESS(ROW()+16,8,1,TRUE,N$4))) -> N | O62: =HYPERLINK("["&MID(CELL("filename"),SEARCH("[",CELL("filename"))+1,SEARCH("]",CELL("filename"))-SEARCH("[",CELL("filename"))-1)&"]"&ADDRESS(ROW()+16,8,1,TRUE,O$4),INDIRECT(ADDRESS(ROW()+16,8,1,TRUE,O$4))) -> N | P62: =HYPERLINK("["&MID(CELL("filename"),SEARCH("[",CELL("filename"))+1,SEARCH("]",CELL("filename"))-SEARCH("[",CELL("filename"))-1)&"]"&ADDRESS(ROW()+16,8,1,TRUE,P$4),INDIRECT(ADDRESS(ROW()+16,8,1,TRUE,P$4))) -> N
A63: =ChkList!$A58 -> 보안 관리 | B63: =ChkList!$B58 -> W-54 | C63: =ChkList!$C58 -> Dos 공격 방어 레지스트리 설정 | D63: H | E63: =IF(D63="H",3,IF(D63="M",2,IF(D63="L",1,""))) -> 3 | F63: =COUNTA($M63:INDIRECT(ADDRESS(ROW(),MATCH("",$4:$4,-1),1,1))) -> 4 | G63: =COUNTIF($M63:INDIRECT(ADDRESS(ROW(),MATCH("",$4:$4,-1),1,1)),"조치완료(Y)")+COUNTIF($M63:INDIRECT(ADDRESS(ROW(),MATCH("",$4:$4,-1),1,1)),"Y") -> 0 | H63: =COUNTIF($M63:INDIRECT(ADDRESS(ROW(),MATCH("",$4:$4,-1),1,1)),"Y(즉시조치)")+COUNTIF($M63:INDIRECT(ADDRESS(ROW(),MATCH("",$4:$4,-1),1,1)),"조치완료(즉시조치)") -> 0 | I63: =COUNTIF($M63:INDIRECT(ADDRESS(ROW(),MATCH("",$4:$4,-1),1,1)),"N") -> 4 | J63: =COUNTIF($M63:INDIRECT(ADDRESS(ROW(),MATCH("",$4:$4,-1),1,1)),"N/A")+COUNTIF($M63:INDIRECT(ADDRESS(ROW(),MATCH("",$4:$4,-1),1,1)),"조치완료(N/A)") -> 0 | K63: =VLOOKUP($D63,'parm(hidden)'!$B$8:$C$10,2,FALSE)*($F63-$J63) -> 12 | L63: =VLOOKUP($D63,'parm(hidden)'!$B$8:$C$10,2,FALSE)*($G63+$H63) -> 0 | M63: =HYPERLINK("["&MID(CELL("filename"),SEARCH("[",CELL("filename"))+1,SEARCH("]",CELL("filename"))-SEARCH("[",CELL("filename"))-1)&"]"&ADDRESS(ROW()+16,8,1,TRUE,M$4),INDIRECT(ADDRESS(ROW()+16,8,1,TRUE,M$4))) -> N | N63: =HYPERLINK("["&MID(CELL("filename"),SEARCH("[",CELL("filename"))+1,SEARCH("]",CELL("filename"))-SEARCH("[",CELL("filename"))-1)&"]"&ADDRESS(ROW()+16,8,1,TRUE,N$4),INDIRECT(ADDRESS(ROW()+16,8,1,TRUE,N$4))) -> N | O63: =HYPERLINK("["&MID(CELL("filename"),SEARCH("[",CELL("filename"))+1,SEARCH("]",CELL("filename"))-SEARCH("[",CELL("filename"))-1)&"]"&ADDRESS(ROW()+16,8,1,TRUE,O$4),INDIRECT(ADDRESS(ROW()+16,8,1,TRUE,O$4))) -> N | P63: =HYPERLINK("["&MID(CELL("filename"),SEARCH("[",CELL("filename"))+1,SEARCH("]",CELL("filename"))-SEARCH("[",CELL("filename"))-1)&"]"&ADDRESS(ROW()+16,8,1,TRUE,P$4),INDIRECT(ADDRESS(ROW()+16,8,1,TRUE,P$4))) -> N
A64: =ChkList!$A59 -> 보안 관리 | B64: =ChkList!$B59 -> W-55 | C64: =ChkList!$C59 -> 사용자가 프린터 드라이버를 설치할 수 없게 함 | D64: H | E64: =IF(D64="H",3,IF(D64="M",2,IF(D64="L",1,""))) -> 3 | F64: =COUNTA($M64:INDIRECT(ADDRESS(ROW(),MATCH("",$4:$4,-1),1,1))) -> 4 | G64: =COUNTIF($M64:INDIRECT(ADDRESS(ROW(),MATCH("",$4:$4,-1),1,1)),"조치완료(Y)")+COUNTIF($M64:INDIRECT(ADDRESS(ROW(),MATCH("",$4:$4,-1),1,1)),"Y") -> 4 | H64: =COUNTIF($M64:INDIRECT(ADDRESS(ROW(),MATCH("",$4:$4,-1),1,1)),"Y(즉시조치)")+COUNTIF($M64:INDIRECT(ADDRESS(ROW(),MATCH("",$4:$4,-1),1,1)),"조치완료(즉시조치)") -> 0 | I64: =COUNTIF($M64:INDIRECT(ADDRESS(ROW(),MATCH("",$4:$4,-1),1,1)),"N") -> 0 | J64: =COUNTIF($M64:INDIRECT(ADDRESS(ROW(),MATCH("",$4:$4,-1),1,1)),"N/A")+COUNTIF($M64:INDIRECT(ADDRESS(ROW(),MATCH("",$4:$4,-1),1,1)),"조치완료(N/A)") -> 0 | K64: =VLOOKUP($D64,'parm(hidden)'!$B$8:$C$10,2,FALSE)*($F64-$J64) -> 12 | L64: =VLOOKUP($D64,'parm(hidden)'!$B$8:$C$10,2,FALSE)*($G64+$H64) -> 12 | M64: =HYPERLINK("["&MID(CELL("filename"),SEARCH("[",CELL("filename"))+1,SEARCH("]",CELL("filename"))-SEARCH("[",CELL("filename"))-1)&"]"&ADDRESS(ROW()+16,8,1,TRUE,M$4),INDIRECT(ADDRESS(ROW()+16,8,1,TRUE,M$4))) -> Y | N64: =HYPERLINK("["&MID(CELL("filename"),SEARCH("[",CELL("filename"))+1,SEARCH("]",CELL("filename"))-SEARCH("[",CELL("filename"))-1)&"]"&ADDRESS(ROW()+16,8,1,TRUE,N$4),INDIRECT(ADDRESS(ROW()+16,8,1,TRUE,N$4))) -> Y | O64: =HYPERLINK("["&MID(CELL("filename"),SEARCH("[",CELL("filename"))+1,SEARCH("]",CELL("filename"))-SEARCH("[",CELL("filename"))-1)&"]"&ADDRESS(ROW()+16,8,1,TRUE,O$4),INDIRECT(ADDRESS(ROW()+16,8,1,TRUE,O$4))) -> Y | P64: =HYPERLINK("["&MID(CELL("filename"),SEARCH("[",CELL("filename"))+1,SEARCH("]",CELL("filename"))-SEARCH("[",CELL("filename"))-1)&"]"&ADDRESS(ROW()+16,8,1,TRUE,P$4),INDIRECT(ADDRESS(ROW()+16,8,1,TRUE,P$4))) -> Y
A65: =ChkList!$A60 -> 보안 관리 | B65: =ChkList!$B60 -> W-56 | C65: =ChkList!$C60 -> SMB 세션 중단 관리 설정 | D65: L | E65: =IF(D65="H",3,IF(D65="M",2,IF(D65="L",1,""))) -> 1 | F65: =COUNTA($M65:INDIRECT(ADDRESS(ROW(),MATCH("",$4:$4,-1),1,1))) -> 4 | G65: =COUNTIF($M65:INDIRECT(ADDRESS(ROW(),MATCH("",$4:$4,-1),1,1)),"조치완료(Y)")+COUNTIF($M65:INDIRECT(ADDRESS(ROW(),MATCH("",$4:$4,-1),1,1)),"Y") -> 4 | H65: =COUNTIF($M65:INDIRECT(ADDRESS(ROW(),MATCH("",$4:$4,-1),1,1)),"Y(즉시조치)")+COUNTIF($M65:INDIRECT(ADDRESS(ROW(),MATCH("",$4:$4,-1),1,1)),"조치완료(즉시조치)") -> 0 | I65: =COUNTIF($M65:INDIRECT(ADDRESS(ROW(),MATCH("",$4:$4,-1),1,1)),"N") -> 0 | J65: =COUNTIF($M65:INDIRECT(ADDRESS(ROW(),MATCH("",$4:$4,-1),1,1)),"N/A")+COUNTIF($M65:INDIRECT(ADDRESS(ROW(),MATCH("",$4:$4,-1),1,1)),"조치완료(N/A)") -> 0 | K65: =VLOOKUP($D65,'parm(hidden)'!$B$8:$C$10,2,FALSE)*($F65-$J65) -> 4 | L65: =VLOOKUP($D65,'parm(hidden)'!$B$8:$C$10,2,FALSE)*($G65+$H65) -> 4 | M65: =HYPERLINK("["&MID(CELL("filename"),SEARCH("[",CELL("filename"))+1,SEARCH("]",CELL("filename"))-SEARCH("[",CELL("filename"))-1)&"]"&ADDRESS(ROW()+16,8,1,TRUE,M$4),INDIRECT(ADDRESS(ROW()+16,8,1,TRUE,M$4))) -> Y | N65: =HYPERLINK("["&MID(CELL("filename"),SEARCH("[",CELL("filename"))+1,SEARCH("]",CELL("filename"))-SEARCH("[",CELL("filename"))-1)&"]"&ADDRESS(ROW()+16,8,1,TRUE,N$4),INDIRECT(ADDRESS(ROW()+16,8,1,TRUE,N$4))) -> Y | O65: =HYPERLINK("["&MID(CELL("filename"),SEARCH("[",CELL("filename"))+1,SEARCH("]",CELL("filename"))-SEARCH("[",CELL("filename"))-1)&"]"&ADDRESS(ROW()+16,8,1,TRUE,O$4),INDIRECT(ADDRESS(ROW()+16,8,1,TRUE,O$4))) -> Y | P65: =HYPERLINK("["&MID(CELL("filename"),SEARCH("[",CELL("filename"))+1,SEARCH("]",CELL("filename"))-SEARCH("[",CELL("filename"))-1)&"]"&ADDRESS(ROW()+16,8,1,TRUE,P$4),INDIRECT(ADDRESS(ROW()+16,8,1,TRUE,P$4))) -> Y
A66: =ChkList!$A61 -> 보안 관리 | B66: =ChkList!$B61 -> W-57 | C66: =ChkList!$C61 -> 로그온 시 경고 메시지 설정 | D66: M | E66: =IF(D66="H",3,IF(D66="M",2,IF(D66="L",1,""))) -> 2 | F66: =COUNTA($M66:INDIRECT(ADDRESS(ROW(),MATCH("",$4:$4,-1),1,1))) -> 4 | G66: =COUNTIF($M66:INDIRECT(ADDRESS(ROW(),MATCH("",$4:$4,-1),1,1)),"조치완료(Y)")+COUNTIF($M66:INDIRECT(ADDRESS(ROW(),MATCH("",$4:$4,-1),1,1)),"Y") -> 0 | H66: =COUNTIF($M66:INDIRECT(ADDRESS(ROW(),MATCH("",$4:$4,-1),1,1)),"Y(즉시조치)")+COUNTIF($M66:INDIRECT(ADDRESS(ROW(),MATCH("",$4:$4,-1),1,1)),"조치완료(즉시조치)") -> 0 | I66: =COUNTIF($M66:INDIRECT(ADDRESS(ROW(),MATCH("",$4:$4,-1),1,1)),"N") -> 4 | J66: =COUNTIF($M66:INDIRECT(ADDRESS(ROW(),MATCH("",$4:$4,-1),1,1)),"N/A")+COUNTIF($M66:INDIRECT(ADDRESS(ROW(),MATCH("",$4:$4,-1),1,1)),"조치완료(N/A)") -> 0 | K66: =VLOOKUP($D66,'parm(hidden)'!$B$8:$C$10,2,FALSE)*($F66-$J66) -> 8 | L66: =VLOOKUP($D66,'parm(hidden)'!$B$8:$C$10,2,FALSE)*($G66+$H66) -> 0 | M66: =HYPERLINK("["&MID(CELL("filename"),SEARCH("[",CELL("filename"))+1,SEARCH("]",CELL("filename"))-SEARCH("[",CELL("filename"))-1)&"]"&ADDRESS(ROW()+16,8,1,TRUE,M$4),INDIRECT(ADDRESS(ROW()+16,8,1,TRUE,M$4))) -> N | N66: =HYPERLINK("["&MID(CELL("filename"),SEARCH("[",CELL("filename"))+1,SEARCH("]",CELL("filename"))-SEARCH("[",CELL("filename"))-1)&"]"&ADDRESS(ROW()+16,8,1,TRUE,N$4),INDIRECT(ADDRESS(ROW()+16,8,1,TRUE,N$4))) -> N | O66: =HYPERLINK("["&MID(CELL("filename"),SEARCH("[",CELL("filename"))+1,SEARCH("]",CELL("filename"))-SEARCH("[",CELL("filename"))-1)&"]"&ADDRESS(ROW()+16,8,1,TRUE,O$4),INDIRECT(ADDRESS(ROW()+16,8,1,TRUE,O$4))) -> N | P66: =HYPERLINK("["&MID(CELL("filename"),SEARCH("[",CELL("filename"))+1,SEARCH("]",CELL("filename"))-SEARCH("[",CELL("filename"))-1)&"]"&ADDRESS(ROW()+16,8,1,TRUE,P$4),INDIRECT(ADDRESS(ROW()+16,8,1,TRUE,P$4))) -> N
A67: =ChkList!$A62 -> 보안 관리 | B67: =ChkList!$B62 -> W-58 | C67: =ChkList!$C62 -> 사용자별 홈 디렉터리 권한 설정 | D67: H | E67: =IF(D67="H",3,IF(D67="M",2,IF(D67="L",1,""))) -> 3 | F67: =COUNTA($M67:INDIRECT(ADDRESS(ROW(),MATCH("",$4:$4,-1),1,1))) -> 4 | G67: =COUNTIF($M67:INDIRECT(ADDRESS(ROW(),MATCH("",$4:$4,-1),1,1)),"조치완료(Y)")+COUNTIF($M67:INDIRECT(ADDRESS(ROW(),MATCH("",$4:$4,-1),1,1)),"Y") -> 4 | H67: =COUNTIF($M67:INDIRECT(ADDRESS(ROW(),MATCH("",$4:$4,-1),1,1)),"Y(즉시조치)")+COUNTIF($M67:INDIRECT(ADDRESS(ROW(),MATCH("",$4:$4,-1),1,1)),"조치완료(즉시조치)") -> 0 | I67: =COUNTIF($M67:INDIRECT(ADDRESS(ROW(),MATCH("",$4:$4,-1),1,1)),"N") -> 0 | J67: =COUNTIF($M67:INDIRECT(ADDRESS(ROW(),MATCH("",$4:$4,-1),1,1)),"N/A")+COUNTIF($M67:INDIRECT(ADDRESS(ROW(),MATCH("",$4:$4,-1),1,1)),"조치완료(N/A)") -> 0 | K67: =VLOOKUP($D67,'parm(hidden)'!$B$8:$C$10,2,FALSE)*($F67-$J67) -> 12 | L67: =VLOOKUP($D67,'parm(hidden)'!$B$8:$C$10,2,FALSE)*($G67+$H67) -> 12 | M67: =HYPERLINK("["&MID(CELL("filename"),SEARCH("[",CELL("filename"))+1,SEARCH("]",CELL("filename"))-SEARCH("[",CELL("filename"))-1)&"]"&ADDRESS(ROW()+16,8,1,TRUE,M$4),INDIRECT(ADDRESS(ROW()+16,8,1,TRUE,M$4))) -> Y | N67: =HYPERLINK("["&MID(CELL("filename"),SEARCH("[",CELL("filename"))+1,SEARCH("]",CELL("filename"))-SEARCH("[",CELL("filename"))-1)&"]"&ADDRESS(ROW()+16,8,1,TRUE,N$4),INDIRECT(ADDRESS(ROW()+16,8,1,TRUE,N$4))) -> Y | O67: =HYPERLINK("["&MID(CELL("filename"),SEARCH("[",CELL("filename"))+1,SEARCH("]",CELL("filename"))-SEARCH("[",CELL("filename"))-1)&"]"&ADDRESS(ROW()+16,8,1,TRUE,O$4),INDIRECT(ADDRESS(ROW()+16,8,1,TRUE,O$4))) -> Y | P67: =HYPERLINK("["&MID(CELL("filename"),SEARCH("[",CELL("filename"))+1,SEARCH("]",CELL("filename"))-SEARCH("[",CELL("filename"))-1)&"]"&ADDRESS(ROW()+16,8,1,TRUE,P$4),INDIRECT(ADDRESS(ROW()+16,8,1,TRUE,P$4))) -> Y
A68: =ChkList!$A63 -> 보안 관리 | B68: =ChkList!$B63 -> W-59 | C68: =ChkList!$C63 -> LAN Manager 인증 수준 | D68: H | E68: =IF(D68="H",3,IF(D68="M",2,IF(D68="L",1,""))) -> 3 | F68: =COUNTA($M68:INDIRECT(ADDRESS(ROW(),MATCH("",$4:$4,-1),1,1))) -> 4 | G68: =COUNTIF($M68:INDIRECT(ADDRESS(ROW(),MATCH("",$4:$4,-1),1,1)),"조치완료(Y)")+COUNTIF($M68:INDIRECT(ADDRESS(ROW(),MATCH("",$4:$4,-1),1,1)),"Y") -> 0 | H68: =COUNTIF($M68:INDIRECT(ADDRESS(ROW(),MATCH("",$4:$4,-1),1,1)),"Y(즉시조치)")+COUNTIF($M68:INDIRECT(ADDRESS(ROW(),MATCH("",$4:$4,-1),1,1)),"조치완료(즉시조치)") -> 0 | I68: =COUNTIF($M68:INDIRECT(ADDRESS(ROW(),MATCH("",$4:$4,-1),1,1)),"N") -> 4 | J68: =COUNTIF($M68:INDIRECT(ADDRESS(ROW(),MATCH("",$4:$4,-1),1,1)),"N/A")+COUNTIF($M68:INDIRECT(ADDRESS(ROW(),MATCH("",$4:$4,-1),1,1)),"조치완료(N/A)") -> 0 | K68: =VLOOKUP($D68,'parm(hidden)'!$B$8:$C$10,2,FALSE)*($F68-$J68) -> 12 | L68: =VLOOKUP($D68,'parm(hidden)'!$B$8:$C$10,2,FALSE)*($G68+$H68) -> 0 | M68: =HYPERLINK("["&MID(CELL("filename"),SEARCH("[",CELL("filename"))+1,SEARCH("]",CELL("filename"))-SEARCH("[",CELL("filename"))-1)&"]"&ADDRESS(ROW()+16,8,1,TRUE,M$4),INDIRECT(ADDRESS(ROW()+16,8,1,TRUE,M$4))) -> N | N68: =HYPERLINK("["&MID(CELL("filename"),SEARCH("[",CELL("filename"))+1,SEARCH("]",CELL("filename"))-SEARCH("[",CELL("filename"))-1)&"]"&ADDRESS(ROW()+16,8,1,TRUE,N$4),INDIRECT(ADDRESS(ROW()+16,8,1,TRUE,N$4))) -> N | O68: =HYPERLINK("["&MID(CELL("filename"),SEARCH("[",CELL("filename"))+1,SEARCH("]",CELL("filename"))-SEARCH("[",CELL("filename"))-1)&"]"&ADDRESS(ROW()+16,8,1,TRUE,O$4),INDIRECT(ADDRESS(ROW()+16,8,1,TRUE,O$4))) -> N | P68: =HYPERLINK("["&MID(CELL("filename"),SEARCH("[",CELL("filename"))+1,SEARCH("]",CELL("filename"))-SEARCH("[",CELL("filename"))-1)&"]"&ADDRESS(ROW()+16,8,1,TRUE,P$4),INDIRECT(ADDRESS(ROW()+16,8,1,TRUE,P$4))) -> N
A69: =ChkList!$A64 -> 보안 관리 | B69: =ChkList!$B64 -> W-60 | C69: =ChkList!$C64 -> 보안 채널 데이터 디지털 암호화 또는 서명 | D69: H | E69: =IF(D69="H",3,IF(D69="M",2,IF(D69="L",1,""))) -> 3 | F69: =COUNTA($M69:INDIRECT(ADDRESS(ROW(),MATCH("",$4:$4,-1),1,1))) -> 4 | G69: =COUNTIF($M69:INDIRECT(ADDRESS(ROW(),MATCH("",$4:$4,-1),1,1)),"조치완료(Y)")+COUNTIF($M69:INDIRECT(ADDRESS(ROW(),MATCH("",$4:$4,-1),1,1)),"Y") -> 0 | H69: =COUNTIF($M69:INDIRECT(ADDRESS(ROW(),MATCH("",$4:$4,-1),1,1)),"Y(즉시조치)")+COUNTIF($M69:INDIRECT(ADDRESS(ROW(),MATCH("",$4:$4,-1),1,1)),"조치완료(즉시조치)") -> 0 | I69: =COUNTIF($M69:INDIRECT(ADDRESS(ROW(),MATCH("",$4:$4,-1),1,1)),"N") -> 0 | J69: =COUNTIF($M69:INDIRECT(ADDRESS(ROW(),MATCH("",$4:$4,-1),1,1)),"N/A")+COUNTIF($M69:INDIRECT(ADDRESS(ROW(),MATCH("",$4:$4,-1),1,1)),"조치완료(N/A)") -> 0 | K69: =VLOOKUP($D69,'parm(hidden)'!$B$8:$C$10,2,FALSE)*($F69-$J69) -> 12 | L69: =VLOOKUP($D69,'parm(hidden)'!$B$8:$C$10,2,FALSE)*($G69+$H69) -> 0 | M69: =HYPERLINK("["&MID(CELL("filename"),SEARCH("[",CELL("filename"))+1,SEARCH("]",CELL("filename"))-SEARCH("[",CELL("filename"))-1)&"]"&ADDRESS(ROW()+16,8,1,TRUE,M$4),INDIRECT(ADDRESS(ROW()+16,8,1,TRUE,M$4))) -> 0 | N69: =HYPERLINK("["&MID(CELL("filename"),SEARCH("[",CELL("filename"))+1,SEARCH("]",CELL("filename"))-SEARCH("[",CELL("filename"))-1)&"]"&ADDRESS(ROW()+16,8,1,TRUE,N$4),INDIRECT(ADDRESS(ROW()+16,8,1,TRUE,N$4))) -> 0 | O69: =HYPERLINK("["&MID(CELL("filename"),SEARCH("[",CELL("filename"))+1,SEARCH("]",CELL("filename"))-SEARCH("[",CELL("filename"))-1)&"]"&ADDRESS(ROW()+16,8,1,TRUE,O$4),INDIRECT(ADDRESS(ROW()+16,8,1,TRUE,O$4))) -> 0 | P69: =HYPERLINK("["&MID(CELL("filename"),SEARCH("[",CELL("filename"))+1,SEARCH("]",CELL("filename"))-SEARCH("[",CELL("filename"))-1)&"]"&ADDRESS(ROW()+16,8,1,TRUE,P$4),INDIRECT(ADDRESS(ROW()+16,8,1,TRUE,P$4))) -> 0
A70: =ChkList!#REF! -> #REF! | B70: =ChkList!#REF! -> #REF! | C70: =ChkList!#REF! -> #REF! | D70: H | E70: =IF(D70="H",3,IF(D70="M",2,IF(D70="L",1,""))) -> 3 | F70: =COUNTA($M70:INDIRECT(ADDRESS(ROW(),MATCH("",$4:$4,-1),1,1))) -> 4 | G70: =COUNTIF($M70:INDIRECT(ADDRESS(ROW(),MATCH("",$4:$4,-1),1,1)),"조치완료(Y)")+COUNTIF($M70:INDIRECT(ADDRESS(ROW(),MATCH("",$4:$4,-1),1,1)),"Y") -> 0 | H70: =COUNTIF($M70:INDIRECT(ADDRESS(ROW(),MATCH("",$4:$4,-1),1,1)),"Y(즉시조치)")+COUNTIF($M70:INDIRECT(ADDRESS(ROW(),MATCH("",$4:$4,-1),1,1)),"조치완료(즉시조치)") -> 0 | I70: =COUNTIF($M70:INDIRECT(ADDRESS(ROW(),MATCH("",$4:$4,-1),1,1)),"N") -> 0 | J70: =COUNTIF($M70:INDIRECT(ADDRESS(ROW(),MATCH("",$4:$4,-1),1,1)),"N/A")+COUNTIF($M70:INDIRECT(ADDRESS(ROW(),MATCH("",$4:$4,-1),1,1)),"조치완료(N/A)") -> 0 | K70: =VLOOKUP($D70,'parm(hidden)'!$B$8:$C$10,2,FALSE)*($F70-$J70) -> 12 | L70: =VLOOKUP($D70,'parm(hidden)'!$B$8:$C$10,2,FALSE)*($G70+$H70) -> 0 | M70: =HYPERLINK("["&MID(CELL("filename"),SEARCH("[",CELL("filename"))+1,SEARCH("]",CELL("filename"))-SEARCH("[",CELL("filename"))-1)&"]"&ADDRESS(ROW()+16,8,1,TRUE,M$4),INDIRECT(ADDRESS(ROW()+16,8,1,TRUE,M$4))) -> 0 | N70: =HYPERLINK("["&MID(CELL("filename"),SEARCH("[",CELL("filename"))+1,SEARCH("]",CELL("filename"))-SEARCH("[",CELL("filename"))-1)&"]"&ADDRESS(ROW()+16,8,1,TRUE,N$4),INDIRECT(ADDRESS(ROW()+16,8,1,TRUE,N$4))) -> 0 | O70: =HYPERLINK("["&MID(CELL("filename"),SEARCH("[",CELL("filename"))+1,SEARCH("]",CELL("filename"))-SEARCH("[",CELL("filename"))-1)&"]"&ADDRESS(ROW()+16,8,1,TRUE,O$4),INDIRECT(ADDRESS(ROW()+16,8,1,TRUE,O$4))) -> 0 | P70: =HYPERLINK("["&MID(CELL("filename"),SEARCH("[",CELL("filename"))+1,SEARCH("]",CELL("filename"))-SEARCH("[",CELL("filename"))-1)&"]"&ADDRESS(ROW()+16,8,1,TRUE,P$4),INDIRECT(ADDRESS(ROW()+16,8,1,TRUE,P$4))) -> 0
A71: =ChkList!$A65 -> 보안 관리 | B71: =ChkList!$B65 -> W-61 | C71: =ChkList!$C65 -> 파일 및 디렉토리 보호 | D71: H | E71: =IF(D71="H",3,IF(D71="M",2,IF(D71="L",1,""))) -> 3 | F71: =COUNTA($M71:INDIRECT(ADDRESS(ROW(),MATCH("",$4:$4,-1),1,1))) -> 4 | G71: =COUNTIF($M71:INDIRECT(ADDRESS(ROW(),MATCH("",$4:$4,-1),1,1)),"조치완료(Y)")+COUNTIF($M71:INDIRECT(ADDRESS(ROW(),MATCH("",$4:$4,-1),1,1)),"Y") -> 0 | H71: =COUNTIF($M71:INDIRECT(ADDRESS(ROW(),MATCH("",$4:$4,-1),1,1)),"Y(즉시조치)")+COUNTIF($M71:INDIRECT(ADDRESS(ROW(),MATCH("",$4:$4,-1),1,1)),"조치완료(즉시조치)") -> 0 | I71: =COUNTIF($M71:INDIRECT(ADDRESS(ROW(),MATCH("",$4:$4,-1),1,1)),"N") -> 0 | J71: =COUNTIF($M71:INDIRECT(ADDRESS(ROW(),MATCH("",$4:$4,-1),1,1)),"N/A")+COUNTIF($M71:INDIRECT(ADDRESS(ROW(),MATCH("",$4:$4,-1),1,1)),"조치완료(N/A)") -> 0 | K71: =VLOOKUP($D71,'parm(hidden)'!$B$8:$C$10,2,FALSE)*($F71-$J71) -> 12 | L71: =VLOOKUP($D71,'parm(hidden)'!$B$8:$C$10,2,FALSE)*($G71+$H71) -> 0 | M71: =HYPERLINK("["&MID(CELL("filename"),SEARCH("[",CELL("filename"))+1,SEARCH("]",CELL("filename"))-SEARCH("[",CELL("filename"))-1)&"]"&ADDRESS(ROW()+16,8,1,TRUE,M$4),INDIRECT(ADDRESS(ROW()+16,8,1,TRUE,M$4))) -> 0 | N71: =HYPERLINK("["&MID(CELL("filename"),SEARCH("[",CELL("filename"))+1,SEARCH("]",CELL("filename"))-SEARCH("[",CELL("filename"))-1)&"]"&ADDRESS(ROW()+16,8,1,TRUE,N$4),INDIRECT(ADDRESS(ROW()+16,8,1,TRUE,N$4))) -> 0 | O71: =HYPERLINK("["&MID(CELL("filename"),SEARCH("[",CELL("filename"))+1,SEARCH("]",CELL("filename"))-SEARCH("[",CELL("filename"))-1)&"]"&ADDRESS(ROW()+16,8,1,TRUE,O$4),INDIRECT(ADDRESS(ROW()+16,8,1,TRUE,O$4))) -> 0 | P71: =HYPERLINK("["&MID(CELL("filename"),SEARCH("[",CELL("filename"))+1,SEARCH("]",CELL("filename"))-SEARCH("[",CELL("filename"))-1)&"]"&ADDRESS(ROW()+16,8,1,TRUE,P$4),INDIRECT(ADDRESS(ROW()+16,8,1,TRUE,P$4))) -> 0
A72: =ChkList!$A66 -> 보안 관리 | B72: =ChkList!$B66 -> W-62 | C72: =ChkList!$C66 -> 시작 프로그램 목록 분석 | D72: H | E72: =IF(D72="H",3,IF(D72="M",2,IF(D72="L",1,""))) -> 3 | F72: =COUNTA($M72:INDIRECT(ADDRESS(ROW(),MATCH("",$4:$4,-1),1,1))) -> 4 | G72: =COUNTIF($M72:INDIRECT(ADDRESS(ROW(),MATCH("",$4:$4,-1),1,1)),"조치완료(Y)")+COUNTIF($M72:INDIRECT(ADDRESS(ROW(),MATCH("",$4:$4,-1),1,1)),"Y") -> 0 | H72: =COUNTIF($M72:INDIRECT(ADDRESS(ROW(),MATCH("",$4:$4,-1),1,1)),"Y(즉시조치)")+COUNTIF($M72:INDIRECT(ADDRESS(ROW(),MATCH("",$4:$4,-1),1,1)),"조치완료(즉시조치)") -> 0 | I72: =COUNTIF($M72:INDIRECT(ADDRESS(ROW(),MATCH("",$4:$4,-1),1,1)),"N") -> 0 | J72: =COUNTIF($M72:INDIRECT(ADDRESS(ROW(),MATCH("",$4:$4,-1),1,1)),"N/A")+COUNTIF($M72:INDIRECT(ADDRESS(ROW(),MATCH("",$4:$4,-1),1,1)),"조치완료(N/A)") -> 0 | K72: =VLOOKUP($D72,'parm(hidden)'!$B$8:$C$10,2,FALSE)*($F72-$J72) -> 12 | L72: =VLOOKUP($D72,'parm(hidden)'!$B$8:$C$10,2,FALSE)*($G72+$H72) -> 0 | M72: =HYPERLINK("["&MID(CELL("filename"),SEARCH("[",CELL("filename"))+1,SEARCH("]",CELL("filename"))-SEARCH("[",CELL("filename"))-1)&"]"&ADDRESS(ROW()+16,8,1,TRUE,M$4),INDIRECT(ADDRESS(ROW()+16,8,1,TRUE,M$4))) -> 0 | N72: =HYPERLINK("["&MID(CELL("filename"),SEARCH("[",CELL("filename"))+1,SEARCH("]",CELL("filename"))-SEARCH("[",CELL("filename"))-1)&"]"&ADDRESS(ROW()+16,8,1,TRUE,N$4),INDIRECT(ADDRESS(ROW()+16,8,1,TRUE,N$4))) -> 0 | O72: =HYPERLINK("["&MID(CELL("filename"),SEARCH("[",CELL("filename"))+1,SEARCH("]",CELL("filename"))-SEARCH("[",CELL("filename"))-1)&"]"&ADDRESS(ROW()+16,8,1,TRUE,O$4),INDIRECT(ADDRESS(ROW()+16,8,1,TRUE,O$4))) -> 0 | P72: =HYPERLINK("["&MID(CELL("filename"),SEARCH("[",CELL("filename"))+1,SEARCH("]",CELL("filename"))-SEARCH("[",CELL("filename"))-1)&"]"&ADDRESS(ROW()+16,8,1,TRUE,P$4),INDIRECT(ADDRESS(ROW()+16,8,1,TRUE,P$4))) -> 0
A73: =ChkList!$A67 -> 보안 관리 | B73: =ChkList!$B67 -> W-63 | C73: =ChkList!$C67 -> 도메인 컨트롤러-사용자의 시간 동기화 | D73: H | E73: =IF(D73="H",3,IF(D73="M",2,IF(D73="L",1,""))) -> 3 | F73: =COUNTA($M73:INDIRECT(ADDRESS(ROW(),MATCH("",$4:$4,-1),1,1))) -> 4 | G73: =COUNTIF($M73:INDIRECT(ADDRESS(ROW(),MATCH("",$4:$4,-1),1,1)),"조치완료(Y)")+COUNTIF($M73:INDIRECT(ADDRESS(ROW(),MATCH("",$4:$4,-1),1,1)),"Y") -> 0 | H73: =COUNTIF($M73:INDIRECT(ADDRESS(ROW(),MATCH("",$4:$4,-1),1,1)),"Y(즉시조치)")+COUNTIF($M73:INDIRECT(ADDRESS(ROW(),MATCH("",$4:$4,-1),1,1)),"조치완료(즉시조치)") -> 0 | I73: =COUNTIF($M73:INDIRECT(ADDRESS(ROW(),MATCH("",$4:$4,-1),1,1)),"N") -> 0 | J73: =COUNTIF($M73:INDIRECT(ADDRESS(ROW(),MATCH("",$4:$4,-1),1,1)),"N/A")+COUNTIF($M73:INDIRECT(ADDRESS(ROW(),MATCH("",$4:$4,-1),1,1)),"조치완료(N/A)") -> 0 | K73: =VLOOKUP($D73,'parm(hidden)'!$B$8:$C$10,2,FALSE)*($F73-$J73) -> 12 | L73: =VLOOKUP($D73,'parm(hidden)'!$B$8:$C$10,2,FALSE)*($G73+$H73) -> 0 | M73: =HYPERLINK("["&MID(CELL("filename"),SEARCH("[",CELL("filename"))+1,SEARCH("]",CELL("filename"))-SEARCH("[",CELL("filename"))-1)&"]"&ADDRESS(ROW()+16,8,1,TRUE,M$4),INDIRECT(ADDRESS(ROW()+16,8,1,TRUE,M$4))) -> 0 | N73: =HYPERLINK("["&MID(CELL("filename"),SEARCH("[",CELL("filename"))+1,SEARCH("]",CELL("filename"))-SEARCH("[",CELL("filename"))-1)&"]"&ADDRESS(ROW()+16,8,1,TRUE,N$4),INDIRECT(ADDRESS(ROW()+16,8,1,TRUE,N$4))) -> 0 | O73: =HYPERLINK("["&MID(CELL("filename"),SEARCH("[",CELL("filename"))+1,SEARCH("]",CELL("filename"))-SEARCH("[",CELL("filename"))-1)&"]"&ADDRESS(ROW()+16,8,1,TRUE,O$4),INDIRECT(ADDRESS(ROW()+16,8,1,TRUE,O$4))) -> 0 | P73: =HYPERLINK("["&MID(CELL("filename"),SEARCH("[",CELL("filename"))+1,SEARCH("]",CELL("filename"))-SEARCH("[",CELL("filename"))-1)&"]"&ADDRESS(ROW()+16,8,1,TRUE,P$4),INDIRECT(ADDRESS(ROW()+16,8,1,TRUE,P$4))) -> 0
A74: =ChkList!$A68 -> 보안 관리 | B74: =ChkList!$B68 -> W-64 | C74: =ChkList!$C68 -> 윈도우 방화벽 설정 | D74: H | E74: =IF(D74="H",3,IF(D74="M",2,IF(D74="L",1,""))) -> 3 | F74: =COUNTA($M74:INDIRECT(ADDRESS(ROW(),MATCH("",$4:$4,-1),1,1))) -> 4 | G74: =COUNTIF($M74:INDIRECT(ADDRESS(ROW(),MATCH("",$4:$4,-1),1,1)),"조치완료(Y)")+COUNTIF($M74:INDIRECT(ADDRESS(ROW(),MATCH("",$4:$4,-1),1,1)),"Y") -> 0 | H74: =COUNTIF($M74:INDIRECT(ADDRESS(ROW(),MATCH("",$4:$4,-1),1,1)),"Y(즉시조치)")+COUNTIF($M74:INDIRECT(ADDRESS(ROW(),MATCH("",$4:$4,-1),1,1)),"조치완료(즉시조치)") -> 0 | I74: =COUNTIF($M74:INDIRECT(ADDRESS(ROW(),MATCH("",$4:$4,-1),1,1)),"N") -> 0 | J74: =COUNTIF($M74:INDIRECT(ADDRESS(ROW(),MATCH("",$4:$4,-1),1,1)),"N/A")+COUNTIF($M74:INDIRECT(ADDRESS(ROW(),MATCH("",$4:$4,-1),1,1)),"조치완료(N/A)") -> 0 | K74: =VLOOKUP($D74,'parm(hidden)'!$B$8:$C$10,2,FALSE)*($F74-$J74) -> 12 | L74: =VLOOKUP($D74,'parm(hidden)'!$B$8:$C$10,2,FALSE)*($G74+$H74) -> 0 | M74: =HYPERLINK("["&MID(CELL("filename"),SEARCH("[",CELL("filename"))+1,SEARCH("]",CELL("filename"))-SEARCH("[",CELL("filename"))-1)&"]"&ADDRESS(ROW()+16,8,1,TRUE,M$4),INDIRECT(ADDRESS(ROW()+16,8,1,TRUE,M$4))) -> 0 | N74: =HYPERLINK("["&MID(CELL("filename"),SEARCH("[",CELL("filename"))+1,SEARCH("]",CELL("filename"))-SEARCH("[",CELL("filename"))-1)&"]"&ADDRESS(ROW()+16,8,1,TRUE,N$4),INDIRECT(ADDRESS(ROW()+16,8,1,TRUE,N$4))) -> 0 | O74: =HYPERLINK("["&MID(CELL("filename"),SEARCH("[",CELL("filename"))+1,SEARCH("]",CELL("filename"))-SEARCH("[",CELL("filename"))-1)&"]"&ADDRESS(ROW()+16,8,1,TRUE,O$4),INDIRECT(ADDRESS(ROW()+16,8,1,TRUE,O$4))) -> 0 | P74: =HYPERLINK("["&MID(CELL("filename"),SEARCH("[",CELL("filename"))+1,SEARCH("]",CELL("filename"))-SEARCH("[",CELL("filename"))-1)&"]"&ADDRESS(ROW()+16,8,1,TRUE,P$4),INDIRECT(ADDRESS(ROW()+16,8,1,TRUE,P$4))) -> 0
A75: =ChkList!#REF! -> #REF! | B75: =ChkList!#REF! -> #REF! | C75: =ChkList!#REF! -> #REF! | D75: H | E75: =IF(D75="H",3,IF(D75="M",2,IF(D75="L",1,""))) -> 3 | F75: =COUNTA($M75:INDIRECT(ADDRESS(ROW(),MATCH("",$4:$4,-1),1,1))) -> 4 | G75: =COUNTIF($M75:INDIRECT(ADDRESS(ROW(),MATCH("",$4:$4,-1),1,1)),"조치완료(Y)")+COUNTIF($M75:INDIRECT(ADDRESS(ROW(),MATCH("",$4:$4,-1),1,1)),"Y") -> 0 | H75: =COUNTIF($M75:INDIRECT(ADDRESS(ROW(),MATCH("",$4:$4,-1),1,1)),"Y(즉시조치)")+COUNTIF($M75:INDIRECT(ADDRESS(ROW(),MATCH("",$4:$4,-1),1,1)),"조치완료(즉시조치)") -> 0 | I75: =COUNTIF($M75:INDIRECT(ADDRESS(ROW(),MATCH("",$4:$4,-1),1,1)),"N") -> 0 | J75: =COUNTIF($M75:INDIRECT(ADDRESS(ROW(),MATCH("",$4:$4,-1),1,1)),"N/A")+COUNTIF($M75:INDIRECT(ADDRESS(ROW(),MATCH("",$4:$4,-1),1,1)),"조치완료(N/A)") -> 0 | K75: =VLOOKUP($D75,'parm(hidden)'!$B$8:$C$10,2,FALSE)*($F75-$J75) -> 12 | L75: =VLOOKUP($D75,'parm(hidden)'!$B$8:$C$10,2,FALSE)*($G75+$H75) -> 0 | M75: =HYPERLINK("["&MID(CELL("filename"),SEARCH("[",CELL("filename"))+1,SEARCH("]",CELL("filename"))-SEARCH("[",CELL("filename"))-1)&"]"&ADDRESS(ROW()+16,8,1,TRUE,M$4),INDIRECT(ADDRESS(ROW()+16,8,1,TRUE,M$4))) -> 0 | N75: =HYPERLINK("["&MID(CELL("filename"),SEARCH("[",CELL("filename"))+1,SEARCH("]",CELL("filename"))-SEARCH("[",CELL("filename"))-1)&"]"&ADDRESS(ROW()+16,8,1,TRUE,N$4),INDIRECT(ADDRESS(ROW()+16,8,1,TRUE,N$4))) -> 0 | O75: =HYPERLINK("["&MID(CELL("filename"),SEARCH("[",CELL("filename"))+1,SEARCH("]",CELL("filename"))-SEARCH("[",CELL("filename"))-1)&"]"&ADDRESS(ROW()+16,8,1,TRUE,O$4),INDIRECT(ADDRESS(ROW()+16,8,1,TRUE,O$4))) -> 0 | P75: =HYPERLINK("["&MID(CELL("filename"),SEARCH("[",CELL("filename"))+1,SEARCH("]",CELL("filename"))-SEARCH("[",CELL("filename"))-1)&"]"&ADDRESS(ROW()+16,8,1,TRUE,P$4),INDIRECT(ADDRESS(ROW()+16,8,1,TRUE,P$4))) -> 0
A76: =ChkList!#REF! -> #REF! | B76: =ChkList!#REF! -> #REF! | C76: =ChkList!#REF! -> #REF! | D76: H | E76: =IF(D76="H",3,IF(D76="M",2,IF(D76="L",1,""))) -> 3 | F76: =COUNTA($M76:INDIRECT(ADDRESS(ROW(),MATCH("",$4:$4,-1),1,1))) -> 4 | G76: =COUNTIF($M76:INDIRECT(ADDRESS(ROW(),MATCH("",$4:$4,-1),1,1)),"조치완료(Y)")+COUNTIF($M76:INDIRECT(ADDRESS(ROW(),MATCH("",$4:$4,-1),1,1)),"Y") -> 0 | H76: =COUNTIF($M76:INDIRECT(ADDRESS(ROW(),MATCH("",$4:$4,-1),1,1)),"Y(즉시조치)")+COUNTIF($M76:INDIRECT(ADDRESS(ROW(),MATCH("",$4:$4,-1),1,1)),"조치완료(즉시조치)") -> 0 | I76: =COUNTIF($M76:INDIRECT(ADDRESS(ROW(),MATCH("",$4:$4,-1),1,1)),"N") -> 0 | J76: =COUNTIF($M76:INDIRECT(ADDRESS(ROW(),MATCH("",$4:$4,-1),1,1)),"N/A")+COUNTIF($M76:INDIRECT(ADDRESS(ROW(),MATCH("",$4:$4,-1),1,1)),"조치완료(N/A)") -> 0 | K76: =VLOOKUP($D76,'parm(hidden)'!$B$8:$C$10,2,FALSE)*($F76-$J76) -> 12 | L76: =VLOOKUP($D76,'parm(hidden)'!$B$8:$C$10,2,FALSE)*($G76+$H76) -> 0 | M76: =HYPERLINK("["&MID(CELL("filename"),SEARCH("[",CELL("filename"))+1,SEARCH("]",CELL("filename"))-SEARCH("[",CELL("filename"))-1)&"]"&ADDRESS(ROW()+16,8,1,TRUE,M$4),INDIRECT(ADDRESS(ROW()+16,8,1,TRUE,M$4))) -> 0 | N76: =HYPERLINK("["&MID(CELL("filename"),SEARCH("[",CELL("filename"))+1,SEARCH("]",CELL("filename"))-SEARCH("[",CELL("filename"))-1)&"]"&ADDRESS(ROW()+16,8,1,TRUE,N$4),INDIRECT(ADDRESS(ROW()+16,8,1,TRUE,N$4))) -> 0 | O76: =HYPERLINK("["&MID(CELL("filename"),SEARCH("[",CELL("filename"))+1,SEARCH("]",CELL("filename"))-SEARCH("[",CELL("filename"))-1)&"]"&ADDRESS(ROW()+16,8,1,TRUE,O$4),INDIRECT(ADDRESS(ROW()+16,8,1,TRUE,O$4))) -> 0 | P76: =HYPERLINK("["&MID(CELL("filename"),SEARCH("[",CELL("filename"))+1,SEARCH("]",CELL("filename"))-SEARCH("[",CELL("filename"))-1)&"]"&ADDRESS(ROW()+16,8,1,TRUE,P$4),INDIRECT(ADDRESS(ROW()+16,8,1,TRUE,P$4))) -> 0
A77: =ChkList!#REF! -> #REF! | B77: =ChkList!#REF! -> #REF! | C77: =ChkList!#REF! -> #REF! | D77: M | E77: =IF(D77="H",3,IF(D77="M",2,IF(D77="L",1,""))) -> 2 | F77: =COUNTA($M77:INDIRECT(ADDRESS(ROW(),MATCH("",$4:$4,-1),1,1))) -> 4 | G77: =COUNTIF($M77:INDIRECT(ADDRESS(ROW(),MATCH("",$4:$4,-1),1,1)),"조치완료(Y)")+COUNTIF($M77:INDIRECT(ADDRESS(ROW(),MATCH("",$4:$4,-1),1,1)),"Y") -> 0 | H77: =COUNTIF($M77:INDIRECT(ADDRESS(ROW(),MATCH("",$4:$4,-1),1,1)),"Y(즉시조치)")+COUNTIF($M77:INDIRECT(ADDRESS(ROW(),MATCH("",$4:$4,-1),1,1)),"조치완료(즉시조치)") -> 0 | I77: =COUNTIF($M77:INDIRECT(ADDRESS(ROW(),MATCH("",$4:$4,-1),1,1)),"N") -> 0 | J77: =COUNTIF($M77:INDIRECT(ADDRESS(ROW(),MATCH("",$4:$4,-1),1,1)),"N/A")+COUNTIF($M77:INDIRECT(ADDRESS(ROW(),MATCH("",$4:$4,-1),1,1)),"조치완료(N/A)") -> 0 | K77: =VLOOKUP($D77,'parm(hidden)'!$B$8:$C$10,2,FALSE)*($F77-$J77) -> 8 | L77: =VLOOKUP($D77,'parm(hidden)'!$B$8:$C$10,2,FALSE)*($G77+$H77) -> 0 | M77: =HYPERLINK("["&MID(CELL("filename"),SEARCH("[",CELL("filename"))+1,SEARCH("]",CELL("filename"))-SEARCH("[",CELL("filename"))-1)&"]"&ADDRESS(ROW()+16,8,1,TRUE,M$4),INDIRECT(ADDRESS(ROW()+16,8,1,TRUE,M$4))) -> 0 | N77: =HYPERLINK("["&MID(CELL("filename"),SEARCH("[",CELL("filename"))+1,SEARCH("]",CELL("filename"))-SEARCH("[",CELL("filename"))-1)&"]"&ADDRESS(ROW()+16,8,1,TRUE,N$4),INDIRECT(ADDRESS(ROW()+16,8,1,TRUE,N$4))) -> 0 | O77: =HYPERLINK("["&MID(CELL("filename"),SEARCH("[",CELL("filename"))+1,SEARCH("]",CELL("filename"))-SEARCH("[",CELL("filename"))-1)&"]"&ADDRESS(ROW()+16,8,1,TRUE,O$4),INDIRECT(ADDRESS(ROW()+16,8,1,TRUE,O$4))) -> 0 | P77: =HYPERLINK("["&MID(CELL("filename"),SEARCH("[",CELL("filename"))+1,SEARCH("]",CELL("filename"))-SEARCH("[",CELL("filename"))-1)&"]"&ADDRESS(ROW()+16,8,1,TRUE,P$4),INDIRECT(ADDRESS(ROW()+16,8,1,TRUE,P$4))) -> 0
A78: =ChkList!#REF! -> #REF! | B78: =ChkList!#REF! -> #REF! | C78: =ChkList!#REF! -> #REF! | D78: M | E78: =IF(D78="H",3,IF(D78="M",2,IF(D78="L",1,""))) -> 2 | F78: =COUNTA($M78:INDIRECT(ADDRESS(ROW(),MATCH("",$4:$4,-1),1,1))) -> 4 | G78: =COUNTIF($M78:INDIRECT(ADDRESS(ROW(),MATCH("",$4:$4,-1),1,1)),"조치완료(Y)")+COUNTIF($M78:INDIRECT(ADDRESS(ROW(),MATCH("",$4:$4,-1),1,1)),"Y") -> 0 | H78: =COUNTIF($M78:INDIRECT(ADDRESS(ROW(),MATCH("",$4:$4,-1),1,1)),"Y(즉시조치)")+COUNTIF($M78:INDIRECT(ADDRESS(ROW(),MATCH("",$4:$4,-1),1,1)),"조치완료(즉시조치)") -> 0 | I78: =COUNTIF($M78:INDIRECT(ADDRESS(ROW(),MATCH("",$4:$4,-1),1,1)),"N") -> 0 | J78: =COUNTIF($M78:INDIRECT(ADDRESS(ROW(),MATCH("",$4:$4,-1),1,1)),"N/A")+COUNTIF($M78:INDIRECT(ADDRESS(ROW(),MATCH("",$4:$4,-1),1,1)),"조치완료(N/A)") -> 0 | K78: =VLOOKUP($D78,'parm(hidden)'!$B$8:$C$10,2,FALSE)*($F78-$J78) -> 8 | L78: =VLOOKUP($D78,'parm(hidden)'!$B$8:$C$10,2,FALSE)*($G78+$H78) -> 0 | M78: =HYPERLINK("["&MID(CELL("filename"),SEARCH("[",CELL("filename"))+1,SEARCH("]",CELL("filename"))-SEARCH("[",CELL("filename"))-1)&"]"&ADDRESS(ROW()+16,8,1,TRUE,M$4),INDIRECT(ADDRESS(ROW()+16,8,1,TRUE,M$4))) -> 0 | N78: =HYPERLINK("["&MID(CELL("filename"),SEARCH("[",CELL("filename"))+1,SEARCH("]",CELL("filename"))-SEARCH("[",CELL("filename"))-1)&"]"&ADDRESS(ROW()+16,8,1,TRUE,N$4),INDIRECT(ADDRESS(ROW()+16,8,1,TRUE,N$4))) -> 0 | O78: =HYPERLINK("["&MID(CELL("filename"),SEARCH("[",CELL("filename"))+1,SEARCH("]",CELL("filename"))-SEARCH("[",CELL("filename"))-1)&"]"&ADDRESS(ROW()+16,8,1,TRUE,O$4),INDIRECT(ADDRESS(ROW()+16,8,1,TRUE,O$4))) -> 0 | P78: =HYPERLINK("["&MID(CELL("filename"),SEARCH("[",CELL("filename"))+1,SEARCH("]",CELL("filename"))-SEARCH("[",CELL("filename"))-1)&"]"&ADDRESS(ROW()+16,8,1,TRUE,P$4),INDIRECT(ADDRESS(ROW()+16,8,1,TRUE,P$4))) -> 0
A79: =ChkList!#REF! -> #REF! | B79: =ChkList!#REF! -> #REF! | C79: =ChkList!#REF! -> #REF! | D79: M | E79: =IF(D79="H",3,IF(D79="M",2,IF(D79="L",1,""))) -> 2 | F79: =COUNTA($M79:INDIRECT(ADDRESS(ROW(),MATCH("",$4:$4,-1),1,1))) -> 4 | G79: =COUNTIF($M79:INDIRECT(ADDRESS(ROW(),MATCH("",$4:$4,-1),1,1)),"조치완료(Y)")+COUNTIF($M79:INDIRECT(ADDRESS(ROW(),MATCH("",$4:$4,-1),1,1)),"Y") -> 0 | H79: =COUNTIF($M79:INDIRECT(ADDRESS(ROW(),MATCH("",$4:$4,-1),1,1)),"Y(즉시조치)")+COUNTIF($M79:INDIRECT(ADDRESS(ROW(),MATCH("",$4:$4,-1),1,1)),"조치완료(즉시조치)") -> 0 | I79: =COUNTIF($M79:INDIRECT(ADDRESS(ROW(),MATCH("",$4:$4,-1),1,1)),"N") -> 0 | J79: =COUNTIF($M79:INDIRECT(ADDRESS(ROW(),MATCH("",$4:$4,-1),1,1)),"N/A")+COUNTIF($M79:INDIRECT(ADDRESS(ROW(),MATCH("",$4:$4,-1),1,1)),"조치완료(N/A)") -> 0 | K79: =VLOOKUP($D79,'parm(hidden)'!$B$8:$C$10,2,FALSE)*($F79-$J79) -> 8 | L79: =VLOOKUP($D79,'parm(hidden)'!$B$8:$C$10,2,FALSE)*($G79+$H79) -> 0 | M79: =HYPERLINK("["&MID(CELL("filename"),SEARCH("[",CELL("filename"))+1,SEARCH("]",CELL("filename"))-SEARCH("[",CELL("filename"))-1)&"]"&ADDRESS(ROW()+16,8,1,TRUE,M$4),INDIRECT(ADDRESS(ROW()+16,8,1,TRUE,M$4))) -> 0 | N79: =HYPERLINK("["&MID(CELL("filename"),SEARCH("[",CELL("filename"))+1,SEARCH("]",CELL("filename"))-SEARCH("[",CELL("filename"))-1)&"]"&ADDRESS(ROW()+16,8,1,TRUE,N$4),INDIRECT(ADDRESS(ROW()+16,8,1,TRUE,N$4))) -> 0 | O79: =HYPERLINK("["&MID(CELL("filename"),SEARCH("[",CELL("filename"))+1,SEARCH("]",CELL("filename"))-SEARCH("[",CELL("filename"))-1)&"]"&ADDRESS(ROW()+16,8,1,TRUE,O$4),INDIRECT(ADDRESS(ROW()+16,8,1,TRUE,O$4))) -> 0 | P79: =HYPERLINK("["&MID(CELL("filename"),SEARCH("[",CELL("filename"))+1,SEARCH("]",CELL("filename"))-SEARCH("[",CELL("filename"))-1)&"]"&ADDRESS(ROW()+16,8,1,TRUE,P$4),INDIRECT(ADDRESS(ROW()+16,8,1,TRUE,P$4))) -> 0
A80: =ChkList!#REF! -> #REF! | B80: =ChkList!#REF! -> #REF! | C80: =ChkList!#REF! -> #REF! | D80: L | E80: =IF(D80="H",3,IF(D80="M",2,IF(D80="L",1,""))) -> 1 | F80: =COUNTA($M80:INDIRECT(ADDRESS(ROW(),MATCH("",$4:$4,-1),1,1))) -> 4 | G80: =COUNTIF($M80:INDIRECT(ADDRESS(ROW(),MATCH("",$4:$4,-1),1,1)),"조치완료(Y)")+COUNTIF($M80:INDIRECT(ADDRESS(ROW(),MATCH("",$4:$4,-1),1,1)),"Y") -> 0 | H80: =COUNTIF($M80:INDIRECT(ADDRESS(ROW(),MATCH("",$4:$4,-1),1,1)),"Y(즉시조치)")+COUNTIF($M80:INDIRECT(ADDRESS(ROW(),MATCH("",$4:$4,-1),1,1)),"조치완료(즉시조치)") -> 0 | I80: =COUNTIF($M80:INDIRECT(ADDRESS(ROW(),MATCH("",$4:$4,-1),1,1)),"N") -> 0 | J80: =COUNTIF($M80:INDIRECT(ADDRESS(ROW(),MATCH("",$4:$4,-1),1,1)),"N/A")+COUNTIF($M80:INDIRECT(ADDRESS(ROW(),MATCH("",$4:$4,-1),1,1)),"조치완료(N/A)") -> 0 | K80: =VLOOKUP($D80,'parm(hidden)'!$B$8:$C$10,2,FALSE)*($F80-$J80) -> 4 | L80: =VLOOKUP($D80,'parm(hidden)'!$B$8:$C$10,2,FALSE)*($G80+$H80) -> 0 | M80: =HYPERLINK("["&MID(CELL("filename"),SEARCH("[",CELL("filename"))+1,SEARCH("]",CELL("filename"))-SEARCH("[",CELL("filename"))-1)&"]"&ADDRESS(ROW()+16,8,1,TRUE,M$4),INDIRECT(ADDRESS(ROW()+16,8,1,TRUE,M$4))) -> 0 | N80: =HYPERLINK("["&MID(CELL("filename"),SEARCH("[",CELL("filename"))+1,SEARCH("]",CELL("filename"))-SEARCH("[",CELL("filename"))-1)&"]"&ADDRESS(ROW()+16,8,1,TRUE,N$4),INDIRECT(ADDRESS(ROW()+16,8,1,TRUE,N$4))) -> 0 | O80: =HYPERLINK("["&MID(CELL("filename"),SEARCH("[",CELL("filename"))+1,SEARCH("]",CELL("filename"))-SEARCH("[",CELL("filename"))-1)&"]"&ADDRESS(ROW()+16,8,1,TRUE,O$4),INDIRECT(ADDRESS(ROW()+16,8,1,TRUE,O$4))) -> 0 | P80: =HYPERLINK("["&MID(CELL("filename"),SEARCH("[",CELL("filename"))+1,SEARCH("]",CELL("filename"))-SEARCH("[",CELL("filename"))-1)&"]"&ADDRESS(ROW()+16,8,1,TRUE,P$4),INDIRECT(ADDRESS(ROW()+16,8,1,TRUE,P$4))) -> 0
A81: =ChkList!#REF! -> #REF! | B81: =ChkList!#REF! -> #REF! | C81: =ChkList!#REF! -> #REF! | D81: M | E81: =IF(D81="H",3,IF(D81="M",2,IF(D81="L",1,""))) -> 2 | F81: =COUNTA($M81:INDIRECT(ADDRESS(ROW(),MATCH("",$4:$4,-1),1,1))) -> 4 | G81: =COUNTIF($M81:INDIRECT(ADDRESS(ROW(),MATCH("",$4:$4,-1),1,1)),"조치완료(Y)")+COUNTIF($M81:INDIRECT(ADDRESS(ROW(),MATCH("",$4:$4,-1),1,1)),"Y") -> 0 | H81: =COUNTIF($M81:INDIRECT(ADDRESS(ROW(),MATCH("",$4:$4,-1),1,1)),"Y(즉시조치)")+COUNTIF($M81:INDIRECT(ADDRESS(ROW(),MATCH("",$4:$4,-1),1,1)),"조치완료(즉시조치)") -> 0 | I81: =COUNTIF($M81:INDIRECT(ADDRESS(ROW(),MATCH("",$4:$4,-1),1,1)),"N") -> 0 | J81: =COUNTIF($M81:INDIRECT(ADDRESS(ROW(),MATCH("",$4:$4,-1),1,1)),"N/A")+COUNTIF($M81:INDIRECT(ADDRESS(ROW(),MATCH("",$4:$4,-1),1,1)),"조치완료(N/A)") -> 0 | K81: =VLOOKUP($D81,'parm(hidden)'!$B$8:$C$10,2,FALSE)*($F81-$J81) -> 8 | L81: =VLOOKUP($D81,'parm(hidden)'!$B$8:$C$10,2,FALSE)*($G81+$H81) -> 0 | M81: =HYPERLINK("["&MID(CELL("filename"),SEARCH("[",CELL("filename"))+1,SEARCH("]",CELL("filename"))-SEARCH("[",CELL("filename"))-1)&"]"&ADDRESS(ROW()+16,8,1,TRUE,M$4),INDIRECT(ADDRESS(ROW()+16,8,1,TRUE,M$4))) -> 0 | N81: =HYPERLINK("["&MID(CELL("filename"),SEARCH("[",CELL("filename"))+1,SEARCH("]",CELL("filename"))-SEARCH("[",CELL("filename"))-1)&"]"&ADDRESS(ROW()+16,8,1,TRUE,N$4),INDIRECT(ADDRESS(ROW()+16,8,1,TRUE,N$4))) -> 0 | O81: =HYPERLINK("["&MID(CELL("filename"),SEARCH("[",CELL("filename"))+1,SEARCH("]",CELL("filename"))-SEARCH("[",CELL("filename"))-1)&"]"&ADDRESS(ROW()+16,8,1,TRUE,O$4),INDIRECT(ADDRESS(ROW()+16,8,1,TRUE,O$4))) -> 0 | P81: =HYPERLINK("["&MID(CELL("filename"),SEARCH("[",CELL("filename"))+1,SEARCH("]",CELL("filename"))-SEARCH("[",CELL("filename"))-1)&"]"&ADDRESS(ROW()+16,8,1,TRUE,P$4),INDIRECT(ADDRESS(ROW()+16,8,1,TRUE,P$4))) -> 0
A82: =ChkList!#REF! -> #REF! | B82: =ChkList!#REF! -> #REF! | C82: =ChkList!#REF! -> #REF! | D82: M | E82: =IF(D82="H",3,IF(D82="M",2,IF(D82="L",1,""))) -> 2 | F82: =COUNTA($M82:INDIRECT(ADDRESS(ROW(),MATCH("",$4:$4,-1),1,1))) -> 4 | G82: =COUNTIF($M82:INDIRECT(ADDRESS(ROW(),MATCH("",$4:$4,-1),1,1)),"조치완료(Y)")+COUNTIF($M82:INDIRECT(ADDRESS(ROW(),MATCH("",$4:$4,-1),1,1)),"Y") -> 0 | H82: =COUNTIF($M82:INDIRECT(ADDRESS(ROW(),MATCH("",$4:$4,-1),1,1)),"Y(즉시조치)")+COUNTIF($M82:INDIRECT(ADDRESS(ROW(),MATCH("",$4:$4,-1),1,1)),"조치완료(즉시조치)") -> 0 | I82: =COUNTIF($M82:INDIRECT(ADDRESS(ROW(),MATCH("",$4:$4,-1),1,1)),"N") -> 0 | J82: =COUNTIF($M82:INDIRECT(ADDRESS(ROW(),MATCH("",$4:$4,-1),1,1)),"N/A")+COUNTIF($M82:INDIRECT(ADDRESS(ROW(),MATCH("",$4:$4,-1),1,1)),"조치완료(N/A)") -> 0 | K82: =VLOOKUP($D82,'parm(hidden)'!$B$8:$C$10,2,FALSE)*($F82-$J82) -> 8 | L82: =VLOOKUP($D82,'parm(hidden)'!$B$8:$C$10,2,FALSE)*($G82+$H82) -> 0 | M82: =HYPERLINK("["&MID(CELL("filename"),SEARCH("[",CELL("filename"))+1,SEARCH("]",CELL("filename"))-SEARCH("[",CELL("filename"))-1)&"]"&ADDRESS(ROW()+16,8,1,TRUE,M$4),INDIRECT(ADDRESS(ROW()+16,8,1,TRUE,M$4))) -> 0 | N82: =HYPERLINK("["&MID(CELL("filename"),SEARCH("[",CELL("filename"))+1,SEARCH("]",CELL("filename"))-SEARCH("[",CELL("filename"))-1)&"]"&ADDRESS(ROW()+16,8,1,TRUE,N$4),INDIRECT(ADDRESS(ROW()+16,8,1,TRUE,N$4))) -> 0 | O82: =HYPERLINK("["&MID(CELL("filename"),SEARCH("[",CELL("filename"))+1,SEARCH("]",CELL("filename"))-SEARCH("[",CELL("filename"))-1)&"]"&ADDRESS(ROW()+16,8,1,TRUE,O$4),INDIRECT(ADDRESS(ROW()+16,8,1,TRUE,O$4))) -> 0 | P82: =HYPERLINK("["&MID(CELL("filename"),SEARCH("[",CELL("filename"))+1,SEARCH("]",CELL("filename"))-SEARCH("[",CELL("filename"))-1)&"]"&ADDRESS(ROW()+16,8,1,TRUE,P$4),INDIRECT(ADDRESS(ROW()+16,8,1,TRUE,P$4))) -> 0
A83: =ChkList!#REF! -> #REF! | B83: =ChkList!#REF! -> #REF! | C83: =ChkList!#REF! -> #REF! | D83: M | E83: =IF(D83="H",3,IF(D83="M",2,IF(D83="L",1,""))) -> 2 | F83: =COUNTA($M83:INDIRECT(ADDRESS(ROW(),MATCH("",$4:$4,-1),1,1))) -> 4 | G83: =COUNTIF($M83:INDIRECT(ADDRESS(ROW(),MATCH("",$4:$4,-1),1,1)),"조치완료(Y)")+COUNTIF($M83:INDIRECT(ADDRESS(ROW(),MATCH("",$4:$4,-1),1,1)),"Y") -> 0 | H83: =COUNTIF($M83:INDIRECT(ADDRESS(ROW(),MATCH("",$4:$4,-1),1,1)),"Y(즉시조치)")+COUNTIF($M83:INDIRECT(ADDRESS(ROW(),MATCH("",$4:$4,-1),1,1)),"조치완료(즉시조치)") -> 0 | I83: =COUNTIF($M83:INDIRECT(ADDRESS(ROW(),MATCH("",$4:$4,-1),1,1)),"N") -> 0 | J83: =COUNTIF($M83:INDIRECT(ADDRESS(ROW(),MATCH("",$4:$4,-1),1,1)),"N/A")+COUNTIF($M83:INDIRECT(ADDRESS(ROW(),MATCH("",$4:$4,-1),1,1)),"조치완료(N/A)") -> 0 | K83: =VLOOKUP($D83,'parm(hidden)'!$B$8:$C$10,2,FALSE)*($F83-$J83) -> 8 | L83: =VLOOKUP($D83,'parm(hidden)'!$B$8:$C$10,2,FALSE)*($G83+$H83) -> 0 | M83: =HYPERLINK("["&MID(CELL("filename"),SEARCH("[",CELL("filename"))+1,SEARCH("]",CELL("filename"))-SEARCH("[",CELL("filename"))-1)&"]"&ADDRESS(ROW()+16,8,1,TRUE,M$4),INDIRECT(ADDRESS(ROW()+16,8,1,TRUE,M$4))) -> 0 | N83: =HYPERLINK("["&MID(CELL("filename"),SEARCH("[",CELL("filename"))+1,SEARCH("]",CELL("filename"))-SEARCH("[",CELL("filename"))-1)&"]"&ADDRESS(ROW()+16,8,1,TRUE,N$4),INDIRECT(ADDRESS(ROW()+16,8,1,TRUE,N$4))) -> 0 | O83: =HYPERLINK("["&MID(CELL("filename"),SEARCH("[",CELL("filename"))+1,SEARCH("]",CELL("filename"))-SEARCH("[",CELL("filename"))-1)&"]"&ADDRESS(ROW()+16,8,1,TRUE,O$4),INDIRECT(ADDRESS(ROW()+16,8,1,TRUE,O$4))) -> 0 | P83: =HYPERLINK("["&MID(CELL("filename"),SEARCH("[",CELL("filename"))+1,SEARCH("]",CELL("filename"))-SEARCH("[",CELL("filename"))-1)&"]"&ADDRESS(ROW()+16,8,1,TRUE,P$4),INDIRECT(ADDRESS(ROW()+16,8,1,TRUE,P$4))) -> 0
A84: =ChkList!#REF! -> #REF! | B84: =ChkList!#REF! -> #REF! | C84: =ChkList!#REF! -> #REF! | D84: M | E84: =IF(D84="H",3,IF(D84="M",2,IF(D84="L",1,""))) -> 2 | F84: =COUNTA($M84:INDIRECT(ADDRESS(ROW(),MATCH("",$4:$4,-1),1,1))) -> 4 | G84: =COUNTIF($M84:INDIRECT(ADDRESS(ROW(),MATCH("",$4:$4,-1),1,1)),"조치완료(Y)")+COUNTIF($M84:INDIRECT(ADDRESS(ROW(),MATCH("",$4:$4,-1),1,1)),"Y") -> 0 | H84: =COUNTIF($M84:INDIRECT(ADDRESS(ROW(),MATCH("",$4:$4,-1),1,1)),"Y(즉시조치)")+COUNTIF($M84:INDIRECT(ADDRESS(ROW(),MATCH("",$4:$4,-1),1,1)),"조치완료(즉시조치)") -> 0 | I84: =COUNTIF($M84:INDIRECT(ADDRESS(ROW(),MATCH("",$4:$4,-1),1,1)),"N") -> 0 | J84: =COUNTIF($M84:INDIRECT(ADDRESS(ROW(),MATCH("",$4:$4,-1),1,1)),"N/A")+COUNTIF($M84:INDIRECT(ADDRESS(ROW(),MATCH("",$4:$4,-1),1,1)),"조치완료(N/A)") -> 0 | K84: =VLOOKUP($D84,'parm(hidden)'!$B$8:$C$10,2,FALSE)*($F84-$J84) -> 8 | L84: =VLOOKUP($D84,'parm(hidden)'!$B$8:$C$10,2,FALSE)*($G84+$H84) -> 0 | M84: =HYPERLINK("["&MID(CELL("filename"),SEARCH("[",CELL("filename"))+1,SEARCH("]",CELL("filename"))-SEARCH("[",CELL("filename"))-1)&"]"&ADDRESS(ROW()+16,8,1,TRUE,M$4),INDIRECT(ADDRESS(ROW()+16,8,1,TRUE,M$4))) -> 0 | N84: =HYPERLINK("["&MID(CELL("filename"),SEARCH("[",CELL("filename"))+1,SEARCH("]",CELL("filename"))-SEARCH("[",CELL("filename"))-1)&"]"&ADDRESS(ROW()+16,8,1,TRUE,N$4),INDIRECT(ADDRESS(ROW()+16,8,1,TRUE,N$4))) -> 0 | O84: =HYPERLINK("["&MID(CELL("filename"),SEARCH("[",CELL("filename"))+1,SEARCH("]",CELL("filename"))-SEARCH("[",CELL("filename"))-1)&"]"&ADDRESS(ROW()+16,8,1,TRUE,O$4),INDIRECT(ADDRESS(ROW()+16,8,1,TRUE,O$4))) -> 0 | P84: =HYPERLINK("["&MID(CELL("filename"),SEARCH("[",CELL("filename"))+1,SEARCH("]",CELL("filename"))-SEARCH("[",CELL("filename"))-1)&"]"&ADDRESS(ROW()+16,8,1,TRUE,P$4),INDIRECT(ADDRESS(ROW()+16,8,1,TRUE,P$4))) -> 0
A85: =ChkList!#REF! -> #REF! | B85: =ChkList!#REF! -> #REF! | C85: =ChkList!#REF! -> #REF! | D85: M | E85: =IF(D85="H",3,IF(D85="M",2,IF(D85="L",1,""))) -> 2 | F85: =COUNTA($M85:INDIRECT(ADDRESS(ROW(),MATCH("",$4:$4,-1),1,1))) -> 4 | G85: =COUNTIF($M85:INDIRECT(ADDRESS(ROW(),MATCH("",$4:$4,-1),1,1)),"조치완료(Y)")+COUNTIF($M85:INDIRECT(ADDRESS(ROW(),MATCH("",$4:$4,-1),1,1)),"Y") -> 0 | H85: =COUNTIF($M85:INDIRECT(ADDRESS(ROW(),MATCH("",$4:$4,-1),1,1)),"Y(즉시조치)")+COUNTIF($M85:INDIRECT(ADDRESS(ROW(),MATCH("",$4:$4,-1),1,1)),"조치완료(즉시조치)") -> 0 | I85: =COUNTIF($M85:INDIRECT(ADDRESS(ROW(),MATCH("",$4:$4,-1),1,1)),"N") -> 0 | J85: =COUNTIF($M85:INDIRECT(ADDRESS(ROW(),MATCH("",$4:$4,-1),1,1)),"N/A")+COUNTIF($M85:INDIRECT(ADDRESS(ROW(),MATCH("",$4:$4,-1),1,1)),"조치완료(N/A)") -> 0 | K85: =VLOOKUP($D85,'parm(hidden)'!$B$8:$C$10,2,FALSE)*($F85-$J85) -> 8 | L85: =VLOOKUP($D85,'parm(hidden)'!$B$8:$C$10,2,FALSE)*($G85+$H85) -> 0 | M85: =HYPERLINK("["&MID(CELL("filename"),SEARCH("[",CELL("filename"))+1,SEARCH("]",CELL("filename"))-SEARCH("[",CELL("filename"))-1)&"]"&ADDRESS(ROW()+16,8,1,TRUE,M$4),INDIRECT(ADDRESS(ROW()+16,8,1,TRUE,M$4))) -> 0 | N85: =HYPERLINK("["&MID(CELL("filename"),SEARCH("[",CELL("filename"))+1,SEARCH("]",CELL("filename"))-SEARCH("[",CELL("filename"))-1)&"]"&ADDRESS(ROW()+16,8,1,TRUE,N$4),INDIRECT(ADDRESS(ROW()+16,8,1,TRUE,N$4))) -> 0 | O85: =HYPERLINK("["&MID(CELL("filename"),SEARCH("[",CELL("filename"))+1,SEARCH("]",CELL("filename"))-SEARCH("[",CELL("filename"))-1)&"]"&ADDRESS(ROW()+16,8,1,TRUE,O$4),INDIRECT(ADDRESS(ROW()+16,8,1,TRUE,O$4))) -> 0 | P85: =HYPERLINK("["&MID(CELL("filename"),SEARCH("[",CELL("filename"))+1,SEARCH("]",CELL("filename"))-SEARCH("[",CELL("filename"))-1)&"]"&ADDRESS(ROW()+16,8,1,TRUE,P$4),INDIRECT(ADDRESS(ROW()+16,8,1,TRUE,P$4))) -> 0
A86: =ChkList!#REF! -> #REF! | B86: =ChkList!#REF! -> #REF! | C86: =ChkList!#REF! -> #REF! | D86: M | E86: =IF(D86="H",3,IF(D86="M",2,IF(D86="L",1,""))) -> 2 | F86: =COUNTA($M86:INDIRECT(ADDRESS(ROW(),MATCH("",$4:$4,-1),1,1))) -> 4 | G86: =COUNTIF($M86:INDIRECT(ADDRESS(ROW(),MATCH("",$4:$4,-1),1,1)),"조치완료(Y)")+COUNTIF($M86:INDIRECT(ADDRESS(ROW(),MATCH("",$4:$4,-1),1,1)),"Y") -> 0 | H86: =COUNTIF($M86:INDIRECT(ADDRESS(ROW(),MATCH("",$4:$4,-1),1,1)),"Y(즉시조치)")+COUNTIF($M86:INDIRECT(ADDRESS(ROW(),MATCH("",$4:$4,-1),1,1)),"조치완료(즉시조치)") -> 0 | I86: =COUNTIF($M86:INDIRECT(ADDRESS(ROW(),MATCH("",$4:$4,-1),1,1)),"N") -> 0 | J86: =COUNTIF($M86:INDIRECT(ADDRESS(ROW(),MATCH("",$4:$4,-1),1,1)),"N/A")+COUNTIF($M86:INDIRECT(ADDRESS(ROW(),MATCH("",$4:$4,-1),1,1)),"조치완료(N/A)") -> 0 | K86: =VLOOKUP($D86,'parm(hidden)'!$B$8:$C$10,2,FALSE)*($F86-$J86) -> 8 | L86: =VLOOKUP($D86,'parm(hidden)'!$B$8:$C$10,2,FALSE)*($G86+$H86) -> 0 | M86: =HYPERLINK("["&MID(CELL("filename"),SEARCH("[",CELL("filename"))+1,SEARCH("]",CELL("filename"))-SEARCH("[",CELL("filename"))-1)&"]"&ADDRESS(ROW()+16,8,1,TRUE,M$4),INDIRECT(ADDRESS(ROW()+16,8,1,TRUE,M$4))) -> 0 | N86: =HYPERLINK("["&MID(CELL("filename"),SEARCH("[",CELL("filename"))+1,SEARCH("]",CELL("filename"))-SEARCH("[",CELL("filename"))-1)&"]"&ADDRESS(ROW()+16,8,1,TRUE,N$4),INDIRECT(ADDRESS(ROW()+16,8,1,TRUE,N$4))) -> 0 | O86: =HYPERLINK("["&MID(CELL("filename"),SEARCH("[",CELL("filename"))+1,SEARCH("]",CELL("filename"))-SEARCH("[",CELL("filename"))-1)&"]"&ADDRESS(ROW()+16,8,1,TRUE,O$4),INDIRECT(ADDRESS(ROW()+16,8,1,TRUE,O$4))) -> 0 | P86: =HYPERLINK("["&MID(CELL("filename"),SEARCH("[",CELL("filename"))+1,SEARCH("]",CELL("filename"))-SEARCH("[",CELL("filename"))-1)&"]"&ADDRESS(ROW()+16,8,1,TRUE,P$4),INDIRECT(ADDRESS(ROW()+16,8,1,TRUE,P$4))) -> 0
F87: =SUM(F63:F86) -> 96 | G87: =SUM(G63:G86) -> 12 | H87: =SUM(H63:H86) -> 0 | I87: =SUM(I63:I86) -> 12 | J87: =SUM(J63:J86) -> 0 | K87: =SUM(K63:K86) -> 232 | L87: =SUM(L5:L86) -> 210 | M87: =COUNTIFS(M$5:M$86,"<>",M$5:M$86,"<>0") -> 64 | N87: =COUNTIFS(N$5:N$86,"<>",N$5:N$86,"<>0") -> 64 | O87: =COUNTIFS(O$5:O$86,"<>",O$5:O$86,"<>0") -> 64 | P87: =COUNTIFS(P$5:P$86,"<>",P$5:P$86,"<>0") -> 64

Sheet 취약점 진단 항목별 통계 (이행)
A1: ■ 취약점 진단 항목별 통계
A3: =ChkList!A4 -> 분류 | C3: =ChkList!C4 -> 진단항목 | D3: =ChkList!D4 -> 중요도 | F3: 진단 통계 | K3: 이행 진단 통계 | O3: 중요도 점수 | S3: 진단결과 | T3: 진단결과
F4: 전체 | G4: 양호 | H4: 즉시조치 | I4: 취약 | J4: N/A | K4: 조치 | L4: 미조치 | M4: 위험수용 | N4: N/A | O4: 전체이행전 | P4: 전체이행후 | Q4: 평가이행전 | R4: 평가이행후 | S4: =HYPERLINK("["&MID(CELL("filename"),SEARCH("[",CELL("filename"))+1,SEARCH("]",CELL("filename"))-SEARCH("[",CELL("filename"))-1)&"]"&INDIRECT(ADDRESS(COLUMN()-14,2,1,TRUE,"자산목록"))&"!A1",INDIRECT(ADDRESS(COLUMN()-14,2,1,TRUE,"자산목록"))) -> DHCP_HQ_Win | T4: =HYPERLINK("["&MID(CELL("filename"),SEARCH("[",CELL("filename"))+1,SEARCH("]",CELL("filename"))-SEARCH("[",CELL("filename"))-1)&"]"&INDIRECT(ADDRESS(COLUMN()-14,2,1,TRUE,"자산목록"))&"!A1",INDIRECT(ADDRESS(COLUMN()-14,2,1,TRUE,"자산목록"))) -> DNS_HQ_Win
A5: =ChkList!A5 -> 계정 관리 | B5: =ChkList!$B5 -> W-01 | C5: =ChkList!$C5 -> Administrator 계정 이름 변경 등 보안성 강화 | D5: =ChkList!$D5 -> H | E5: =ChkList!E5 -> 3 | F5: =COUNTA($S5:INDIRECT(ADDRESS(ROW(),MATCH("",$4:$4,-1),1,1))) -> 2 | G5: ='취약점 진단 항목별 통계'!G5 -> 1 | H5: ='취약점 진단 항목별 통계'!H5 -> 0 | I5: ='취약점 진단 항목별 통계'!I5 -> 3 | J5: ='취약점 진단 항목별 통계'!J5 -> 0 | K5: =COUNTIF($S5:INDIRECT(ADDRESS(ROW(),MATCH("",$4:$4,-1),1,1)),"조치") -> 1 | L5: =COUNTIF($S5:INDIRECT(ADDRESS(ROW(),MATCH("",$4:$4,-1),1,1)),"미조치") -> 0 | M5: =COUNTIF($S5:INDIRECT(ADDRESS(ROW(),MATCH("",$4:$4,-1),1,1)),"위험수용") -> 0 | N5: =COUNTIF($S5:INDIRECT(ADDRESS(ROW(),MATCH("",$4:$4,-1),1,1)),"N/A") -> 0 | O5: =VLOOKUP($D5,'parm(hidden)'!$B$8:$C$10,2,FALSE)*($F5-$J5) -> 6 | P5: =VLOOKUP($D5,'parm(hidden)'!$B$8:$C$10,2,FALSE)*($F5-$N5) -> 6 | Q5: =VLOOKUP($D5,'parm(hidden)'!$B$8:$C$10,2,FALSE)*($G5+$H5) -> 3 | R5: =VLOOKUP($D5,'parm(hidden)'!$B$8:$C$10,2,FALSE)*($G5+$H5+$K5) -> 6 | S5: =HYPERLINK("["&MID(CELL("filename"),SEARCH("[",CELL("filename"))+1,SEARCH("]",CELL("filename"))-SEARCH("[",CELL("filename"))-1)&"]"&ADDRESS(ROW()+16,11,1,TRUE,S$4),INDIRECT(ADDRESS(ROW()+16,11,1,TRUE,S$4))) -> Y | T5: =HYPERLINK("["&MID(CELL("filename"),SEARCH("[",CELL("filename"))+1,SEARCH("]",CELL("filename"))-SEARCH("[",CELL("filename"))-1)&"]"&ADDRESS(ROW()+16,11,1,TRUE,T$4),INDIRECT(ADDRESS(ROW()+16,11,1,TRUE,T$4))) -> 조치
A6: =ChkList!A6 -> 계정 관리 | B6: =ChkList!$B6 -> W-02 | C6: =ChkList!$C6 -> Guest 계정 비활성화 | D6: =ChkList!$D6 -> H | E6: =ChkList!E6 -> 3 | F6: =COUNTA($S6:INDIRECT(ADDRESS(ROW(),MATCH("",$4:$4,-1),1,1))) -> 2 | G6: ='취약점 진단 항목별 통계'!G6 -> 1 | H6: ='취약점 진단 항목별 통계'!H6 -> 0 | I6: ='취약점 진단 항목별 통계'!I6 -> 3 | J6: ='취약점 진단 항목별 통계'!J6 -> 0 | K6: =COUNTIF($S6:INDIRECT(ADDRESS(ROW(),MATCH("",$4:$4,-1),1,1)),"조치") -> 1 | L6: =COUNTIF($S6:INDIRECT(ADDRESS(ROW(),MATCH("",$4:$4,-1),1,1)),"미조치") -> 0 | M6: =COUNTIF($S6:INDIRECT(ADDRESS(ROW(),MATCH("",$4:$4,-1),1,1)),"위험수용") -> 0 | N6: =COUNTIF($S6:INDIRECT(ADDRESS(ROW(),MATCH("",$4:$4,-1),1,1)),"N/A") -> 0 | O6: =VLOOKUP($D6,'parm(hidden)'!$B$8:$C$10,2,FALSE)*($F6-$J6) -> 6 | P6: =VLOOKUP($D6,'parm(hidden)'!$B$8:$C$10,2,FALSE)*($F6-$N6) -> 6 | Q6: =VLOOKUP($D6,'parm(hidden)'!$B$8:$C$10,2,FALSE)*($G6+$H6) -> 3 | R6: =VLOOKUP($D6,'parm(hidden)'!$B$8:$C$10,2,FALSE)*($G6+$H6+$K6) -> 6 | S6: =HYPERLINK("["&MID(CELL("filename"),SEARCH("[",CELL("filename"))+1,SEARCH("]",CELL("filename"))-SEARCH("[",CELL("filename"))-1)&"]"&ADDRESS(ROW()+16,11,1,TRUE,S$4),INDIRECT(ADDRESS(ROW()+16,11,1,TRUE,S$4))) -> Y | T6: =HYPERLINK("["&MID(CELL("filename"),SEARCH("[",CELL("filename"))+1,SEARCH("]",CELL("filename"))-SEARCH("[",CELL("filename"))-1)&"]"&ADDRESS(ROW()+16,11,1,TRUE,T$4),INDIRECT(ADDRESS(ROW()+16,11,1,TRUE,T$4))) -> 조치
A7: =ChkList!A7 -> 계정 관리 | B7: =ChkList!$B7 -> W-03 | C7: =ChkList!$C7 -> 불필요한 계정 제거 | D7: =ChkList!$D7 -> H | E7: =ChkList!E7 -> 3 | F7: =COUNTA($S7:INDIRECT(ADDRESS(ROW(),MATCH("",$4:$4,-1),1,1))) -> 2 | G7: ='취약점 진단 항목별 통계'!G7 -> 4 | H7: ='취약점 진단 항목별 통계'!H7 -> 0 | I7: ='취약점 진단 항목별 통계'!I7 -> 0 | J7: ='취약점 진단 항목별 통계'!J7 -> 0 | K7: =COUNTIF($S7:INDIRECT(ADDRESS(ROW(),MATCH("",$4:$4,-1),1,1)),"조치") -> 0 | L7: =COUNTIF($S7:INDIRECT(ADDRESS(ROW(),MATCH("",$4:$4,-1),1,1)),"미조치") -> 0 | M7: =COUNTIF($S7:INDIRECT(ADDRESS(ROW(),MATCH("",$4:$4,-1),1,1)),"위험수용") -> 0 | N7: =COUNTIF($S7:INDIRECT(ADDRESS(ROW(),MATCH("",$4:$4,-1),1,1)),"N/A") -> 0 | O7: =VLOOKUP($D7,'parm(hidden)'!$B$8:$C$10,2,FALSE)*($F7-$J7) -> 6 | P7: =VLOOKUP($D7,'parm(hidden)'!$B$8:$C$10,2,FALSE)*($F7-$N7) -> 6 | Q7: =VLOOKUP($D7,'parm(hidden)'!$B$8:$C$10,2,FALSE)*($G7+$H7) -> 12 | R7: =VLOOKUP($D7,'parm(hidden)'!$B$8:$C$10,2,FALSE)*($G7+$H7+$K7) -> 12 | S7: =HYPERLINK("["&MID(CELL("filename"),SEARCH("[",CELL("filename"))+1,SEARCH("]",CELL("filename"))-SEARCH("[",CELL("filename"))-1)&"]"&ADDRESS(ROW()+16,11,1,TRUE,S$4),INDIRECT(ADDRESS(ROW()+16,11,1,TRUE,S$4))) -> Y | T7: =HYPERLINK("["&MID(CELL("filename"),SEARCH("[",CELL("filename"))+1,SEARCH("]",CELL("filename"))-SEARCH("[",CELL("filename"))-1)&"]"&ADDRESS(ROW()+16,11,1,TRUE,T$4),INDIRECT(ADDRESS(ROW()+16,11,1,TRUE,T$4))) -> Y
A8: =ChkList!A8 -> 계정 관리 | B8: =ChkList!$B8 -> W-04 | C8: =ChkList!$C8 -> 계정 잠금 임계값 설정 | D8: =ChkList!$D8 -> H | E8: =ChkList!E8 -> 3 | F8: =COUNTA($S8:INDIRECT(ADDRESS(ROW(),MATCH("",$4:$4,-1),1,1))) -> 2 | G8: ='취약점 진단 항목별 통계'!G8 -> 1 | H8: ='취약점 진단 항목별 통계'!H8 -> 0 | I8: ='취약점 진단 항목별 통계'!I8 -> 3 | J8: ='취약점 진단 항목별 통계'!J8 -> 0 | K8: =COUNTIF($S8:INDIRECT(ADDRESS(ROW(),MATCH("",$4:$4,-1),1,1)),"조치") -> 1 | L8: =COUNTIF($S8:INDIRECT(ADDRESS(ROW(),MATCH("",$4:$4,-1),1,1)),"미조치") -> 0 | M8: =COUNTIF($S8:INDIRECT(ADDRESS(ROW(),MATCH("",$4:$4,-1),1,1)),"위험수용") -> 0 | N8: =COUNTIF($S8:INDIRECT(ADDRESS(ROW(),MATCH("",$4:$4,-1),1,1)),"N/A") -> 0 | O8: =VLOOKUP($D8,'parm(hidden)'!$B$8:$C$10,2,FALSE)*($F8-$J8) -> 6 | P8: =VLOOKUP($D8,'parm(hidden)'!$B$8:$C$10,2,FALSE)*($F8-$N8) -> 6 | Q8: =VLOOKUP($D8,'parm(hidden)'!$B$8:$C$10,2,FALSE)*($G8+$H8) -> 3 | R8: =VLOOKUP($D8,'parm(hidden)'!$B$8:$C$10,2,FALSE)*($G8+$H8+$K8) -> 6 | S8: =HYPERLINK("["&MID(CELL("filename"),SEARCH("[",CELL("filename"))+1,SEARCH("]",CELL("filename"))-SEARCH("[",CELL("filename"))-1)&"]"&ADDRESS(ROW()+16,11,1,TRUE,S$4),INDIRECT(ADDRESS(ROW()+16,11,1,TRUE,S$4))) -> Y | T8: =HYPERLINK("["&MID(CELL("filename"),SEARCH("[",CELL("filename"))+1,SEARCH("]",CELL("filename"))-SEARCH("[",CELL("filename"))-1)&"]"&ADDRESS(ROW()+16,11,1,TRUE,T$4),INDIRECT(ADDRESS(ROW()+16,11,1,TRUE,T$4))) -> 조치
A9: =ChkList!A9 -> 계정 관리 | B9: =ChkList!$B9 -> W-05 | C9: =ChkList!$C9 -> 해독 가능한 암호화를 사용하여 암호 저장 해제 | D9: =ChkList!$D9 -> H | E9: =ChkList!E9 -> 3 | F9: =COUNTA($S9:INDIRECT(ADDRESS(ROW(),MATCH("",$4:$4,-1),1,1))) -> 2 | G9: ='취약점 진단 항목별 통계'!G9 -> 4 | H9: ='취약점 진단 항목별 통계'!H9 -> 0 | I9: ='취약점 진단 항목별 통계'!I9 -> 0 | J9: ='취약점 진단 항목별 통계'!J9 -> 0 | K9: =COUNTIF($S9:INDIRECT(ADDRESS(ROW(),MATCH("",$4:$4,-1),1,1)),"조치") -> 0 | L9: =COUNTIF($S9:INDIRECT(ADDRESS(ROW(),MATCH("",$4:$4,-1),1,1)),"미조치") -> 0 | M9: =COUNTIF($S9:INDIRECT(ADDRESS(ROW(),MATCH("",$4:$4,-1),1,1)),"위험수용") -> 0 | N9: =COUNTIF($S9:INDIRECT(ADDRESS(ROW(),MATCH("",$4:$4,-1),1,1)),"N/A") -> 0 | O9: =VLOOKUP($D9,'parm(hidden)'!$B$8:$C$10,2,FALSE)*($F9-$J9) -> 6 | P9: =VLOOKUP($D9,'parm(hidden)'!$B$8:$C$10,2,FALSE)*($F9-$N9) -> 6 | Q9: =VLOOKUP($D9,'parm(hidden)'!$B$8:$C$10,2,FALSE)*($G9+$H9) -> 12 | R9: =VLOOKUP($D9,'parm(hidden)'!$B$8:$C$10,2,FALSE)*($G9+$H9+$K9) -> 12 | S9: =HYPERLINK("["&MID(CELL("filename"),SEARCH("[",CELL("filename"))+1,SEARCH("]",CELL("filename"))-SEARCH("[",CELL("filename"))-1)&"]"&ADDRESS(ROW()+16,11,1,TRUE,S$4),INDIRECT(ADDRESS(ROW()+16,11,1,TRUE,S$4))) -> Y | T9: =HYPERLINK("["&MID(CELL("filename"),SEARCH("[",CELL("filename"))+1,SEARCH("]",CELL("filename"))-SEARCH("[",CELL("filename"))-1)&"]"&ADDRESS(ROW()+16,11,1,TRUE,T$4),INDIRECT(ADDRESS(ROW()+16,11,1,TRUE,T$4))) -> Y
A10: =ChkList!A10 -> 계정 관리 | B10: =ChkList!$B10 -> W-06 | C10: =ChkList!$C10 -> 관리자 그룹에 최소한의 사용자 포함 | D10: =ChkList!$D10 -> H | E10: =ChkList!E10 -> 3 | F10: =COUNTA($S10:INDIRECT(ADDRESS(ROW(),MATCH("",$4:$4,-1),1,1))) -> 2 | G10: ='취약점 진단 항목별 통계'!G10 -> 4 | H10: ='취약점 진단 항목별 통계'!H10 -> 0 | I10: ='취약점 진단 항목별 통계'!I10 -> 0 | J10: ='취약점 진단 항목별 통계'!J10 -> 0 | K10: =COUNTIF($S10:INDIRECT(ADDRESS(ROW(),MATCH("",$4:$4,-1),1,1)),"조치") -> 0 | L10: =COUNTIF($S10:INDIRECT(ADDRESS(ROW(),MATCH("",$4:$4,-1),1,1)),"미조치") -> 0 | M10: =COUNTIF($S10:INDIRECT(ADDRESS(ROW(),MATCH("",$4:$4,-1),1,1)),"위험수용") -> 0 | N10: =COUNTIF($S10:INDIRECT(ADDRESS(ROW(),MATCH("",$4:$4,-1),1,1)),"N/A") -> 0 | O10: =VLOOKUP($D10,'parm(hidden)'!$B$8:$C$10,2,FALSE)*($F10-$J10) -> 6 | P10: =VLOOKUP($D10,'parm(hidden)'!$B$8:$C$10,2,FALSE)*($F10-$N10) -> 6 | Q10: =VLOOKUP($D10,'parm(hidden)'!$B$8:$C$10,2,FALSE)*($G10+$H10) -> 12 | R10: =VLOOKUP($D10,'parm(hidden)'!$B$8:$C$10,2,FALSE)*($G10+$H10+$K10) -> 12 | S10: =HYPERLINK("["&MID(CELL("filename"),SEARCH("[",CELL("filename"))+1,SEARCH("]",CELL("filename"))-SEARCH("[",CELL("filename"))-1)&"]"&ADDRESS(ROW()+16,11,1,TRUE,S$4),INDIRECT(ADDRESS(ROW()+16,11,1,TRUE,S$4))) -> Y | T10: =HYPERLINK("["&MID(CELL("filename"),SEARCH("[",CELL("filename"))+1,SEARCH("]",CELL("filename"))-SEARCH("[",CELL("filename"))-1)&"]"&ADDRESS(ROW()+16,11,1,TRUE,T$4),INDIRECT(ADDRESS(ROW()+16,11,1,TRUE,T$4))) -> Y
A11: =ChkList!A11 -> 계정 관리 | B11: =ChkList!$B11 -> W-07 | C11: =ChkList!$C11 -> Everyone 사용 권한을 익명 사용자에 적용 | D11: =ChkList!$D11 -> M | E11: =ChkList!E11 -> 2 | F11: =COUNTA($S11:INDIRECT(ADDRESS(ROW(),MATCH("",$4:$4,-1),1,1))) -> 2 | G11: ='취약점 진단 항목별 통계'!G11 -> 4 | H11: ='취약점 진단 항목별 통계'!H11 -> 0 | I11: ='취약점 진단 항목별 통계'!I11 -> 0 | J11: ='취약점 진단 항목별 통계'!J11 -> 0 | K11: =COUNTIF($S11:INDIRECT(ADDRESS(ROW(),MATCH("",$4:$4,-1),1,1)),"조치") -> 0 | L11: =COUNTIF($S11:INDIRECT(ADDRESS(ROW(),MATCH("",$4:$4,-1),1,1)),"미조치") -> 0 | M11: =COUNTIF($S11:INDIRECT(ADDRESS(ROW(),MATCH("",$4:$4,-1),1,1)),"위험수용") -> 0 | N11: =COUNTIF($S11:INDIRECT(ADDRESS(ROW(),MATCH("",$4:$4,-1),1,1)),"N/A") -> 0 | O11: =VLOOKUP($D11,'parm(hidden)'!$B$8:$C$10,2,FALSE)*($F11-$J11) -> 4 | P11: =VLOOKUP($D11,'parm(hidden)'!$B$8:$C$10,2,FALSE)*($F11-$N11) -> 4 | Q11: =VLOOKUP($D11,'parm(hidden)'!$B$8:$C$10,2,FALSE)*($G11+$H11) -> 8 | R11: =VLOOKUP($D11,'parm(hidden)'!$B$8:$C$10,2,FALSE)*($G11+$H11+$K11) -> 8 | S11: =HYPERLINK("["&MID(CELL("filename"),SEARCH("[",CELL("filename"))+1,SEARCH("]",CELL("filename"))-SEARCH("[",CELL("filename"))-1)&"]"&ADDRESS(ROW()+16,11,1,TRUE,S$4),INDIRECT(ADDRESS(ROW()+16,11,1,TRUE,S$4))) -> Y | T11: =HYPERLINK("["&MID(CELL("filename"),SEARCH("[",CELL("filename"))+1,SEARCH("]",CELL("filename"))-SEARCH("[",CELL("filename"))-1)&"]"&ADDRESS(ROW()+16,11,1,TRUE,T$4),INDIRECT(ADDRESS(ROW()+16,11,1,TRUE,T$4))) -> Y
A12: =ChkList!A12 -> 계정 관리 | B12: =ChkList!$B12 -> W-08 | C12: =ChkList!$C12 -> 계정 잠금 기간 설정 | D12: =ChkList!$D12 -> M | E12: =ChkList!E12 -> 2 | F12: =COUNTA($S12:INDIRECT(ADDRESS(ROW(),MATCH("",$4:$4,-1),1,1))) -> 2 | G12: ='취약점 진단 항목별 통계'!G12 -> 1 | H12: ='취약점 진단 항목별 통계'!H12 -> 0 | I12: ='취약점 진단 항목별 통계'!I12 -> 3 | J12: ='취약점 진단 항목별 통계'!J12 -> 0 | K12: =COUNTIF($S12:INDIRECT(ADDRESS(ROW(),MATCH("",$4:$4,-1),1,1)),"조치") -> 1 | L12: =COUNTIF($S12:INDIRECT(ADDRESS(ROW(),MATCH("",$4:$4,-1),1,1)),"미조치") -> 0 | M12: =COUNTIF($S12:INDIRECT(ADDRESS(ROW(),MATCH("",$4:$4,-1),1,1)),"위험수용") -> 0 | N12: =COUNTIF($S12:INDIRECT(ADDRESS(ROW(),MATCH("",$4:$4,-1),1,1)),"N/A") -> 0 | O12: =VLOOKUP($D12,'parm(hidden)'!$B$8:$C$10,2,FALSE)*($F12-$J12) -> 4 | P12: =VLOOKUP($D12,'parm(hidden)'!$B$8:$C$10,2,FALSE)*($F12-$N12) -> 4 | Q12: =VLOOKUP($D12,'parm(hidden)'!$B$8:$C$10,2,FALSE)*($G12+$H12) -> 2 | R12: =VLOOKUP($D12,'parm(hidden)'!$B$8:$C$10,2,FALSE)*($G12+$H12+$K12) -> 4 | S12: =HYPERLINK("["&MID(CELL("filename"),SEARCH("[",CELL("filename"))+1,SEARCH("]",CELL("filename"))-SEARCH("[",CELL("filename"))-1)&"]"&ADDRESS(ROW()+16,11,1,TRUE,S$4),INDIRECT(ADDRESS(ROW()+16,11,1,TRUE,S$4))) -> Y | T12: =HYPERLINK("["&MID(CELL("filename"),SEARCH("[",CELL("filename"))+1,SEARCH("]",CELL("filename"))-SEARCH("[",CELL("filename"))-1)&"]"&ADDRESS(ROW()+16,11,1,TRUE,T$4),INDIRECT(ADDRESS(ROW()+16,11,1,TRUE,T$4))) -> 조치
A13: =ChkList!A13 -> 계정 관리 | B13: =ChkList!$B13 -> W-09 | C13: =ChkList!$C13 -> 비밀번호 관리 정책 설정 | D13: =ChkList!$D13 -> H | E13: =ChkList!E13 -> 3 | F13: =COUNTA($S13:INDIRECT(ADDRESS(ROW(),MATCH("",$4:$4,-1),1,1))) -> 2 | G13: ='취약점 진단 항목별 통계'!G13 -> 1 | H13: ='취약점 진단 항목별 통계'!H13 -> 0 | I13: ='취약점 진단 항목별 통계'!I13 -> 3 | J13: ='취약점 진단 항목별 통계'!J13 -> 0 | K13: =COUNTIF($S13:INDIRECT(ADDRESS(ROW(),MATCH("",$4:$4,-1),1,1)),"조치") -> 1 | L13: =COUNTIF($S13:INDIRECT(ADDRESS(ROW(),MATCH("",$4:$4,-1),1,1)),"미조치") -> 0 | M13: =COUNTIF($S13:INDIRECT(ADDRESS(ROW(),MATCH("",$4:$4,-1),1,1)),"위험수용") -> 0 | N13: =COUNTIF($S13:INDIRECT(ADDRESS(ROW(),MATCH("",$4:$4,-1),1,1)),"N/A") -> 0 | O13: =VLOOKUP($D13,'parm(hidden)'!$B$8:$C$10,2,FALSE)*($F13-$J13) -> 6 | P13: =VLOOKUP($D13,'parm(hidden)'!$B$8:$C$10,2,FALSE)*($F13-$N13) -> 6 | Q13: =VLOOKUP($D13,'parm(hidden)'!$B$8:$C$10,2,FALSE)*($G13+$H13) -> 3 | R13: =VLOOKUP($D13,'parm(hidden)'!$B$8:$C$10,2,FALSE)*($G13+$H13+$K13) -> 6 | S13: =HYPERLINK("["&MID(CELL("filename"),SEARCH("[",CELL("filename"))+1,SEARCH("]",CELL("filename"))-SEARCH("[",CELL("filename"))-1)&"]"&ADDRESS(ROW()+16,11,1,TRUE,S$4),INDIRECT(ADDRESS(ROW()+16,11,1,TRUE,S$4))) -> Y | T13: =HYPERLINK("["&MID(CELL("filename"),SEARCH("[",CELL("filename"))+1,SEARCH("]",CELL("filename"))-SEARCH("[",CELL("filename"))-1)&"]"&ADDRESS(ROW()+16,11,1,TRUE,T$4),INDIRECT(ADDRESS(ROW()+16,11,1,TRUE,T$4))) -> 조치
A14: =ChkList!A14 -> 계정 관리 | B14: =ChkList!$B14 -> W-10 | C14: =ChkList!$C14 -> 마지막 사용자 이름 표시 안 함 | D14: =ChkList!$D14 -> M | E14: =ChkList!E14 -> 2 | F14: =COUNTA($S14:INDIRECT(ADDRESS(ROW(),MATCH("",$4:$4,-1),1,1))) -> 2 | G14: ='취약점 진단 항목별 통계'!G14 -> 1 | H14: ='취약점 진단 항목별 통계'!H14 -> 0 | I14: ='취약점 진단 항목별 통계'!I14 -> 3 | J14: ='취약점 진단 항목별 통계'!J14 -> 0 | K14: =COUNTIF($S14:INDIRECT(ADDRESS(ROW(),MATCH("",$4:$4,-1),1,1)),"조치") -> 1 | L14: =COUNTIF($S14:INDIRECT(ADDRESS(ROW(),MATCH("",$4:$4,-1),1,1)),"미조치") -> 0 | M14: =COUNTIF($S14:INDIRECT(ADDRESS(ROW(),MATCH("",$4:$4,-1),1,1)),"위험수용") -> 0 | N14: =COUNTIF($S14:INDIRECT(ADDRESS(ROW(),MATCH("",$4:$4,-1),1,1)),"N/A") -> 0 | O14: =VLOOKUP($D14,'parm(hidden)'!$B$8:$C$10,2,FALSE)*($F14-$J14) -> 4 | P14: =VLOOKUP($D14,'parm(hidden)'!$B$8:$C$10,2,FALSE)*($F14-$N14) -> 4 | Q14: =VLOOKUP($D14,'parm(hidden)'!$B$8:$C$10,2,FALSE)*($G14+$H14) -> 2 | R14: =VLOOKUP($D14,'parm(hidden)'!$B$8:$C$10,2,FALSE)*($G14+$H14+$K14) -> 4 | S14: =HYPERLINK("["&MID(CELL("filename"),SEARCH("[",CELL("filename"))+1,SEARCH("]",CELL("filename"))-SEARCH("[",CELL("filename"))-1)&"]"&ADDRESS(ROW()+16,11,1,TRUE,S$4),INDIRECT(ADDRESS(ROW()+16,11,1,TRUE,S$4))) -> Y | T14: =HYPERLINK("["&MID(CELL("filename"),SEARCH("[",CELL("filename"))+1,SEARCH("]",CELL("filename"))-SEARCH("[",CELL("filename"))-1)&"]"&ADDRESS(ROW()+16,11,1,TRUE,T$4),INDIRECT(ADDRESS(ROW()+16,11,1,TRUE,T$4))) -> 조치
A15: =ChkList!#REF! -> #REF! | B15: =ChkList!#REF! -> #REF! | C15: =ChkList!#REF! -> #REF! | D15: =ChkList!#REF! -> #REF! | E15: =ChkList!#REF! -> #REF! | F15: =COUNTA($S15:INDIRECT(ADDRESS(ROW(),MATCH("",$4:$4,-1),1,1))) -> 2 | G15: ='취약점 진단 항목별 통계'!G15 -> 1 | H15: ='취약점 진단 항목별 통계'!H15 -> 0 | I15: ='취약점 진단 항목별 통계'!I15 -> 3 | J15: ='취약점 진단 항목별 통계'!J15 -> 0 | K15: =COUNTIF($S15:INDIRECT(ADDRESS(ROW(),MATCH("",$4:$4,-1),1,1)),"조치") -> 1 | L15: =COUNTIF($S15:INDIRECT(ADDRESS(ROW(),MATCH("",$4:$4,-1),1,1)),"미조치") -> 0 | M15: =COUNTIF($S15:INDIRECT(ADDRESS(ROW(),MATCH("",$4:$4,-1),1,1)),"위험수용") -> 0 | N15: =COUNTIF($S15:INDIRECT(ADDRESS(ROW(),MATCH("",$4:$4,-1),1,1)),"N/A") -> 0 | O15: =VLOOKUP($D15,'parm(hidden)'!$B$8:$C$10,2,FALSE)*($F15-$J15) -> #REF! | P15: =VLOOKUP($D15,'parm(hidden)'!$B$8:$C$10,2,FALSE)*($F15-$N15) -> #REF! | Q15: =VLOOKUP($D15,'parm(hidden)'!$B$8:$C$10,2,FALSE)*($G15+$H15) -> #REF! | R15: =VLOOKUP($D15,'parm(hidden)'!$B$8:$C$10,2,FALSE)*($G15+$H15+$K15) -> #REF! | S15: =HYPERLINK("["&MID(CELL("filename"),SEARCH("[",CELL("filename"))+1,SEARCH("]",CELL("filename"))-SEARCH("[",CELL("filename"))-1)&"]"&ADDRESS(ROW()+16,11,1,TRUE,S$4),INDIRECT(ADDRESS(ROW()+16,11,1,TRUE,S$4))) -> Y | T15: =HYPERLINK("["&MID(CELL("filename"),SEARCH("[",CELL("filename"))+1,SEARCH("]",CELL("filename"))-SEARCH("[",CELL("filename"))-1)&"]"&ADDRESS(ROW()+16,11,1,TRUE,T$4),INDIRECT(ADDRESS(ROW()+16,11,1,TRUE,T$4))) -> 조치
A16: =ChkList!A15 -> 계정 관리 | B16: =ChkList!$B15 -> W-11 | C16: =ChkList!$C15 -> 로컬 로그온 허용 | D16: =ChkList!$D15 -> M | E16: =ChkList!E15 -> 2 | F16: =COUNTA($S16:INDIRECT(ADDRESS(ROW(),MATCH("",$4:$4,-1),1,1))) -> 2 | G16: ='취약점 진단 항목별 통계'!G16 -> 1 | H16: ='취약점 진단 항목별 통계'!H16 -> 0 | I16: ='취약점 진단 항목별 통계'!I16 -> 3 | J16: ='취약점 진단 항목별 통계'!J16 -> 0 | K16: =COUNTIF($S16:INDIRECT(ADDRESS(ROW(),MATCH("",$4:$4,-1),1,1)),"조치") -> 1 | L16: =COUNTIF($S16:INDIRECT(ADDRESS(ROW(),MATCH("",$4:$4,-1),1,1)),"미조치") -> 0 | M16: =COUNTIF($S16:INDIRECT(ADDRESS(ROW(),MATCH("",$4:$4,-1),1,1)),"위험수용") -> 0 | N16: =COUNTIF($S16:INDIRECT(ADDRESS(ROW(),MATCH("",$4:$4,-1),1,1)),"N/A") -> 0 | O16: =VLOOKUP($D16,'parm(hidden)'!$B$8:$C$10,2,FALSE)*($F16-$J16) -> 4 | P16: =VLOOKUP($D16,'parm(hidden)'!$B$8:$C$10,2,FALSE)*($F16-$N16) -> 4 | Q16: =VLOOKUP($D16,'parm(hidden)'!$B$8:$C$10,2,FALSE)*($G16+$H16) -> 2 | R16: =VLOOKUP($D16,'parm(hidden)'!$B$8:$C$10,2,FALSE)*($G16+$H16+$K16) -> 4 | S16: =HYPERLINK("["&MID(CELL("filename"),SEARCH("[",CELL("filename"))+1,SEARCH("]",CELL("filename"))-SEARCH("[",CELL("filename"))-1)&"]"&ADDRESS(ROW()+16,11,1,TRUE,S$4),INDIRECT(ADDRESS(ROW()+16,11,1,TRUE,S$4))) -> Y | T16: =HYPERLINK("["&MID(CELL("filename"),SEARCH("[",CELL("filename"))+1,SEARCH("]",CELL("filename"))-SEARCH("[",CELL("filename"))-1)&"]"&ADDRESS(ROW()+16,11,1,TRUE,T$4),INDIRECT(ADDRESS(ROW()+16,11,1,TRUE,T$4))) -> 조치
A17: =ChkList!A16 -> 계정 관리 | B17: =ChkList!$B16 -> W-12 | C17: =ChkList!$C16 -> 익명 SID/이름 변환 허용 해제 | D17: =ChkList!$D16 -> M | E17: =ChkList!E16 -> 2 | F17: =COUNTA($S17:INDIRECT(ADDRESS(ROW(),MATCH("",$4:$4,-1),1,1))) -> 2 | G17: ='취약점 진단 항목별 통계'!G17 -> 1 | H17: ='취약점 진단 항목별 통계'!H17 -> 0 | I17: ='취약점 진단 항목별 통계'!I17 -> 3 | J17: ='취약점 진단 항목별 통계'!J17 -> 0 | K17: =COUNTIF($S17:INDIRECT(ADDRESS(ROW(),MATCH("",$4:$4,-1),1,1)),"조치") -> 1 | L17: =COUNTIF($S17:INDIRECT(ADDRESS(ROW(),MATCH("",$4:$4,-1),1,1)),"미조치") -> 0 | M17: =COUNTIF($S17:INDIRECT(ADDRESS(ROW(),MATCH("",$4:$4,-1),1,1)),"위험수용") -> 0 | N17: =COUNTIF($S17:INDIRECT(ADDRESS(ROW(),MATCH("",$4:$4,-1),1,1)),"N/A") -> 0 | O17: =VLOOKUP($D17,'parm(hidden)'!$B$8:$C$10,2,FALSE)*($F17-$J17) -> 4 | P17: =VLOOKUP($D17,'parm(hidden)'!$B$8:$C$10,2,FALSE)*($F17-$N17) -> 4 | Q17: =VLOOKUP($D17,'parm(hidden)'!$B$8:$C$10,2,FALSE)*($G17+$H17) -> 2 | R17: =VLOOKUP($D17,'parm(hidden)'!$B$8:$C$10,2,FALSE)*($G17+$H17+$K17) -> 4 | S17: =HYPERLINK("["&MID(CELL("filename"),SEARCH("[",CELL("filename"))+1,SEARCH("]",CELL("filename"))-SEARCH("[",CELL("filename"))-1)&"]"&ADDRESS(ROW()+16,11,1,TRUE,S$4),INDIRECT(ADDRESS(ROW()+16,11,1,TRUE,S$4))) -> Y | T17: =HYPERLINK("["&MID(CELL("filename"),SEARCH("[",CELL("filename"))+1,SEARCH("]",CELL("filename"))-SEARCH("[",CELL("filename"))-1)&"]"&ADDRESS(ROW()+16,11,1,TRUE,T$4),INDIRECT(ADDRESS(ROW()+16,11,1,TRUE,T$4))) -> 조치
A18: =ChkList!A17 -> 계정 관리 | B18: =ChkList!$B17 -> W-13 | C18: =ChkList!$C17 -> 콘솔 로그온 시 로컬 계정에서 빈 암호 사용 제한 | D18: =ChkList!$D17 -> M | E18: =ChkList!E17 -> 2 | F18: =COUNTA($S18:INDIRECT(ADDRESS(ROW(),MATCH("",$4:$4,-1),1,1))) -> 2 | G18: ='취약점 진단 항목별 통계'!G18 -> 1 | H18: ='취약점 진단 항목별 통계'!H18 -> 0 | I18: ='취약점 진단 항목별 통계'!I18 -> 3 | J18: ='취약점 진단 항목별 통계'!J18 -> 0 | K18: =COUNTIF($S18:INDIRECT(ADDRESS(ROW(),MATCH("",$4:$4,-1),1,1)),"조치") -> 1 | L18: =COUNTIF($S18:INDIRECT(ADDRESS(ROW(),MATCH("",$4:$4,-1),1,1)),"미조치") -> 0 | M18: =COUNTIF($S18:INDIRECT(ADDRESS(ROW(),MATCH("",$4:$4,-1),1,1)),"위험수용") -> 0 | N18: =COUNTIF($S18:INDIRECT(ADDRESS(ROW(),MATCH("",$4:$4,-1),1,1)),"N/A") -> 0 | O18: =VLOOKUP($D18,'parm(hidden)'!$B$8:$C$10,2,FALSE)*($F18-$J18) -> 4 | P18: =VLOOKUP($D18,'parm(hidden)'!$B$8:$C$10,2,FALSE)*($F18-$N18) -> 4 | Q18: =VLOOKUP($D18,'parm(hidden)'!$B$8:$C$10,2,FALSE)*($G18+$H18) -> 2 | R18: =VLOOKUP($D18,'parm(hidden)'!$B$8:$C$10,2,FALSE)*($G18+$H18+$K18) -> 4 | S18: =HYPERLINK("["&MID(CELL("filename"),SEARCH("[",CELL("filename"))+1,SEARCH("]",CELL("filename"))-SEARCH("[",CELL("filename"))-1)&"]"&ADDRESS(ROW()+16,11,1,TRUE,S$4),INDIRECT(ADDRESS(ROW()+16,11,1,TRUE,S$4))) -> Y | T18: =HYPERLINK("["&MID(CELL("filename"),SEARCH("[",CELL("filename"))+1,SEARCH("]",CELL("filename"))-SEARCH("[",CELL("filename"))-1)&"]"&ADDRESS(ROW()+16,11,1,TRUE,T$4),INDIRECT(ADDRESS(ROW()+16,11,1,TRUE,T$4))) -> 조치
