Workbook
Name _10월_변동내역_메모_확인: #REF!
Name _10월_변동내역_메모_확인: #REF!
Name _10월_변동내역_메모_확인: #REF!
Name _10월_변동내역_메모_확인: #REF!
Name _10월_변동내역_메모_확인: #REF!
Name _10월_변동내역_메모_확인: #REF!
Name _10월_변동내역_메모_확인: #REF!
Name _10월_변동내역_메모_확인: #REF!
Name _10월_변동내역_메모_확인: #REF!
Name _10월_변동내역_메모_확인: #REF!
Name _10월_변동내역_메모_확인: #REF!
Name _10월_변동내역_메모_확인: #REF!
Name _10월_변동내역_메모_확인: #REF!
Name _10월_변동내역_메모_확인: #REF!
Name _10월_변동내역_메모_확인: #REF!
Name _abc: #REF!
Name _abc: #REF!
Name _abc: #REF!
Name _abc: #REF!
Name _abc: #REF!
Name _abc: #REF!
Name _abc: #REF!
Name _abc: #REF!
Name _abc: #REF!
Name _abc: #REF!
Name _abc: #REF!
Name _abc: #REF!
Name _Order1: 255
Name _Order2: 255
Name a: #REF!
Name a: #REF!
Name a: #REF!
Name a: #REF!
Name a: #REF!
Name a: #REF!
Name a: #REF!
Name a: #REF!
Name a: #REF!
Name a: #REF!
Name a: #REF!
Name a: #REF!
Name abc: #REF!
Name abc: #REF!
Name abc: #REF!
Name abc: #REF!
Name abc: #REF!
Name abc: #REF!
Name abc: #REF!
Name abc: #REF!
Name abc: #REF!
Name abc: #REF!
Name abc: #REF!
Name abc: #REF!
Name asd: #REF!
Name asd: #REF!
Name asd: #REF!
Name asd: #REF!
Name asd: #REF!
Name asd: #REF!
Name asd: #REF!

Sheet 표지
F11: 46219

Sheet 자산목록
A1: ■ 자산목록
A3: No. | B3: 호스트명 | C3: IP | D3: 제조업체 | E3: 구분 | F3: 모델명 | G3: OS/SW | H3: 버전 | I3: 자산명/용도 | J3: 설치위치 | K3: 부서 | L3: 담당자 | M3: 비고 | N3: 자산 평가
N4: 기밀성 | O4: 무결성 | P4: 가용성 | Q4: 등급 | R4: 점수(Hidden)
A5: 1 | B5: HQ-CORE-L3-A | C5: 10.10.40.28/28 10.10.40.36/29 10.10.40.68/29 10.10.40.92/28 10.10.40.108/28 10.10.40.116/29 10.10.40.250/30 | D5: CISCO | E5: - | I5: L3 스위치 | J5: 본사 내부망 | K5: 본사 | L5: 홍길동 | Q5: =IF(R5>=7,"H",IF(R5>=5,"M","L")) -> L | R5: =SUM(N5:P5) -> 0
A6: 2 | B6: HQ-CORE-L3-B | C6: 10.10.40.37/29 10.10.40.29/28 10.10.40.69/29 10.10.40.93/28 10.10.40.109/28 10.10.40.117/29 10.10.40.254/30 | D6: CISCO | E6: - | I6: L3 스위치 | J6: 본사 내부망 | K6: 본사 | L6: 홍길동 | Q6: =IF(R6>=7,"H",IF(R6>=5,"M","L")) -> L | R6: =SUM(N6:P6) -> 0 | S6: management 이전
A7: 3 | B7: HQ-DMZ-L3 | C7: 10.10.40.14/28 10.10.40.238/30 10.10.40.241/30 | D7: CISCO | E7: - | I7: L3 스위치 | J7: 본사 DMZ망 | K7: 본사 | L7: 홍길동 | Q7: =IF(R7>=7,"H",IF(R7>=5,"M","L")) -> L | R7: =SUM(N7:P7) -> 0 | S7: conetents
A8: 4 | B8: BR-CORE-L3-A | C8: 10.200.40.28/28 10.200.40.36/29 10.200.40.68/29 10.200.40.76/29 10.200.40.92/28 10.200.10.2/30 | D8: CISCO | E8: - | I8: L3 스위치 | J8: 지사 내부망 | K8: 지사 | L8: 김철수 | Q8: L | R8: =SUM(N8:P8) -> 0
A9: 5 | B9: BR-CORE-L3-B | C9: 10.200.40.29/28 10.200.40.37/29 10.200.40.69/29 10.200.40.77/29 10.200.40.93/28 10.200.20.2/30 | D9: CISCO | E9: - | I9: L3 스위치 | J9: 지사 내부망 | K9: 지사 | L9: 김철수 | Q9: =IF(R9>=7,"H",IF(R9>=5,"M","L")) -> L | R9: =SUM(N9:P9) -> 0 | S9: sales 이전
A10: 6 | B10: BR-DMZ-L3 | C10: 10.200.40.6 10.200.40.9 10.200.40.14 | D10: CISCO | E10: - | I10: L3 스위치 | J10: 지사 DMZ망 | K10: 지사 | L10: 김철수 | Q10: L | R10: =SUM(N10:P10) -> 0
A11: 7 | B11: HQ-BACKUP-SW | C11: - | D11: CISCO | E11: - | I11: L2 스위치 | J11: 본사 서버망 | K11: 본사 | L11: 홍길동 | Q11: =IF(R11>=7,"H",IF(R11>=5,"M","L")) -> L | R11: =SUM(N11:P11) -> 0 | S11: production 이전
A12: 8 | B12: HQ-SERVER-SW | C12: - | D12: CISCO | E12: - | I12: L2 스위치 | J12: 본사 서버망 | K12: 본사 | L12: 홍길동 | Q12: =IF(R12>=7,"H",IF(R12>=5,"M","L")) -> L | R12: =SUM(N12:P12) -> 0
A13: 9 | B13: HQ-HR-SW | C13: - | D13: CISCO | E13: - | I13: L2 스위치 | J13: 본사 사내망 | K13: 본사 인사팀 | L13: 홍길동 | Q13: =IF(R13>=7,"H",IF(R13>=5,"M","L")) -> L | R13: =SUM(N13:P13) -> 0
A14: 10 | B14: HQ-DEV-SW | C14: - | D14: CISCO | E14: - | I14: L2 스위치 | J14: 본사 사내망 | K14: 본사 개발팀 | L14: 홍길동 | Q14: =IF(R14>=7,"H",IF(R14>=5,"M","L")) -> L | R14: =SUM(N14:P14) -> 0
A15: 11 | B15: HQ-OPS-SW | C15: - | D15: CISCO | E15: - | I15: L2 스위치 | J15: 본사 사내망 | K15: 본사 운영팀 | L15: 홍길동 | Q15: =IF(R15>=7,"H",IF(R15>=5,"M","L")) -> L | R15: =SUM(N15:P15) -> 0
A16: 12 | B16: HQ-CS-SW | C16: - | D16: CISCO | E16: - | I16: L2 스위치 | J16: 본사 사내망 | K16: 본사 CS팀 | L16: 홍길동 | Q16: =IF(R16>=7,"H",IF(R16>=5,"M","L")) -> L | R16: =SUM(N16:P16) -> 0
A17: 13 | B17: BR-BACKUP-SW | C17: - | D17: CISCO | E17: - | I17: L2 스위치 | J17: 지사 서버망 | K17: 지사 | L17: 김철수 | Q17: =IF(R17>=7,"H",IF(R17>=5,"M","L")) -> L | R17: =SUM(N17:P17) -> 0
A18: 14 | B18: BR-SERVER-SW | C18: - | D18: CISCO | E18: - | I18: L2 스위치 | J18: 지사 서버망 | K18: 지사 | L18: 김철수 | Q18: =IF(R18>=7,"H",IF(R18>=5,"M","L")) -> L | R18: =SUM(N18:P18) -> 0
A19: 15 | B19: BR-LOGISTICS-SW | C19: - | D19: CISCO | E19: - | I19: L2 스위치 | J19: 지사 사내망 | K19: 지사 물류팀 | L19: 김철수 | Q19: =IF(R19>=7,"H",IF(R19>=5,"M","L")) -> L | R19: =SUM(N19:P19) -> 0
A20: 16 | B20: BR-OPS-SW | C20: - | D20: CISCO | E20: - | I20: L2 스위치 | J20: 지사 사내망 | K20: 지사 운영팀 | L20: 김철수 | Q20: =IF(R20>=7,"H",IF(R20>=5,"M","L")) -> L | R20: =SUM(N20:P20) -> 0
A21: 17 | B21: BR-CS-SW | C21: - | D21: CISCO | E21: - | I21: L2 스위치 | J21: 지사 사내망 | K21: 지사 CS팀 | L21: 김철수 | Q21: =IF(R21>=7,"H",IF(R21>=5,"M","L")) -> L | R21: =SUM(N21:P21) -> 0
A22: 18 | B22: HQ-SCREENING-R | C22: 10.10.40.233/30 | D22: CISCO | E22: - | I22: 라우터 | J22: 본사 외부망 경계 | K22: 본사 | L22: 홍길동 | Q22: =IF(R22>=7,"H",IF(R22>=5,"M","L")) -> L | R22: =SUM(N22:P22) -> 0
A23: 19 | B23: HQ-EDGE-FW | C23: 10.10.40.234/30 10.10.40.237/30 | D23: CISCO | E23: - | I23: 라우터 | J23: 본사 방화벽 | K23: 본사 | L23: 홍길동 | Q23: =IF(R23>=7,"H",IF(R23>=5,"M","L")) -> L | R23: =SUM(N23:P23) -> 0
... A27: 23 | B27: BR-INTERNAL-FW-R | C27: 10.200.40.10/30 10.200.10.1/30 10.200.20.1/30 | D27: CISCO | E27: - | I27: 라우터 | J27: 지사 내부방화벽 | K27: 지사 | L27: 김철수 | Q27: =IF(R27>=7,"H",IF(R27>=5,"M","L")) -> L | R27: =SUM(N27:P27) -> 0

Sheet parm(hidden)
B2: 1. 분류 Code
B3: Code
B4: NW
B6: 2. 중요도, 자산등급, 위협도 점수
B7: 중요도 | C7: 점수
B8: H | C8: 3
B9: M | C9: 2
B10: L | C10: 1
B12: 3. 점검결과 점수
B13: 점검 결과 | C13: 점수
C14: 취약점 진단 | D14: 위험평가
B15: Y | C15: 1 | D15: 0
B16: N | C16: 0 | D16: 3 | F16: P | G16: 0.5 | H16: 0.5
B17: N/A | C17: 0 | D17: 0
B18: R/A | C18: 0 | D18: 0
B19: Y(즉시조치) | C19: 1 | D19: 0
B21: 4. DoA
B22: DoA
B23: 21
B25: 5. 자산등급 점수 범위 | F25: 8_2. 위험평가 방법론
B26: 위험 등급 | C26: 점수 범위
C27: 최저 | D27: 최고
B28: H | C28: 7 | D28: 9
B29: M | C29: 5 | D29: 6
B30: L | C30: 3 | D30: 4
B32: 6. 위협도 점수 범위
B33: 위험 등급 | C33: 점수 범위
C34: 최저 | D34: 최고
B35: H | C35: 5 | D35: 6
B36: M | C36: 4 | D36: 4
B37: L | C37: 2 | D37: 3
B39: 7. 위험도 점수 범위
B40: 위험 등급 | C40: 점수 범위
C41: 최저 | D41: 최고
B42: H | C42: =$B$23 -> 21 | D42: 30
B43: M | C43: 11 | D43: =$C$42-1 -> 20
B44: L | C44: 1 | D44: =$C$43-1 -> 10
B46: 8. 위험도 평가표
B47: 8_1. 위험도 평가표
B48: V' | C48: 보호대책 | D48: Y=0(보호대책 있음) | M48: N=1(보호대책 없음)
C49: 취약점(Vulnerability) | D49: L | G49: M | J49: H | M49: L | P49: M | S49: H
B50: 위협(Threats) | D50: L | E50: M | F50: H | G50: L | H50: M | I50: H | J50: L | K50: M | L50: H | M50: L | N50: M | O50: H | P50: L | Q50: M | R50: H | S50: L | T50: M | U50: H
B51: 자산 | C51: L | D51: =VLOOKUP($C51,$B$8:$C$10,2,FALSE)*(1+VLOOKUP($D$49,$B$8:$C$10,2,FALSE)*0*VLOOKUP(D$50,$B$8:$C$10,2,FALSE)) -> 1 | E51: =VLOOKUP($C51,$B$8:$C$10,2,FALSE)*(1+VLOOKUP($D$49,$B$8:$C$10,2,FALSE)*0*VLOOKUP(E$50,$B$8:$C$10,2,FALSE)) -> 1 | F51: =VLOOKUP($C51,$B$8:$C$10,2,FALSE)*(1+VLOOKUP($D$49,$B$8:$C$10,2,FALSE)*0*VLOOKUP(F$50,$B$8:$C$10,2,FALSE)) -> 1 | G51: =VLOOKUP($C51,$B$8:$C$10,2,FALSE)*(1+VLOOKUP($G$49,$B$8:$C$10,2,FALSE)*0*VLOOKUP(G$50,$B$8:$C$10,2,FALSE)) -> 1 | H51: =VLOOKUP($C51,$B$8:$C$10,2,FALSE)*(1+VLOOKUP($G$49,$B$8:$C$10,2,FALSE)*0*VLOOKUP(H$50,$B$8:$C$10,2,FALSE)) -> 1 | I51: =VLOOKUP($C51,$B$8:$C$10,2,FALSE)*(1+VLOOKUP($G$49,$B$8:$C$10,2,FALSE)*0*VLOOKUP(I$50,$B$8:$C$10,2,FALSE)) -> 1 | J51: =VLOOKUP($C51,$B$8:$C$10,2,FALSE)*(1+VLOOKUP($J$49,$B$8:$C$10,2,FALSE)*0*VLOOKUP(J$50,$B$8:$C$10,2,FALSE)) -> 1 | K51: =VLOOKUP($C51,$B$8:$C$10,2,FALSE)*(1+VLOOKUP($J$49,$B$8:$C$10,2,FALSE)*0*VLOOKUP(K$50,$B$8:$C$10,2,FALSE)) -> 1 | L51: =VLOOKUP($C51,$B$8:$C$10,2,FALSE)*(1+VLOOKUP($J$49,$B$8:$C$10,2,FALSE)*0*VLOOKUP(L$50,$B$8:$C$10,2,FALSE)) -> 1 | M51: =VLOOKUP($C51,$B$8:$C$10,2,FALSE)*(1+VLOOKUP($M$49,$B$8:$C$10,2,FALSE)*1*VLOOKUP(M$50,$B$8:$C$10,2,FALSE)) -> 2 | N51: =VLOOKUP($C51,$B$8:$C$10,2,FALSE)*(1+VLOOKUP($M$49,$B$8:$C$10,2,FALSE)*1*VLOOKUP(N$50,$B$8:$C$10,2,FALSE)) -> 3 | O51: =VLOOKUP($C51,$B$8:$C$10,2,FALSE)*(1+VLOOKUP($M$49,$B$8:$C$10,2,FALSE)*1*VLOOKUP(O$50,$B$8:$C$10,2,FALSE)) -> 4 | P51: =VLOOKUP($C51,$B$8:$C$10,2,FALSE)*(1+VLOOKUP($P$49,$B$8:$C$10,2,FALSE)*1*VLOOKUP(P$50,$B$8:$C$10,2,FALSE)) -> 3 | Q51: =VLOOKUP($C51,$B$8:$C$10,2,FALSE)*(1+VLOOKUP($P$49,$B$8:$C$10,2,FALSE)*1*VLOOKUP(Q$50,$B$8:$C$10,2,FALSE)) -> 5 | R51: =VLOOKUP($C51,$B$8:$C$10,2,FALSE)*(1+VLOOKUP($P$49,$B$8:$C$10,2,FALSE)*1*VLOOKUP(R$50,$B$8:$C$10,2,FALSE)) -> 7 | S51: =VLOOKUP($C51,$B$8:$C$10,2,FALSE)*(1+VLOOKUP($S$49,$B$8:$C$10,2,FALSE)*1*VLOOKUP(S$50,$B$8:$C$10,2,FALSE)) -> 4 | T51: =VLOOKUP($C51,$B$8:$C$10,2,FALSE)*(1+VLOOKUP($S$49,$B$8:$C$10,2,FALSE)*1*VLOOKUP(T$50,$B$8:$C$10,2,FALSE)) -> 7 | U51: =VLOOKUP($C51,$B$8:$C$10,2,FALSE)*(1+VLOOKUP($S$49,$B$8:$C$10,2,FALSE)*1*VLOOKUP(U$50,$B$8:$C$10,2,FALSE)) -> 10
C52: M | D52: =VLOOKUP($C52,$B$8:$C$10,2,FALSE)*(1+VLOOKUP($D$49,$B$8:$C$10,2,FALSE)*0*VLOOKUP(D$50,$B$8:$C$10,2,FALSE)) -> 2 | E52: =VLOOKUP($C52,$B$8:$C$10,2,FALSE)*(1+VLOOKUP($D$49,$B$8:$C$10,2,FALSE)*0*VLOOKUP(E$50,$B$8:$C$10,2,FALSE)) -> 2 | F52: =VLOOKUP($C52,$B$8:$C$10,2,FALSE)*(1+VLOOKUP($D$49,$B$8:$C$10,2,FALSE)*0*VLOOKUP(F$50,$B$8:$C$10,2,FALSE)) -> 2 | G52: =VLOOKUP($C52,$B$8:$C$10,2,FALSE)*(1+VLOOKUP($G$49,$B$8:$C$10,2,FALSE)*0*VLOOKUP(G$50,$B$8:$C$10,2,FALSE)) -> 2 | H52: =VLOOKUP($C52,$B$8:$C$10,2,FALSE)*(1+VLOOKUP($G$49,$B$8:$C$10,2,FALSE)*0*VLOOKUP(H$50,$B$8:$C$10,2,FALSE)) -> 2 | I52: =VLOOKUP($C52,$B$8:$C$10,2,FALSE)*(1+VLOOKUP($G$49,$B$8:$C$10,2,FALSE)*0*VLOOKUP(I$50,$B$8:$C$10,2,FALSE)) -> 2 | J52: =VLOOKUP($C52,$B$8:$C$10,2,FALSE)*(1+VLOOKUP($J$49,$B$8:$C$10,2,FALSE)*0*VLOOKUP(J$50,$B$8:$C$10,2,FALSE)) -> 2 | K52: =VLOOKUP($C52,$B$8:$C$10,2,FALSE)*(1+VLOOKUP($J$49,$B$8:$C$10,2,FALSE)*0*VLOOKUP(K$50,$B$8:$C$10,2,FALSE)) -> 2 | L52: =VLOOKUP($C52,$B$8:$C$10,2,FALSE)*(1+VLOOKUP($J$49,$B$8:$C$10,2,FALSE)*0*VLOOKUP(L$50,$B$8:$C$10,2,FALSE)) -> 2 | M52: =VLOOKUP($C52,$B$8:$C$10,2,FALSE)*(1+VLOOKUP($M$49,$B$8:$C$10,2,FALSE)*1*VLOOKUP(M$50,$B$8:$C$10,2,FALSE)) -> 4 | N52: =VLOOKUP($C52,$B$8:$C$10,2,FALSE)*(1+VLOOKUP($M$49,$B$8:$C$10,2,FALSE)*1*VLOOKUP(N$50,$B$8:$C$10,2,FALSE)) -> 6 | O52: =VLOOKUP($C52,$B$8:$C$10,2,FALSE)*(1+VLOOKUP($M$49,$B$8:$C$10,2,FALSE)*1*VLOOKUP(O$50,$B$8:$C$10,2,FALSE)) -> 8 | P52: =VLOOKUP($C52,$B$8:$C$10,2,FALSE)*(1+VLOOKUP($P$49,$B$8:$C$10,2,FALSE)*1*VLOOKUP(P$50,$B$8:$C$10,2,FALSE)) -> 6 | Q52: =VLOOKUP($C52,$B$8:$C$10,2,FALSE)*(1+VLOOKUP($P$49,$B$8:$C$10,2,FALSE)*1*VLOOKUP(Q$50,$B$8:$C$10,2,FALSE)) -> 10 | R52: =VLOOKUP($C52,$B$8:$C$10,2,FALSE)*(1+VLOOKUP($P$49,$B$8:$C$10,2,FALSE)*1*VLOOKUP(R$50,$B$8:$C$10,2,FALSE)) -> 14 | S52: =VLOOKUP($C52,$B$8:$C$10,2,FALSE)*(1+VLOOKUP($S$49,$B$8:$C$10,2,FALSE)*1*VLOOKUP(S$50,$B$8:$C$10,2,FALSE)) -> 8 | T52: =VLOOKUP($C52,$B$8:$C$10,2,FALSE)*(1+VLOOKUP($S$49,$B$8:$C$10,2,FALSE)*1*VLOOKUP(T$50,$B$8:$C$10,2,FALSE)) -> 14 | U52: =VLOOKUP($C52,$B$8:$C$10,2,FALSE)*(1+VLOOKUP($S$49,$B$8:$C$10,2,FALSE)*1*VLOOKUP(U$50,$B$8:$C$10,2,FALSE)) -> 20
C53: H | D53: =VLOOKUP($C53,$B$8:$C$10,2,FALSE)*(1+VLOOKUP($D$49,$B$8:$C$10,2,FALSE)*0*VLOOKUP(D$50,$B$8:$C$10,2,FALSE)) -> 3 | E53: =VLOOKUP($C53,$B$8:$C$10,2,FALSE)*(1+VLOOKUP($D$49,$B$8:$C$10,2,FALSE)*0*VLOOKUP(E$50,$B$8:$C$10,2,FALSE)) -> 3 | F53: =VLOOKUP($C53,$B$8:$C$10,2,FALSE)*(1+VLOOKUP($D$49,$B$8:$C$10,2,FALSE)*0*VLOOKUP(F$50,$B$8:$C$10,2,FALSE)) -> 3 | G53: =VLOOKUP($C53,$B$8:$C$10,2,FALSE)*(1+VLOOKUP($G$49,$B$8:$C$10,2,FALSE)*0*VLOOKUP(G$50,$B$8:$C$10,2,FALSE)) -> 3 | H53: =VLOOKUP($C53,$B$8:$C$10,2,FALSE)*(1+VLOOKUP($G$49,$B$8:$C$10,2,FALSE)*0*VLOOKUP(H$50,$B$8:$C$10,2,FALSE)) -> 3 | I53: =VLOOKUP($C53,$B$8:$C$10,2,FALSE)*(1+VLOOKUP($G$49,$B$8:$C$10,2,FALSE)*0*VLOOKUP(I$50,$B$8:$C$10,2,FALSE)) -> 3 | J53: =VLOOKUP($C53,$B$8:$C$10,2,FALSE)*(1+VLOOKUP($J$49,$B$8:$C$10,2,FALSE)*0*VLOOKUP(J$50,$B$8:$C$10,2,FALSE)) -> 3 | K53: =VLOOKUP($C53,$B$8:$C$10,2,FALSE)*(1+VLOOKUP($J$49,$B$8:$C$10,2,FALSE)*0*VLOOKUP(K$50,$B$8:$C$10,2,FALSE)) -> 3 | L53: =VLOOKUP($C53,$B$8:$C$10,2,FALSE)*(1+VLOOKUP($J$49,$B$8:$C$10,2,FALSE)*0*VLOOKUP(L$50,$B$8:$C$10,2,FALSE)) -> 3 | M53: =VLOOKUP($C53,$B$8:$C$10,2,FALSE)*(1+VLOOKUP($M$49,$B$8:$C$10,2,FALSE)*1*VLOOKUP(M$50,$B$8:$C$10,2,FALSE)) -> 6 | N53: =VLOOKUP($C53,$B$8:$C$10,2,FALSE)*(1+VLOOKUP($M$49,$B$8:$C$10,2,FALSE)*1*VLOOKUP(N$50,$B$8:$C$10,2,FALSE)) -> 9 | O53: =VLOOKUP($C53,$B$8:$C$10,2,FALSE)*(1+VLOOKUP($M$49,$B$8:$C$10,2,FALSE)*1*VLOOKUP(O$50,$B$8:$C$10,2,FALSE)) -> 12 | P53: =VLOOKUP($C53,$B$8:$C$10,2,FALSE)*(1+VLOOKUP($P$49,$B$8:$C$10,2,FALSE)*1*VLOOKUP(P$50,$B$8:$C$10,2,FALSE)) -> 9 | Q53: =VLOOKUP($C53,$B$8:$C$10,2,FALSE)*(1+VLOOKUP($P$49,$B$8:$C$10,2,FALSE)*1*VLOOKUP(Q$50,$B$8:$C$10,2,FALSE)) -> 15 | R53: =VLOOKUP($C53,$B$8:$C$10,2,FALSE)*(1+VLOOKUP($P$49,$B$8:$C$10,2,FALSE)*1*VLOOKUP(R$50,$B$8:$C$10,2,FALSE)) -> 21 | S53: =VLOOKUP($C53,$B$8:$C$10,2,FALSE)*(1+VLOOKUP($S$49,$B$8:$C$10,2,FALSE)*1*VLOOKUP(S$50,$B$8:$C$10,2,FALSE)) -> 12 | T53: =VLOOKUP($C53,$B$8:$C$10,2,FALSE)*(1+VLOOKUP($S$49,$B$8:$C$10,2,FALSE)*1*VLOOKUP(T$50,$B$8:$C$10,2,FALSE)) -> 21 | U53: =VLOOKUP($C53,$B$8:$C$10,2,FALSE)*(1+VLOOKUP($S$49,$B$8:$C$10,2,FALSE)*1*VLOOKUP(U$50,$B$8:$C$10,2,FALSE)) -> 30

Sheet ChkList
A1: ■ Check List
A3: 취약점 진단항목 | F3: 개선방안 및 보호대책
A4: 분류 | C4: 진단항목 | D4: 중요도 | E4: 위험도 | F4: Network
A5: 계정 관리 | B5: N-01 | C5: 비밀번호 설정 | D5: H | E5: 3 | F5: 기본 비밀번호를 관리기관의 비밀번호 작성규칙을 준용하여 변경
A6: 계정 관리 | B6: N-02 | C6: 비밀번호 복잡성 설정 | D6: H | E6: 3 | F6: 관리기관의 비밀번호 작성규칙에 맞게 비밀번호 복잡성 정책 및 비밀번호 설정
A7: 계정 관리 | B7: N-03 | C7: 암호화된 비밀번호 사용 | D7: H | E7: 3 | F7: 비밀번호 암호화 설정 적용
A8: 계정 관리 | B8: N-04 | C8: 계정 잠금 임계값 설정 | D8: H | E8: 3 | F8: 로그인 실패 임계값을 5회 이하로 설정
A9: 계정 관리 | B9: N-05 | C9: 사용자·명령어별 권한 설정 | D9: M | E9: 2 | F9: 업무에 맞게 계정별 권한 차등(관리자 권한 최소화) 부여 ※ 한 명의 관리자가 네트워크 장비를 관리할 경우는 해당하지 않음
A10: 접근 관리 | B10: N-06 | C10: VTY 접근(ACL) 설정 | D10: H | E10: 3 | F10: 가상 터미널(VTY)에 특정 IP주소만 접근할 수 있도록 설정
A11: 접근 관리 | B11: N-07 | C11: Session Timeout 설정 | D11: H | E11: 3 | F11: Session Timeout 설정 (10분 이하 권고)
A12: 접근 관리 | B12: N-08 | C12: VTY 접속 시 안전한 프로토콜 사용 | D12: M | E12: 2 | F12: 암호화 프로토콜만 VTY에 접근할 수 있도록 설정
A13: 접근 관리 | B13: N-09 | C13: 불필요한 보조 입출력 포트 사용 금지 | D13: M | E13: 2 | F13: 불필요한 포트 및 인터페이스 사용 제한 또는 비활성화
A14: 접근 관리 | B14: N-10 | C14: 로그인 시 경고 메시지 설정 | D14: M | E14: 2 | F14: 네트워크 장비 접속 시 경고 메시지 설정
A15: 접근 관리 | B15: N-11 | C15: 원격로그 서버 사용 | D15: M | E15: 2 | F15: Syslog 등을 이용하여 로그 저장 설정
A16: 패치 관리 | B16: N-12 | C16: 주기적 보안 패치 및 벤더 권고사항 적용 | D16: H | E16: 3 | F16: 장비별 제공하는 최신 취약점 정보를 파악 후 최신 패치 및 업그레이드를 수행
... A42: 기능 관리 | B42: N-38 | C42: mask-reply 차단 | D42: M | E42: 2 | F42: 각 인터페이스에서 mask-reply 비활성화

Sheet 취약점 진단 통계
A1: ■ 영역별/장비별 보안수준 통계
A3: 1) 영역별 보안수준
A4: 분류 | E4: 진단 결과 | J4: 중요도점수
E5: 전체항목 | F5: 진단항목 | G5: 양호 | H5: 취약 | I5: 해당없음 | J5: 전체점수 | K5: 평가점수 | L5: 보안수준
A6: 계정 관리 | E6: =SUMIF('취약점 진단 항목별 통계'!$A:$A,$A6&"*",'취약점 진단 항목별 통계'!$F:$F) -> 80 | F6: =E6-I6 -> 80 | G6: =SUMIF('취약점 진단 항목별 통계'!$A:$A,$A6&"*",'취약점 진단 항목별 통계'!$G:$G)+SUMIF('취약점 진단 항목별 통계'!$A:$A,$A6&"*",'취약점 진단 항목별 통계'!$H:$H) -> 65 | H6: =SUMIF('취약점 진단 항목별 통계'!$A:$A,$A6&"*",'취약점 진단 항목별 통계'!$I:$I) -> 15 | I6: =SUMIF('취약점 진단 항목별 통계'!$A:$A,$A6&"*",'취약점 진단 항목별 통계'!$J:$J) -> 0 | J6: =SUMIF('취약점 진단 항목별 통계'!$A:$A,$A6&"*",'취약점 진단 항목별 통계'!$K:$K) -> 224 | K6: =SUMIF('취약점 진단 항목별 통계'!$A:$A,$A6&"*",'취약점 진단 항목별 통계'!$L:$L) -> 182 | L6: =IF($I6=$E6,"N/A",(K6/J6)) -> 0.8125
A7: 접근 관리 | E7: =SUMIF('취약점 진단 항목별 통계'!$A:$A,$A7&"*",'취약점 진단 항목별 통계'!$F:$F) -> 96 | F7: =E7-I7 -> 96 | G7: =SUMIF('취약점 진단 항목별 통계'!$A:$A,$A7&"*",'취약점 진단 항목별 통계'!$G:$G)+SUMIF('취약점 진단 항목별 통계'!$A:$A,$A7&"*",'취약점 진단 항목별 통계'!$H:$H) -> 68 | H7: =SUMIF('취약점 진단 항목별 통계'!$A:$A,$A7&"*",'취약점 진단 항목별 통계'!$I:$I) -> 15 | I7: =SUMIF('취약점 진단 항목별 통계'!$A:$A,$A7&"*",'취약점 진단 항목별 통계'!$J:$J) -> 0 | J7: =SUMIF('취약점 진단 항목별 통계'!$A:$A,$A7&"*",'취약점 진단 항목별 통계'!$K:$K) -> 224 | K7: =SUMIF('취약점 진단 항목별 통계'!$A:$A,$A7&"*",'취약점 진단 항목별 통계'!$L:$L) -> 162 | L7: =IF($I7=$E7,"N/A",(K7/J7)) -> 0.72321429
A8: 패치 관리 | E8: =SUMIF('취약점 진단 항목별 통계'!$A:$A,$A8&"*",'취약점 진단 항목별 통계'!$F:$F) -> 16 | F8: =E8-I8 -> 14 | G8: =SUMIF('취약점 진단 항목별 통계'!$A:$A,$A8&"*",'취약점 진단 항목별 통계'!$G:$G)+SUMIF('취약점 진단 항목별 통계'!$A:$A,$A8&"*",'취약점 진단 항목별 통계'!$H:$H) -> 10 | H8: =SUMIF('취약점 진단 항목별 통계'!$A:$A,$A8&"*",'취약점 진단 항목별 통계'!$I:$I) -> 3 | I8: =SUMIF('취약점 진단 항목별 통계'!$A:$A,$A8&"*",'취약점 진단 항목별 통계'!$J:$J) -> 2 | J8: =SUMIF('취약점 진단 항목별 통계'!$A:$A,$A8&"*",'취약점 진단 항목별 통계'!$K:$K) -> 42 | K8: =SUMIF('취약점 진단 항목별 통계'!$A:$A,$A8&"*",'취약점 진단 항목별 통계'!$L:$L) -> 30 | L8: =IF($I8=$E8,"N/A",(K8/J8)) -> 0.71428571
A9: 로그 관리 | E9: =SUMIF('취약점 진단 항목별 통계'!$A:$A,$A9&"*",'취약점 진단 항목별 통계'!$F:$F) -> 64 | F9: =E9-I9 -> 63 | G9: =SUMIF('취약점 진단 항목별 통계'!$A:$A,$A9&"*",'취약점 진단 항목별 통계'!$G:$G)+SUMIF('취약점 진단 항목별 통계'!$A:$A,$A9&"*",'취약점 진단 항목별 통계'!$H:$H) -> 40 | H9: =SUMIF('취약점 진단 항목별 통계'!$A:$A,$A9&"*",'취약점 진단 항목별 통계'!$I:$I) -> 8 | I9: =SUMIF('취약점 진단 항목별 통계'!$A:$A,$A9&"*",'취약점 진단 항목별 통계'!$J:$J) -> 1 | J9: =SUMIF('취약점 진단 항목별 통계'!$A:$A,$A9&"*",'취약점 진단 항목별 통계'!$K:$K) -> 110 | K9: =SUMIF('취약점 진단 항목별 통계'!$A:$A,$A9&"*",'취약점 진단 항목별 통계'!$L:$L) -> 64 | L9: =IF($I9=$E9,"N/A",(K9/J9)) -> 0.58181818
A10: 기능 관리 | E10: =SUMIF('취약점 진단 항목별 통계'!$A:$A,$A10&"*",'취약점 진단 항목별 통계'!$F:$F) -> 352 | F10: =E10-I10 -> 323 | G10: =SUMIF('취약점 진단 항목별 통계'!$A:$A,$A10&"*",'취약점 진단 항목별 통계'!$G:$G)+SUMIF('취약점 진단 항목별 통계'!$A:$A,$A10&"*",'취약점 진단 항목별 통계'!$H:$H) -> 270 | H10: =SUMIF('취약점 진단 항목별 통계'!$A:$A,$A10&"*",'취약점 진단 항목별 통계'!$I:$I) -> 30 | I10: =SUMIF('취약점 진단 항목별 통계'!$A:$A,$A10&"*",'취약점 진단 항목별 통계'!$J:$J) -> 29 | J10: =SUMIF('취약점 진단 항목별 통계'!$A:$A,$A10&"*",'취약점 진단 항목별 통계'!$K:$K) -> 767 | K10: =SUMIF('취약점 진단 항목별 통계'!$A:$A,$A10&"*",'취약점 진단 항목별 통계'!$L:$L) -> 628 | L10: =IF($I10=$E10,"N/A",(K10/J10)) -> 0.81877445
A11: 계 | E11: =SUM(E6:E10) -> 608 | F11: =SUM(F6:F10) -> 576 | G11: =SUM(G6:G10) -> 453 | H11: =SUM(H6:H10) -> 71 | I11: =SUM(I6:I10) -> 32 | J11: =SUM(J6:J10) -> 1367 | K11: =SUM(K6:K10) -> 1066 | L11: =IFERROR(K11/J11,0) -> 0.7798098
A39: 2) 장비별 보안수준
A40: 장비 구분 | E40: 진단 결과 | J40: 중요도점수
E41: 전체항목 | F41: 진단항목 | G41: 양호 | H41: 취약 | I41: 해당없음 | J41: 전체점수 | K41: 평가점수 | L41: 보안수준
A42: =HYPERLINK("["&MID(CELL("filename"),SEARCH("[",CELL("filename"))+1,SEARCH("]",CELL("filename"))-SEARCH("[",CELL("filename"))-1)&"]"&INDIRECT(ADDRESS(ROW()-37,2,1,TRUE,"자산목록"))&"!A1",INDIRECT(ADDRESS(ROW()-37,2,1,TRUE,"자산목록"))) -> HQ-CORE-L3-A | C42: =IFERROR(VLOOKUP($A42,자산목록!$B$1:$M$847,8,FALSE),"-") -> L3 스위치 | E42: =IFERROR(INDIRECT(ADDRESS(17,4,1,TRUE,$A42)),0) -> 38 | F42: =E42-I42 -> 36 | G42: =IFERROR(INDIRECT(ADDRESS(17,5,1,TRUE,$A42)),0) -> 34 | H42: =IFERROR(INDIRECT(ADDRESS(17,6,1,TRUE,$A42)),0) -> 1 | I42: =IFERROR(INDIRECT(ADDRESS(17,7,1,TRUE,$A42)),0) -> 2 | J42: =IFERROR(INDIRECT(ADDRESS(17,18,1,TRUE,$A42)),0) -> 84 | K42: =IFERROR(INDIRECT(ADDRESS(17,19,1,TRUE,$A42)),0) -> 71 | L42: =IFERROR(INDIRECT(ADDRESS(17,8,1,TRUE,$A42)),0) -> 0.8452381
A43: =HYPERLINK("["&MID(CELL("filename"),SEARCH("[",CELL("filename"))+1,SEARCH("]",CELL("filename"))-SEARCH("[",CELL("filename"))-1)&"]"&INDIRECT(ADDRESS(ROW()-37,2,1,TRUE,"자산목록"))&"!A1",INDIRECT(ADDRESS(ROW()-37,2,1,TRUE,"자산목록"))) -> HQ-CORE-L3-B | C43: =IFERROR(VLOOKUP($A43,자산목록!$B$1:$M$847,8,FALSE),"-") -> L3 스위치 | E43: =IFERROR(INDIRECT(ADDRESS(17,4,1,TRUE,$A43)),0) -> 38 | F43: =E43-I43 -> 36 | G43: =IFERROR(INDIRECT(ADDRESS(17,5,1,TRUE,$A43)),0) -> 34 | H43: =IFERROR(INDIRECT(ADDRESS(17,6,1,TRUE,$A43)),0) -> 1 | I43: =IFERROR(INDIRECT(ADDRESS(17,7,1,TRUE,$A43)),0) -> 2 | J43: =IFERROR(INDIRECT(ADDRESS(17,18,1,TRUE,$A43)),0) -> 84 | K43: =IFERROR(INDIRECT(ADDRESS(17,19,1,TRUE,$A43)),0) -> 80 | L43: =IFERROR(INDIRECT(ADDRESS(17,8,1,TRUE,$A43)),0) -> 0.95238095
A44: =HYPERLINK("["&MID(CELL("filename"),SEARCH("[",CELL("filename"))+1,SEARCH("]",CELL("filename"))-SEARCH("[",CELL("filename"))-1)&"]"&INDIRECT(ADDRESS(ROW()-37,2,1,TRUE,"자산목록"))&"!A1",INDIRECT(ADDRESS(ROW()-37,2,1,TRUE,"자산목록"))) -> HQ-DMZ-L3 | C44: =IFERROR(VLOOKUP($A44,자산목록!$B$1:$M$847,8,FALSE),"-") -> L3 스위치 | E44: =IFERROR(INDIRECT(ADDRESS(17,4,1,TRUE,$A44)),0) -> 38 | F44: =E44-I44 -> 36 | G44: =IFERROR(INDIRECT(ADDRESS(17,5,1,TRUE,$A44)),0) -> 33 | H44: =IFERROR(INDIRECT(ADDRESS(17,6,1,TRUE,$A44)),0) -> 1 | I44: =IFERROR(INDIRECT(ADDRESS(17,7,1,TRUE,$A44)),0) -> 2 | J44: =IFERROR(INDIRECT(ADDRESS(17,18,1,TRUE,$A44)),0) -> 85 | K44: =IFERROR(INDIRECT(ADDRESS(17,19,1,TRUE,$A44)),0) -> 76 | L44: =IFERROR(INDIRECT(ADDRESS(17,8,1,TRUE,$A44)),0) -> 0.89411765
A45: =HYPERLINK("["&MID(CELL("filename"),SEARCH("[",CELL("filename"))+1,SEARCH("]",CELL("filename"))-SEARCH("[",CELL("filename"))-1)&"]"&INDIRECT(ADDRESS(ROW()-37,2,1,TRUE,"자산목록"))&"!A1",INDIRECT(ADDRESS(ROW()-37,2,1,TRUE,"자산목록"))) -> BR-CORE-L3-A | C45: =IFERROR(VLOOKUP($A45,자산목록!$B$1:$M$847,8,FALSE),"-") -> L3 스위치 | E45: =IFERROR(INDIRECT(ADDRESS(17,4,1,TRUE,$A45)),0) -> 38 | F45: =E45-I45 -> 38 | G45: =IFERROR(INDIRECT(ADDRESS(17,5,1,TRUE,$A45)),0) -> 4 | H45: =IFERROR(INDIRECT(ADDRESS(17,6,1,TRUE,$A45)),0) -> 32 | I45: =IFERROR(INDIRECT(ADDRESS(17,7,1,TRUE,$A45)),0) -> 0 | J45: =IFERROR(INDIRECT(ADDRESS(17,18,1,TRUE,$A45)),0) -> 90 | K45: =IFERROR(INDIRECT(ADDRESS(17,19,1,TRUE,$A45)),0) -> 10 | L45: =IFERROR(INDIRECT(ADDRESS(17,8,1,TRUE,$A45)),0) -> 0.11111111
A46: =HYPERLINK("["&MID(CELL("filename"),SEARCH("[",CELL("filename"))+1,SEARCH("]",CELL("filename"))-SEARCH("[",CELL("filename"))-1)&"]"&INDIRECT(ADDRESS(ROW()-37,2,1,TRUE,"자산목록"))&"!A1",INDIRECT(ADDRESS(ROW()-37,2,1,TRUE,"자산목록"))) -> BR-CORE-L3-B | C46: =IFERROR(VLOOKUP($A46,자산목록!$B$1:$M$847,8,FALSE),"-") -> L3 스위치 | E46: =IFERROR(INDIRECT(ADDRESS(17,4,1,TRUE,$A46)),0) -> 38 | F46: =E46-I46 -> 25 | G46: =IFERROR(INDIRECT(ADDRESS(17,5,1,TRUE,$A46)),0) -> 4 | H46: =IFERROR(INDIRECT(ADDRESS(17,6,1,TRUE,$A46)),0) -> 18 | I46: =IFERROR(INDIRECT(ADDRESS(17,7,1,TRUE,$A46)),0) -> 13 | J46: =IFERROR(INDIRECT(ADDRESS(17,18,1,TRUE,$A46)),0) -> 62 | K46: =IFERROR(INDIRECT(ADDRESS(17,19,1,TRUE,$A46)),0) -> 10 | L46: =IFERROR(INDIRECT(ADDRESS(17,8,1,TRUE,$A46)),0) -> 0.16129032
A47: =HYPERLINK("["&MID(CELL("filename"),SEARCH("[",CELL("filename"))+1,SEARCH("]",CELL("filename"))-SEARCH("[",CELL("filename"))-1)&"]"&INDIRECT(ADDRESS(ROW()-37,2,1,TRUE,"자산목록"))&"!A1",INDIRECT(ADDRESS(ROW()-37,2,1,TRUE,"자산목록"))) -> BR-DMZ-L3 | C47: =IFERROR(VLOOKUP($A47,자산목록!$B$1:$M$847,8,FALSE),"-") -> L3 스위치 | E47: =IFERROR(INDIRECT(ADDRESS(17,4,1,TRUE,$A47)),0) -> 38 | F47: =E47-I47 -> 25 | G47: =IFERROR(INDIRECT(ADDRESS(17,5,1,TRUE,$A47)),0) -> 4 | H47: =IFERROR(INDIRECT(ADDRESS(17,6,1,TRUE,$A47)),0) -> 18 | I47: =IFERROR(INDIRECT(ADDRESS(17,7,1,TRUE,$A47)),0) -> 13 | J47: =IFERROR(INDIRECT(ADDRESS(17,18,1,TRUE,$A47)),0) -> 62 | K47: =IFERROR(INDIRECT(ADDRESS(17,19,1,TRUE,$A47)),0) -> 10 | L47: =IFERROR(INDIRECT(ADDRESS(17,8,1,TRUE,$A47)),0) -> 0.16129032
A48: =HYPERLINK("["&MID(CELL("filename"),SEARCH("[",CELL("filename"))+1,SEARCH("]",CELL("filename"))-SEARCH("[",CELL("filename"))-1)&"]"&INDIRECT(ADDRESS(ROW()-37,2,1,TRUE,"자산목록"))&"!A1",INDIRECT(ADDRESS(ROW()-37,2,1,TRUE,"자산목록"))) -> HQ-BACKUP-SW | C48: =IFERROR(VLOOKUP($A48,자산목록!$B$1:$M$847,8,FALSE),"-") -> L2 스위치 | E48: =IFERROR(INDIRECT(ADDRESS(17,4,1,TRUE,$A48)),0) -> 38 | F48: =E48-I48 -> 38 | G48: =IFERROR(INDIRECT(ADDRESS(17,5,1,TRUE,$A48)),0) -> 34 | H48: =IFERROR(INDIRECT(ADDRESS(17,6,1,TRUE,$A48)),0) -> 0 | I48: =IFERROR(INDIRECT(ADDRESS(17,7,1,TRUE,$A48)),0) -> 0 | J48: =IFERROR(INDIRECT(ADDRESS(17,18,1,TRUE,$A48)),0) -> 90 | K48: =IFERROR(INDIRECT(ADDRESS(17,19,1,TRUE,$A48)),0) -> 80 | L48: =IFERROR(INDIRECT(ADDRESS(17,8,1,TRUE,$A48)),0) -> 0.88888889
A49: =HYPERLINK("["&MID(CELL("filename"),SEARCH("[",CELL("filename"))+1,SEARCH("]",CELL("filename"))-SEARCH("[",CELL("filename"))-1)&"]"&INDIRECT(ADDRESS(ROW()-37,2,1,TRUE,"자산목록"))&"!A1",INDIRECT(ADDRESS(ROW()-37,2,1,TRUE,"자산목록"))) -> HQ-SERVER-SW | C49: =IFERROR(VLOOKUP($A49,자산목록!$B$1:$M$847,8,FALSE),"-") -> L2 스위치 | E49: =IFERROR(INDIRECT(ADDRESS(17,4,1,TRUE,$A49)),0) -> 38 | F49: =E49-I49 -> 38 | G49: =IFERROR(INDIRECT(ADDRESS(17,5,1,TRUE,$A49)),0) -> 34 | H49: =IFERROR(INDIRECT(ADDRESS(17,6,1,TRUE,$A49)),0) -> 0 | I49: =IFERROR(INDIRECT(ADDRESS(17,7,1,TRUE,$A49)),0) -> 0 | J49: =IFERROR(INDIRECT(ADDRESS(17,18,1,TRUE,$A49)),0) -> 90 | K49: =IFERROR(INDIRECT(ADDRESS(17,19,1,TRUE,$A49)),0) -> 80 | L49: =IFERROR(INDIRECT(ADDRESS(17,8,1,TRUE,$A49)),0) -> 0.88888889
A50: =HYPERLINK("["&MID(CELL("filename"),SEARCH("[",CELL("filename"))+1,SEARCH("]",CELL("filename"))-SEARCH("[",CELL("filename"))-1)&"]"&INDIRECT(ADDRESS(ROW()-37,2,1,TRUE,"자산목록"))&"!A1",INDIRECT(ADDRESS(ROW()-37,2,1,TRUE,"자산목록"))) -> HQ-HR-SW | C50: =IFERROR(VLOOKUP($A50,자산목록!$B$1:$M$847,8,FALSE),"-") -> L2 스위치 | E50: =IFERROR(INDIRECT(ADDRESS(17,4,1,TRUE,$A50)),0) -> 38 | F50: =E50-I50 -> 38 | G50: =IFERROR(INDIRECT(ADDRESS(17,5,1,TRUE,$A50)),0) -> 34 | H50: =IFERROR(INDIRECT(ADDRESS(17,6,1,TRUE,$A50)),0) -> 0 | I50: =IFERROR(INDIRECT(ADDRESS(17,7,1,TRUE,$A50)),0) -> 0 | J50: =IFERROR(INDIRECT(ADDRESS(17,18,1,TRUE,$A50)),0) -> 90 | K50: =IFERROR(INDIRECT(ADDRESS(17,19,1,TRUE,$A50)),0) -> 80 | L50: =IFERROR(INDIRECT(ADDRESS(17,8,1,TRUE,$A50)),0) -> 0.88888889
A51: =HYPERLINK("["&MID(CELL("filename"),SEARCH("[",CELL("filename"))+1,SEARCH("]",CELL("filename"))-SEARCH("[",CELL("filename"))-1)&"]"&INDIRECT(ADDRESS(ROW()-37,2,1,TRUE,"자산목록"))&"!A1",INDIRECT(ADDRESS(ROW()-37,2,1,TRUE,"자산목록"))) -> HQ-DEV-SW | C51: =IFERROR(VLOOKUP($A51,자산목록!$B$1:$M$847,8,FALSE),"-") -> L2 스위치 | E51: =IFERROR(INDIRECT(ADDRESS(17,4,1,TRUE,$A51)),0) -> 38 | F51: =E51-I51 -> 38 | G51: =IFERROR(INDIRECT(ADDRESS(17,5,1,TRUE,$A51)),0) -> 34 | H51: =IFERROR(INDIRECT(ADDRESS(17,6,1,TRUE,$A51)),0) -> 0 | I51: =IFERROR(INDIRECT(ADDRESS(17,7,1,TRUE,$A51)),0) -> 0 | J51: =IFERROR(INDIRECT(ADDRESS(17,18,1,TRUE,$A51)),0) -> 90 | K51: =IFERROR(INDIRECT(ADDRESS(17,19,1,TRUE,$A51)),0) -> 80 | L51: =IFERROR(INDIRECT(ADDRESS(17,8,1,TRUE,$A51)),0) -> 0.88888889
A52: =HYPERLINK("["&MID(CELL("filename"),SEARCH("[",CELL("filename"))+1,SEARCH("]",CELL("filename"))-SEARCH("[",CELL("filename"))-1)&"]"&INDIRECT(ADDRESS(ROW()-37,2,1,TRUE,"자산목록"))&"!A1",INDIRECT(ADDRESS(ROW()-37,2,1,TRUE,"자산목록"))) -> HQ-OPS-SW | C52: =IFERROR(VLOOKUP($A52,자산목록!$B$1:$M$847,8,FALSE),"-") -> L2 스위치 | E52: =IFERROR(INDIRECT(ADDRESS(17,4,1,TRUE,$A52)),0) -> 38 | F52: =E52-I52 -> 38 | G52: =IFERROR(INDIRECT(ADDRESS(17,5,1,TRUE,$A52)),0) -> 34 | H52: =IFERROR(INDIRECT(ADDRESS(17,6,1,TRUE,$A52)),0) -> 0 | I52: =IFERROR(INDIRECT(ADDRESS(17,7,1,TRUE,$A52)),0) -> 0 | J52: =IFERROR(INDIRECT(ADDRESS(17,18,1,TRUE,$A52)),0) -> 90 | K52: =IFERROR(INDIRECT(ADDRESS(17,19,1,TRUE,$A52)),0) -> 80 | L52: =IFERROR(INDIRECT(ADDRESS(17,8,1,TRUE,$A52)),0) -> 0.88888889
A53: =HYPERLINK("["&MID(CELL("filename"),SEARCH("[",CELL("filename"))+1,SEARCH("]",CELL("filename"))-SEARCH("[",CELL("filename"))-1)&"]"&INDIRECT(ADDRESS(ROW()-37,2,1,TRUE,"자산목록"))&"!A1",INDIRECT(ADDRESS(ROW()-37,2,1,TRUE,"자산목록"))) -> HQ-CS-SW | C53: =IFERROR(VLOOKUP($A53,자산목록!$B$1:$M$847,8,FALSE),"-") -> L2 스위치 | E53: =IFERROR(INDIRECT(ADDRESS(17,4,1,TRUE,$A53)),0) -> 38 | F53: =E53-I53 -> 38 | G53: =IFERROR(INDIRECT(ADDRESS(17,5,1,TRUE,$A53)),0) -> 34 | H53: =IFERROR(INDIRECT(ADDRESS(17,6,1,TRUE,$A53)),0) -> 0 | I53: =IFERROR(INDIRECT(ADDRESS(17,7,1,TRUE,$A53)),0) -> 0 | J53: =IFERROR(INDIRECT(ADDRESS(17,18,1,TRUE,$A53)),0) -> 90 | K53: =IFERROR(INDIRECT(ADDRESS(17,19,1,TRUE,$A53)),0) -> 80 | L53: =IFERROR(INDIRECT(ADDRESS(17,8,1,TRUE,$A53)),0) -> 0.88888889
... A64: =HYPERLINK("["&MID(CELL("filename"),SEARCH("[",CELL("filename"))+1,SEARCH("]",CELL("filename"))-SEARCH("[",CELL("filename"))-1)&"]"&INDIRECT(ADDRESS(ROW()-37,2,1,TRUE,"자산목록"))&"!A1",INDIRECT(ADDRESS(ROW()-37,2,1,TRUE,"자산목록"))) -> BR-INTERNAL-FW-R | C64: =IFERROR(VLOOKUP($A64,자산목록!$B$1:$M$847,8,FALSE),"-") -> 라우터 | E64: =IFERROR(INDIRECT(ADDRESS(17,4,1,TRUE,$A64)),0) -> 38 | F64: =E64-I64 -> 38 | G64: =IFERROR(INDIRECT(ADDRESS(17,5,1,TRUE,$A64)),0) -> 34 | H64: =IFERROR(INDIRECT(ADDRESS(17,6,1,TRUE,$A64)),0) -> 0 | I64: =IFERROR(INDIRECT(ADDRESS(17,7,1,TRUE,$A64)),0) -> 0 | J64: =IFERROR(INDIRECT(ADDRESS(17,18,1,TRUE,$A64)),0) -> 90 | K64: =IFERROR(INDIRECT(ADDRESS(17,19,1,TRUE,$A64)),0) -> 80 | L64: =IFERROR(INDIRECT(ADDRESS(17,8,1,TRUE,$A64)),0) -> 0.88888889
A65: 계 | E65: =SUM(E42:E42) -> 38 | F65: =SUM(F42:F42) -> 36 | G65: =SUM(G42:G42) -> 34 | H65: =SUM(H42:H42) -> 1 | I65: =SUM(I42:I42) -> 2 | J65: =SUM(J42:J42) -> 84 | K65: =SUM(K42:K42) -> 71 | L65: =IFERROR(K65/J65,0) -> 0.8452381

Sheet 취약점 진단 항목별 통계
A1: ■ 취약점 진단 항목별 통계
A3: =ChkList!A4 -> 분류 | C3: =ChkList!C4 -> 진단항목 | D3: =ChkList!D4 -> 중요도 | F3: 진단 통계 | K3: 중요도 점수 | M3: 진단결과 | N3: 진단결과 | O3: 진단결과 | P3: 진단결과 | Q3: 진단결과 | R3: 진단결과 | S3: 진단결과 | T3: 진단결과 | U3: 진단결과 | V3: 진단결과 | W3: 진단결과 | X3: 진단결과 | Y3: 진단결과 | Z3: 진단결과 | AA3: 진단결과 | AB3: 진단결과
F4: 전체 | G4: 양호 | H4: 즉시조치 | I4: 취약 | J4: N/A | K4: 전체 | L4: 평가 | M4: =HYPERLINK("["&MID(CELL("filename"),SEARCH("[",CELL("filename"))+1,SEARCH("]",CELL("filename"))-SEARCH("[",CELL("filename"))-1)&"]"&INDIRECT(ADDRESS(COLUMN()-8,2,1,TRUE,"자산목록"))&"!A1",INDIRECT(ADDRESS(COLUMN()-8,2,1,TRUE,"자산목록"))) -> HQ-CORE-L3-A | N4: =HYPERLINK("["&MID(CELL("filename"),SEARCH("[",CELL("filename"))+1,SEARCH("]",CELL("filename"))-SEARCH("[",CELL("filename"))-1)&"]"&INDIRECT(ADDRESS(COLUMN()-8,2,1,TRUE,"자산목록"))&"!A1",INDIRECT(ADDRESS(COLUMN()-8,2,1,TRUE,"자산목록"))) -> HQ-CORE-L3-B | O4: =HYPERLINK("["&MID(CELL("filename"),SEARCH("[",CELL("filename"))+1,SEARCH("]",CELL("filename"))-SEARCH("[",CELL("filename"))-1)&"]"&INDIRECT(ADDRESS(COLUMN()-8,2,1,TRUE,"자산목록"))&"!A1",INDIRECT(ADDRESS(COLUMN()-8,2,1,TRUE,"자산목록"))) -> HQ-DMZ-L3 | P4: =HYPERLINK("["&MID(CELL("filename"),SEARCH("[",CELL("filename"))+1,SEARCH("]",CELL("filename"))-SEARCH("[",CELL("filename"))-1)&"]"&INDIRECT(ADDRESS(COLUMN()-8,2,1,TRUE,"자산목록"))&"!A1",INDIRECT(ADDRESS(COLUMN()-8,2,1,TRUE,"자산목록"))) -> BR-CORE-L3-A | Q4: =HYPERLINK("["&MID(CELL("filename"),SEARCH("[",CELL("filename"))+1,SEARCH("]",CELL("filename"))-SEARCH("[",CELL("filename"))-1)&"]"&INDIRECT(ADDRESS(COLUMN()-8,2,1,TRUE,"자산목록"))&"!A1",INDIRECT(ADDRESS(COLUMN()-8,2,1,TRUE,"자산목록"))) -> BR-CORE-L3-B | R4: =HYPERLINK("["&MID(CELL("filename"),SEARCH("[",CELL("filename"))+1,SEARCH("]",CELL("filename"))-SEARCH("[",CELL("filename"))-1)&"]"&INDIRECT(ADDRESS(COLUMN()-8,2,1,TRUE,"자산목록"))&"!A1",INDIRECT(ADDRESS(COLUMN()-8,2,1,TRUE,"자산목록"))) -> BR-DMZ-L3 | S4: =HYPERLINK("["&MID(CELL("filename"),SEARCH("[",CELL("filename"))+1,SEARCH("]",CELL("filename"))-SEARCH("[",CELL("filename"))-1)&"]"&INDIRECT(ADDRESS(COLUMN()-8,2,1,TRUE,"자산목록"))&"!A1",INDIRECT(ADDRESS(COLUMN()-8,2,1,TRUE,"자산목록"))) -> HQ-BACKUP-SW | T4: =HYPERLINK("["&MID(CELL("filename"),SEARCH("[",CELL("filename"))+1,SEARCH("]",CELL("filename"))-SEARCH("[",CELL("filename"))-1)&"]"&INDIRECT(ADDRESS(COLUMN()-8,2,1,TRUE,"자산목록"))&"!A1",INDIRECT(ADDRESS(COLUMN()-8,2,1,TRUE,"자산목록"))) -> HQ-SERVER-SW | ... AB4: =HYPERLINK("["&MID(CELL("filename"),SEARCH("[",CELL("filename"))+1,SEARCH("]",CELL("filename"))-SEARCH("[",CELL("filename"))-1)&"]"&INDIRECT(ADDRESS(COLUMN()-8,2,1,TRUE,"자산목록"))&"!A1",INDIRECT(ADDRESS(COLUMN()-8,2,1,TRUE,"자산목록"))) -> BR-OPS-SW
A5: =ChkList!A5 -> 계정 관리 | B5: =ChkList!$B5 -> N-01 | C5: =ChkList!$C5 -> 비밀번호 설정 | D5: =ChkList!$D5 -> H | E5: =ChkList!E5 -> 3 | F5: =COUNTA($M5:INDIRECT(ADDRESS(ROW(),MATCH("",$4:$4,-1),1,1))) -> 16 | G5: =COUNTIF($M5:INDIRECT(ADDRESS(ROW(),MATCH("",$4:$4,-1),1,1)),"조치완료(Y)")+COUNTIF($M5:INDIRECT(ADDRESS(ROW(),MATCH("",$4:$4,-1),1,1)),"Y") -> 13 | H5: =COUNTIF($M5:INDIRECT(ADDRESS(ROW(),MATCH("",$4:$4,-1),1,1)),"Y(즉시조치)")+COUNTIF($M5:INDIRECT(ADDRESS(ROW(),MATCH("",$4:$4,-1),1,1)),"조치완료(즉시조치)") -> 0 | I5: =COUNTIF($M5:INDIRECT(ADDRESS(ROW(),MATCH("",$4:$4,-1),1,1)),"N") -> 3 | J5: =COUNTIF($M5:INDIRECT(ADDRESS(ROW(),MATCH("",$4:$4,-1),1,1)),"N/A")+COUNTIF($M5:INDIRECT(ADDRESS(ROW(),MATCH("",$4:$4,-1),1,1)),"조치완료(N/A)") -> 0 | K5: =VLOOKUP($D5,'parm(hidden)'!$B$8:$C$10,2,FALSE)*($F5-$J5) -> 48 | L5: =VLOOKUP($D5,'parm(hidden)'!$B$8:$C$10,2,FALSE)*($G5+$H5) -> 39 | M5: =HYPERLINK("["&MID(CELL("filename"),SEARCH("[",CELL("filename"))+1,SEARCH("]",CELL("filename"))-SEARCH("[",CELL("filename"))-1)&"]"&ADDRESS(ROW()+16,8,1,TRUE,M$4),INDIRECT(ADDRESS(ROW()+16,8,1,TRUE,M$4))) -> Y | N5: =HYPERLINK("["&MID(CELL("filename"),SEARCH("[",CELL("filename"))+1,SEARCH("]",CELL("filename"))-SEARCH("[",CELL("filename"))-1)&"]"&ADDRESS(ROW()+16,8,1,TRUE,N$4),INDIRECT(ADDRESS(ROW()+16,8,1,TRUE,N$4))) -> Y | O5: =HYPERLINK("["&MID(CELL("filename"),SEARCH("[",CELL("filename"))+1,SEARCH("]",CELL("filename"))-SEARCH("[",CELL("filename"))-1)&"]"&ADDRESS(ROW()+16,8,1,TRUE,O$4),INDIRECT(ADDRESS(ROW()+16,8,1,TRUE,O$4))) -> Y | P5: =HYPERLINK("["&MID(CELL("filename"),SEARCH("[",CELL("filename"))+1,SEARCH("]",CELL("filename"))-SEARCH("[",CELL("filename"))-1)&"]"&ADDRESS(ROW()+16,8,1,TRUE,P$4),INDIRECT(ADDRESS(ROW()+16,8,1,TRUE,P$4))) -> N | Q5: =HYPERLINK("["&MID(CELL("filename"),SEARCH("[",CELL("filename"))+1,SEARCH("]",CELL("filename"))-SEARCH("[",CELL("filename"))-1)&"]"&ADDRESS(ROW()+16,8,1,TRUE,Q$4),INDIRECT(ADDRESS(ROW()+16,8,1,TRUE,Q$4))) -> N | R5: =HYPERLINK("["&MID(CELL("filename"),SEARCH("[",CELL("filename"))+1,SEARCH("]",CELL("filename"))-SEARCH("[",CELL("filename"))-1)&"]"&ADDRESS(ROW()+16,8,1,TRUE,R$4),INDIRECT(ADDRESS(ROW()+16,8,1,TRUE,R$4))) -> N | S5: =HYPERLINK("["&MID(CELL("filename"),SEARCH("[",CELL("filename"))+1,SEARCH("]",CELL("filename"))-SEARCH("[",CELL("filename"))-1)&"]"&ADDRESS(ROW()+16,8,1,TRUE,S$4),INDIRECT(ADDRESS(ROW()+16,8,1,TRUE,S$4))) -> Y | T5: =HYPERLINK("["&MID(CELL("filename"),SEARCH("[",CELL("filename"))+1,SEARCH("]",CELL("filename"))-SEARCH("[",CELL("filename"))-1)&"]"&ADDRESS(ROW()+16,8,1,TRUE,T$4),INDIRECT(ADDRESS(ROW()+16,8,1,TRUE,T$4))) -> Y | ... AB5: =HYPERLINK("["&MID(CELL("filename"),SEARCH("[",CELL("filename"))+1,SEARCH("]",CELL("filename"))-SEARCH("[",CELL("filename"))-1)&"]"&ADDRESS(ROW()+16,8,1,TRUE,AB$4),INDIRECT(ADDRESS(ROW()+16,8,1,TRUE,AB$4))) -> Y
A6: =ChkList!A6 -> 계정 관리 | B6: =ChkList!$B6 -> N-02 | C6: =ChkList!$C6 -> 비밀번호 복잡성 설정 | D6: =ChkList!$D6 -> H | E6: =ChkList!E6 -> 3 | F6: =COUNTA($M6:INDIRECT(ADDRESS(ROW(),MATCH("",$4:$4,-1),1,1))) -> 16 | G6: =COUNTIF($M6:INDIRECT(ADDRESS(ROW(),MATCH("",$4:$4,-1),1,1)),"조치완료(Y)")+COUNTIF($M6:INDIRECT(ADDRESS(ROW(),MATCH("",$4:$4,-1),1,1)),"Y") -> 13 | H6: =COUNTIF($M6:INDIRECT(ADDRESS(ROW(),MATCH("",$4:$4,-1),1,1)),"Y(즉시조치)")+COUNTIF($M6:INDIRECT(ADDRESS(ROW(),MATCH("",$4:$4,-1),1,1)),"조치완료(즉시조치)") -> 0 | I6: =COUNTIF($M6:INDIRECT(ADDRESS(ROW(),MATCH("",$4:$4,-1),1,1)),"N") -> 3 | J6: =COUNTIF($M6:INDIRECT(ADDRESS(ROW(),MATCH("",$4:$4,-1),1,1)),"N/A")+COUNTIF($M6:INDIRECT(ADDRESS(ROW(),MATCH("",$4:$4,-1),1,1)),"조치완료(N/A)") -> 0 | K6: =VLOOKUP($D6,'parm(hidden)'!$B$8:$C$10,2,FALSE)*($F6-$J6) -> 48 | L6: =VLOOKUP($D6,'parm(hidden)'!$B$8:$C$10,2,FALSE)*($G6+$H6) -> 39 | M6: =HYPERLINK("["&MID(CELL("filename"),SEARCH("[",CELL("filename"))+1,SEARCH("]",CELL("filename"))-SEARCH("[",CELL("filename"))-1)&"]"&ADDRESS(ROW()+16,8,1,TRUE,M$4),INDIRECT(ADDRESS(ROW()+16,8,1,TRUE,M$4))) -> Y | N6: =HYPERLINK("["&MID(CELL("filename"),SEARCH("[",CELL("filename"))+1,SEARCH("]",CELL("filename"))-SEARCH("[",CELL("filename"))-1)&"]"&ADDRESS(ROW()+16,8,1,TRUE,N$4),INDIRECT(ADDRESS(ROW()+16,8,1,TRUE,N$4))) -> Y | O6: =HYPERLINK("["&MID(CELL("filename"),SEARCH("[",CELL("filename"))+1,SEARCH("]",CELL("filename"))-SEARCH("[",CELL("filename"))-1)&"]"&ADDRESS(ROW()+16,8,1,TRUE,O$4),INDIRECT(ADDRESS(ROW()+16,8,1,TRUE,O$4))) -> Y | P6: =HYPERLINK("["&MID(CELL("filename"),SEARCH("[",CELL("filename"))+1,SEARCH("]",CELL("filename"))-SEARCH("[",CELL("filename"))-1)&"]"&ADDRESS(ROW()+16,8,1,TRUE,P$4),INDIRECT(ADDRESS(ROW()+16,8,1,TRUE,P$4))) -> N | Q6: =HYPERLINK("["&MID(CELL("filename"),SEARCH("[",CELL("filename"))+1,SEARCH("]",CELL("filename"))-SEARCH("[",CELL("filename"))-1)&"]"&ADDRESS(ROW()+16,8,1,TRUE,Q$4),INDIRECT(ADDRESS(ROW()+16,8,1,TRUE,Q$4))) -> N | R6: =HYPERLINK("["&MID(CELL("filename"),SEARCH("[",CELL("filename"))+1,SEARCH("]",CELL("filename"))-SEARCH("[",CELL("filename"))-1)&"]"&ADDRESS(ROW()+16,8,1,TRUE,R$4),INDIRECT(ADDRESS(ROW()+16,8,1,TRUE,R$4))) -> N | S6: =HYPERLINK("["&MID(CELL("filename"),SEARCH("[",CELL("filename"))+1,SEARCH("]",CELL("filename"))-SEARCH("[",CELL("filename"))-1)&"]"&ADDRESS(ROW()+16,8,1,TRUE,S$4),INDIRECT(ADDRESS(ROW()+16,8,1,TRUE,S$4))) -> Y | T6: =HYPERLINK("["&MID(CELL("filename"),SEARCH("[",CELL("filename"))+1,SEARCH("]",CELL("filename"))-SEARCH("[",CELL("filename"))-1)&"]"&ADDRESS(ROW()+16,8,1,TRUE,T$4),INDIRECT(ADDRESS(ROW()+16,8,1,TRUE,T$4))) -> Y | ... AB6: =HYPERLINK("["&MID(CELL("filename"),SEARCH("[",CELL("filename"))+1,SEARCH("]",CELL("filename"))-SEARCH("[",CELL("filename"))-1)&"]"&ADDRESS(ROW()+16,8,1,TRUE,AB$4),INDIRECT(ADDRESS(ROW()+16,8,1,TRUE,AB$4))) -> Y
A7: =ChkList!A7 -> 계정 관리 | B7: =ChkList!$B7 -> N-03 | C7: =ChkList!$C7 -> 암호화된 비밀번호 사용 | D7: =ChkList!$D7 -> H | E7: =ChkList!E7 -> 3 | F7: =COUNTA($M7:INDIRECT(ADDRESS(ROW(),MATCH("",$4:$4,-1),1,1))) -> 16 | G7: =COUNTIF($M7:INDIRECT(ADDRESS(ROW(),MATCH("",$4:$4,-1),1,1)),"조치완료(Y)")+COUNTIF($M7:INDIRECT(ADDRESS(ROW(),MATCH("",$4:$4,-1),1,1)),"Y") -> 13 | H7: =COUNTIF($M7:INDIRECT(ADDRESS(ROW(),MATCH("",$4:$4,-1),1,1)),"Y(즉시조치)")+COUNTIF($M7:INDIRECT(ADDRESS(ROW(),MATCH("",$4:$4,-1),1,1)),"조치완료(즉시조치)") -> 0 | I7: =COUNTIF($M7:INDIRECT(ADDRESS(ROW(),MATCH("",$4:$4,-1),1,1)),"N") -> 3 | J7: =COUNTIF($M7:INDIRECT(ADDRESS(ROW(),MATCH("",$4:$4,-1),1,1)),"N/A")+COUNTIF($M7:INDIRECT(ADDRESS(ROW(),MATCH("",$4:$4,-1),1,1)),"조치완료(N/A)") -> 0 | K7: =VLOOKUP($D7,'parm(hidden)'!$B$8:$C$10,2,FALSE)*($F7-$J7) -> 48 | L7: =VLOOKUP($D7,'parm(hidden)'!$B$8:$C$10,2,FALSE)*($G7+$H7) -> 39 | M7: =HYPERLINK("["&MID(CELL("filename"),SEARCH("[",CELL("filename"))+1,SEARCH("]",CELL("filename"))-SEARCH("[",CELL("filename"))-1)&"]"&ADDRESS(ROW()+16,8,1,TRUE,M$4),INDIRECT(ADDRESS(ROW()+16,8,1,TRUE,M$4))) -> Y | N7: =HYPERLINK("["&MID(CELL("filename"),SEARCH("[",CELL("filename"))+1,SEARCH("]",CELL("filename"))-SEARCH("[",CELL("filename"))-1)&"]"&ADDRESS(ROW()+16,8,1,TRUE,N$4),INDIRECT(ADDRESS(ROW()+16,8,1,TRUE,N$4))) -> Y | O7: =HYPERLINK("["&MID(CELL("filename"),SEARCH("[",CELL("filename"))+1,SEARCH("]",CELL("filename"))-SEARCH("[",CELL("filename"))-1)&"]"&ADDRESS(ROW()+16,8,1,TRUE,O$4),INDIRECT(ADDRESS(ROW()+16,8,1,TRUE,O$4))) -> Y | P7: =HYPERLINK("["&MID(CELL("filename"),SEARCH("[",CELL("filename"))+1,SEARCH("]",CELL("filename"))-SEARCH("[",CELL("filename"))-1)&"]"&ADDRESS(ROW()+16,8,1,TRUE,P$4),INDIRECT(ADDRESS(ROW()+16,8,1,TRUE,P$4))) -> N | Q7: =HYPERLINK("["&MID(CELL("filename"),SEARCH("[",CELL("filename"))+1,SEARCH("]",CELL("filename"))-SEARCH("[",CELL("filename"))-1)&"]"&ADDRESS(ROW()+16,8,1,TRUE,Q$4),INDIRECT(ADDRESS(ROW()+16,8,1,TRUE,Q$4))) -> N | R7: =HYPERLINK("["&MID(CELL("filename"),SEARCH("[",CELL("filename"))+1,SEARCH("]",CELL("filename"))-SEARCH("[",CELL("filename"))-1)&"]"&ADDRESS(ROW()+16,8,1,TRUE,R$4),INDIRECT(ADDRESS(ROW()+16,8,1,TRUE,R$4))) -> N | S7: =HYPERLINK("["&MID(CELL("filename"),SEARCH("[",CELL("filename"))+1,SEARCH("]",CELL("filename"))-SEARCH("[",CELL("filename"))-1)&"]"&ADDRESS(ROW()+16,8,1,TRUE,S$4),INDIRECT(ADDRESS(ROW()+16,8,1,TRUE,S$4))) -> Y | T7: =HYPERLINK("["&MID(CELL("filename"),SEARCH("[",CELL("filename"))+1,SEARCH("]",CELL("filename"))-SEARCH("[",CELL("filename"))-1)&"]"&ADDRESS(ROW()+16,8,1,TRUE,T$4),INDIRECT(ADDRESS(ROW()+16,8,1,TRUE,T$4))) -> Y | ... AB7: =HYPERLINK("["&MID(CELL("filename"),SEARCH("[",CELL("filename"))+1,SEARCH("]",CELL("filename"))-SEARCH("[",CELL("filename"))-1)&"]"&ADDRESS(ROW()+16,8,1,TRUE,AB$4),INDIRECT(ADDRESS(ROW()+16,8,1,TRUE,AB$4))) -> Y
A8: =ChkList!A8 -> 계정 관리 | B8: =ChkList!$B8 -> N-04 | C8: =ChkList!$C8 -> 계정 잠금 임계값 설정 | D8: =ChkList!$D8 -> H | E8: =ChkList!E8 -> 3 | F8: =COUNTA($M8:INDIRECT(ADDRESS(ROW(),MATCH("",$4:$4,-1),1,1))) -> 16 | G8: =COUNTIF($M8:INDIRECT(ADDRESS(ROW(),MATCH("",$4:$4,-1),1,1)),"조치완료(Y)")+COUNTIF($M8:INDIRECT(ADDRESS(ROW(),MATCH("",$4:$4,-1),1,1)),"Y") -> 13 | H8: =COUNTIF($M8:INDIRECT(ADDRESS(ROW(),MATCH("",$4:$4,-1),1,1)),"Y(즉시조치)")+COUNTIF($M8:INDIRECT(ADDRESS(ROW(),MATCH("",$4:$4,-1),1,1)),"조치완료(즉시조치)") -> 0 | I8: =COUNTIF($M8:INDIRECT(ADDRESS(ROW(),MATCH("",$4:$4,-1),1,1)),"N") -> 3 | J8: =COUNTIF($M8:INDIRECT(ADDRESS(ROW(),MATCH("",$4:$4,-1),1,1)),"N/A")+COUNTIF($M8:INDIRECT(ADDRESS(ROW(),MATCH("",$4:$4,-1),1,1)),"조치완료(N/A)") -> 0 | K8: =VLOOKUP($D8,'parm(hidden)'!$B$8:$C$10,2,FALSE)*($F8-$J8) -> 48 | L8: =VLOOKUP($D8,'parm(hidden)'!$B$8:$C$10,2,FALSE)*($G8+$H8) -> 39 | M8: =HYPERLINK("["&MID(CELL("filename"),SEARCH("[",CELL("filename"))+1,SEARCH("]",CELL("filename"))-SEARCH("[",CELL("filename"))-1)&"]"&ADDRESS(ROW()+16,8,1,TRUE,M$4),INDIRECT(ADDRESS(ROW()+16,8,1,TRUE,M$4))) -> Y | N8: =HYPERLINK("["&MID(CELL("filename"),SEARCH("[",CELL("filename"))+1,SEARCH("]",CELL("filename"))-SEARCH("[",CELL("filename"))-1)&"]"&ADDRESS(ROW()+16,8,1,TRUE,N$4),INDIRECT(ADDRESS(ROW()+16,8,1,TRUE,N$4))) -> Y | O8: =HYPERLINK("["&MID(CELL("filename"),SEARCH("[",CELL("filename"))+1,SEARCH("]",CELL("filename"))-SEARCH("[",CELL("filename"))-1)&"]"&ADDRESS(ROW()+16,8,1,TRUE,O$4),INDIRECT(ADDRESS(ROW()+16,8,1,TRUE,O$4))) -> Y | P8: =HYPERLINK("["&MID(CELL("filename"),SEARCH("[",CELL("filename"))+1,SEARCH("]",CELL("filename"))-SEARCH("[",CELL("filename"))-1)&"]"&ADDRESS(ROW()+16,8,1,TRUE,P$4),INDIRECT(ADDRESS(ROW()+16,8,1,TRUE,P$4))) -> N | Q8: =HYPERLINK("["&MID(CELL("filename"),SEARCH("[",CELL("filename"))+1,SEARCH("]",CELL("filename"))-SEARCH("[",CELL("filename"))-1)&"]"&ADDRESS(ROW()+16,8,1,TRUE,Q$4),INDIRECT(ADDRESS(ROW()+16,8,1,TRUE,Q$4))) -> N | R8: =HYPERLINK("["&MID(CELL("filename"),SEARCH("[",CELL("filename"))+1,SEARCH("]",CELL("filename"))-SEARCH("[",CELL("filename"))-1)&"]"&ADDRESS(ROW()+16,8,1,TRUE,R$4),INDIRECT(ADDRESS(ROW()+16,8,1,TRUE,R$4))) -> N | S8: =HYPERLINK("["&MID(CELL("filename"),SEARCH("[",CELL("filename"))+1,SEARCH("]",CELL("filename"))-SEARCH("[",CELL("filename"))-1)&"]"&ADDRESS(ROW()+16,8,1,TRUE,S$4),INDIRECT(ADDRESS(ROW()+16,8,1,TRUE,S$4))) -> Y | T8: =HYPERLINK("["&MID(CELL("filename"),SEARCH("[",CELL("filename"))+1,SEARCH("]",CELL("filename"))-SEARCH("[",CELL("filename"))-1)&"]"&ADDRESS(ROW()+16,8,1,TRUE,T$4),INDIRECT(ADDRESS(ROW()+16,8,1,TRUE,T$4))) -> Y | ... AB8: =HYPERLINK("["&MID(CELL("filename"),SEARCH("[",CELL("filename"))+1,SEARCH("]",CELL("filename"))-SEARCH("[",CELL("filename"))-1)&"]"&ADDRESS(ROW()+16,8,1,TRUE,AB$4),INDIRECT(ADDRESS(ROW()+16,8,1,TRUE,AB$4))) -> Y
A9: =ChkList!A9 -> 계정 관리 | B9: =ChkList!$B9 -> N-05 | C9: =ChkList!$C9 -> 사용자·명령어별 권한 설정 | D9: =ChkList!$D9 -> M | E9: =ChkList!E9 -> 2 | F9: =COUNTA($M9:INDIRECT(ADDRESS(ROW(),MATCH("",$4:$4,-1),1,1))) -> 16 | G9: =COUNTIF($M9:INDIRECT(ADDRESS(ROW(),MATCH("",$4:$4,-1),1,1)),"조치완료(Y)")+COUNTIF($M9:INDIRECT(ADDRESS(ROW(),MATCH("",$4:$4,-1),1,1)),"Y") -> 13 | H9: =COUNTIF($M9:INDIRECT(ADDRESS(ROW(),MATCH("",$4:$4,-1),1,1)),"Y(즉시조치)")+COUNTIF($M9:INDIRECT(ADDRESS(ROW(),MATCH("",$4:$4,-1),1,1)),"조치완료(즉시조치)") -> 0 | I9: =COUNTIF($M9:INDIRECT(ADDRESS(ROW(),MATCH("",$4:$4,-1),1,1)),"N") -> 3 | J9: =COUNTIF($M9:INDIRECT(ADDRESS(ROW(),MATCH("",$4:$4,-1),1,1)),"N/A")+COUNTIF($M9:INDIRECT(ADDRESS(ROW(),MATCH("",$4:$4,-1),1,1)),"조치완료(N/A)") -> 0 | K9: =VLOOKUP($D9,'parm(hidden)'!$B$8:$C$10,2,FALSE)*($F9-$J9) -> 32 | L9: =VLOOKUP($D9,'parm(hidden)'!$B$8:$C$10,2,FALSE)*($G9+$H9) -> 26 | M9: =HYPERLINK("["&MID(CELL("filename"),SEARCH("[",CELL("filename"))+1,SEARCH("]",CELL("filename"))-SEARCH("[",CELL("filename"))-1)&"]"&ADDRESS(ROW()+16,8,1,TRUE,M$4),INDIRECT(ADDRESS(ROW()+16,8,1,TRUE,M$4))) -> Y | N9: =HYPERLINK("["&MID(CELL("filename"),SEARCH("[",CELL("filename"))+1,SEARCH("]",CELL("filename"))-SEARCH("[",CELL("filename"))-1)&"]"&ADDRESS(ROW()+16,8,1,TRUE,N$4),INDIRECT(ADDRESS(ROW()+16,8,1,TRUE,N$4))) -> Y | O9: =HYPERLINK("["&MID(CELL("filename"),SEARCH("[",CELL("filename"))+1,SEARCH("]",CELL("filename"))-SEARCH("[",CELL("filename"))-1)&"]"&ADDRESS(ROW()+16,8,1,TRUE,O$4),INDIRECT(ADDRESS(ROW()+16,8,1,TRUE,O$4))) -> Y | P9: =HYPERLINK("["&MID(CELL("filename"),SEARCH("[",CELL("filename"))+1,SEARCH("]",CELL("filename"))-SEARCH("[",CELL("filename"))-1)&"]"&ADDRESS(ROW()+16,8,1,TRUE,P$4),INDIRECT(ADDRESS(ROW()+16,8,1,TRUE,P$4))) -> N | Q9: =HYPERLINK("["&MID(CELL("filename"),SEARCH("[",CELL("filename"))+1,SEARCH("]",CELL("filename"))-SEARCH("[",CELL("filename"))-1)&"]"&ADDRESS(ROW()+16,8,1,TRUE,Q$4),INDIRECT(ADDRESS(ROW()+16,8,1,TRUE,Q$4))) -> N | R9: =HYPERLINK("["&MID(CELL("filename"),SEARCH("[",CELL("filename"))+1,SEARCH("]",CELL("filename"))-SEARCH("[",CELL("filename"))-1)&"]"&ADDRESS(ROW()+16,8,1,TRUE,R$4),INDIRECT(ADDRESS(ROW()+16,8,1,TRUE,R$4))) -> N | S9: =HYPERLINK("["&MID(CELL("filename"),SEARCH("[",CELL("filename"))+1,SEARCH("]",CELL("filename"))-SEARCH("[",CELL("filename"))-1)&"]"&ADDRESS(ROW()+16,8,1,TRUE,S$4),INDIRECT(ADDRESS(ROW()+16,8,1,TRUE,S$4))) -> Y | T9: =HYPERLINK("["&MID(CELL("filename"),SEARCH("[",CELL("filename"))+1,SEARCH("]",CELL("filename"))-SEARCH("[",CELL("filename"))-1)&"]"&ADDRESS(ROW()+16,8,1,TRUE,T$4),INDIRECT(ADDRESS(ROW()+16,8,1,TRUE,T$4))) -> Y | ... AB9: =HYPERLINK("["&MID(CELL("filename"),SEARCH("[",CELL("filename"))+1,SEARCH("]",CELL("filename"))-SEARCH("[",CELL("filename"))-1)&"]"&ADDRESS(ROW()+16,8,1,TRUE,AB$4),INDIRECT(ADDRESS(ROW()+16,8,1,TRUE,AB$4))) -> Y
A10: =ChkList!A10 -> 접근 관리 | B10: =ChkList!$B10 -> N-06 | C10: =ChkList!$C10 -> VTY 접근(ACL) 설정 | D10: =ChkList!$D10 -> H | E10: =ChkList!E10 -> 3 | F10: =COUNTA($M10:INDIRECT(ADDRESS(ROW(),MATCH("",$4:$4,-1),1,1))) -> 16 | G10: =COUNTIF($M10:INDIRECT(ADDRESS(ROW(),MATCH("",$4:$4,-1),1,1)),"조치완료(Y)")+COUNTIF($M10:INDIRECT(ADDRESS(ROW(),MATCH("",$4:$4,-1),1,1)),"Y") -> 13 | H10: =COUNTIF($M10:INDIRECT(ADDRESS(ROW(),MATCH("",$4:$4,-1),1,1)),"Y(즉시조치)")+COUNTIF($M10:INDIRECT(ADDRESS(ROW(),MATCH("",$4:$4,-1),1,1)),"조치완료(즉시조치)") -> 0 | I10: =COUNTIF($M10:INDIRECT(ADDRESS(ROW(),MATCH("",$4:$4,-1),1,1)),"N") -> 3 | J10: =COUNTIF($M10:INDIRECT(ADDRESS(ROW(),MATCH("",$4:$4,-1),1,1)),"N/A")+COUNTIF($M10:INDIRECT(ADDRESS(ROW(),MATCH("",$4:$4,-1),1,1)),"조치완료(N/A)") -> 0 | K10: =VLOOKUP($D10,'parm(hidden)'!$B$8:$C$10,2,FALSE)*($F10-$J10) -> 48 | L10: =VLOOKUP($D10,'parm(hidden)'!$B$8:$C$10,2,FALSE)*($G10+$H10) -> 39 | M10: =HYPERLINK("["&MID(CELL("filename"),SEARCH("[",CELL("filename"))+1,SEARCH("]",CELL("filename"))-SEARCH("[",CELL("filename"))-1)&"]"&ADDRESS(ROW()+16,8,1,TRUE,M$4),INDIRECT(ADDRESS(ROW()+16,8,1,TRUE,M$4))) -> Y | N10: =HYPERLINK("["&MID(CELL("filename"),SEARCH("[",CELL("filename"))+1,SEARCH("]",CELL("filename"))-SEARCH("[",CELL("filename"))-1)&"]"&ADDRESS(ROW()+16,8,1,TRUE,N$4),INDIRECT(ADDRESS(ROW()+16,8,1,TRUE,N$4))) -> Y | O10: =HYPERLINK("["&MID(CELL("filename"),SEARCH("[",CELL("filename"))+1,SEARCH("]",CELL("filename"))-SEARCH("[",CELL("filename"))-1)&"]"&ADDRESS(ROW()+16,8,1,TRUE,O$4),INDIRECT(ADDRESS(ROW()+16,8,1,TRUE,O$4))) -> Y | P10: =HYPERLINK("["&MID(CELL("filename"),SEARCH("[",CELL("filename"))+1,SEARCH("]",CELL("filename"))-SEARCH("[",CELL("filename"))-1)&"]"&ADDRESS(ROW()+16,8,1,TRUE,P$4),INDIRECT(ADDRESS(ROW()+16,8,1,TRUE,P$4))) -> N | Q10: =HYPERLINK("["&MID(CELL("filename"),SEARCH("[",CELL("filename"))+1,SEARCH("]",CELL("filename"))-SEARCH("[",CELL("filename"))-1)&"]"&ADDRESS(ROW()+16,8,1,TRUE,Q$4),INDIRECT(ADDRESS(ROW()+16,8,1,TRUE,Q$4))) -> N | R10: =HYPERLINK("["&MID(CELL("filename"),SEARCH("[",CELL("filename"))+1,SEARCH("]",CELL("filename"))-SEARCH("[",CELL("filename"))-1)&"]"&ADDRESS(ROW()+16,8,1,TRUE,R$4),INDIRECT(ADDRESS(ROW()+16,8,1,TRUE,R$4))) -> N | S10: =HYPERLINK("["&MID(CELL("filename"),SEARCH("[",CELL("filename"))+1,SEARCH("]",CELL("filename"))-SEARCH("[",CELL("filename"))-1)&"]"&ADDRESS(ROW()+16,8,1,TRUE,S$4),INDIRECT(ADDRESS(ROW()+16,8,1,TRUE,S$4))) -> Y | T10: =HYPERLINK("["&MID(CELL("filename"),SEARCH("[",CELL("filename"))+1,SEARCH("]",CELL("filename"))-SEARCH("[",CELL("filename"))-1)&"]"&ADDRESS(ROW()+16,8,1,TRUE,T$4),INDIRECT(ADDRESS(ROW()+16,8,1,TRUE,T$4))) -> Y | ... AB10: =HYPERLINK("["&MID(CELL("filename"),SEARCH("[",CELL("filename"))+1,SEARCH("]",CELL("filename"))-SEARCH("[",CELL("filename"))-1)&"]"&ADDRESS(ROW()+16,8,1,TRUE,AB$4),INDIRECT(ADDRESS(ROW()+16,8,1,TRUE,AB$4))) -> Y
A11: =ChkList!A11 -> 접근 관리 | B11: =ChkList!$B11 -> N-07 | C11: =ChkList!$C11 -> Session Timeout 설정 | D11: =ChkList!$D11 -> H | E11: =ChkList!E11 -> 3 | F11: =COUNTA($M11:INDIRECT(ADDRESS(ROW(),MATCH("",$4:$4,-1),1,1))) -> 16 | G11: =COUNTIF($M11:INDIRECT(ADDRESS(ROW(),MATCH("",$4:$4,-1),1,1)),"조치완료(Y)")+COUNTIF($M11:INDIRECT(ADDRESS(ROW(),MATCH("",$4:$4,-1),1,1)),"Y") -> 13 | H11: =COUNTIF($M11:INDIRECT(ADDRESS(ROW(),MATCH("",$4:$4,-1),1,1)),"Y(즉시조치)")+COUNTIF($M11:INDIRECT(ADDRESS(ROW(),MATCH("",$4:$4,-1),1,1)),"조치완료(즉시조치)") -> 0 | I11: =COUNTIF($M11:INDIRECT(ADDRESS(ROW(),MATCH("",$4:$4,-1),1,1)),"N") -> 3 | J11: =COUNTIF($M11:INDIRECT(ADDRESS(ROW(),MATCH("",$4:$4,-1),1,1)),"N/A")+COUNTIF($M11:INDIRECT(ADDRESS(ROW(),MATCH("",$4:$4,-1),1,1)),"조치완료(N/A)") -> 0 | K11: =VLOOKUP($D11,'parm(hidden)'!$B$8:$C$10,2,FALSE)*($F11-$J11) -> 48 | L11: =VLOOKUP($D11,'parm(hidden)'!$B$8:$C$10,2,FALSE)*($G11+$H11) -> 39 | M11: =HYPERLINK("["&MID(CELL("filename"),SEARCH("[",CELL("filename"))+1,SEARCH("]",CELL("filename"))-SEARCH("[",CELL("filename"))-1)&"]"&ADDRESS(ROW()+16,8,1,TRUE,M$4),INDIRECT(ADDRESS(ROW()+16,8,1,TRUE,M$4))) -> Y | N11: =HYPERLINK("["&MID(CELL("filename"),SEARCH("[",CELL("filename"))+1,SEARCH("]",CELL("filename"))-SEARCH("[",CELL("filename"))-1)&"]"&ADDRESS(ROW()+16,8,1,TRUE,N$4),INDIRECT(ADDRESS(ROW()+16,8,1,TRUE,N$4))) -> Y | O11: =HYPERLINK("["&MID(CELL("filename"),SEARCH("[",CELL("filename"))+1,SEARCH("]",CELL("filename"))-SEARCH("[",CELL("filename"))-1)&"]"&ADDRESS(ROW()+16,8,1,TRUE,O$4),INDIRECT(ADDRESS(ROW()+16,8,1,TRUE,O$4))) -> Y | P11: =HYPERLINK("["&MID(CELL("filename"),SEARCH("[",CELL("filename"))+1,SEARCH("]",CELL("filename"))-SEARCH("[",CELL("filename"))-1)&"]"&ADDRESS(ROW()+16,8,1,TRUE,P$4),INDIRECT(ADDRESS(ROW()+16,8,1,TRUE,P$4))) -> N | Q11: =HYPERLINK("["&MID(CELL("filename"),SEARCH("[",CELL("filename"))+1,SEARCH("]",CELL("filename"))-SEARCH("[",CELL("filename"))-1)&"]"&ADDRESS(ROW()+16,8,1,TRUE,Q$4),INDIRECT(ADDRESS(ROW()+16,8,1,TRUE,Q$4))) -> N | R11: =HYPERLINK("["&MID(CELL("filename"),SEARCH("[",CELL("filename"))+1,SEARCH("]",CELL("filename"))-SEARCH("[",CELL("filename"))-1)&"]"&ADDRESS(ROW()+16,8,1,TRUE,R$4),INDIRECT(ADDRESS(ROW()+16,8,1,TRUE,R$4))) -> N | S11: =HYPERLINK("["&MID(CELL("filename"),SEARCH("[",CELL("filename"))+1,SEARCH("]",CELL("filename"))-SEARCH("[",CELL("filename"))-1)&"]"&ADDRESS(ROW()+16,8,1,TRUE,S$4),INDIRECT(ADDRESS(ROW()+16,8,1,TRUE,S$4))) -> Y | T11: =HYPERLINK("["&MID(CELL("filename"),SEARCH("[",CELL("filename"))+1,SEARCH("]",CELL("filename"))-SEARCH("[",CELL("filename"))-1)&"]"&ADDRESS(ROW()+16,8,1,TRUE,T$4),INDIRECT(ADDRESS(ROW()+16,8,1,TRUE,T$4))) -> Y | ... AB11: =HYPERLINK("["&MID(CELL("filename"),SEARCH("[",CELL("filename"))+1,SEARCH("]",CELL("filename"))-SEARCH("[",CELL("filename"))-1)&"]"&ADDRESS(ROW()+16,8,1,TRUE,AB$4),INDIRECT(ADDRESS(ROW()+16,8,1,TRUE,AB$4))) -> Y
A12: =ChkList!A12 -> 접근 관리 | B12: =ChkList!$B12 -> N-08 | C12: =ChkList!$C12 -> VTY 접속 시 안전한 프로토콜 사용 | D12: =ChkList!$D12 -> M | E12: =ChkList!E12 -> 2 | F12: =COUNTA($M12:INDIRECT(ADDRESS(ROW(),MATCH("",$4:$4,-1),1,1))) -> 16 | G12: =COUNTIF($M12:INDIRECT(ADDRESS(ROW(),MATCH("",$4:$4,-1),1,1)),"조치완료(Y)")+COUNTIF($M12:INDIRECT(ADDRESS(ROW(),MATCH("",$4:$4,-1),1,1)),"Y") -> 13 | H12: =COUNTIF($M12:INDIRECT(ADDRESS(ROW(),MATCH("",$4:$4,-1),1,1)),"Y(즉시조치)")+COUNTIF($M12:INDIRECT(ADDRESS(ROW(),MATCH("",$4:$4,-1),1,1)),"조치완료(즉시조치)") -> 0 | I12: =COUNTIF($M12:INDIRECT(ADDRESS(ROW(),MATCH("",$4:$4,-1),1,1)),"N") -> 3 | J12: =COUNTIF($M12:INDIRECT(ADDRESS(ROW(),MATCH("",$4:$4,-1),1,1)),"N/A")+COUNTIF($M12:INDIRECT(ADDRESS(ROW(),MATCH("",$4:$4,-1),1,1)),"조치완료(N/A)") -> 0 | K12: =VLOOKUP($D12,'parm(hidden)'!$B$8:$C$10,2,FALSE)*($F12-$J12) -> 32 | L12: =VLOOKUP($D12,'parm(hidden)'!$B$8:$C$10,2,FALSE)*($G12+$H12) -> 26 | M12: =HYPERLINK("["&MID(CELL("filename"),SEARCH("[",CELL("filename"))+1,SEARCH("]",CELL("filename"))-SEARCH("[",CELL("filename"))-1)&"]"&ADDRESS(ROW()+16,8,1,TRUE,M$4),INDIRECT(ADDRESS(ROW()+16,8,1,TRUE,M$4))) -> Y | N12: =HYPERLINK("["&MID(CELL("filename"),SEARCH("[",CELL("filename"))+1,SEARCH("]",CELL("filename"))-SEARCH("[",CELL("filename"))-1)&"]"&ADDRESS(ROW()+16,8,1,TRUE,N$4),INDIRECT(ADDRESS(ROW()+16,8,1,TRUE,N$4))) -> Y | O12: =HYPERLINK("["&MID(CELL("filename"),SEARCH("[",CELL("filename"))+1,SEARCH("]",CELL("filename"))-SEARCH("[",CELL("filename"))-1)&"]"&ADDRESS(ROW()+16,8,1,TRUE,O$4),INDIRECT(ADDRESS(ROW()+16,8,1,TRUE,O$4))) -> Y | P12: =HYPERLINK("["&MID(CELL("filename"),SEARCH("[",CELL("filename"))+1,SEARCH("]",CELL("filename"))-SEARCH("[",CELL("filename"))-1)&"]"&ADDRESS(ROW()+16,8,1,TRUE,P$4),INDIRECT(ADDRESS(ROW()+16,8,1,TRUE,P$4))) -> N | Q12: =HYPERLINK("["&MID(CELL("filename"),SEARCH("[",CELL("filename"))+1,SEARCH("]",CELL("filename"))-SEARCH("[",CELL("filename"))-1)&"]"&ADDRESS(ROW()+16,8,1,TRUE,Q$4),INDIRECT(ADDRESS(ROW()+16,8,1,TRUE,Q$4))) -> N | R12: =HYPERLINK("["&MID(CELL("filename"),SEARCH("[",CELL("filename"))+1,SEARCH("]",CELL("filename"))-SEARCH("[",CELL("filename"))-1)&"]"&ADDRESS(ROW()+16,8,1,TRUE,R$4),INDIRECT(ADDRESS(ROW()+16,8,1,TRUE,R$4))) -> N | S12: =HYPERLINK("["&MID(CELL("filename"),SEARCH("[",CELL("filename"))+1,SEARCH("]",CELL("filename"))-SEARCH("[",CELL("filename"))-1)&"]"&ADDRESS(ROW()+16,8,1,TRUE,S$4),INDIRECT(ADDRESS(ROW()+16,8,1,TRUE,S$4))) -> Y | T12: =HYPERLINK("["&MID(CELL("filename"),SEARCH("[",CELL("filename"))+1,SEARCH("]",CELL("filename"))-SEARCH("[",CELL("filename"))-1)&"]"&ADDRESS(ROW()+16,8,1,TRUE,T$4),INDIRECT(ADDRESS(ROW()+16,8,1,TRUE,T$4))) -> Y | ... AB12: =HYPERLINK("["&MID(CELL("filename"),SEARCH("[",CELL("filename"))+1,SEARCH("]",CELL("filename"))-SEARCH("[",CELL("filename"))-1)&"]"&ADDRESS(ROW()+16,8,1,TRUE,AB$4),INDIRECT(ADDRESS(ROW()+16,8,1,TRUE,AB$4))) -> Y
A13: =ChkList!A13 -> 접근 관리 | B13: =ChkList!$B13 -> N-09 | C13: =ChkList!$C13 -> 불필요한 보조 입출력 포트 사용 금지 | D13: =ChkList!$D13 -> M | E13: =ChkList!E13 -> 2 | F13: =COUNTA($M13:INDIRECT(ADDRESS(ROW(),MATCH("",$4:$4,-1),1,1))) -> 16 | G13: =COUNTIF($M13:INDIRECT(ADDRESS(ROW(),MATCH("",$4:$4,-1),1,1)),"조치완료(Y)")+COUNTIF($M13:INDIRECT(ADDRESS(ROW(),MATCH("",$4:$4,-1),1,1)),"Y") -> 13 | H13: =COUNTIF($M13:INDIRECT(ADDRESS(ROW(),MATCH("",$4:$4,-1),1,1)),"Y(즉시조치)")+COUNTIF($M13:INDIRECT(ADDRESS(ROW(),MATCH("",$4:$4,-1),1,1)),"조치완료(즉시조치)") -> 0 | I13: =COUNTIF($M13:INDIRECT(ADDRESS(ROW(),MATCH("",$4:$4,-1),1,1)),"N") -> 3 | J13: =COUNTIF($M13:INDIRECT(ADDRESS(ROW(),MATCH("",$4:$4,-1),1,1)),"N/A")+COUNTIF($M13:INDIRECT(ADDRESS(ROW(),MATCH("",$4:$4,-1),1,1)),"조치완료(N/A)") -> 0 | K13: =VLOOKUP($D13,'parm(hidden)'!$B$8:$C$10,2,FALSE)*($F13-$J13) -> 32 | L13: =VLOOKUP($D13,'parm(hidden)'!$B$8:$C$10,2,FALSE)*($G13+$H13) -> 26 | M13: =HYPERLINK("["&MID(CELL("filename"),SEARCH("[",CELL("filename"))+1,SEARCH("]",CELL("filename"))-SEARCH("[",CELL("filename"))-1)&"]"&ADDRESS(ROW()+16,8,1,TRUE,M$4),INDIRECT(ADDRESS(ROW()+16,8,1,TRUE,M$4))) -> Y | N13: =HYPERLINK("["&MID(CELL("filename"),SEARCH("[",CELL("filename"))+1,SEARCH("]",CELL("filename"))-SEARCH("[",CELL("filename"))-1)&"]"&ADDRESS(ROW()+16,8,1,TRUE,N$4),INDIRECT(ADDRESS(ROW()+16,8,1,TRUE,N$4))) -> Y | O13: =HYPERLINK("["&MID(CELL("filename"),SEARCH("[",CELL("filename"))+1,SEARCH("]",CELL("filename"))-SEARCH("[",CELL("filename"))-1)&"]"&ADDRESS(ROW()+16,8,1,TRUE,O$4),INDIRECT(ADDRESS(ROW()+16,8,1,TRUE,O$4))) -> Y | P13: =HYPERLINK("["&MID(CELL("filename"),SEARCH("[",CELL("filename"))+1,SEARCH("]",CELL("filename"))-SEARCH("[",CELL("filename"))-1)&"]"&ADDRESS(ROW()+16,8,1,TRUE,P$4),INDIRECT(ADDRESS(ROW()+16,8,1,TRUE,P$4))) -> N | Q13: =HYPERLINK("["&MID(CELL("filename"),SEARCH("[",CELL("filename"))+1,SEARCH("]",CELL("filename"))-SEARCH("[",CELL("filename"))-1)&"]"&ADDRESS(ROW()+16,8,1,TRUE,Q$4),INDIRECT(ADDRESS(ROW()+16,8,1,TRUE,Q$4))) -> N | R13: =HYPERLINK("["&MID(CELL("filename"),SEARCH("[",CELL("filename"))+1,SEARCH("]",CELL("filename"))-SEARCH("[",CELL("filename"))-1)&"]"&ADDRESS(ROW()+16,8,1,TRUE,R$4),INDIRECT(ADDRESS(ROW()+16,8,1,TRUE,R$4))) -> N | S13: =HYPERLINK("["&MID(CELL("filename"),SEARCH("[",CELL("filename"))+1,SEARCH("]",CELL("filename"))-SEARCH("[",CELL("filename"))-1)&"]"&ADDRESS(ROW()+16,8,1,TRUE,S$4),INDIRECT(ADDRESS(ROW()+16,8,1,TRUE,S$4))) -> Y | T13: =HYPERLINK("["&MID(CELL("filename"),SEARCH("[",CELL("filename"))+1,SEARCH("]",CELL("filename"))-SEARCH("[",CELL("filename"))-1)&"]"&ADDRESS(ROW()+16,8,1,TRUE,T$4),INDIRECT(ADDRESS(ROW()+16,8,1,TRUE,T$4))) -> Y | ... AB13: =HYPERLINK("["&MID(CELL("filename"),SEARCH("[",CELL("filename"))+1,SEARCH("]",CELL("filename"))-SEARCH("[",CELL("filename"))-1)&"]"&ADDRESS(ROW()+16,8,1,TRUE,AB$4),INDIRECT(ADDRESS(ROW()+16,8,1,TRUE,AB$4))) -> Y
A14: =ChkList!A14 -> 접근 관리 | B14: =ChkList!$B14 -> N-10 | C14: =ChkList!$C14 -> 로그인 시 경고 메시지 설정 | D14: =ChkList!$D14 -> M | E14: =ChkList!E14 -> 2 | F14: =COUNTA($M14:INDIRECT(ADDRESS(ROW(),MATCH("",$4:$4,-1),1,1))) -> 16 | G14: =COUNTIF($M14:INDIRECT(ADDRESS(ROW(),MATCH("",$4:$4,-1),1,1)),"조치완료(Y)")+COUNTIF($M14:INDIRECT(ADDRESS(ROW(),MATCH("",$4:$4,-1),1,1)),"Y") -> 3 | H14: =COUNTIF($M14:INDIRECT(ADDRESS(ROW(),MATCH("",$4:$4,-1),1,1)),"Y(즉시조치)")+COUNTIF($M14:INDIRECT(ADDRESS(ROW(),MATCH("",$4:$4,-1),1,1)),"조치완료(즉시조치)") -> 0 | I14: =COUNTIF($M14:INDIRECT(ADDRESS(ROW(),MATCH("",$4:$4,-1),1,1)),"N") -> 0 | J14: =COUNTIF($M14:INDIRECT(ADDRESS(ROW(),MATCH("",$4:$4,-1),1,1)),"N/A")+COUNTIF($M14:INDIRECT(ADDRESS(ROW(),MATCH("",$4:$4,-1),1,1)),"조치완료(N/A)") -> 0 | K14: =VLOOKUP($D14,'parm(hidden)'!$B$8:$C$10,2,FALSE)*($F14-$J14) -> 32 | L14: =VLOOKUP($D14,'parm(hidden)'!$B$8:$C$10,2,FALSE)*($G14+$H14) -> 6 | M14: =HYPERLINK("["&MID(CELL("filename"),SEARCH("[",CELL("filename"))+1,SEARCH("]",CELL("filename"))-SEARCH("[",CELL("filename"))-1)&"]"&ADDRESS(ROW()+16,8,1,TRUE,M$4),INDIRECT(ADDRESS(ROW()+16,8,1,TRUE,M$4))) -> Y | N14: =HYPERLINK("["&MID(CELL("filename"),SEARCH("[",CELL("filename"))+1,SEARCH("]",CELL("filename"))-SEARCH("[",CELL("filename"))-1)&"]"&ADDRESS(ROW()+16,8,1,TRUE,N$4),INDIRECT(ADDRESS(ROW()+16,8,1,TRUE,N$4))) -> Y | O14: =HYPERLINK("["&MID(CELL("filename"),SEARCH("[",CELL("filename"))+1,SEARCH("]",CELL("filename"))-SEARCH("[",CELL("filename"))-1)&"]"&ADDRESS(ROW()+16,8,1,TRUE,O$4),INDIRECT(ADDRESS(ROW()+16,8,1,TRUE,O$4))) -> Y | P14: =HYPERLINK("["&MID(CELL("filename"),SEARCH("[",CELL("filename"))+1,SEARCH("]",CELL("filename"))-SEARCH("[",CELL("filename"))-1)&"]"&ADDRESS(ROW()+16,8,1,TRUE,P$4),INDIRECT(ADDRESS(ROW()+16,8,1,TRUE,P$4))) -> 인터뷰 | Q14: =HYPERLINK("["&MID(CELL("filename"),SEARCH("[",CELL("filename"))+1,SEARCH("]",CELL("filename"))-SEARCH("[",CELL("filename"))-1)&"]"&ADDRESS(ROW()+16,8,1,TRUE,Q$4),INDIRECT(ADDRESS(ROW()+16,8,1,TRUE,Q$4))) -> 인터뷰 | R14: =HYPERLINK("["&MID(CELL("filename"),SEARCH("[",CELL("filename"))+1,SEARCH("]",CELL("filename"))-SEARCH("[",CELL("filename"))-1)&"]"&ADDRESS(ROW()+16,8,1,TRUE,R$4),INDIRECT(ADDRESS(ROW()+16,8,1,TRUE,R$4))) -> 인터뷰 | S14: =HYPERLINK("["&MID(CELL("filename"),SEARCH("[",CELL("filename"))+1,SEARCH("]",CELL("filename"))-SEARCH("[",CELL("filename"))-1)&"]"&ADDRESS(ROW()+16,8,1,TRUE,S$4),INDIRECT(ADDRESS(ROW()+16,8,1,TRUE,S$4))) -> 인터뷰 | T14: =HYPERLINK("["&MID(CELL("filename"),SEARCH("[",CELL("filename"))+1,SEARCH("]",CELL("filename"))-SEARCH("[",CELL("filename"))-1)&"]"&ADDRESS(ROW()+16,8,1,TRUE,T$4),INDIRECT(ADDRESS(ROW()+16,8,1,TRUE,T$4))) -> 인터뷰 | ... AB14: =HYPERLINK("["&MID(CELL("filename"),SEARCH("[",CELL("filename"))+1,SEARCH("]",CELL("filename"))-SEARCH("[",CELL("filename"))-1)&"]"&ADDRESS(ROW()+16,8,1,TRUE,AB$4),INDIRECT(ADDRESS(ROW()+16,8,1,TRUE,AB$4))) -> 인터뷰
A15: =ChkList!A15 -> 접근 관리 | B15: =ChkList!$B15 -> N-11 | C15: =ChkList!$C15 -> 원격로그 서버 사용 | D15: =ChkList!$D15 -> M | E15: =ChkList!E15 -> 2 | F15: =COUNTA($M15:INDIRECT(ADDRESS(ROW(),MATCH("",$4:$4,-1),1,1))) -> 16 | G15: =COUNTIF($M15:INDIRECT(ADDRESS(ROW(),MATCH("",$4:$4,-1),1,1)),"조치완료(Y)")+COUNTIF($M15:INDIRECT(ADDRESS(ROW(),MATCH("",$4:$4,-1),1,1)),"Y") -> 13 | H15: =COUNTIF($M15:INDIRECT(ADDRESS(ROW(),MATCH("",$4:$4,-1),1,1)),"Y(즉시조치)")+COUNTIF($M15:INDIRECT(ADDRESS(ROW(),MATCH("",$4:$4,-1),1,1)),"조치완료(즉시조치)") -> 0 | I15: =COUNTIF($M15:INDIRECT(ADDRESS(ROW(),MATCH("",$4:$4,-1),1,1)),"N") -> 3 | J15: =COUNTIF($M15:INDIRECT(ADDRESS(ROW(),MATCH("",$4:$4,-1),1,1)),"N/A")+COUNTIF($M15:INDIRECT(ADDRESS(ROW(),MATCH("",$4:$4,-1),1,1)),"조치완료(N/A)") -> 0 | K15: =VLOOKUP($D15,'parm(hidden)'!$B$8:$C$10,2,FALSE)*($F15-$J15) -> 32 | L15: =VLOOKUP($D15,'parm(hidden)'!$B$8:$C$10,2,FALSE)*($G15+$H15) -> 26 | M15: =HYPERLINK("["&MID(CELL("filename"),SEARCH("[",CELL("filename"))+1,SEARCH("]",CELL("filename"))-SEARCH("[",CELL("filename"))-1)&"]"&ADDRESS(ROW()+16,8,1,TRUE,M$4),INDIRECT(ADDRESS(ROW()+16,8,1,TRUE,M$4))) -> Y | N15: =HYPERLINK("["&MID(CELL("filename"),SEARCH("[",CELL("filename"))+1,SEARCH("]",CELL("filename"))-SEARCH("[",CELL("filename"))-1)&"]"&ADDRESS(ROW()+16,8,1,TRUE,N$4),INDIRECT(ADDRESS(ROW()+16,8,1,TRUE,N$4))) -> Y | O15: =HYPERLINK("["&MID(CELL("filename"),SEARCH("[",CELL("filename"))+1,SEARCH("]",CELL("filename"))-SEARCH("[",CELL("filename"))-1)&"]"&ADDRESS(ROW()+16,8,1,TRUE,O$4),INDIRECT(ADDRESS(ROW()+16,8,1,TRUE,O$4))) -> Y | P15: =HYPERLINK("["&MID(CELL("filename"),SEARCH("[",CELL("filename"))+1,SEARCH("]",CELL("filename"))-SEARCH("[",CELL("filename"))-1)&"]"&ADDRESS(ROW()+16,8,1,TRUE,P$4),INDIRECT(ADDRESS(ROW()+16,8,1,TRUE,P$4))) -> N | Q15: =HYPERLINK("["&MID(CELL("filename"),SEARCH("[",CELL("filename"))+1,SEARCH("]",CELL("filename"))-SEARCH("[",CELL("filename"))-1)&"]"&ADDRESS(ROW()+16,8,1,TRUE,Q$4),INDIRECT(ADDRESS(ROW()+16,8,1,TRUE,Q$4))) -> N | R15: =HYPERLINK("["&MID(CELL("filename"),SEARCH("[",CELL("filename"))+1,SEARCH("]",CELL("filename"))-SEARCH("[",CELL("filename"))-1)&"]"&ADDRESS(ROW()+16,8,1,TRUE,R$4),INDIRECT(ADDRESS(ROW()+16,8,1,TRUE,R$4))) -> N | S15: =HYPERLINK("["&MID(CELL("filename"),SEARCH("[",CELL("filename"))+1,SEARCH("]",CELL("filename"))-SEARCH("[",CELL("filename"))-1)&"]"&ADDRESS(ROW()+16,8,1,TRUE,S$4),INDIRECT(ADDRESS(ROW()+16,8,1,TRUE,S$4))) -> Y | T15: =HYPERLINK("["&MID(CELL("filename"),SEARCH("[",CELL("filename"))+1,SEARCH("]",CELL("filename"))-SEARCH("[",CELL("filename"))-1)&"]"&ADDRESS(ROW()+16,8,1,TRUE,T$4),INDIRECT(ADDRESS(ROW()+16,8,1,TRUE,T$4))) -> Y | ... AB15: =HYPERLINK("["&MID(CELL("filename"),SEARCH("[",CELL("filename"))+1,SEARCH("]",CELL("filename"))-SEARCH("[",CELL("filename"))-1)&"]"&ADDRESS(ROW()+16,8,1,TRUE,AB$4),INDIRECT(ADDRESS(ROW()+16,8,1,TRUE,AB$4))) -> Y
A16: =ChkList!A16 -> 패치 관리 | B16: =ChkList!$B16 -> N-12 | C16: =ChkList!$C16 -> 주기적 보안 패치 및 벤더 권고사항 적용 | D16: =ChkList!$D16 -> H | E16: =ChkList!E16 -> 3 | F16: =COUNTA($M16:INDIRECT(ADDRESS(ROW(),MATCH("",$4:$4,-1),1,1))) -> 16 | G16: =COUNTIF($M16:INDIRECT(ADDRESS(ROW(),MATCH("",$4:$4,-1),1,1)),"조치완료(Y)")+COUNTIF($M16:INDIRECT(ADDRESS(ROW(),MATCH("",$4:$4,-1),1,1)),"Y") -> 10 | H16: =COUNTIF($M16:INDIRECT(ADDRESS(ROW(),MATCH("",$4:$4,-1),1,1)),"Y(즉시조치)")+COUNTIF($M16:INDIRECT(ADDRESS(ROW(),MATCH("",$4:$4,-1),1,1)),"조치완료(즉시조치)") -> 0 | I16: =COUNTIF($M16:INDIRECT(ADDRESS(ROW(),MATCH("",$4:$4,-1),1,1)),"N") -> 3 | J16: =COUNTIF($M16:INDIRECT(ADDRESS(ROW(),MATCH("",$4:$4,-1),1,1)),"N/A")+COUNTIF($M16:INDIRECT(ADDRESS(ROW(),MATCH("",$4:$4,-1),1,1)),"조치완료(N/A)") -> 2 | K16: =VLOOKUP($D16,'parm(hidden)'!$B$8:$C$10,2,FALSE)*($F16-$J16) -> 42 | L16: =VLOOKUP($D16,'parm(hidden)'!$B$8:$C$10,2,FALSE)*($G16+$H16) -> 30 | M16: =HYPERLINK("["&MID(CELL("filename"),SEARCH("[",CELL("filename"))+1,SEARCH("]",CELL("filename"))-SEARCH("[",CELL("filename"))-1)&"]"&ADDRESS(ROW()+16,8,1,TRUE,M$4),INDIRECT(ADDRESS(ROW()+16,8,1,TRUE,M$4))) -> N/A | N16: =HYPERLINK("["&MID(CELL("filename"),SEARCH("[",CELL("filename"))+1,SEARCH("]",CELL("filename"))-SEARCH("[",CELL("filename"))-1)&"]"&ADDRESS(ROW()+16,8,1,TRUE,N$4),INDIRECT(ADDRESS(ROW()+16,8,1,TRUE,N$4))) -> N/A | O16: =HYPERLINK("["&MID(CELL("filename"),SEARCH("[",CELL("filename"))+1,SEARCH("]",CELL("filename"))-SEARCH("[",CELL("filename"))-1)&"]"&ADDRESS(ROW()+16,8,1,TRUE,O$4),INDIRECT(ADDRESS(ROW()+16,8,1,TRUE,O$4))) -> 인터뷰 | P16: =HYPERLINK("["&MID(CELL("filename"),SEARCH("[",CELL("filename"))+1,SEARCH("]",CELL("filename"))-SEARCH("[",CELL("filename"))-1)&"]"&ADDRESS(ROW()+16,8,1,TRUE,P$4),INDIRECT(ADDRESS(ROW()+16,8,1,TRUE,P$4))) -> N | Q16: =HYPERLINK("["&MID(CELL("filename"),SEARCH("[",CELL("filename"))+1,SEARCH("]",CELL("filename"))-SEARCH("[",CELL("filename"))-1)&"]"&ADDRESS(ROW()+16,8,1,TRUE,Q$4),INDIRECT(ADDRESS(ROW()+16,8,1,TRUE,Q$4))) -> N | R16: =HYPERLINK("["&MID(CELL("filename"),SEARCH("[",CELL("filename"))+1,SEARCH("]",CELL("filename"))-SEARCH("[",CELL("filename"))-1)&"]"&ADDRESS(ROW()+16,8,1,TRUE,R$4),INDIRECT(ADDRESS(ROW()+16,8,1,TRUE,R$4))) -> N | S16: =HYPERLINK("["&MID(CELL("filename"),SEARCH("[",CELL("filename"))+1,SEARCH("]",CELL("filename"))-SEARCH("[",CELL("filename"))-1)&"]"&ADDRESS(ROW()+16,8,1,TRUE,S$4),INDIRECT(ADDRESS(ROW()+16,8,1,TRUE,S$4))) -> Y | T16: =HYPERLINK("["&MID(CELL("filename"),SEARCH("[",CELL("filename"))+1,SEARCH("]",CELL("filename"))-SEARCH("[",CELL("filename"))-1)&"]"&ADDRESS(ROW()+16,8,1,TRUE,T$4),INDIRECT(ADDRESS(ROW()+16,8,1,TRUE,T$4))) -> Y | ... AB16: =HYPERLINK("["&MID(CELL("filename"),SEARCH("[",CELL("filename"))+1,SEARCH("]",CELL("filename"))-SEARCH("[",CELL("filename"))-1)&"]"&ADDRESS(ROW()+16,8,1,TRUE,AB$4),INDIRECT(ADDRESS(ROW()+16,8,1,TRUE,AB$4))) -> Y
... A42: =ChkList!A42 -> 기능 관리 | B42: =ChkList!$B42 -> N-38 | C42: =ChkList!$C42 -> mask-reply 차단 | D42: =ChkList!$D42 -> M | E42: =ChkList!E42 -> 2 | F42: =COUNTA($M42:INDIRECT(ADDRESS(ROW(),MATCH("",$4:$4,-1),1,1))) -> 16 | G42: =COUNTIF($M42:INDIRECT(ADDRESS(ROW(),MATCH("",$4:$4,-1),1,1)),"조치완료(Y)")+COUNTIF($M42:INDIRECT(ADDRESS(ROW(),MATCH("",$4:$4,-1),1,1)),"Y") -> 13 | H42: =COUNTIF($M42:INDIRECT(ADDRESS(ROW(),MATCH("",$4:$4,-1),1,1)),"Y(즉시조치)")+COUNTIF($M42:INDIRECT(ADDRESS(ROW(),MATCH("",$4:$4,-1),1,1)),"조치완료(즉시조치)") -> 0 | I42: =COUNTIF($M42:INDIRECT(ADDRESS(ROW(),MATCH("",$4:$4,-1),1,1)),"N") -> 1 | J42: =COUNTIF($M42:INDIRECT(ADDRESS(ROW(),MATCH("",$4:$4,-1),1,1)),"N/A")+COUNTIF($M42:INDIRECT(ADDRESS(ROW(),MATCH("",$4:$4,-1),1,1)),"조치완료(N/A)") -> 0 | K42: =VLOOKUP($D42,'parm(hidden)'!$B$8:$C$10,2,FALSE)*($F42-$J42) -> 32 | L42: =VLOOKUP($D42,'parm(hidden)'!$B$8:$C$10,2,FALSE)*($G42+$H42) -> 26 | M42: =HYPERLINK("["&MID(CELL("filename"),SEARCH("[",CELL("filename"))+1,SEARCH("]",CELL("filename"))-SEARCH("[",CELL("filename"))-1)&"]"&ADDRESS(ROW()+16,8,1,TRUE,M$4),INDIRECT(ADDRESS(ROW()+16,8,1,TRUE,M$4))) -> Y | N42: =HYPERLINK("["&MID(CELL("filename"),SEARCH("[",CELL("filename"))+1,SEARCH("]",CELL("filename"))-SEARCH("[",CELL("filename"))-1)&"]"&ADDRESS(ROW()+16,8,1,TRUE,N$4),INDIRECT(ADDRESS(ROW()+16,8,1,TRUE,N$4))) -> Y | O42: =HYPERLINK("["&MID(CELL("filename"),SEARCH("[",CELL("filename"))+1,SEARCH("]",CELL("filename"))-SEARCH("[",CELL("filename"))-1)&"]"&ADDRESS(ROW()+16,8,1,TRUE,O$4),INDIRECT(ADDRESS(ROW()+16,8,1,TRUE,O$4))) -> Y | P42: =HYPERLINK("["&MID(CELL("filename"),SEARCH("[",CELL("filename"))+1,SEARCH("]",CELL("filename"))-SEARCH("[",CELL("filename"))-1)&"]"&ADDRESS(ROW()+16,8,1,TRUE,P$4),INDIRECT(ADDRESS(ROW()+16,8,1,TRUE,P$4))) -> N | Q42: =HYPERLINK("["&MID(CELL("filename"),SEARCH("[",CELL("filename"))+1,SEARCH("]",CELL("filename"))-SEARCH("[",CELL("filename"))-1)&"]"&ADDRESS(ROW()+16,8,1,TRUE,Q$4),INDIRECT(ADDRESS(ROW()+16,8,1,TRUE,Q$4))) -> 인터뷰 | R42: =HYPERLINK("["&MID(CELL("filename"),SEARCH("[",CELL("filename"))+1,SEARCH("]",CELL("filename"))-SEARCH("[",CELL("filename"))-1)&"]"&ADDRESS(ROW()+16,8,1,TRUE,R$4),INDIRECT(ADDRESS(ROW()+16,8,1,TRUE,R$4))) -> 인터뷰 | S42: =HYPERLINK("["&MID(CELL("filename"),SEARCH("[",CELL("filename"))+1,SEARCH("]",CELL("filename"))-SEARCH("[",CELL("filename"))-1)&"]"&ADDRESS(ROW()+16,8,1,TRUE,S$4),INDIRECT(ADDRESS(ROW()+16,8,1,TRUE,S$4))) -> Y | T42: =HYPERLINK("["&MID(CELL("filename"),SEARCH("[",CELL("filename"))+1,SEARCH("]",CELL("filename"))-SEARCH("[",CELL("filename"))-1)&"]"&ADDRESS(ROW()+16,8,1,TRUE,T$4),INDIRECT(ADDRESS(ROW()+16,8,1,TRUE,T$4))) -> Y | ... AB42: =HYPERLINK("["&MID(CELL("filename"),SEARCH("[",CELL("filename"))+1,SEARCH("]",CELL("filename"))-SEARCH("[",CELL("filename"))-1)&"]"&ADDRESS(ROW()+16,8,1,TRUE,AB$4),INDIRECT(ADDRESS(ROW()+16,8,1,TRUE,AB$4))) -> Y
F43: =SUM(F5:F42) -> 608 | G43: =SUM(G5:G42) -> 453 | H43: =SUM(H5:H42) -> 0 | I43: =SUM(I5:I42) -> 71 | J43: =SUM(J5:J42) -> 32 | K43: =SUM(K5:K42) -> 1367 | L43: =SUM(L5:L42) -> 1066 | M43: =COUNTIFS(M$5:M$42,"<>",M$5:M$42,"<>0") -> 38 | N43: =COUNTIFS(N$5:N$42,"<>",N$5:N$42,"<>0") -> 38 | O43: =COUNTIFS(O$5:O$42,"<>",O$5:O$42,"<>0") -> 38 | P43: =COUNTIFS(P$5:P$42,"<>",P$5:P$42,"<>0") -> 38 | Q43: =COUNTIFS(Q$5:Q$42,"<>",Q$5:Q$42,"<>0") -> 38 | R43: =COUNTIFS(R$5:R$42,"<>",R$5:R$42,"<>0") -> 38 | S43: =COUNTIFS(S$5:S$42,"<>",S$5:S$42,"<>0") -> 38 | T43: =COUNTIFS(T$5:T$42,"<>",T$5:T$42,"<>0") -> 38 | ... AB43: =COUNTIFS(AB$5:AB$42,"<>",AB$5:AB$42,"<>0") -> 38

Sheet 취약점 진단 통계 (이행)
A1: ■ 영역별/장비별 보안수준 통계
A3: 1) 영역별 보안수준
A4: 분류 | E4: 진단 결과 | J4: 이행 결과 | O4: 중요도점수
E5: 전체항목 | F5: 진단항목 | G5: 양호 | H5: 취약 | I5: 해당없음 | J5: 조치 | K5: 미조치 | L5: 위험수용 | M5: 해당없음 | N5: 잔여취약점 (미조치+위험수용) | O5: 전체점수 (이행전) | P5: 전체점수 (이행후) | Q5: 평가점수 (이행전) | R5: 평가점수 (이행후) | S5: 이행율 | T5: 보안수준 (이행 전) | U5: 보안수준 (이행 후)
A6: 계정 관리 | E6: =SUMIF('취약점 진단 항목별 통계 (이행)'!$A:$A,$A6&"*",'취약점 진단 항목별 통계 (이행)'!$F:$F) -> 10 | F6: =E6-I6 -> 10 | G6: =SUMIF('취약점 진단 항목별 통계'!$A:$A,$A6&"*",'취약점 진단 항목별 통계'!$G:$G)+SUMIF('취약점 진단 항목별 통계'!$A:$A,$A6&"*",'취약점 진단 항목별 통계'!$H:$H) -> 65 | H6: =SUMIF('취약점 진단 항목별 통계'!$A:$A,$A6&"*",'취약점 진단 항목별 통계'!$I:$I) -> 15 | I6: =SUMIF('취약점 진단 항목별 통계'!$A:$A,$A6&"*",'취약점 진단 항목별 통계'!$J:$J) -> 0 | J6: =SUMIF('취약점 진단 항목별 통계 (이행)'!$A:$A,$A6&"*",'취약점 진단 항목별 통계 (이행)'!$K:$K) -> 0 | K6: =SUMIF('취약점 진단 항목별 통계 (이행)'!$A:$A,$A6&"*",'취약점 진단 항목별 통계 (이행)'!$L:$L) -> 0 | L6: =SUMIF('취약점 진단 항목별 통계 (이행)'!$A:$A,$A6&"*",'취약점 진단 항목별 통계 (이행)'!$M:$M) -> 0 | M6: =SUMIF('취약점 진단 항목별 통계 (이행)'!$A:$A,$A6&"*",'취약점 진단 항목별 통계 (이행)'!$N:$N) -> 0 | N6: =K6+L6 -> 0 | O6: =SUMIF('취약점 진단 항목별 통계 (이행)'!$A:$A,$A6&"*",'취약점 진단 항목별 통계 (이행)'!$O:$O) -> 28 | P6: =SUMIF('취약점 진단 항목별 통계 (이행)'!$A:$A,$A6&"*",'취약점 진단 항목별 통계 (이행)'!$P:$P) -> 28 | Q6: =SUMIF('취약점 진단 항목별 통계 (이행)'!$A:$A,$A6&"*",'취약점 진단 항목별 통계 (이행)'!$Q:$Q) -> 182 | R6: =SUMIF('취약점 진단 항목별 통계 (이행)'!$A:$A,$A6&"*",'취약점 진단 항목별 통계 (이행)'!$R:$R) -> 182 | S6: =IFERROR($J6/($H6-(M6-I6)),"N/A") -> 0 | T6: =IF($I6=$E6,"N/A",(Q6/O6)) -> 6.5 | U6: =IF(OR($I6=$E6,$E6=$M6),"N/A",($R6/$P6)) -> 6.5
A7: 접근 관리 | E7: =SUMIF('취약점 진단 항목별 통계 (이행)'!$A:$A,$A7&"*",'취약점 진단 항목별 통계 (이행)'!$F:$F) -> 12 | F7: =E7-I7 -> 12 | G7: =SUMIF('취약점 진단 항목별 통계'!$A:$A,$A7&"*",'취약점 진단 항목별 통계'!$G:$G)+SUMIF('취약점 진단 항목별 통계'!$A:$A,$A7&"*",'취약점 진단 항목별 통계'!$H:$H) -> 68 | H7: =SUMIF('취약점 진단 항목별 통계'!$A:$A,$A7&"*",'취약점 진단 항목별 통계'!$I:$I) -> 15 | I7: =SUMIF('취약점 진단 항목별 통계'!$A:$A,$A7&"*",'취약점 진단 항목별 통계'!$J:$J) -> 0 | J7: =SUMIF('취약점 진단 항목별 통계 (이행)'!$A:$A,$A7&"*",'취약점 진단 항목별 통계 (이행)'!$K:$K) -> 0 | K7: =SUMIF('취약점 진단 항목별 통계 (이행)'!$A:$A,$A7&"*",'취약점 진단 항목별 통계 (이행)'!$L:$L) -> 0 | L7: =SUMIF('취약점 진단 항목별 통계 (이행)'!$A:$A,$A7&"*",'취약점 진단 항목별 통계 (이행)'!$M:$M) -> 0 | M7: =SUMIF('취약점 진단 항목별 통계 (이행)'!$A:$A,$A7&"*",'취약점 진단 항목별 통계 (이행)'!$N:$N) -> 0 | N7: =K7+L7 -> 0 | O7: =SUMIF('취약점 진단 항목별 통계 (이행)'!$A:$A,$A7&"*",'취약점 진단 항목별 통계 (이행)'!$O:$O) -> 28 | P7: =SUMIF('취약점 진단 항목별 통계 (이행)'!$A:$A,$A7&"*",'취약점 진단 항목별 통계 (이행)'!$P:$P) -> 28 | Q7: =SUMIF('취약점 진단 항목별 통계 (이행)'!$A:$A,$A7&"*",'취약점 진단 항목별 통계 (이행)'!$Q:$Q) -> 162 | R7: =SUMIF('취약점 진단 항목별 통계 (이행)'!$A:$A,$A7&"*",'취약점 진단 항목별 통계 (이행)'!$R:$R) -> 162 | S7: =IFERROR($J7/($H7-(M7-I7)),"N/A") -> 0 | T7: =IF($I7=$E7,"N/A",(Q7/O7)) -> 5.7857143 | U7: =IF(OR($I7=$E7,$E7=$M7),"N/A",($R7/$P7)) -> 5.7857143
A8: 패치 관리 | E8: =SUMIF('취약점 진단 항목별 통계 (이행)'!$A:$A,$A8&"*",'취약점 진단 항목별 통계 (이행)'!$F:$F) -> 2 | F8: =E8-I8 -> 0 | G8: =SUMIF('취약점 진단 항목별 통계'!$A:$A,$A8&"*",'취약점 진단 항목별 통계'!$G:$G)+SUMIF('취약점 진단 항목별 통계'!$A:$A,$A8&"*",'취약점 진단 항목별 통계'!$H:$H) -> 10 | H8: =SUMIF('취약점 진단 항목별 통계'!$A:$A,$A8&"*",'취약점 진단 항목별 통계'!$I:$I) -> 3 | I8: =SUMIF('취약점 진단 항목별 통계'!$A:$A,$A8&"*",'취약점 진단 항목별 통계'!$J:$J) -> 2 | J8: =SUMIF('취약점 진단 항목별 통계 (이행)'!$A:$A,$A8&"*",'취약점 진단 항목별 통계 (이행)'!$K:$K) -> 0 | K8: =SUMIF('취약점 진단 항목별 통계 (이행)'!$A:$A,$A8&"*",'취약점 진단 항목별 통계 (이행)'!$L:$L) -> 0 | L8: =SUMIF('취약점 진단 항목별 통계 (이행)'!$A:$A,$A8&"*",'취약점 진단 항목별 통계 (이행)'!$M:$M) -> 0 | M8: =SUMIF('취약점 진단 항목별 통계 (이행)'!$A:$A,$A8&"*",'취약점 진단 항목별 통계 (이행)'!$N:$N) -> 2 | N8: =K8+L8 -> 0 | O8: =SUMIF('취약점 진단 항목별 통계 (이행)'!$A:$A,$A8&"*",'취약점 진단 항목별 통계 (이행)'!$O:$O) -> 0 | P8: =SUMIF('취약점 진단 항목별 통계 (이행)'!$A:$A,$A8&"*",'취약점 진단 항목별 통계 (이행)'!$P:$P) -> 0 | Q8: =SUMIF('취약점 진단 항목별 통계 (이행)'!$A:$A,$A8&"*",'취약점 진단 항목별 통계 (이행)'!$Q:$Q) -> 30 | R8: =SUMIF('취약점 진단 항목별 통계 (이행)'!$A:$A,$A8&"*",'취약점 진단 항목별 통계 (이행)'!$R:$R) -> 30 | S8: =IFERROR($J8/($H8-(M8-I8)),"N/A") -> 0 | T8: =IF($I8=$E8,"N/A",(Q8/O8)) -> N/A | U8: =IF(OR($I8=$E8,$E8=$M8),"N/A",($R8/$P8)) -> N/A
A9: 로그 관리 | E9: =SUMIF('취약점 진단 항목별 통계 (이행)'!$A:$A,$A9&"*",'취약점 진단 항목별 통계 (이행)'!$F:$F) -> 8 | F9: =E9-I9 -> 7 | G9: =SUMIF('취약점 진단 항목별 통계'!$A:$A,$A9&"*",'취약점 진단 항목별 통계'!$G:$G)+SUMIF('취약점 진단 항목별 통계'!$A:$A,$A9&"*",'취약점 진단 항목별 통계'!$H:$H) -> 40 | H9: =SUMIF('취약점 진단 항목별 통계'!$A:$A,$A9&"*",'취약점 진단 항목별 통계'!$I:$I) -> 8 | I9: =SUMIF('취약점 진단 항목별 통계'!$A:$A,$A9&"*",'취약점 진단 항목별 통계'!$J:$J) -> 1 | J9: =SUMIF('취약점 진단 항목별 통계 (이행)'!$A:$A,$A9&"*",'취약점 진단 항목별 통계 (이행)'!$K:$K) -> 2 | K9: =SUMIF('취약점 진단 항목별 통계 (이행)'!$A:$A,$A9&"*",'취약점 진단 항목별 통계 (이행)'!$L:$L) -> 2 | L9: =SUMIF('취약점 진단 항목별 통계 (이행)'!$A:$A,$A9&"*",'취약점 진단 항목별 통계 (이행)'!$M:$M) -> 0 | M9: =SUMIF('취약점 진단 항목별 통계 (이행)'!$A:$A,$A9&"*",'취약점 진단 항목별 통계 (이행)'!$N:$N) -> 0 | N9: =K9+L9 -> 2 | O9: =SUMIF('취약점 진단 항목별 통계 (이행)'!$A:$A,$A9&"*",'취약점 진단 항목별 통계 (이행)'!$O:$O) -> 12 | P9: =SUMIF('취약점 진단 항목별 통계 (이행)'!$A:$A,$A9&"*",'취약점 진단 항목별 통계 (이행)'!$P:$P) -> 14 | Q9: =SUMIF('취약점 진단 항목별 통계 (이행)'!$A:$A,$A9&"*",'취약점 진단 항목별 통계 (이행)'!$Q:$Q) -> 64 | R9: =SUMIF('취약점 진단 항목별 통계 (이행)'!$A:$A,$A9&"*",'취약점 진단 항목별 통계 (이행)'!$R:$R) -> 68 | S9: =IFERROR($J9/($H9-(M9-I9)),"N/A") -> 0.22222222 | T9: =IF($I9=$E9,"N/A",(Q9/O9)) -> 5.3333333 | U9: =IF(OR($I9=$E9,$E9=$M9),"N/A",($R9/$P9)) -> 4.8571429
A10: 기능 관리 | E10: =SUMIF('취약점 진단 항목별 통계 (이행)'!$A:$A,$A10&"*",'취약점 진단 항목별 통계 (이행)'!$F:$F) -> 44 | F10: =E10-I10 -> 15 | G10: =SUMIF('취약점 진단 항목별 통계'!$A:$A,$A10&"*",'취약점 진단 항목별 통계'!$G:$G)+SUMIF('취약점 진단 항목별 통계'!$A:$A,$A10&"*",'취약점 진단 항목별 통계'!$H:$H) -> 270 | H10: =SUMIF('취약점 진단 항목별 통계'!$A:$A,$A10&"*",'취약점 진단 항목별 통계'!$I:$I) -> 30 | I10: =SUMIF('취약점 진단 항목별 통계'!$A:$A,$A10&"*",'취약점 진단 항목별 통계'!$J:$J) -> 29 | J10: =SUMIF('취약점 진단 항목별 통계 (이행)'!$A:$A,$A10&"*",'취약점 진단 항목별 통계 (이행)'!$K:$K) -> 0 | K10: =SUMIF('취약점 진단 항목별 통계 (이행)'!$A:$A,$A10&"*",'취약점 진단 항목별 통계 (이행)'!$L:$L) -> 0 | L10: =SUMIF('취약점 진단 항목별 통계 (이행)'!$A:$A,$A10&"*",'취약점 진단 항목별 통계 (이행)'!$M:$M) -> 0 | M10: =SUMIF('취약점 진단 항목별 통계 (이행)'!$A:$A,$A10&"*",'취약점 진단 항목별 통계 (이행)'!$N:$N) -> 2 | N10: =K10+L10 -> 0 | O10: =SUMIF('취약점 진단 항목별 통계 (이행)'!$A:$A,$A10&"*",'취약점 진단 항목별 통계 (이행)'!$O:$O) -> 39 | P10: =SUMIF('취약점 진단 항목별 통계 (이행)'!$A:$A,$A10&"*",'취약점 진단 항목별 통계 (이행)'!$P:$P) -> 98 | Q10: =SUMIF('취약점 진단 항목별 통계 (이행)'!$A:$A,$A10&"*",'취약점 진단 항목별 통계 (이행)'!$Q:$Q) -> 628 | R10: =SUMIF('취약점 진단 항목별 통계 (이행)'!$A:$A,$A10&"*",'취약점 진단 항목별 통계 (이행)'!$R:$R) -> 628 | S10: =IFERROR($J10/($H10-(M10-I10)),"N/A") -> 0 | T10: =IF($I10=$E10,"N/A",(Q10/O10)) -> 16.102564 | U10: =IF(OR($I10=$E10,$E10=$M10),"N/A",($R10/$P10)) -> 6.4081633
A11: 계 | E11: =SUM(E6:E10) -> 76 | F11: =SUM(F6:F10) -> 44 | G11: =SUM(G6:G10) -> 453 | H11: =SUM(H6:H10) -> 71 | I11: =SUM(I6:I10) -> 32 | J11: =SUM(J6:J10) -> 2 | K11: =SUM(K6:K10) -> 2 | L11: =SUM(L6:L10) -> 0 | ... R11: =SUM(R6:R10) -> 1070 | S11: =IFERROR($J11/($H11-(M11-I11)),"N/A") -> 0.02020202 | T11: =IF($I11=$E11,"N/A",(Q11/O11)) -> 9.9626168 | U11: =IF(OR($I11=$E11,$E11=$M11),"N/A",($R11/$P11)) -> 6.3690476
A39: 2) 장비별 보안수준
A40: 장비 구분 | E40: 진단 결과 | J40: 이행 결과 | O40: 중요도점수
E41: 전체항목 | F41: 진단항목 | G41: 양호 | H41: 취약 | I41: 해당없음 | J41: 조치 | K41: 미조치 | L41: 위험수용 | M41: 해당없음 | N41: 잔여취약점 (미조치+위험수용) | O41: 전체점수 (이행전) | P41: 전체점수 (이행후) | Q41: 평가점수 (이행전) | R41: 평가점수 (이행후) | S41: 이행율 | T41: 보안수준 (이행 전) | U41: 보안수준 (이행 후)
A42: =HYPERLINK("["&MID(CELL("filename"),SEARCH("[",CELL("filename"))+1,SEARCH("]",CELL("filename"))-SEARCH("[",CELL("filename"))-1)&"]"&INDIRECT(ADDRESS(ROW()-37,2,1,TRUE,"자산목록"))&"!A1",INDIRECT(ADDRESS(ROW()-37,2,1,TRUE,"자산목록"))) -> HQ-CORE-L3-A | C42: =IFERROR(VLOOKUP($A42,자산목록!$B$1:$M$847,8,FALSE),"-") -> L3 스위치 | E42: =IFERROR(INDIRECT(ADDRESS(17,4,1,TRUE,$A42)),0) -> 38 | F42: =E42-I42 -> 36 | G42: =IFERROR(INDIRECT(ADDRESS(17,5,1,TRUE,$A42)),0) -> 34 | H42: =IFERROR(INDIRECT(ADDRESS(17,6,1,TRUE,$A42)),0) -> 1 | I42: =IFERROR(INDIRECT(ADDRESS(17,7,1,TRUE,$A42)),0) -> 2 | J42: =IFERROR(INDIRECT(ADDRESS(17,10,1,TRUE,$A42)),0) -> 1 | K42: =IFERROR(INDIRECT(ADDRESS(17,11,1,TRUE,$A42)),0) -> 1 | L42: =IFERROR(INDIRECT(ADDRESS(17,12,1,TRUE,$A42)),0) -> 0 | M42: =IFERROR(INDIRECT(ADDRESS(17,13,1,TRUE,$A42)),0) -> 2 | N42: =K42+L42 -> 1 | O42: =IFERROR(INDIRECT(ADDRESS(17,18,1,TRUE,$A42)),0) -> 84 | P42: =IFERROR(INDIRECT(ADDRESS(17,21,1,TRUE,$A42)),0) -> 90 | Q42: =IFERROR(INDIRECT(ADDRESS(17,19,1,TRUE,$A42)),0) -> 71 | R42: =IFERROR(INDIRECT(ADDRESS(17,20,1,TRUE,$A42)),0) -> 82 | S42: =IFERROR(INDIRECT(ADDRESS(17,14,1,TRUE,$A42)),0) -> 1 | T42: =IFERROR(INDIRECT(ADDRESS(17,8,1,TRUE,$A42)),0) -> 0.8452381 | U42: =IFERROR(INDIRECT(ADDRESS(17,15,1,TRUE,$A42)),0) -> 0.91111111
A43: =HYPERLINK("["&MID(CELL("filename"),SEARCH("[",CELL("filename"))+1,SEARCH("]",CELL("filename"))-SEARCH("[",CELL("filename"))-1)&"]"&INDIRECT(ADDRESS(ROW()-37,2,1,TRUE,"자산목록"))&"!A1",INDIRECT(ADDRESS(ROW()-37,2,1,TRUE,"자산목록"))) -> HQ-CORE-L3-B | C43: =IFERROR(VLOOKUP($A43,자산목록!$B$1:$M$847,8,FALSE),"-") -> L3 스위치 | E43: =IFERROR(INDIRECT(ADDRESS(17,4,1,TRUE,$A43)),0) -> 38 | F43: =E43-I43 -> 36 | G43: =IFERROR(INDIRECT(ADDRESS(17,5,1,TRUE,$A43)),0) -> 34 | H43: =IFERROR(INDIRECT(ADDRESS(17,6,1,TRUE,$A43)),0) -> 1 | I43: =IFERROR(INDIRECT(ADDRESS(17,7,1,TRUE,$A43)),0) -> 2 | J43: =IFERROR(INDIRECT(ADDRESS(17,10,1,TRUE,$A43)),0) -> 1 | K43: =IFERROR(INDIRECT(ADDRESS(17,11,1,TRUE,$A43)),0) -> 1 | L43: =IFERROR(INDIRECT(ADDRESS(17,12,1,TRUE,$A43)),0) -> 0 | M43: =IFERROR(INDIRECT(ADDRESS(17,13,1,TRUE,$A43)),0) -> 2 | N43: =K43+L43 -> 1 | O43: =IFERROR(INDIRECT(ADDRESS(17,18,1,TRUE,$A43)),0) -> 84 | P43: =IFERROR(INDIRECT(ADDRESS(17,21,1,TRUE,$A43)),0) -> 90 | Q43: =IFERROR(INDIRECT(ADDRESS(17,19,1,TRUE,$A43)),0) -> 80 | R43: =IFERROR(INDIRECT(ADDRESS(17,20,1,TRUE,$A43)),0) -> 82 | S43: =IFERROR(INDIRECT(ADDRESS(17,14,1,TRUE,$A43)),0) -> 1 | T43: =IFERROR(INDIRECT(ADDRESS(17,8,1,TRUE,$A43)),0) -> 0.95238095 | U43: =IFERROR(INDIRECT(ADDRESS(17,15,1,TRUE,$A43)),0) -> 0.91111111
A44: 계 | E44: =SUM(E42:E43) -> 76 | F44: =SUM(F42:F43) -> 72 | G44: =SUM(G42:G43) -> 68 | H44: =SUM(H42:H43) -> 2 | I44: =SUM(I42:I43) -> 4 | J44: =SUM(J42:J43) -> 2 | K44: =SUM(K42:K43) -> 2 | L44: =SUM(L42:L43) -> 0 | ... R44: =SUM(R42:R43) -> 164 | S44: =IFERROR($J44/($H44-(M44-I44)),"N/A") -> 1 | T44: =IF($I44=$E44,"N/A",(Q44/O44)) -> 0.89880952 | U44: =IF(OR($I44=$E44,$E44=$M44),"N/A",($R44/$P44)) -> 0.91111111

Sheet 취약점 진단 항목별 통계 (이행)
A1: ■ 취약점 진단 항목별 통계
A3: =ChkList!A4 -> 분류 | C3: =ChkList!C4 -> 진단항목 | D3: =ChkList!D4 -> 중요도 | F3: 진단 통계 | K3: 이행 진단 통계 | O3: 중요도 점수 | S3: 진단결과 | T3: 진단결과
F4: 전체 | G4: 양호 | H4: 즉시조치 | I4: 취약 | J4: N/A | K4: 조치 | L4: 미조치 | M4: 위험수용 | N4: N/A | O4: 전체이행전 | P4: 전체이행후 | Q4: 평가이행전 | R4: 평가이행후 | S4: =HYPERLINK("["&MID(CELL("filename"),SEARCH("[",CELL("filename"))+1,SEARCH("]",CELL("filename"))-SEARCH("[",CELL("filename"))-1)&"]"&INDIRECT(ADDRESS(COLUMN()-14,2,1,TRUE,"자산목록"))&"!A1",INDIRECT(ADDRESS(COLUMN()-14,2,1,TRUE,"자산목록"))) -> HQ-CORE-L3-A | T4: =HYPERLINK("["&MID(CELL("filename"),SEARCH("[",CELL("filename"))+1,SEARCH("]",CELL("filename"))-SEARCH("[",CELL("filename"))-1)&"]"&INDIRECT(ADDRESS(COLUMN()-14,2,1,TRUE,"자산목록"))&"!A1",INDIRECT(ADDRESS(COLUMN()-14,2,1,TRUE,"자산목록"))) -> HQ-CORE-L3-B
A5: =ChkList!A5 -> 계정 관리 | B5: =ChkList!$B5 -> N-01 | C5: =ChkList!$C5 -> 비밀번호 설정 | D5: =ChkList!$D5 -> H | E5: =ChkList!E5 -> 3 | F5: =COUNTA($S5:INDIRECT(ADDRESS(ROW(),MATCH("",$4:$4,-1),1,1))) -> 2 | G5: ='취약점 진단 항목별 통계'!G5 -> 13 | H5: ='취약점 진단 항목별 통계'!H5 -> 0 | I5: ='취약점 진단 항목별 통계'!I5 -> 3 | J5: ='취약점 진단 항목별 통계'!J5 -> 0 | K5: =COUNTIF($S5:INDIRECT(ADDRESS(ROW(),MATCH("",$4:$4,-1),1,1)),"조치") -> 0 | L5: =COUNTIF($S5:INDIRECT(ADDRESS(ROW(),MATCH("",$4:$4,-1),1,1)),"미조치") -> 0 | M5: =COUNTIF($S5:INDIRECT(ADDRESS(ROW(),MATCH("",$4:$4,-1),1,1)),"위험수용") -> 0 | N5: =COUNTIF($S5:INDIRECT(ADDRESS(ROW(),MATCH("",$4:$4,-1),1,1)),"N/A") -> 0 | O5: =VLOOKUP($D5,'parm(hidden)'!$B$8:$C$10,2,FALSE)*($F5-$J5) -> 6 | P5: =VLOOKUP($D5,'parm(hidden)'!$B$8:$C$10,2,FALSE)*($F5-$N5) -> 6 | Q5: =VLOOKUP($D5,'parm(hidden)'!$B$8:$C$10,2,FALSE)*($G5+$H5) -> 39 | R5: =VLOOKUP($D5,'parm(hidden)'!$B$8:$C$10,2,FALSE)*($G5+$H5+$K5) -> 39 | S5: =HYPERLINK("["&MID(CELL("filename"),SEARCH("[",CELL("filename"))+1,SEARCH("]",CELL("filename"))-SEARCH("[",CELL("filename"))-1)&"]"&ADDRESS(ROW()+16,11,1,TRUE,S$4),INDIRECT(ADDRESS(ROW()+16,11,1,TRUE,S$4))) -> Y | T5: =HYPERLINK("["&MID(CELL("filename"),SEARCH("[",CELL("filename"))+1,SEARCH("]",CELL("filename"))-SEARCH("[",CELL("filename"))-1)&"]"&ADDRESS(ROW()+16,11,1,TRUE,T$4),INDIRECT(ADDRESS(ROW()+16,11,1,TRUE,T$4))) -> Y
A6: =ChkList!A6 -> 계정 관리 | B6: =ChkList!$B6 -> N-02 | C6: =ChkList!$C6 -> 비밀번호 복잡성 설정 | D6: =ChkList!$D6 -> H | E6: =ChkList!E6 -> 3 | F6: =COUNTA($S6:INDIRECT(ADDRESS(ROW(),MATCH("",$4:$4,-1),1,1))) -> 2 | G6: ='취약점 진단 항목별 통계'!G6 -> 13 | H6: ='취약점 진단 항목별 통계'!H6 -> 0 | I6: ='취약점 진단 항목별 통계'!I6 -> 3 | J6: ='취약점 진단 항목별 통계'!J6 -> 0 | K6: =COUNTIF($S6:INDIRECT(ADDRESS(ROW(),MATCH("",$4:$4,-1),1,1)),"조치") -> 0 | L6: =COUNTIF($S6:INDIRECT(ADDRESS(ROW(),MATCH("",$4:$4,-1),1,1)),"미조치") -> 0 | M6: =COUNTIF($S6:INDIRECT(ADDRESS(ROW(),MATCH("",$4:$4,-1),1,1)),"위험수용") -> 0 | N6: =COUNTIF($S6:INDIRECT(ADDRESS(ROW(),MATCH("",$4:$4,-1),1,1)),"N/A") -> 0 | O6: =VLOOKUP($D6,'parm(hidden)'!$B$8:$C$10,2,FALSE)*($F6-$J6) -> 6 | P6: =VLOOKUP($D6,'parm(hidden)'!$B$8:$C$10,2,FALSE)*($F6-$N6) -> 6 | Q6: =VLOOKUP($D6,'parm(hidden)'!$B$8:$C$10,2,FALSE)*($G6+$H6) -> 39 | R6: =VLOOKUP($D6,'parm(hidden)'!$B$8:$C$10,2,FALSE)*($G6+$H6+$K6) -> 39 | S6: =HYPERLINK("["&MID(CELL("filename"),SEARCH("[",CELL("filename"))+1,SEARCH("]",CELL("filename"))-SEARCH("[",CELL("filename"))-1)&"]"&ADDRESS(ROW()+16,11,1,TRUE,S$4),INDIRECT(ADDRESS(ROW()+16,11,1,TRUE,S$4))) -> Y | T6: =HYPERLINK("["&MID(CELL("filename"),SEARCH("[",CELL("filename"))+1,SEARCH("]",CELL("filename"))-SEARCH("[",CELL("filename"))-1)&"]"&ADDRESS(ROW()+16,11,1,TRUE,T$4),INDIRECT(ADDRESS(ROW()+16,11,1,TRUE,T$4))) -> Y
A7: =ChkList!A7 -> 계정 관리 | B7: =ChkList!$B7 -> N-03 | C7: =ChkList!$C7 -> 암호화된 비밀번호 사용 | D7: =ChkList!$D7 -> H | E7: =ChkList!E7 -> 3 | F7: =COUNTA($S7:INDIRECT(ADDRESS(ROW(),MATCH("",$4:$4,-1),1,1))) -> 2 | G7: ='취약점 진단 항목별 통계'!G7 -> 13 | H7: ='취약점 진단 항목별 통계'!H7 -> 0 | I7: ='취약점 진단 항목별 통계'!I7 -> 3 | J7: ='취약점 진단 항목별 통계'!J7 -> 0 | K7: =COUNTIF($S7:INDIRECT(ADDRESS(ROW(),MATCH("",$4:$4,-1),1,1)),"조치") -> 0 | L7: =COUNTIF($S7:INDIRECT(ADDRESS(ROW(),MATCH("",$4:$4,-1),1,1)),"미조치") -> 0 | M7: =COUNTIF($S7:INDIRECT(ADDRESS(ROW(),MATCH("",$4:$4,-1),1,1)),"위험수용") -> 0 | N7: =COUNTIF($S7:INDIRECT(ADDRESS(ROW(),MATCH("",$4:$4,-1),1,1)),"N/A") -> 0 | O7: =VLOOKUP($D7,'parm(hidden)'!$B$8:$C$10,2,FALSE)*($F7-$J7) -> 6 | P7: =VLOOKUP($D7,'parm(hidden)'!$B$8:$C$10,2,FALSE)*($F7-$N7) -> 6 | Q7: =VLOOKUP($D7,'parm(hidden)'!$B$8:$C$10,2,FALSE)*($G7+$H7) -> 39 | R7: =VLOOKUP($D7,'parm(hidden)'!$B$8:$C$10,2,FALSE)*($G7+$H7+$K7) -> 39 | S7: =HYPERLINK("["&MID(CELL("filename"),SEARCH("[",CELL("filename"))+1,SEARCH("]",CELL("filename"))-SEARCH("[",CELL("filename"))-1)&"]"&ADDRESS(ROW()+16,11,1,TRUE,S$4),INDIRECT(ADDRESS(ROW()+16,11,1,TRUE,S$4))) -> Y | T7: =HYPERLINK("["&MID(CELL("filename"),SEARCH("[",CELL("filename"))+1,SEARCH("]",CELL("filename"))-SEARCH("[",CELL("filename"))-1)&"]"&ADDRESS(ROW()+16,11,1,TRUE,T$4),INDIRECT(ADDRESS(ROW()+16,11,1,TRUE,T$4))) -> Y
A8: =ChkList!A8 -> 계정 관리 | B8: =ChkList!$B8 -> N-04 | C8: =ChkList!$C8 -> 계정 잠금 임계값 설정 | D8: =ChkList!$D8 -> H | E8: =ChkList!E8 -> 3 | F8: =COUNTA($S8:INDIRECT(ADDRESS(ROW(),MATCH("",$4:$4,-1),1,1))) -> 2 | G8: ='취약점 진단 항목별 통계'!G8 -> 13 | H8: ='취약점 진단 항목별 통계'!H8 -> 0 | I8: ='취약점 진단 항목별 통계'!I8 -> 3 | J8: ='취약점 진단 항목별 통계'!J8 -> 0 | K8: =COUNTIF($S8:INDIRECT(ADDRESS(ROW(),MATCH("",$4:$4,-1),1,1)),"조치") -> 0 | L8: =COUNTIF($S8:INDIRECT(ADDRESS(ROW(),MATCH("",$4:$4,-1),1,1)),"미조치") -> 0 | M8: =COUNTIF($S8:INDIRECT(ADDRESS(ROW(),MATCH("",$4:$4,-1),1,1)),"위험수용") -> 0 | N8: =COUNTIF($S8:INDIRECT(ADDRESS(ROW(),MATCH("",$4:$4,-1),1,1)),"N/A") -> 0 | O8: =VLOOKUP($D8,'parm(hidden)'!$B$8:$C$10,2,FALSE)*($F8-$J8) -> 6 | P8: =VLOOKUP($D8,'parm(hidden)'!$B$8:$C$10,2,FALSE)*($F8-$N8) -> 6 | Q8: =VLOOKUP($D8,'parm(hidden)'!$B$8:$C$10,2,FALSE)*($G8+$H8) -> 39 | R8: =VLOOKUP($D8,'parm(hidden)'!$B$8:$C$10,2,FALSE)*($G8+$H8+$K8) -> 39 | S8: =HYPERLINK("["&MID(CELL("filename"),SEARCH("[",CELL("filename"))+1,SEARCH("]",CELL("filename"))-SEARCH("[",CELL("filename"))-1)&"]"&ADDRESS(ROW()+16,11,1,TRUE,S$4),INDIRECT(ADDRESS(ROW()+16,11,1,TRUE,S$4))) -> Y | T8: =HYPERLINK("["&MID(CELL("filename"),SEARCH("[",CELL("filename"))+1,SEARCH("]",CELL("filename"))-SEARCH("[",CELL("filename"))-1)&"]"&ADDRESS(ROW()+16,11,1,TRUE,T$4),INDIRECT(ADDRESS(ROW()+16,11,1,TRUE,T$4))) -> Y
A9: =ChkList!A9 -> 계정 관리 | B9: =ChkList!$B9 -> N-05 | C9: =ChkList!$C9 -> 사용자·명령어별 권한 설정 | D9: =ChkList!$D9 -> M | E9: =ChkList!E9 -> 2 | F9: =COUNTA($S9:INDIRECT(ADDRESS(ROW(),MATCH("",$4:$4,-1),1,1))) -> 2 | G9: ='취약점 진단 항목별 통계'!G9 -> 13 | H9: ='취약점 진단 항목별 통계'!H9 -> 0 | I9: ='취약점 진단 항목별 통계'!I9 -> 3 | J9: ='취약점 진단 항목별 통계'!J9 -> 0 | K9: =COUNTIF($S9:INDIRECT(ADDRESS(ROW(),MATCH("",$4:$4,-1),1,1)),"조치") -> 0 | L9: =COUNTIF($S9:INDIRECT(ADDRESS(ROW(),MATCH("",$4:$4,-1),1,1)),"미조치") -> 0 | M9: =COUNTIF($S9:INDIRECT(ADDRESS(ROW(),MATCH("",$4:$4,-1),1,1)),"위험수용") -> 0 | N9: =COUNTIF($S9:INDIRECT(ADDRESS(ROW(),MATCH("",$4:$4,-1),1,1)),"N/A") -> 0 | O9: =VLOOKUP($D9,'parm(hidden)'!$B$8:$C$10,2,FALSE)*($F9-$J9) -> 4 | P9: =VLOOKUP($D9,'parm(hidden)'!$B$8:$C$10,2,FALSE)*($F9-$N9) -> 4 | Q9: =VLOOKUP($D9,'parm(hidden)'!$B$8:$C$10,2,FALSE)*($G9+$H9) -> 26 | R9: =VLOOKUP($D9,'parm(hidden)'!$B$8:$C$10,2,FALSE)*($G9+$H9+$K9) -> 26 | S9: =HYPERLINK("["&MID(CELL("filename"),SEARCH("[",CELL("filename"))+1,SEARCH("]",CELL("filename"))-SEARCH("[",CELL("filename"))-1)&"]"&ADDRESS(ROW()+16,11,1,TRUE,S$4),INDIRECT(ADDRESS(ROW()+16,11,1,TRUE,S$4))) -> Y | T9: =HYPERLINK("["&MID(CELL("filename"),SEARCH("[",CELL("filename"))+1,SEARCH("]",CELL("filename"))-SEARCH("[",CELL("filename"))-1)&"]"&ADDRESS(ROW()+16,11,1,TRUE,T$4),INDIRECT(ADDRESS(ROW()+16,11,1,TRUE,T$4))) -> Y
A10: =ChkList!A10 -> 접근 관리 | B10: =ChkList!$B10 -> N-06 | C10: =ChkList!$C10 -> VTY 접근(ACL) 설정 | D10: =ChkList!$D10 -> H | E10: =ChkList!E10 -> 3 | F10: =COUNTA($S10:INDIRECT(ADDRESS(ROW(),MATCH("",$4:$4,-1),1,1))) -> 2 | G10: ='취약점 진단 항목별 통계'!G10 -> 13 | H10: ='취약점 진단 항목별 통계'!H10 -> 0 | I10: ='취약점 진단 항목별 통계'!I10 -> 3 | J10: ='취약점 진단 항목별 통계'!J10 -> 0 | K10: =COUNTIF($S10:INDIRECT(ADDRESS(ROW(),MATCH("",$4:$4,-1),1,1)),"조치") -> 0 | L10: =COUNTIF($S10:INDIRECT(ADDRESS(ROW(),MATCH("",$4:$4,-1),1,1)),"미조치") -> 0 | M10: =COUNTIF($S10:INDIRECT(ADDRESS(ROW(),MATCH("",$4:$4,-1),1,1)),"위험수용") -> 0 | N10: =COUNTIF($S10:INDIRECT(ADDRESS(ROW(),MATCH("",$4:$4,-1),1,1)),"N/A") -> 0 | O10: =VLOOKUP($D10,'parm(hidden)'!$B$8:$C$10,2,FALSE)*($F10-$J10) -> 6 | P10: =VLOOKUP($D10,'parm(hidden)'!$B$8:$C$10,2,FALSE)*($F10-$N10) -> 6 | Q10: =VLOOKUP($D10,'parm(hidden)'!$B$8:$C$10,2,FALSE)*($G10+$H10) -> 39 | R10: =VLOOKUP($D10,'parm(hidden)'!$B$8:$C$10,2,FALSE)*($G10+$H10+$K10) -> 39 | S10: =HYPERLINK("["&MID(CELL("filename"),SEARCH("[",CELL("filename"))+1,SEARCH("]",CELL("filename"))-SEARCH("[",CELL("filename"))-1)&"]"&ADDRESS(ROW()+16,11,1,TRUE,S$4),INDIRECT(ADDRESS(ROW()+16,11,1,TRUE,S$4))) -> Y | T10: =HYPERLINK("["&MID(CELL("filename"),SEARCH("[",CELL("filename"))+1,SEARCH("]",CELL("filename"))-SEARCH("[",CELL("filename"))-1)&"]"&ADDRESS(ROW()+16,11,1,TRUE,T$4),INDIRECT(ADDRESS(ROW()+16,11,1,TRUE,T$4))) -> Y
A11: =ChkList!A11 -> 접근 관리 | B11: =ChkList!$B11 -> N-07 | C11: =ChkList!$C11 -> Session Timeout 설정 | D11: =ChkList!$D11 -> H | E11: =ChkList!E11 -> 3 | F11: =COUNTA($S11:INDIRECT(ADDRESS(ROW(),MATCH("",$4:$4,-1),1,1))) -> 2 | G11: ='취약점 진단 항목별 통계'!G11 -> 13 | H11: ='취약점 진단 항목별 통계'!H11 -> 0 | I11: ='취약점 진단 항목별 통계'!I11 -> 3 | J11: ='취약점 진단 항목별 통계'!J11 -> 0 | K11: =COUNTIF($S11:INDIRECT(ADDRESS(ROW(),MATCH("",$4:$4,-1),1,1)),"조치") -> 0 | L11: =COUNTIF($S11:INDIRECT(ADDRESS(ROW(),MATCH("",$4:$4,-1),1,1)),"미조치") -> 0 | M11: =COUNTIF($S11:INDIRECT(ADDRESS(ROW(),MATCH("",$4:$4,-1),1,1)),"위험수용") -> 0 | N11: =COUNTIF($S11:INDIRECT(ADDRESS(ROW(),MATCH("",$4:$4,-1),1,1)),"N/A") -> 0 | O11: =VLOOKUP($D11,'parm(hidden)'!$B$8:$C$10,2,FALSE)*($F11-$J11) -> 6 | P11: =VLOOKUP($D11,'parm(hidden)'!$B$8:$C$10,2,FALSE)*($F11-$N11) -> 6 | Q11: =VLOOKUP($D11,'parm(hidden)'!$B$8:$C$10,2,FALSE)*($G11+$H11) -> 39 | R11: =VLOOKUP($D11,'parm(hidden)'!$B$8:$C$10,2,FALSE)*($G11+$H11+$K11) -> 39 | S11: =HYPERLINK("["&MID(CELL("filename"),SEARCH("[",CELL("filename"))+1,SEARCH("]",CELL("filename"))-SEARCH("[",CELL("filename"))-1)&"]"&ADDRESS(ROW()+16,11,1,TRUE,S$4),INDIRECT(ADDRESS(ROW()+16,11,1,TRUE,S$4))) -> Y | T11: =HYPERLINK("["&MID(CELL("filename"),SEARCH("[",CELL("filename"))+1,SEARCH("]",CELL("filename"))-SEARCH("[",CELL("filename"))-1)&"]"&ADDRESS(ROW()+16,11,1,TRUE,T$4),INDIRECT(ADDRESS(ROW()+16,11,1,TRUE,T$4))) -> Y
A12: =ChkList!A12 -> 접근 관리 | B12: =ChkList!$B12 -> N-08 | C12: =ChkList!$C12 -> VTY 접속 시 안전한 프로토콜 사용 | D12: =ChkList!$D12 -> M | E12: =ChkList!E12 -> 2 | F12: =COUNTA($S12:INDIRECT(ADDRESS(ROW(),MATCH("",$4:$4,-1),1,1))) -> 2 | G12: ='취약점 진단 항목별 통계'!G12 -> 13 | H12: ='취약점 진단 항목별 통계'!H12 -> 0 | I12: ='취약점 진단 항목별 통계'!I12 -> 3 | J12: ='취약점 진단 항목별 통계'!J12 -> 0 | K12: =COUNTIF($S12:INDIRECT(ADDRESS(ROW(),MATCH("",$4:$4,-1),1,1)),"조치") -> 0 | L12: =COUNTIF($S12:INDIRECT(ADDRESS(ROW(),MATCH("",$4:$4,-1),1,1)),"미조치") -> 0 | M12: =COUNTIF($S12:INDIRECT(ADDRESS(ROW(),MATCH("",$4:$4,-1),1,1)),"위험수용") -> 0 | N12: =COUNTIF($S12:INDIRECT(ADDRESS(ROW(),MATCH("",$4:$4,-1),1,1)),"N/A") -> 0 | O12: =VLOOKUP($D12,'parm(hidden)'!$B$8:$C$10,2,FALSE)*($F12-$J12) -> 4 | P12: =VLOOKUP($D12,'parm(hidden)'!$B$8:$C$10,2,FALSE)*($F12-$N12) -> 4 | Q12: =VLOOKUP($D12,'parm(hidden)'!$B$8:$C$10,2,FALSE)*($G12+$H12) -> 26 | R12: =VLOOKUP($D12,'parm(hidden)'!$B$8:$C$10,2,FALSE)*($G12+$H12+$K12) -> 26 | S12: =HYPERLINK("["&MID(CELL("filename"),SEARCH("[",CELL("filename"))+1,SEARCH("]",CELL("filename"))-SEARCH("[",CELL("filename"))-1)&"]"&ADDRESS(ROW()+16,11,1,TRUE,S$4),INDIRECT(ADDRESS(ROW()+16,11,1,TRUE,S$4))) -> Y | T12: =HYPERLINK("["&MID(CELL("filename"),SEARCH("[",CELL("filename"))+1,SEARCH("]",CELL("filename"))-SEARCH("[",CELL("filename"))-1)&"]"&ADDRESS(ROW()+16,11,1,TRUE,T$4),INDIRECT(ADDRESS(ROW()+16,11,1,TRUE,T$4))) -> Y
A13: =ChkList!A13 -> 접근 관리 | B13: =ChkList!$B13 -> N-09 | C13: =ChkList!$C13 -> 불필요한 보조 입출력 포트 사용 금지 | D13: =ChkList!$D13 -> M | E13: =ChkList!E13 -> 2 | F13: =COUNTA($S13:INDIRECT(ADDRESS(ROW(),MATCH("",$4:$4,-1),1,1))) -> 2 | G13: ='취약점 진단 항목별 통계'!G13 -> 13 | H13: ='취약점 진단 항목별 통계'!H13 -> 0 | I13: ='취약점 진단 항목별 통계'!I13 -> 3 | J13: ='취약점 진단 항목별 통계'!J13 -> 0 | K13: =COUNTIF($S13:INDIRECT(ADDRESS(ROW(),MATCH("",$4:$4,-1),1,1)),"조치") -> 0 | L13: =COUNTIF($S13:INDIRECT(ADDRESS(ROW(),MATCH("",$4:$4,-1),1,1)),"미조치") -> 0 | M13: =COUNTIF($S13:INDIRECT(ADDRESS(ROW(),MATCH("",$4:$4,-1),1,1)),"위험수용") -> 0 | N13: =COUNTIF($S13:INDIRECT(ADDRESS(ROW(),MATCH("",$4:$4,-1),1,1)),"N/A") -> 0 | O13: =VLOOKUP($D13,'parm(hidden)'!$B$8:$C$10,2,FALSE)*($F13-$J13) -> 4 | P13: =VLOOKUP($D13,'parm(hidden)'!$B$8:$C$10,2,FALSE)*($F13-$N13) -> 4 | Q13: =VLOOKUP($D13,'parm(hidden)'!$B$8:$C$10,2,FALSE)*($G13+$H13) -> 26 | R13: =VLOOKUP($D13,'parm(hidden)'!$B$8:$C$10,2,FALSE)*($G13+$H13+$K13) -> 26 | S13: =HYPERLINK("["&MID(CELL("filename"),SEARCH("[",CELL("filename"))+1,SEARCH("]",CELL("filename"))-SEARCH("[",CELL("filename"))-1)&"]"&ADDRESS(ROW()+16,11,1,TRUE,S$4),INDIRECT(ADDRESS(ROW()+16,11,1,TRUE,S$4))) -> Y | T13: =HYPERLINK("["&MID(CELL("filename"),SEARCH("[",CELL("filename"))+1,SEARCH("]",CELL("filename"))-SEARCH("[",CELL("filename"))-1)&"]"&ADDRESS(ROW()+16,11,1,TRUE,T$4),INDIRECT(ADDRESS(ROW()+16,11,1,TRUE,T$4))) -> Y
A14: =ChkList!A14 -> 접근 관리 | B14: =ChkList!$B14 -> N-10 | C14: =ChkList!$C14 -> 로그인 시 경고 메시지 설정 | D14: =ChkList!$D14 -> M | E14: =ChkList!E14 -> 2 | F14: =COUNTA($S14:INDIRECT(ADDRESS(ROW(),MATCH("",$4:$4,-1),1,1))) -> 2 | G14: ='취약점 진단 항목별 통계'!G14 -> 3 | H14: ='취약점 진단 항목별 통계'!H14 -> 0 | I14: ='취약점 진단 항목별 통계'!I14 -> 0 | J14: ='취약점 진단 항목별 통계'!J14 -> 0 | K14: =COUNTIF($S14:INDIRECT(ADDRESS(ROW(),MATCH("",$4:$4,-1),1,1)),"조치") -> 0 | L14: =COUNTIF($S14:INDIRECT(ADDRESS(ROW(),MATCH("",$4:$4,-1),1,1)),"미조치") -> 0 | M14: =COUNTIF($S14:INDIRECT(ADDRESS(ROW(),MATCH("",$4:$4,-1),1,1)),"위험수용") -> 0 | N14: =COUNTIF($S14:INDIRECT(ADDRESS(ROW(),MATCH("",$4:$4,-1),1,1)),"N/A") -> 0 | O14: =VLOOKUP($D14,'parm(hidden)'!$B$8:$C$10,2,FALSE)*($F14-$J14) -> 4 | P14: =VLOOKUP($D14,'parm(hidden)'!$B$8:$C$10,2,FALSE)*($F14-$N14) -> 4 | Q14: =VLOOKUP($D14,'parm(hidden)'!$B$8:$C$10,2,FALSE)*($G14+$H14) -> 6 | R14: =VLOOKUP($D14,'parm(hidden)'!$B$8:$C$10,2,FALSE)*($G14+$H14+$K14) -> 6 | S14: =HYPERLINK("["&MID(CELL("filename"),SEARCH("[",CELL("filename"))+1,SEARCH("]",CELL("filename"))-SEARCH("[",CELL("filename"))-1)&"]"&ADDRESS(ROW()+16,11,1,TRUE,S$4),INDIRECT(ADDRESS(ROW()+16,11,1,TRUE,S$4))) -> Y | T14: =HYPERLINK("["&MID(CELL("filename"),SEARCH("[",CELL("filename"))+1,SEARCH("]",CELL("filename"))-SEARCH("[",CELL("filename"))-1)&"]"&ADDRESS(ROW()+16,11,1,TRUE,T$4),INDIRECT(ADDRESS(ROW()+16,11,1,TRUE,T$4))) -> Y
A15: =ChkList!A15 -> 접근 관리 | B15: =ChkList!$B15 -> N-11 | C15: =ChkList!$C15 -> 원격로그 서버 사용 | D15: =ChkList!$D15 -> M | E15: =ChkList!E15 -> 2 | F15: =COUNTA($S15:INDIRECT(ADDRESS(ROW(),MATCH("",$4:$4,-1),1,1))) -> 2 | G15: ='취약점 진단 항목별 통계'!G15 -> 13 | H15: ='취약점 진단 항목별 통계'!H15 -> 0 | I15: ='취약점 진단 항목별 통계'!I15 -> 3 | J15: ='취약점 진단 항목별 통계'!J15 -> 0 | K15: =COUNTIF($S15:INDIRECT(ADDRESS(ROW(),MATCH("",$4:$4,-1),1,1)),"조치") -> 0 | L15: =COUNTIF($S15:INDIRECT(ADDRESS(ROW(),MATCH("",$4:$4,-1),1,1)),"미조치") -> 0 | M15: =COUNTIF($S15:INDIRECT(ADDRESS(ROW(),MATCH("",$4:$4,-1),1,1)),"위험수용") -> 0 | N15: =COUNTIF($S15:INDIRECT(ADDRESS(ROW(),MATCH("",$4:$4,-1),1,1)),"N/A") -> 0 | O15: =VLOOKUP($D15,'parm(hidden)'!$B$8:$C$10,2,FALSE)*($F15-$J15) -> 4 | P15: =VLOOKUP($D15,'parm(hidden)'!$B$8:$C$10,2,FALSE)*($F15-$N15) -> 4 | Q15: =VLOOKUP($D15,'parm(hidden)'!$B$8:$C$10,2,FALSE)*($G15+$H15) -> 26 | R15: =VLOOKUP($D15,'parm(hidden)'!$B$8:$C$10,2,FALSE)*($G15+$H15+$K15) -> 26 | S15: =HYPERLINK("["&MID(CELL("filename"),SEARCH("[",CELL("filename"))+1,SEARCH("]",CELL("filename"))-SEARCH("[",CELL("filename"))-1)&"]"&ADDRESS(ROW()+16,11,1,TRUE,S$4),INDIRECT(ADDRESS(ROW()+16,11,1,TRUE,S$4))) -> Y | T15: =HYPERLINK("["&MID(CELL("filename"),SEARCH("[",CELL("filename"))+1,SEARCH("]",CELL("filename"))-SEARCH("[",CELL("filename"))-1)&"]"&ADDRESS(ROW()+16,11,1,TRUE,T$4),INDIRECT(ADDRESS(ROW()+16,11,1,TRUE,T$4))) -> Y
A16: =ChkList!A16 -> 패치 관리 | B16: =ChkList!$B16 -> N-12 | C16: =ChkList!$C16 -> 주기적 보안 패치 및 벤더 권고사항 적용 | D16: =ChkList!$D16 -> H | E16: =ChkList!E16 -> 3 | F16: =COUNTA($S16:INDIRECT(ADDRESS(ROW(),MATCH("",$4:$4,-1),1,1))) -> 2 | G16: ='취약점 진단 항목별 통계'!G16 -> 10 | H16: ='취약점 진단 항목별 통계'!H16 -> 0 | I16: ='취약점 진단 항목별 통계'!I16 -> 3 | J16: ='취약점 진단 항목별 통계'!J16 -> 2 | K16: =COUNTIF($S16:INDIRECT(ADDRESS(ROW(),MATCH("",$4:$4,-1),1,1)),"조치") -> 0 | L16: =COUNTIF($S16:INDIRECT(ADDRESS(ROW(),MATCH("",$4:$4,-1),1,1)),"미조치") -> 0 | M16: =COUNTIF($S16:INDIRECT(ADDRESS(ROW(),MATCH("",$4:$4,-1),1,1)),"위험수용") -> 0 | N16: =COUNTIF($S16:INDIRECT(ADDRESS(ROW(),MATCH("",$4:$4,-1),1,1)),"N/A") -> 2 | O16: =VLOOKUP($D16,'parm(hidden)'!$B$8:$C$10,2,FALSE)*($F16-$J16) -> 0 | P16: =VLOOKUP($D16,'parm(hidden)'!$B$8:$C$10,2,FALSE)*($F16-$N16) -> 0 | Q16: =VLOOKUP($D16,'parm(hidden)'!$B$8:$C$10,2,FALSE)*($G16+$H16) -> 30 | R16: =VLOOKUP($D16,'parm(hidden)'!$B$8:$C$10,2,FALSE)*($G16+$H16+$K16) -> 30 | S16: =HYPERLINK("["&MID(CELL("filename"),SEARCH("[",CELL("filename"))+1,SEARCH("]",CELL("filename"))-SEARCH("[",CELL("filename"))-1)&"]"&ADDRESS(ROW()+16,11,1,TRUE,S$4),INDIRECT(ADDRESS(ROW()+16,11,1,TRUE,S$4))) -> N/A | T16: =HYPERLINK("["&MID(CELL("filename"),SEARCH("[",CELL("filename"))+1,SEARCH("]",CELL("filename"))-SEARCH("[",CELL("filename"))-1)&"]"&ADDRESS(ROW()+16,11,1,TRUE,T$4),INDIRECT(ADDRESS(ROW()+16,11,1,TRUE,T$4))) -> N/A
... A42: =ChkList!A42 -> 기능 관리 | B42: =ChkList!$B42 -> N-38 | C42: =ChkList!$C42 -> mask-reply 차단 | D42: =ChkList!$D42 -> M | E42: =ChkList!E42 -> 2 | F42: =COUNTA($S42:INDIRECT(ADDRESS(ROW(),MATCH("",$4:$4,-1),1,1))) -> 2 | G42: ='취약점 진단 항목별 통계'!G42 -> 13 | H42: ='취약점 진단 항목별 통계'!H42 -> 0 | I42: ='취약점 진단 항목별 통계'!I42 -> 1 | J42: ='취약점 진단 항목별 통계'!J42 -> 0 | K42: =COUNTIF($S42:INDIRECT(ADDRESS(ROW(),MATCH("",$4:$4,-1),1,1)),"조치") -> 0 | L42: =COUNTIF($S42:INDIRECT(ADDRESS(ROW(),MATCH("",$4:$4,-1),1,1)),"미조치") -> 0 | M42: =COUNTIF($S42:INDIRECT(ADDRESS(ROW(),MATCH("",$4:$4,-1),1,1)),"위험수용") -> 0 | N42: =COUNTIF($S42:INDIRECT(ADDRESS(ROW(),MATCH("",$4:$4,-1),1,1)),"N/A") -> 0 | O42: =VLOOKUP($D42,'parm(hidden)'!$B$8:$C$10,2,FALSE)*($F42-$J42) -> 4 | P42: =VLOOKUP($D42,'parm(hidden)'!$B$8:$C$10,2,FALSE)*($F42-$N42) -> 4 | Q42: =VLOOKUP($D42,'parm(hidden)'!$B$8:$C$10,2,FALSE)*($G42+$H42) -> 26 | R42: =VLOOKUP($D42,'parm(hidden)'!$B$8:$C$10,2,FALSE)*($G42+$H42+$K42) -> 26 | S42: =HYPERLINK("["&MID(CELL("filename"),SEARCH("[",CELL("filename"))+1,SEARCH("]",CELL("filename"))-SEARCH("[",CELL("filename"))-1)&"]"&ADDRESS(ROW()+16,11,1,TRUE,S$4),INDIRECT(ADDRESS(ROW()+16,11,1,TRUE,S$4))) -> Y | T42: =HYPERLINK("["&MID(CELL("filename"),SEARCH("[",CELL("filename"))+1,SEARCH("]",CELL("filename"))-SEARCH("[",CELL("filename"))-1)&"]"&ADDRESS(ROW()+16,11,1,TRUE,T$4),INDIRECT(ADDRESS(ROW()+16,11,1,TRUE,T$4))) -> Y
F43: =SUM(F5:F42) -> 76 | G43: =SUM(G5:G42) -> 453 | H43: =SUM(H5:H42) -> 0 | I43: =SUM(I5:I42) -> 71 | J43: =SUM(J5:J42) -> 32 | K43: =SUM(K5:K42) -> 2 | L43: =SUM(L5:L42) -> 2 | M43: =SUM(M5:M42) -> 0 | ... R43: =SUM(R5:R42) -> 1070 | S43: =COUNTIFS(S$5:S$42,"<>",S$5:S$42,"<>0") -> 38 | T43: =COUNTIFS(T$5:T$42,"<>",T$5:T$42,"<>0") -> 38

Sheet HQ-CORE-L3-A
A1: ="■ "&$B$4&" 상세 진단결과" -> ■ HQ-CORE-L3-A 상세 진단결과
A3: 1) 시스템 현황 | R3: ※ 자산 평가
A4: HostName | B4: =REPLACE(CELL("filename",A1),1,FIND("]",CELL("filename",A1)),"") -> HQ-CORE-L3-A | D4: 운영자산 명 | F4: =IFERROR(VLOOKUP($B$4,자산목록!$B$1:$Q$847,8,FALSE),"N/A") -> L3 스위치 | R4: 기밀성 | S4: =IFERROR(VLOOKUP($B$4,자산목록!$B$1:$Q$847,13,FALSE),"N/A") -> 0 | T4: 자산등급 | U4: =IFERROR(VLOOKUP($B$4,자산목록!$B$1:$Q$847,16,FALSE),"N/A") -> L
A5: OS 종류 및 버전 | B5: =IFERROR(VLOOKUP($B$4,자산목록!$B$1:$Q$847,6,FALSE)&" "&VLOOKUP($B$4,자산목록!$B$1:$Q$847,7,FALSE),"N/A") | D5: IP Address | F5: =IFERROR(VLOOKUP($B$4,자산목록!$B$1:$Q$847,2,FALSE),"N/A") -> 10.10.40.28/28 10.10.40.36/29 10.10.40.68/29 10.10.40.92/28 10.10.40.108/28 10.10.40.116/29 10.10.40.250/30 | R5: 무결성 | S5: =IFERROR(VLOOKUP($B$4,자산목록!$B$1:$Q$847,14,FALSE),"N/A") -> 0
A6: 담당자 | B6: =IFERROR(VLOOKUP($B$4,자산목록!$B$1:$Q$847,11,FALSE),"N/A") -> 홍길동 | D6: 설치 위치 | F6: =IFERROR(VLOOKUP($B$4,자산목록!$B$1:$Q$847,9,FALSE),"N/A") -> 본사 내부망 | R6: 가용성 | S6: =IFERROR(VLOOKUP($B$4,자산목록!$B$1:$Q$847,15,FALSE),"N/A") -> 0
A8: 2) 진단 결과
A9: ① 부분별 진단 결과
A10: 분류 | D10: 본진단 결과 (이행 전) | I10: 영역별 수준 그래프 | J10: 이행 결과 | R10: 결과 점수 | V10: 영역별 수준 그래프
D11: 전체 | E11: 양호 | F11: 취약 | G11: N/A | H11: 수준 | J11: 조치 | K11: 미조치 | L11: 위험수용 | M11: N/A | N11: 이행율 | O11: 수준 | R11: 전체점수(이행 전) | S11: 평가점수 (이행 전) | T11: 평가점수 (이행 후) | U11: 전체점수(이행 후) | V11: 분류 | X11: 본진단 결과 (이행 전) | Y11: 이행 결과
A12: 계정 관리 | D12: =COUNTIF($A$21:INDIRECT(ADDRESS(MATCH("",$A:$A,-1),1,1,1)),$A12) -> 5 | E12: =COUNTIFS($A$21:INDIRECT(ADDRESS(MATCH("",$A:$A,-1),1,1,1)),$A12,$H$21:INDIRECT(ADDRESS(MATCH("",$A:$A,-1),8,1,1)),"Y")+COUNTIFS($A$21:INDIRECT(ADDRESS(MATCH("",$A:$A,-1),1,1,1)),$A12,$H$21:INDIRECT(ADDRESS(MATCH("",$A:$A,-1),8,1,1)),"Y(즉시조치)") -> 5 | F12: =COUNTIFS($A$21:INDIRECT(ADDRESS(MATCH("",$A:$A,-1),1,1,1)),$A12&"*",$H$21:INDIRECT(ADDRESS(MATCH("",$A:$A,-1),8,1,1)),"N") -> 0 | G12: =COUNTIFS($A$21:INDIRECT(ADDRESS(MATCH("",$A:$A,-1),1,1,1)),$A12&"*",$H$21:INDIRECT(ADDRESS(MATCH("",$A:$A,-1),8,1,1)),"N/A") -> 0 | H12: =IF($G12=$D12,"N/A",(S12/R12)) -> 0.35714286 | J12: =COUNTIFS($A$21:INDIRECT(ADDRESS(MATCH("",$A:$A,-1),1,1,1)),$A12,$K$21:INDIRECT(ADDRESS(MATCH("",$B:$B,-1),11,1,1)),"조치") -> 0 | K12: =COUNTIFS($A$21:INDIRECT(ADDRESS(MATCH("",$A:$A,-1),1,1,1)),$A12,$K$21:INDIRECT(ADDRESS(MATCH("",$B:$B,-1),11,1,1)),"미조치") -> 0 | L12: =COUNTIFS($A$21:INDIRECT(ADDRESS(MATCH("",$A:$A,-1),1,1,1)),$A12,$K$21:INDIRECT(ADDRESS(MATCH("",$B:$B,-1),11,1,1)),"위험수용") -> 0 | M12: =COUNTIFS($A$21:INDIRECT(ADDRESS(MATCH("",$A:$A,-1),1,1,1)),$A12,$K$21:INDIRECT(ADDRESS(MATCH("",$B:$B,-1),11,1,1)),"N/A") -> 0 | N12: =IFERROR($J12/($F12-(M12-G12)),"N/A") -> N/A | O12: =IF(OR($G12=$D12,$D12=$M12),"N/A",($T12/$U12)) -> 1 | R12: =SUMIF($A$21:INDIRECT(ADDRESS(MATCH("",$A:$A,-1),1,1,1)),$A12,$R$21:INDIRECT(ADDRESS(MATCH("",$A:$A,-1),18,1,1))) -> 14 | S12: =SUMIF($A$21:INDIRECT(ADDRESS(MATCH("",$A:$A,-1),1,1,1)),$A12,$S$21:INDIRECT(ADDRESS(MATCH("",$A:$A,-1),19,1,1))) -> 5 | T12: =SUMIF($A$21:INDIRECT(ADDRESS(MATCH("",$A:$A,-1),1,1,1)),$A12,$T$21:INDIRECT(ADDRESS(MATCH("",$A:$A,-1),20,1,1))) -> 14 | U12: =SUMIF($A$21:INDIRECT(ADDRESS(MATCH("",$A:$A,-1),2,1,1)),$A12&"*",$U$21:INDIRECT(ADDRESS(MATCH("",$A:$A,-1),21,1,1))) -> 14 | V12: =B12 -> 0 | X12: =H12 -> 0.35714286 | Y12: =O12 -> 1
A13: 접근 관리 | D13: =COUNTIF($A$21:INDIRECT(ADDRESS(MATCH("",$A:$A,-1),1,1,1)),$A13) -> 6 | E13: =COUNTIFS($A$21:INDIRECT(ADDRESS(MATCH("",$A:$A,-1),1,1,1)),$A13,$H$21:INDIRECT(ADDRESS(MATCH("",$A:$A,-1),8,1,1)),"Y")+COUNTIFS($A$21:INDIRECT(ADDRESS(MATCH("",$A:$A,-1),1,1,1)),$A13,$H$21:INDIRECT(ADDRESS(MATCH("",$A:$A,-1),8,1,1)),"Y(즉시조치)") -> 6 | F13: =COUNTIFS($A$21:INDIRECT(ADDRESS(MATCH("",$A:$A,-1),1,1,1)),$A13&"*",$H$21:INDIRECT(ADDRESS(MATCH("",$A:$A,-1),8,1,1)),"N") -> 0 | G13: =COUNTIFS($A$21:INDIRECT(ADDRESS(MATCH("",$A:$A,-1),1,1,1)),$A13&"*",$H$21:INDIRECT(ADDRESS(MATCH("",$A:$A,-1),8,1,1)),"N/A") -> 0 | H13: =IF($G13=$D13,"N/A",(S13/R13)) -> 1 | J13: =COUNTIFS($A$21:INDIRECT(ADDRESS(MATCH("",$A:$A,-1),1,1,1)),$A13,$K$21:INDIRECT(ADDRESS(MATCH("",$B:$B,-1),11,1,1)),"조치") -> 0 | K13: =COUNTIFS($A$21:INDIRECT(ADDRESS(MATCH("",$A:$A,-1),1,1,1)),$A13,$K$21:INDIRECT(ADDRESS(MATCH("",$B:$B,-1),11,1,1)),"미조치") -> 0 | L13: =COUNTIFS($A$21:INDIRECT(ADDRESS(MATCH("",$A:$A,-1),1,1,1)),$A13,$K$21:INDIRECT(ADDRESS(MATCH("",$B:$B,-1),11,1,1)),"위험수용") -> 0 | M13: =COUNTIFS($A$21:INDIRECT(ADDRESS(MATCH("",$A:$A,-1),1,1,1)),$A13,$K$21:INDIRECT(ADDRESS(MATCH("",$B:$B,-1),11,1,1)),"N/A") -> 0 | N13: =IFERROR($J13/($F13-(M13-G13)),"N/A") -> N/A | O13: =IF(OR($G13=$D13,$D13=$M13),"N/A",($T13/$U13)) -> 1 | R13: =SUMIF($A$21:INDIRECT(ADDRESS(MATCH("",$A:$A,-1),1,1,1)),$A13,$R$21:INDIRECT(ADDRESS(MATCH("",$A:$A,-1),18,1,1))) -> 14 | S13: =SUMIF($A$21:INDIRECT(ADDRESS(MATCH("",$A:$A,-1),1,1,1)),$A13,$S$21:INDIRECT(ADDRESS(MATCH("",$A:$A,-1),19,1,1))) -> 14 | T13: =SUMIF($A$21:INDIRECT(ADDRESS(MATCH("",$A:$A,-1),1,1,1)),$A13,$T$21:INDIRECT(ADDRESS(MATCH("",$A:$A,-1),20,1,1))) -> 14 | U13: =SUMIF($A$21:INDIRECT(ADDRESS(MATCH("",$A:$A,-1),2,1,1)),$A13&"*",$U$21:INDIRECT(ADDRESS(MATCH("",$A:$A,-1),21,1,1))) -> 14 | V13: =B13 -> 0 | X13: =H13 -> 1 | Y13: =O13 -> 1
A14: 패치 관리 | D14: =COUNTIF($A$21:INDIRECT(ADDRESS(MATCH("",$A:$A,-1),1,1,1)),$A14) -> 1 | E14: =COUNTIFS($A$21:INDIRECT(ADDRESS(MATCH("",$A:$A,-1),1,1,1)),$A14,$H$21:INDIRECT(ADDRESS(MATCH("",$A:$A,-1),8,1,1)),"Y")+COUNTIFS($A$21:INDIRECT(ADDRESS(MATCH("",$A:$A,-1),1,1,1)),$A14,$H$21:INDIRECT(ADDRESS(MATCH("",$A:$A,-1),8,1,1)),"Y(즉시조치)") -> 0 | F14: =COUNTIFS($A$21:INDIRECT(ADDRESS(MATCH("",$A:$A,-1),1,1,1)),$A14&"*",$H$21:INDIRECT(ADDRESS(MATCH("",$A:$A,-1),8,1,1)),"N") -> 0 | G14: =COUNTIFS($A$21:INDIRECT(ADDRESS(MATCH("",$A:$A,-1),1,1,1)),$A14&"*",$H$21:INDIRECT(ADDRESS(MATCH("",$A:$A,-1),8,1,1)),"N/A") -> 1 | H14: =IF($G14=$D14,"N/A",(S14/R14)) -> N/A | J14: =COUNTIFS($A$21:INDIRECT(ADDRESS(MATCH("",$A:$A,-1),1,1,1)),$A14,$K$21:INDIRECT(ADDRESS(MATCH("",$B:$B,-1),11,1,1)),"조치") -> 0 | K14: =COUNTIFS($A$21:INDIRECT(ADDRESS(MATCH("",$A:$A,-1),1,1,1)),$A14,$K$21:INDIRECT(ADDRESS(MATCH("",$B:$B,-1),11,1,1)),"미조치") -> 0 | L14: =COUNTIFS($A$21:INDIRECT(ADDRESS(MATCH("",$A:$A,-1),1,1,1)),$A14,$K$21:INDIRECT(ADDRESS(MATCH("",$B:$B,-1),11,1,1)),"위험수용") -> 0 | M14: =COUNTIFS($A$21:INDIRECT(ADDRESS(MATCH("",$A:$A,-1),1,1,1)),$A14,$K$21:INDIRECT(ADDRESS(MATCH("",$B:$B,-1),11,1,1)),"N/A") -> 1 | N14: =IFERROR($J14/($F14-(M14-G14)),"N/A") -> N/A | O14: =IF(OR($G14=$D14,$D14=$M14),"N/A",($T14/$U14)) -> N/A | R14: =SUMIF($A$21:INDIRECT(ADDRESS(MATCH("",$A:$A,-1),1,1,1)),$A14,$R$21:INDIRECT(ADDRESS(MATCH("",$A:$A,-1),18,1,1))) -> 0 | S14: =SUMIF($A$21:INDIRECT(ADDRESS(MATCH("",$A:$A,-1),1,1,1)),$A14,$S$21:INDIRECT(ADDRESS(MATCH("",$A:$A,-1),19,1,1))) -> 0 | T14: =SUMIF($A$21:INDIRECT(ADDRESS(MATCH("",$A:$A,-1),1,1,1)),$A14,$T$21:INDIRECT(ADDRESS(MATCH("",$A:$A,-1),20,1,1))) -> 0 | U14: =SUMIF($A$21:INDIRECT(ADDRESS(MATCH("",$A:$A,-1),2,1,1)),$A14&"*",$U$21:INDIRECT(ADDRESS(MATCH("",$A:$A,-1),21,1,1))) -> 3 | V14: =B14 -> 0 | X14: =H14 -> N/A | Y14: =O14 -> N/A
A15: 로그 관리 | D15: =COUNTIF($A$21:INDIRECT(ADDRESS(MATCH("",$A:$A,-1),1,1,1)),$A15) -> 4 | E15: =COUNTIFS($A$21:INDIRECT(ADDRESS(MATCH("",$A:$A,-1),1,1,1)),$A15,$H$21:INDIRECT(ADDRESS(MATCH("",$A:$A,-1),8,1,1)),"Y")+COUNTIFS($A$21:INDIRECT(ADDRESS(MATCH("",$A:$A,-1),1,1,1)),$A15,$H$21:INDIRECT(ADDRESS(MATCH("",$A:$A,-1),8,1,1)),"Y(즉시조치)") -> 2 | F15: =COUNTIFS($A$21:INDIRECT(ADDRESS(MATCH("",$A:$A,-1),1,1,1)),$A15&"*",$H$21:INDIRECT(ADDRESS(MATCH("",$A:$A,-1),8,1,1)),"N") -> 1 | G15: =COUNTIFS($A$21:INDIRECT(ADDRESS(MATCH("",$A:$A,-1),1,1,1)),$A15&"*",$H$21:INDIRECT(ADDRESS(MATCH("",$A:$A,-1),8,1,1)),"N/A") -> 0 | H15: =IF($G15=$D15,"N/A",(S15/R15)) -> 0.42857143 | J15: =COUNTIFS($A$21:INDIRECT(ADDRESS(MATCH("",$A:$A,-1),1,1,1)),$A15,$K$21:INDIRECT(ADDRESS(MATCH("",$B:$B,-1),11,1,1)),"조치") -> 1 | K15: =COUNTIFS($A$21:INDIRECT(ADDRESS(MATCH("",$A:$A,-1),1,1,1)),$A15,$K$21:INDIRECT(ADDRESS(MATCH("",$B:$B,-1),11,1,1)),"미조치") -> 1 | L15: =COUNTIFS($A$21:INDIRECT(ADDRESS(MATCH("",$A:$A,-1),1,1,1)),$A15,$K$21:INDIRECT(ADDRESS(MATCH("",$B:$B,-1),11,1,1)),"위험수용") -> 0 | M15: =COUNTIFS($A$21:INDIRECT(ADDRESS(MATCH("",$A:$A,-1),1,1,1)),$A15,$K$21:INDIRECT(ADDRESS(MATCH("",$B:$B,-1),11,1,1)),"N/A") -> 0 | N15: =IFERROR($J15/($F15-(M15-G15)),"N/A") -> 1 | O15: =IF(OR($G15=$D15,$D15=$M15),"N/A",($T15/$U15)) -> 0.71428571 | R15: =SUMIF($A$21:INDIRECT(ADDRESS(MATCH("",$A:$A,-1),1,1,1)),$A15,$R$21:INDIRECT(ADDRESS(MATCH("",$A:$A,-1),18,1,1))) -> 7 | S15: =SUMIF($A$21:INDIRECT(ADDRESS(MATCH("",$A:$A,-1),1,1,1)),$A15,$S$21:INDIRECT(ADDRESS(MATCH("",$A:$A,-1),19,1,1))) -> 3 | T15: =SUMIF($A$21:INDIRECT(ADDRESS(MATCH("",$A:$A,-1),1,1,1)),$A15,$T$21:INDIRECT(ADDRESS(MATCH("",$A:$A,-1),20,1,1))) -> 5 | U15: =SUMIF($A$21:INDIRECT(ADDRESS(MATCH("",$A:$A,-1),2,1,1)),$A15&"*",$U$21:INDIRECT(ADDRESS(MATCH("",$A:$A,-1),21,1,1))) -> 7 | V15: =B15 -> 0 | X15: =H15 -> 0.42857143 | Y15: =O15 -> 0.71428571
A16: 기능 관리 | D16: =COUNTIF($A$21:INDIRECT(ADDRESS(MATCH("",$A:$A,-1),1,1,1)),$A16) -> 22 | E16: =COUNTIFS($A$21:INDIRECT(ADDRESS(MATCH("",$A:$A,-1),1,1,1)),$A16,$H$21:INDIRECT(ADDRESS(MATCH("",$A:$A,-1),8,1,1)),"Y")+COUNTIFS($A$21:INDIRECT(ADDRESS(MATCH("",$A:$A,-1),1,1,1)),$A16,$H$21:INDIRECT(ADDRESS(MATCH("",$A:$A,-1),8,1,1)),"Y(즉시조치)") -> 21 | F16: =COUNTIFS($A$21:INDIRECT(ADDRESS(MATCH("",$A:$A,-1),1,1,1)),$A16&"*",$H$21:INDIRECT(ADDRESS(MATCH("",$A:$A,-1),8,1,1)),"N") -> 0 | G16: =COUNTIFS($A$21:INDIRECT(ADDRESS(MATCH("",$A:$A,-1),1,1,1)),$A16&"*",$H$21:INDIRECT(ADDRESS(MATCH("",$A:$A,-1),8,1,1)),"N/A") -> 1 | H16: =IF($G16=$D16,"N/A",(S16/R16)) -> 1 | J16: =COUNTIFS($A$21:INDIRECT(ADDRESS(MATCH("",$A:$A,-1),1,1,1)),$A16,$K$21:INDIRECT(ADDRESS(MATCH("",$B:$B,-1),11,1,1)),"조치") -> 0 | K16: =COUNTIFS($A$21:INDIRECT(ADDRESS(MATCH("",$A:$A,-1),1,1,1)),$A16,$K$21:INDIRECT(ADDRESS(MATCH("",$B:$B,-1),11,1,1)),"미조치") -> 0 | L16: =COUNTIFS($A$21:INDIRECT(ADDRESS(MATCH("",$A:$A,-1),1,1,1)),$A16,$K$21:INDIRECT(ADDRESS(MATCH("",$B:$B,-1),11,1,1)),"위험수용") -> 0 | M16: =COUNTIFS($A$21:INDIRECT(ADDRESS(MATCH("",$A:$A,-1),1,1,1)),$A16,$K$21:INDIRECT(ADDRESS(MATCH("",$B:$B,-1),11,1,1)),"N/A") -> 1 | N16: =IFERROR($J16/($F16-(M16-G16)),"N/A") -> N/A | O16: =IF(OR($G16=$D16,$D16=$M16),"N/A",($T16/$U16)) -> 0.94230769 | R16: =SUMIF($A$21:INDIRECT(ADDRESS(MATCH("",$A:$A,-1),1,1,1)),$A16,$R$21:INDIRECT(ADDRESS(MATCH("",$A:$A,-1),18,1,1))) -> 49 | S16: =SUMIF($A$21:INDIRECT(ADDRESS(MATCH("",$A:$A,-1),1,1,1)),$A16,$S$21:INDIRECT(ADDRESS(MATCH("",$A:$A,-1),19,1,1))) -> 49 | T16: =SUMIF($A$21:INDIRECT(ADDRESS(MATCH("",$A:$A,-1),1,1,1)),$A16,$T$21:INDIRECT(ADDRESS(MATCH("",$A:$A,-1),20,1,1))) -> 49 | U16: =SUMIF($A$21:INDIRECT(ADDRESS(MATCH("",$A:$A,-1),2,1,1)),$A16&"*",$U$21:INDIRECT(ADDRESS(MATCH("",$A:$A,-1),21,1,1))) -> 52 | V16: =B16 -> 0 | X16: =H16 -> 1 | Y16: =O16 -> 0.94230769
A17: 전체 보안 수준 | D17: =SUM(D12:D16) -> 38 | E17: =SUM(E12:E16) -> 34 | F17: =SUM(F12:F16) -> 1 | G17: =SUM(G12:G16) -> 2 | H17: =IF($G17=$D17,"N/A",(S17/R17)) -> 0.8452381 | J17: =SUM(J12:J16) -> 1 | K17: =SUM(K12:K16) -> 1 | L17: =SUM(L12:L16) -> 0 | M17: =SUM(M12:M16) -> 2 | N17: =IF($O17="N/A","N/A",IFERROR($J17/($F17-(M17-G17)),"N/A")) -> 1 | O17: =IF($G17=$D17,"N/A",IFERROR((T17/U17),"N/A")) -> 0.91111111 | R17: =SUM(R12:R16) -> 84 | S17: =SUM(S12:S16) -> 71 | T17: =SUM(T12:T16) -> 82 | U17: =SUM(U12:U16) -> 90 | V17: 전채 보안 수준 | X17: =H17 -> 0.8452381 | Y17: =O17 -> 0.91111111
A19: ② 상세 진단 현황 | R19: HIDDEN 필드입니다
A20: 분류 | C20: 진단 항목 | F20: 중요도 | H20: 진단 결과 | I20: 현황 및 문제점 | J20: 이행 결과 | K20: 이행여부 | L20: 조치 현황 | Q20: 개선방안 및 보호대책 | R20: 전체점수(이행전) | S20: 평가점수 (이행 전) | T20: 평가점수 (이행 후) | U20: 전체점수(이행 후) | V20: 이행 결과
A21: =ChkList!A5 -> 계정 관리 | B21: =ChkList!B5 -> N-01 | C21: =ChkList!C5 -> 비밀번호 설정 | F21: =ChkList!D5 -> H | G21: =ChkList!E5 -> 3 | H21: Y | I21: 관리자 모드 비밀번호 및 line 인터페이스(console, vty, aux) 비밀번호가 설정되어 있어 양호함 | J21: Y | K21: =IF($J28="","",IF(OR($H21="Y",$H21="N/A",$H21="Y(즉시조치)"),$H21,IF(AND($H21="N",$J21="Y"),"조치",IF(AND($H21="N",$J21="N/A"),"N/A",IF(IFERROR(FIND("위험수용",$L21),0),"위험수용","미조치"))))) -> Y | L21: 관리자 모드 비밀번호 및 line 인터페이스(console, vty, aux) 비밀번호 설정되어있음 | Q21: =IF($J21="",IF(OR(#REF!="N",#REF!="인터뷰"),ChkList!$F5,""),IF(OR($J21="N",$J21="인터뷰"),ChkList!$F5,"")) | R21: =IF($H21="N/A",0,VLOOKUP($F21,'parm(hidden)'!$B$8:$C$10,2,FALSE))*1 -> 3 | S21: =IFERROR(VLOOKUP($F21,'parm(hidden)'!$B$8:$C$10,2,FALSE)*VLOOKUP(#REF!,'parm(hidden)'!$B$15:$C$19,2,FALSE),0) -> 0 | T21: =IFERROR(VLOOKUP($F21,'parm(hidden)'!$B$8:$C$10,2,FALSE)*VLOOKUP($K21,$V$22:$W$27,2,FALSE),0) -> 3 | U21: =IF($J21="N/A",0,VLOOKUP($F21,'parm(hidden)'!$B$8:$C$10,2,FALSE))*1 -> 3 | V21: 결과 | W21: 점수
A22: =ChkList!A6 -> 계정 관리 | B22: =ChkList!B6 -> N-02 | C22: =ChkList!C6 -> 비밀번호 복잡성 설정 | F22: =ChkList!D6 -> H | G22: =ChkList!E6 -> 3 | H22: Y | I22: 비밀번호 최소 길이 설정이 적용되어 있어 양호함 | J22: Y | K22: =IF($J29="","",IF(OR($H22="Y",$H22="N/A",$H22="Y(즉시조치)"),$H22,IF(AND($H22="N",$J22="Y"),"조치",IF(AND($H22="N",$J22="N/A"),"N/A",IF(IFERROR(FIND("위험수용",$L22),0),"위험수용","미조치"))))) -> Y | L22: 비밀번호 복잡성 규칙에 맞게 설정함 | Q22: =IF($J22="",IF(OR(#REF!="N",#REF!="인터뷰"),ChkList!$F6,""),IF(OR($J22="N",$J22="인터뷰"),ChkList!$F6,"")) | R22: =IF($H22="N/A",0,VLOOKUP($F22,'parm(hidden)'!$B$8:$C$10,2,FALSE))*1 -> 3 | S22: =IFERROR(VLOOKUP($F22,'parm(hidden)'!$B$8:$C$10,2,FALSE)*VLOOKUP(#REF!,'parm(hidden)'!$B$15:$C$19,2,FALSE),0) -> 0 | T22: =IFERROR(VLOOKUP($F22,'parm(hidden)'!$B$8:$C$10,2,FALSE)*VLOOKUP($K22,$V$22:$W$27,2,FALSE),0) -> 3 | U22: =IF($J22="N/A",0,VLOOKUP($F22,'parm(hidden)'!$B$8:$C$10,2,FALSE))*1 -> 3 | V22: 조치 | W22: 1
A23: =ChkList!A7 -> 계정 관리 | B23: =ChkList!B7 -> N-03 | C23: =ChkList!C7 -> 암호화된 비밀번호 사용 | F23: =ChkList!D7 -> H | G23: =ChkList!E7 -> 3 | H23: Y | I23: enable secret, username secret 및 service password-encryption 설정이 적용되어 있어 양호함 | J23: Y | K23: =IF($J30="","",IF(OR($H23="Y",$H23="N/A",$H23="Y(즉시조치)"),$H23,IF(AND($H23="N",$J23="Y"),"조치",IF(AND($H23="N",$J23="N/A"),"N/A",IF(IFERROR(FIND("위험수용",$L23),0),"위험수용","미조치"))))) -> Y | L23: enable secret 설정 사용 중임 username secret 설정 사용 중임 Password-Encryption 서비스 사용 중임 | Q23: =IF($J23="",IF(OR(#REF!="N",#REF!="인터뷰"),ChkList!$F7,""),IF(OR($J23="N",$J23="인터뷰"),ChkList!$F7,"")) | R23: =IF($H23="N/A",0,VLOOKUP($F23,'parm(hidden)'!$B$8:$C$10,2,FALSE))*1 -> 3 | S23: =IFERROR(VLOOKUP($F23,'parm(hidden)'!$B$8:$C$10,2,FALSE)*VLOOKUP(#REF!,'parm(hidden)'!$B$15:$C$19,2,FALSE),0) -> 0 | T23: =IFERROR(VLOOKUP($F23,'parm(hidden)'!$B$8:$C$10,2,FALSE)*VLOOKUP($K23,$V$22:$W$27,2,FALSE),0) -> 3 | U23: =IF($J23="N/A",0,VLOOKUP($F23,'parm(hidden)'!$B$8:$C$10,2,FALSE))*1 -> 3 | V23: 미조치 | W23: 0
A24: =ChkList!A8 -> 계정 관리 | B24: =ChkList!B8 -> N-04 | C24: =ChkList!C8 -> 계정 잠금 임계값 설정 | F24: =ChkList!D8 -> H | G24: =ChkList!E8 -> 3 | H24: Y | I24: 로그인 실패 시 접속 차단 임계값이 설정되어 있어 양호함 | J24: Y | K24: =IF($J31="","",IF(OR($H24="Y",$H24="N/A",$H24="Y(즉시조치)"),$H24,IF(AND($H24="N",$J24="Y"),"조치",IF(AND($H24="N",$J24="N/A"),"N/A",IF(IFERROR(FIND("위험수용",$L24),0),"위험수용","미조치"))))) -> Y | L24: 사용자별로 권한 레벨 다르게 설정됨 팀장 15 부팀장 14 | Q24: =IF($J24="",IF(OR(#REF!="N",#REF!="인터뷰"),ChkList!$F8,""),IF(OR($J24="N",$J24="인터뷰"),ChkList!$F8,"")) | R24: =IF($H24="N/A",0,VLOOKUP($F24,'parm(hidden)'!$B$8:$C$10,2,FALSE))*1 -> 3 | S24: =IFERROR(VLOOKUP($F24,'parm(hidden)'!$B$8:$C$10,2,FALSE)*VLOOKUP(H24,'parm(hidden)'!$B$15:$C$19,2,FALSE),0) -> 3 | T24: =IFERROR(VLOOKUP($F24,'parm(hidden)'!$B$8:$C$10,2,FALSE)*VLOOKUP($K24,$V$22:$W$27,2,FALSE),0) -> 3 | U24: =IF($J24="N/A",0,VLOOKUP($F24,'parm(hidden)'!$B$8:$C$10,2,FALSE))*1 -> 3 | V24: 위험수용 | W24: 0
A25: =ChkList!A9 -> 계정 관리 | B25: =ChkList!B9 -> N-05 | C25: =ChkList!C9 -> 사용자·명령어별 권한 설정 | F25: =ChkList!D9 -> M | G25: =ChkList!E9 -> 2 | H25: Y | I25: 사용자 및 명령어별 권한 레벨이 설정되어 있어 양호함 | J25: Y | K25: =IF($J32="","",IF(OR($H25="Y",$H25="N/A",$H25="Y(즉시조치)"),$H25,IF(AND($H25="N",$J25="Y"),"조치",IF(AND($H25="N",$J25="N/A"),"N/A",IF(IFERROR(FIND("위험수용",$L25),0),"위험수용","미조치"))))) -> Y | L25: 전산팀 관리자 pc만 VTY 콘솔에 접속 허용하도록 ACL 설정 및 vty 인터페이스에 적용됨 | Q25: =IF($J25="",IF(OR(#REF!="N",#REF!="인터뷰"),ChkList!$F9,""),IF(OR($J25="N",$J25="인터뷰"),ChkList!$F9,"")) | R25: =IF($H25="N/A",0,VLOOKUP($F25,'parm(hidden)'!$B$8:$C$10,2,FALSE))*1 -> 2 | S25: =IFERROR(VLOOKUP($F25,'parm(hidden)'!$B$8:$C$10,2,FALSE)*VLOOKUP(H25,'parm(hidden)'!$B$15:$C$19,2,FALSE),0) -> 2 | T25: =IFERROR(VLOOKUP($F25,'parm(hidden)'!$B$8:$C$10,2,FALSE)*VLOOKUP($K25,$V$22:$W$27,2,FALSE),0) -> 2 | U25: =IF($J25="N/A",0,VLOOKUP($F25,'parm(hidden)'!$B$8:$C$10,2,FALSE))*1 -> 2 | V25: N/A | W25: 0
A26: =ChkList!A10 -> 접근 관리 | B26: =ChkList!B10 -> N-06 | C26: =ChkList!C10 -> VTY 접근(ACL) 설정 | F26: =ChkList!D10 -> H | G26: =ChkList!E10 -> 3 | H26: Y | I26: 허가된 관리 IP만 VTY 접속이 가능하도록 ACL이 적용되어 있어 양호함 | J26: Y | K26: =IF($J33="","",IF(OR($H26="Y",$H26="N/A",$H26="Y(즉시조치)"),$H26,IF(AND($H26="N",$J26="Y"),"조치",IF(AND($H26="N",$J26="N/A"),"N/A",IF(IFERROR(FIND("위험수용",$L26),0),"위험수용","미조치"))))) -> Y | L26: line 인터페이스(console, vty, aux)에 session timeout 설정 적용됨 | Q26: =IF($J26="",IF(OR(#REF!="N",#REF!="인터뷰"),ChkList!$F10,""),IF(OR($J26="N",$J26="인터뷰"),ChkList!$F10,"")) | R26: =IF($H26="N/A",0,VLOOKUP($F26,'parm(hidden)'!$B$8:$C$10,2,FALSE))*1 -> 3 | S26: =IFERROR(VLOOKUP($F26,'parm(hidden)'!$B$8:$C$10,2,FALSE)*VLOOKUP(H26,'parm(hidden)'!$B$15:$C$19,2,FALSE),0) -> 3 | T26: =IFERROR(VLOOKUP($F26,'parm(hidden)'!$B$8:$C$10,2,FALSE)*VLOOKUP($K26,$V$22:$W$27,2,FALSE),0) -> 3 | U26: =IF($J26="N/A",0,VLOOKUP($F26,'parm(hidden)'!$B$8:$C$10,2,FALSE))*1 -> 3 | V26: Y | W26: 1
A27: =ChkList!A11 -> 접근 관리 | B27: =ChkList!B11 -> N-07 | C27: =ChkList!C11 -> Session Timeout 설정 | F27: =ChkList!D11 -> H | G27: =ChkList!E11 -> 3 | H27: Y | I27: line 인터페이스(console, vty, aux)에 session timeout 설정이 적용되어 있어 양호함 | J27: Y | K27: =IF($J34="","",IF(OR($H27="Y",$H27="N/A",$H27="Y(즉시조치)"),$H27,IF(AND($H27="N",$J27="Y"),"조치",IF(AND($H27="N",$J27="N/A"),"N/A",IF(IFERROR(FIND("위험수용",$L27),0),"위험수용","미조치"))))) -> Y | L27: ssh 활성화됨, 원격 접속시 ssh로만 접속하도록 설정 | Q27: =IF($J27="",IF(OR(#REF!="N",#REF!="인터뷰"),ChkList!$F11,""),IF(OR($J27="N",$J27="인터뷰"),ChkList!$F11,"")) | R27: =IF($H27="N/A",0,VLOOKUP($F27,'parm(hidden)'!$B$8:$C$10,2,FALSE))*1 -> 3 | S27: =IFERROR(VLOOKUP($F27,'parm(hidden)'!$B$8:$C$10,2,FALSE)*VLOOKUP(H27,'parm(hidden)'!$B$15:$C$19,2,FALSE),0) -> 3 | T27: =IFERROR(VLOOKUP($F27,'parm(hidden)'!$B$8:$C$10,2,FALSE)*VLOOKUP($K27,$V$22:$W$27,2,FALSE),0) -> 3 | U27: =IF($J27="N/A",0,VLOOKUP($F27,'parm(hidden)'!$B$8:$C$10,2,FALSE))*1 -> 3 | V27: Y(즉시조치) | W27: 1
A28: =ChkList!A12 -> 접근 관리 | B28: =ChkList!B12 -> N-08 | C28: =ChkList!C12 -> VTY 접속 시 안전한 프로토콜 사용 | F28: =ChkList!D12 -> M | G28: =ChkList!E12 -> 2 | H28: Y | I28: SSH가 활성화되어 있으며 원격 접속 시 SSH만 사용하도록 설정되어 있어 양호함 | J28: Y | K28: =IF($J35="","",IF(OR($H28="Y",$H28="N/A",$H28="Y(즉시조치)"),$H28,IF(AND($H28="N",$J28="Y"),"조치",IF(AND($H28="N",$J28="N/A"),"N/A",IF(IFERROR(FIND("위험수용",$L28),0),"위험수용","미조치"))))) -> Y | L28: 사용자 접근 금지(no password) 및 입력 불가(transport input none), 명령 실행 불가 설정(no exec) 및 1 초 뒤 타임아웃(exec-timeout 0 1) 적용되어있음 | Q28: =IF($J28="",IF(OR(#REF!="N",#REF!="인터뷰"),ChkList!$F12,""),IF(OR($J28="N",$J28="인터뷰"),ChkList!$F12,"")) | R28: =IF($H28="N/A",0,VLOOKUP($F28,'parm(hidden)'!$B$8:$C$10,2,FALSE))*1 -> 2 | S28: =IFERROR(VLOOKUP($F28,'parm(hidden)'!$B$8:$C$10,2,FALSE)*VLOOKUP(H28,'parm(hidden)'!$B$15:$C$19,2,FALSE),0) -> 2 | T28: =IFERROR(VLOOKUP($F28,'parm(hidden)'!$B$8:$C$10,2,FALSE)*VLOOKUP($K28,$V$22:$W$27,2,FALSE),0) -> 2 | U28: =IF($J28="N/A",0,VLOOKUP($F28,'parm(hidden)'!$B$8:$C$10,2,FALSE))*1 -> 2
A29: =ChkList!A13 -> 접근 관리 | B29: =ChkList!B13 -> N-09 | C29: =ChkList!C13 -> 불필요한 보조 입출력 포트 사용 금지 | F29: =ChkList!D13 -> M | G29: =ChkList!E13 -> 2 | H29: Y | I29: 보조 입출력 포트의 불필요한 접근 및 명령 실행이 제한되어 있어 양호함 | J29: Y | K29: =IF($J36="","",IF(OR($H29="Y",$H29="N/A",$H29="Y(즉시조치)"),$H29,IF(AND($H29="N",$J29="Y"),"조치",IF(AND($H29="N",$J29="N/A"),"N/A",IF(IFERROR(FIND("위험수용",$L29),0),"위험수용","미조치"))))) -> Y | L29: banner 문구 설저되어있음 | Q29: =IF($J29="",IF(OR(#REF!="N",#REF!="인터뷰"),ChkList!$F13,""),IF(OR($J29="N",$J29="인터뷰"),ChkList!$F13,"")) | R29: =IF($H29="N/A",0,VLOOKUP($F29,'parm(hidden)'!$B$8:$C$10,2,FALSE))*1 -> 2 | S29: =IFERROR(VLOOKUP($F29,'parm(hidden)'!$B$8:$C$10,2,FALSE)*VLOOKUP(H29,'parm(hidden)'!$B$15:$C$19,2,FALSE),0) -> 2 | T29: =IFERROR(VLOOKUP($F29,'parm(hidden)'!$B$8:$C$10,2,FALSE)*VLOOKUP($K29,$V$22:$W$27,2,FALSE),0) -> 2 | U29: =IF($J29="N/A",0,VLOOKUP($F29,'parm(hidden)'!$B$8:$C$10,2,FALSE))*1 -> 2
A30: =ChkList!A14 -> 접근 관리 | B30: =ChkList!B14 -> N-10 | C30: =ChkList!C14 -> 로그인 시 경고 메시지 설정 | F30: =ChkList!D14 -> M | G30: =ChkList!E14 -> 2 | H30: Y | I30: 로그인 시 경고 메시지 배너가 설정되어 있어 양호함 | J30: 인터뷰 | K30: =IF($J37="","",IF(OR($H30="Y",$H30="N/A",$H30="Y(즉시조치)"),$H30,IF(AND($H30="N",$J30="Y"),"조치",IF(AND($H30="N",$J30="N/A"),"N/A",IF(IFERROR(FIND("위험수용",$L30),0),"위험수용","미조치"))))) -> Y | L30: 담당자와 상의 후 조치 | Q30: =IF($J30="",IF(OR(#REF!="N",#REF!="인터뷰"),ChkList!$F14,""),IF(OR($J30="N",$J30="인터뷰"),ChkList!$F14,"")) -> 네트워크 장비 접속 시 경고 메시지 설정 | R30: =IF($H30="N/A",0,VLOOKUP($F30,'parm(hidden)'!$B$8:$C$10,2,FALSE))*1 -> 2 | S30: =IFERROR(VLOOKUP($F30,'parm(hidden)'!$B$8:$C$10,2,FALSE)*VLOOKUP(H30,'parm(hidden)'!$B$15:$C$19,2,FALSE),0) -> 2 | T30: =IFERROR(VLOOKUP($F30,'parm(hidden)'!$B$8:$C$10,2,FALSE)*VLOOKUP($K30,$V$22:$W$27,2,FALSE),0) -> 2 | U30: =IF($J30="N/A",0,VLOOKUP($F30,'parm(hidden)'!$B$8:$C$10,2,FALSE))*1 -> 2
A31: =ChkList!A15 -> 접근 관리 | B31: =ChkList!B15 -> N-11 | C31: =ChkList!C15 -> 원격로그 서버 사용 | F31: =ChkList!D15 -> M | G31: =ChkList!E15 -> 2 | H31: Y | I31: 내부 로그 서버로 로그를 전송하도록 설정되어 있어 양호함 | J31: Y | K31: =IF($J38="","",IF(OR($H31="Y",$H31="N/A",$H31="Y(즉시조치)"),$H31,IF(AND($H31="N",$J31="Y"),"조치",IF(AND($H31="N",$J31="N/A"),"N/A",IF(IFERROR(FIND("위험수용",$L31),0),"위험수용","미조치"))))) -> Y | L31: 설정 완료상태이므로 양호 내부 서버의 로그서버를 통해 로그 관리 진행 | Q31: =IF($J31="",IF(OR(#REF!="N",#REF!="인터뷰"),ChkList!$F15,""),IF(OR($J31="N",$J31="인터뷰"),ChkList!$F15,"")) | R31: =IF($H31="N/A",0,VLOOKUP($F31,'parm(hidden)'!$B$8:$C$10,2,FALSE))*1 -> 2 | S31: =IFERROR(VLOOKUP($F31,'parm(hidden)'!$B$8:$C$10,2,FALSE)*VLOOKUP(H31,'parm(hidden)'!$B$15:$C$19,2,FALSE),0) -> 2 | T31: =IFERROR(VLOOKUP($F31,'parm(hidden)'!$B$8:$C$10,2,FALSE)*VLOOKUP($K31,$V$22:$W$27,2,FALSE),0) -> 2 | U31: =IF($J31="N/A",0,VLOOKUP($F31,'parm(hidden)'!$B$8:$C$10,2,FALSE))*1 -> 2
A32: =ChkList!A16 -> 패치 관리 | B32: =ChkList!B16 -> N-12 | C32: =ChkList!C16 -> 주기적 보안 패치 및 벤더 권고사항 적용 | F32: =ChkList!D16 -> H | G32: =ChkList!E16 -> 3 | H32: N/A | I32: 장비 버전 확인 증적은 있으나 보안 패치 및 벤더 권고사항 적용 여부는 담당자 확인 필요 | J32: Y | K32: =IF($J39="","",IF(OR($H32="Y",$H32="N/A",$H32="Y(즉시조치)"),$H32,IF(AND($H32="N",$J32="Y"),"조치",IF(AND($H32="N",$J32="N/A"),"N/A",IF(IFERROR(FIND("위험수용",$L32),0),"위험수용","미조치"))))) -> N/A | L32: 버퍼 크기 설정되어있음 | Q32: =IF($J32="",IF(OR(#REF!="N",#REF!="인터뷰"),ChkList!$F16,""),IF(OR($J32="N",$J32="인터뷰"),ChkList!$F16,"")) | R32: =IF($H32="N/A",0,VLOOKUP($F32,'parm(hidden)'!$B$8:$C$10,2,FALSE))*1 -> 0 | S32: =IFERROR(VLOOKUP($F32,'parm(hidden)'!$B$8:$C$10,2,FALSE)*VLOOKUP(H32,'parm(hidden)'!$B$15:$C$19,2,FALSE),0) -> 0 | T32: =IFERROR(VLOOKUP($F32,'parm(hidden)'!$B$8:$C$10,2,FALSE)*VLOOKUP($K32,$V$22:$W$27,2,FALSE),0) -> 0 | U32: =IF($J32="N/A",0,VLOOKUP($F32,'parm(hidden)'!$B$8:$C$10,2,FALSE))*1 -> 3
A33: =ChkList!A17 -> 로그 관리 | B33: =ChkList!B17 -> N-13 | C33: =ChkList!C17 -> 로깅 버퍼 크기 설정 | F33: =ChkList!D17 -> M | G33: =ChkList!E17 -> 2 | H33: 인터뷰 | I33: 해당 기능을 지원하지 않음으로 해당 사항 없음 | J33: 인터뷰 | K33: =IF($J40="","",IF(OR($H33="Y",$H33="N/A",$H33="Y(즉시조치)"),$H33,IF(AND($H33="N",$J33="Y"),"조치",IF(AND($H33="N",$J33="N/A"),"N/A",IF(IFERROR(FIND("위험수용",$L33),0),"위험수용","미조치"))))) -> 미조치 | L33: gns에서 확인 | Q33: =IF($J33="",IF(OR(#REF!="N",#REF!="인터뷰"),ChkList!$F17,""),IF(OR($J33="N",$J33="인터뷰"),ChkList!$F17,"")) -> 로그에 대한 정보를 확인하여 장비 성능을 고려한 최대 버퍼 크기를 설정 | R33: =IF($H33="N/A",0,VLOOKUP($F33,'parm(hidden)'!$B$8:$C$10,2,FALSE))*1 -> 2 | S33: =IFERROR(VLOOKUP($F33,'parm(hidden)'!$B$8:$C$10,2,FALSE)*VLOOKUP(H33,'parm(hidden)'!$B$15:$C$19,2,FALSE),0) -> 0 | T33: =IFERROR(VLOOKUP($F33,'parm(hidden)'!$B$8:$C$10,2,FALSE)*VLOOKUP($K33,$V$22:$W$27,2,FALSE),0) -> 0 | U33: =IF($J33="N/A",0,VLOOKUP($F33,'parm(hidden)'!$B$8:$C$10,2,FALSE))*1 -> 2
A34: =ChkList!A18 -> 로그 관리 | B34: =ChkList!B18 -> N-14 | C34: =ChkList!C18 -> 정책에 따른 로깅 설정 | F34: =ChkList!D18 -> M | G34: =ChkList!E18 -> 2 | H34: Y | I34: Syslog 및 trap logging 설정이 적용되어 있어 양호함 | J34: Y | K34: =IF($J41="","",IF(OR($H34="Y",$H34="N/A",$H34="Y(즉시조치)"),$H34,IF(AND($H34="N",$J34="Y"),"조치",IF(AND($H34="N",$J34="N/A"),"N/A",IF(IFERROR(FIND("위험수용",$L34),0),"위험수용","미조치"))))) -> Y | L34: ntp 서버 ip 주소 설정되어있음 | Q34: =IF($J34="",IF(OR(#REF!="N",#REF!="인터뷰"),ChkList!$F18,""),IF(OR($J34="N",$J34="인터뷰"),ChkList!$F18,"")) | R34: =IF($H34="N/A",0,VLOOKUP($F34,'parm(hidden)'!$B$8:$C$10,2,FALSE))*1 -> 2 | S34: =IFERROR(VLOOKUP($F34,'parm(hidden)'!$B$8:$C$10,2,FALSE)*VLOOKUP(H34,'parm(hidden)'!$B$15:$C$19,2,FALSE),0) -> 2 | T34: =IFERROR(VLOOKUP($F34,'parm(hidden)'!$B$8:$C$10,2,FALSE)*VLOOKUP($K34,$V$22:$W$27,2,FALSE),0) -> 2 | U34: =IF($J34="N/A",0,VLOOKUP($F34,'parm(hidden)'!$B$8:$C$10,2,FALSE))*1 -> 2
A35: =ChkList!A19 -> 로그 관리 | B35: =ChkList!B19 -> N-15 | C35: =ChkList!C19 -> NTP 및 시각 동기화 설정 | F35: =ChkList!D19 -> M | G35: =ChkList!E19 -> 2 | H35: N | I35: NTP 서버 미사용으로 해당 사항 없음 | J35: Y | K35: =IF($J42="","",IF(OR($H35="Y",$H35="N/A",$H35="Y(즉시조치)"),$H35,IF(AND($H35="N",$J35="Y"),"조치",IF(AND($H35="N",$J35="N/A"),"N/A",IF(IFERROR(FIND("위험수용",$L35),0),"위험수용","미조치"))))) -> 조치 | L35: 로그 시간 기록 설정 및 시간대 설정 되어있음 | Q35: =IF($J35="",IF(OR(#REF!="N",#REF!="인터뷰"),ChkList!$F19,""),IF(OR($J35="N",$J35="인터뷰"),ChkList!$F19,"")) | R35: =IF($H35="N/A",0,VLOOKUP($F35,'parm(hidden)'!$B$8:$C$10,2,FALSE))*1 -> 2 | S35: =IFERROR(VLOOKUP($F35,'parm(hidden)'!$B$8:$C$10,2,FALSE)*VLOOKUP(H35,'parm(hidden)'!$B$15:$C$19,2,FALSE),0) -> 0 | T35: =IFERROR(VLOOKUP($F35,'parm(hidden)'!$B$8:$C$10,2,FALSE)*VLOOKUP($K35,$V$22:$W$27,2,FALSE),0) -> 2 | U35: =IF($J35="N/A",0,VLOOKUP($F35,'parm(hidden)'!$B$8:$C$10,2,FALSE))*1 -> 2
A36: =ChkList!A20 -> 로그 관리 | B36: =ChkList!B20 -> N-16 | C36: =ChkList!C20 -> Timestamp 로그 설정 | F36: =ChkList!D20 -> L | G36: =ChkList!E20 -> 1 | H36: Y | I36: 로그 시간 기록 및 시간대 설정이 적용되어 있어 양호함 | J36: Y | K36: =IF($J43="","",IF(OR($H36="Y",$H36="N/A",$H36="Y(즉시조치)"),$H36,IF(AND($H36="N",$J36="Y"),"조치",IF(AND($H36="N",$J36="N/A"),"N/A",IF(IFERROR(FIND("위험수용",$L36),0),"위험수용","미조치"))))) -> Y | L36: SNMP 미사용이므로 양호 SNMP 사용 안함, 비활성화 | Q36: =IF($J36="",IF(OR(#REF!="N",#REF!="인터뷰"),ChkList!$F20,""),IF(OR($J36="N",$J36="인터뷰"),ChkList!$F20,"")) | R36: =IF($H36="N/A",0,VLOOKUP($F36,'parm(hidden)'!$B$8:$C$10,2,FALSE))*1 -> 1 | S36: =IFERROR(VLOOKUP($F36,'parm(hidden)'!$B$8:$C$10,2,FALSE)*VLOOKUP(H36,'parm(hidden)'!$B$15:$C$19,2,FALSE),0) -> 1 | T36: =IFERROR(VLOOKUP($F36,'parm(hidden)'!$B$8:$C$10,2,FALSE)*VLOOKUP($K36,$V$22:$W$27,2,FALSE),0) -> 1 | U36: =IF($J36="N/A",0,VLOOKUP($F36,'parm(hidden)'!$B$8:$C$10,2,FALSE))*1 -> 1
A37: =ChkList!A21 -> 기능 관리 | B37: =ChkList!B21 -> N-17 | C37: =ChkList!C21 -> SNMP 서비스 확인 | F37: =ChkList!D21 -> H | G37: =ChkList!E21 -> 3 | H37: Y | I37: SNMP agent가 비활성화되어 있어 양호함 | J37: Y | K37: =IF($J44="","",IF(OR($H37="Y",$H37="N/A",$H37="Y(즉시조치)"),$H37,IF(AND($H37="N",$J37="Y"),"조치",IF(AND($H37="N",$J37="N/A"),"N/A",IF(IFERROR(FIND("위험수용",$L37),0),"위험수용","미조치"))))) -> Y | L37: SNMP 미사용이므로 양호 SNMP 사용 안함, 비활성화 | Q37: =IF($J37="",IF(OR(#REF!="N",#REF!="인터뷰"),ChkList!$F21,""),IF(OR($J37="N",$J37="인터뷰"),ChkList!$F21,"")) | R37: =IF($H37="N/A",0,VLOOKUP($F37,'parm(hidden)'!$B$8:$C$10,2,FALSE))*1 -> 3 | S37: =IFERROR(VLOOKUP($F37,'parm(hidden)'!$B$8:$C$10,2,FALSE)*VLOOKUP(H37,'parm(hidden)'!$B$15:$C$19,2,FALSE),0) -> 3 | T37: =IFERROR(VLOOKUP($F37,'parm(hidden)'!$B$8:$C$10,2,FALSE)*VLOOKUP($K37,$V$22:$W$27,2,FALSE),0) -> 3 | U37: =IF($J37="N/A",0,VLOOKUP($F37,'parm(hidden)'!$B$8:$C$10,2,FALSE))*1 -> 3
A38: =ChkList!A22 -> 기능 관리 | B38: =ChkList!B22 -> N-18 | C38: =ChkList!C22 -> SNMP Community String 복잡성 설정 | F38: =ChkList!D22 -> H | G38: =ChkList!E22 -> 3 | H38: Y | I38: SNMP 미사용 상태이므로 Community String 노출 위험이 없어 양호함 | J38: Y | K38: =IF($J45="","",IF(OR($H38="Y",$H38="N/A",$H38="Y(즉시조치)"),$H38,IF(AND($H38="N",$J38="Y"),"조치",IF(AND($H38="N",$J38="N/A"),"N/A",IF(IFERROR(FIND("위험수용",$L38),0),"위험수용","미조치"))))) -> Y | L38: SNMP 미사용이므로 양호 SNMP 미사용 상태 | Q38: =IF($J38="",IF(OR(#REF!="N",#REF!="인터뷰"),ChkList!$F22,""),IF(OR($J38="N",$J38="인터뷰"),ChkList!$F22,"")) | R38: =IF($H38="N/A",0,VLOOKUP($F38,'parm(hidden)'!$B$8:$C$10,2,FALSE))*1 -> 3 | S38: =IFERROR(VLOOKUP($F38,'parm(hidden)'!$B$8:$C$10,2,FALSE)*VLOOKUP(H38,'parm(hidden)'!$B$15:$C$19,2,FALSE),0) -> 3 | T38: =IFERROR(VLOOKUP($F38,'parm(hidden)'!$B$8:$C$10,2,FALSE)*VLOOKUP($K38,$V$22:$W$27,2,FALSE),0) -> 3 | U38: =IF($J38="N/A",0,VLOOKUP($F38,'parm(hidden)'!$B$8:$C$10,2,FALSE))*1 -> 3
A39: =ChkList!A23 -> 기능 관리 | B39: =ChkList!B23 -> N-19 | C39: =ChkList!C23 -> SNMP ACL 설정 | F39: =ChkList!D23 -> H | G39: =ChkList!E23 -> 3 | H39: Y | I39: SNMP 미사용 상태이므로 비인가 SNMP 접근 위험이 없어 양호함 | J39: Y | K39: =IF($J46="","",IF(OR($H39="Y",$H39="N/A",$H39="Y(즉시조치)"),$H39,IF(AND($H39="N",$J39="Y"),"조치",IF(AND($H39="N",$J39="N/A"),"N/A",IF(IFERROR(FIND("위험수용",$L39),0),"위험수용","미조치"))))) -> Y | L39: SNMP 미사용이므로 양호 SNMP 미사용 상태 | Q39: =IF($J39="",IF(OR(#REF!="N",#REF!="인터뷰"),ChkList!$F23,""),IF(OR($J39="N",$J39="인터뷰"),ChkList!$F23,"")) | R39: =IF($H39="N/A",0,VLOOKUP($F39,'parm(hidden)'!$B$8:$C$10,2,FALSE))*1 -> 3 | S39: =IFERROR(VLOOKUP($F39,'parm(hidden)'!$B$8:$C$10,2,FALSE)*VLOOKUP(H39,'parm(hidden)'!$B$15:$C$19,2,FALSE),0) -> 3 | T39: =IFERROR(VLOOKUP($F39,'parm(hidden)'!$B$8:$C$10,2,FALSE)*VLOOKUP($K39,$V$22:$W$27,2,FALSE),0) -> 3 | U39: =IF($J39="N/A",0,VLOOKUP($F39,'parm(hidden)'!$B$8:$C$10,2,FALSE))*1 -> 3
... A50: =ChkList!A34 -> 기능 관리 | B50: =ChkList!B34 -> N-30 | C50: =ChkList!C34 -> CDP 서비스 차단 | F50: =ChkList!D34 -> M | G50: =ChkList!E34 -> 2 | H50: Y | I50: CDP 서비스가 차단되어 있어 양호함 | J50: Y | K50: =IF($J57="","",IF(OR($H50="Y",$H50="N/A",$H50="Y(즉시조치)"),$H50,IF(AND($H50="N",$J50="Y"),"조치",IF(AND($H50="N",$J50="N/A"),"N/A",IF(IFERROR(FIND("위험수용",$L50),0),"위험수용","미조치"))))) -> Y | L50: 설정 완료상태이므로 양호 directed-broadcast 차단 | Q50: =IF($J50="",IF(OR(#REF!="N",#REF!="인터뷰"),ChkList!$F34,""),IF(OR($J50="N",$J50="인터뷰"),ChkList!$F34,"")) | R50: =IF($H50="N/A",0,VLOOKUP($F50,'parm(hidden)'!$B$8:$C$10,2,FALSE))*1 -> 2 | S50: =IFERROR(VLOOKUP($F50,'parm(hidden)'!$B$8:$C$10,2,FALSE)*VLOOKUP(H50,'parm(hidden)'!$B$15:$C$19,2,FALSE),0) -> 2 | T50: =IFERROR(VLOOKUP($F50,'parm(hidden)'!$B$8:$C$10,2,FALSE)*VLOOKUP($K50,$V$22:$W$27,2,FALSE),0) -> 2 | U50: =IF($J50="N/A",0,VLOOKUP($F50,'parm(hidden)'!$B$8:$C$10,2,FALSE))*1 -> 2
A51: =ChkList!A35 -> 기능 관리 | B51: =ChkList!B35 -> N-31 | C51: =ChkList!C35 -> Directed-broadcast 차단 | F51: =ChkList!D35 -> M | G51: =ChkList!E35 -> 2 | H51: Y | I51: Directed-broadcast 설정이 확인되지 않아 기본 차단 상태로 양호함 | J51: Y | K51: =IF($J52="","",IF(OR($H52="Y",$H52="N/A",$H52="Y(즉시조치)"),$H52,IF(AND($H52="N",$J52="Y"),"조치",IF(AND($H52="N",$J52="N/A"),"N/A",IF(IFERROR(FIND("위험수용",$L52),0),"위험수용","미조치"))))) -> Y | L51: 설정 완료상태이므로 양호 Source 라우팅 차단 완료 | Q51: =IF($J51="",IF(OR(#REF!="N",#REF!="인터뷰"),ChkList!$F35,""),IF(OR($J51="N",$J51="인터뷰"),ChkList!$F35,"")) | R51: =IF($H51="N/A",0,VLOOKUP($F51,'parm(hidden)'!$B$8:$C$10,2,FALSE))*1 -> 2 | S51: =IFERROR(VLOOKUP($F51,'parm(hidden)'!$B$8:$C$10,2,FALSE)*VLOOKUP(H51,'parm(hidden)'!$B$15:$C$19,2,FALSE),0) -> 2 | T51: =IFERROR(VLOOKUP($F51,'parm(hidden)'!$B$8:$C$10,2,FALSE)*VLOOKUP($K51,$V$22:$W$27,2,FALSE),0) -> 2 | U51: =IF($J51="N/A",0,VLOOKUP($F51,'parm(hidden)'!$B$8:$C$10,2,FALSE))*1 -> 2
A52: =ChkList!A36 -> 기능 관리 | B52: =ChkList!B36 -> N-32 | C52: =ChkList!C36 -> Source Routing 차단 | F52: =ChkList!D36 -> M | G52: =ChkList!E36 -> 2 | H52: Y | I52: Source Routing이 차단되어 있어 양호함 | J52: Y | K52: =IF($J52="","",IF(OR($H52="Y",$H52="N/A",$H52="Y(즉시조치)"),$H52,IF(AND($H52="N",$J52="Y"),"조치",IF(AND($H52="N",$J52="N/A"),"N/A",IF(IFERROR(FIND("위험수용",$L52),0),"위험수용","미조치"))))) -> Y | L52: 설정 완료상태이므로 양호 Proxy ARP 차단 완료 | Q52: =IF($J52="",IF(OR(#REF!="N",#REF!="인터뷰"),ChkList!$F36,""),IF(OR($J52="N",$J52="인터뷰"),ChkList!$F36,"")) | R52: =IF($H52="N/A",0,VLOOKUP($F52,'parm(hidden)'!$B$8:$C$10,2,FALSE))*1 -> 2 | S52: =IFERROR(VLOOKUP($F52,'parm(hidden)'!$B$8:$C$10,2,FALSE)*VLOOKUP(H52,'parm(hidden)'!$B$15:$C$19,2,FALSE),0) -> 2 | T52: =IFERROR(VLOOKUP($F52,'parm(hidden)'!$B$8:$C$10,2,FALSE)*VLOOKUP($K52,$V$22:$W$27,2,FALSE),0) -> 2 | U52: =IF($J52="N/A",0,VLOOKUP($F52,'parm(hidden)'!$B$8:$C$10,2,FALSE))*1 -> 2
A53: =ChkList!A37 -> 기능 관리 | B53: =ChkList!B37 -> N-33 | C53: =ChkList!C37 -> Proxy ARP 차단 | F53: =ChkList!D37 -> M | G53: =ChkList!E37 -> 2 | H53: Y | I53: Proxy ARP가 차단되어 있어 양호함 | J53: Y | K53: =IF($J53="","",IF(OR($H53="Y",$H53="N/A",$H53="Y(즉시조치)"),$H53,IF(AND($H53="N",$J53="Y"),"조치",IF(AND($H53="N",$J53="N/A"),"N/A",IF(IFERROR(FIND("위험수용",$L53),0),"위험수용","미조치"))))) -> Y | L53: 설정 완료 상태이므로 양호 ICMP unreachable과 Redirect 차단 | Q53: =IF($J53="",IF(OR(#REF!="N",#REF!="인터뷰"),ChkList!$F37,""),IF(OR($J53="N",$J53="인터뷰"),ChkList!$F37,"")) | R53: =IF($H53="N/A",0,VLOOKUP($F53,'parm(hidden)'!$B$8:$C$10,2,FALSE))*1 -> 2 | S53: =IFERROR(VLOOKUP($F53,'parm(hidden)'!$B$8:$C$10,2,FALSE)*VLOOKUP(H53,'parm(hidden)'!$B$15:$C$19,2,FALSE),0) -> 2 | T53: =IFERROR(VLOOKUP($F53,'parm(hidden)'!$B$8:$C$10,2,FALSE)*VLOOKUP($K53,$V$22:$W$27,2,FALSE),0) -> 2 | U53: =IF($J53="N/A",0,VLOOKUP($F53,'parm(hidden)'!$B$8:$C$10,2,FALSE))*1 -> 2
A54: =ChkList!A38 -> 기능 관리 | B54: =ChkList!B38 -> N-34 | C54: =ChkList!C38 -> ICMP unreachable, redirect 차단 | F54: =ChkList!D38 -> M | G54: =ChkList!E38 -> 2 | H54: Y | I54: ICMP unreachable 및 redirect가 차단되어 있어 양호함 | J54: Y | K54: =IF($J54="","",IF(OR($H54="Y",$H54="N/A",$H54="Y(즉시조치)"),$H54,IF(AND($H54="N",$J54="Y"),"조치",IF(AND($H54="N",$J54="N/A"),"N/A",IF(IFERROR(FIND("위험수용",$L54),0),"위험수용","미조치"))))) -> Y | L54: 설정 완료상태이므로 양호 identd 서비스 차단 | Q54: =IF($J54="",IF(OR(#REF!="N",#REF!="인터뷰"),ChkList!$F38,""),IF(OR($J54="N",$J54="인터뷰"),ChkList!$F38,"")) | R54: =IF($H54="N/A",0,VLOOKUP($F54,'parm(hidden)'!$B$8:$C$10,2,FALSE))*1 -> 2 | S54: =IFERROR(VLOOKUP($F54,'parm(hidden)'!$B$8:$C$10,2,FALSE)*VLOOKUP(H54,'parm(hidden)'!$B$15:$C$19,2,FALSE),0) -> 2 | T54: =IFERROR(VLOOKUP($F54,'parm(hidden)'!$B$8:$C$10,2,FALSE)*VLOOKUP($K54,$V$22:$W$27,2,FALSE),0) -> 2 | U54: =IF($J54="N/A",0,VLOOKUP($F54,'parm(hidden)'!$B$8:$C$10,2,FALSE))*1 -> 2
A55: =ChkList!A39 -> 기능 관리 | B55: =ChkList!B39 -> N-35 | C55: =ChkList!C39 -> identd 서비스 차단 | F55: =ChkList!D39 -> M | G55: =ChkList!E39 -> 2 | H55: Y | I55: identd 서비스 설정이 확인되지 않아 양호함 | J55: Y | K55: =IF($J55="","",IF(OR($H55="Y",$H55="N/A",$H55="Y(즉시조치)"),$H55,IF(AND($H55="N",$J55="Y"),"조치",IF(AND($H55="N",$J55="N/A"),"N/A",IF(IFERROR(FIND("위험수용",$L55),0),"위험수용","미조치"))))) -> Y | L55: domain lookup 비활성화 되어있음 | Q55: =IF($J55="",IF(OR(#REF!="N",#REF!="인터뷰"),ChkList!$F39,""),IF(OR($J55="N",$J55="인터뷰"),ChkList!$F39,"")) | R55: =IF($H55="N/A",0,VLOOKUP($F55,'parm(hidden)'!$B$8:$C$10,2,FALSE))*1 -> 2 | S55: =IFERROR(VLOOKUP($F55,'parm(hidden)'!$B$8:$C$10,2,FALSE)*VLOOKUP(H55,'parm(hidden)'!$B$15:$C$19,2,FALSE),0) -> 2 | T55: =IFERROR(VLOOKUP($F55,'parm(hidden)'!$B$8:$C$10,2,FALSE)*VLOOKUP($K55,$V$22:$W$27,2,FALSE),0) -> 2 | U55: =IF($J55="N/A",0,VLOOKUP($F55,'parm(hidden)'!$B$8:$C$10,2,FALSE))*1 -> 2
A56: =ChkList!A40 -> 기능 관리 | B56: =ChkList!B40 -> N-36 | C56: =ChkList!C40 -> Domain Lookup 차단 | F56: =ChkList!D40 -> M | G56: =ChkList!E40 -> 2 | H56: Y | I56: Domain Lookup이 비활성화되어 있어 양호함 | J56: Y | K56: =IF($J56="","",IF(OR($H56="Y",$H56="N/A",$H56="Y(즉시조치)"),$H56,IF(AND($H56="N",$J56="Y"),"조치",IF(AND($H56="N",$J56="N/A"),"N/A",IF(IFERROR(FIND("위험수용",$L56),0),"위험수용","미조치"))))) -> Y | L56: 설정 완료상태이므로 양호 pad 서비스 차단 | Q56: =IF($J56="",IF(OR(#REF!="N",#REF!="인터뷰"),ChkList!$F40,""),IF(OR($J56="N",$J56="인터뷰"),ChkList!$F40,"")) | R56: =IF($H56="N/A",0,VLOOKUP($F56,'parm(hidden)'!$B$8:$C$10,2,FALSE))*1 -> 2 | S56: =IFERROR(VLOOKUP($F56,'parm(hidden)'!$B$8:$C$10,2,FALSE)*VLOOKUP(H56,'parm(hidden)'!$B$15:$C$19,2,FALSE),0) -> 2 | T56: =IFERROR(VLOOKUP($F56,'parm(hidden)'!$B$8:$C$10,2,FALSE)*VLOOKUP($K56,$V$22:$W$27,2,FALSE),0) -> 2 | U56: =IF($J56="N/A",0,VLOOKUP($F56,'parm(hidden)'!$B$8:$C$10,2,FALSE))*1 -> 2
A57: =ChkList!A41 -> 기능 관리 | B57: =ChkList!B41 -> N-37 | C57: =ChkList!C41 -> pad 차단 | F57: =ChkList!D41 -> M | G57: =ChkList!E41 -> 2 | H57: Y | I57: PAD 서비스가 차단되어 있어 양호함 | J57: Y | K57: =IF($J57="","",IF(OR($H57="Y",$H57="N/A",$H57="Y(즉시조치)"),$H57,IF(AND($H57="N",$J57="Y"),"조치",IF(AND($H57="N",$J57="N/A"),"N/A",IF(IFERROR(FIND("위험수용",$L57),0),"위험수용","미조치"))))) -> Y | L57: 설정 완료상태이므로 양호 mask-rely 서비스 차단 | Q57: =IF($J57="",IF(OR(#REF!="N",#REF!="인터뷰"),ChkList!$F41,""),IF(OR($J57="N",$J57="인터뷰"),ChkList!$F41,"")) | R57: =IF($H57="N/A",0,VLOOKUP($F57,'parm(hidden)'!$B$8:$C$10,2,FALSE))*1 -> 2 | S57: =IFERROR(VLOOKUP($F57,'parm(hidden)'!$B$8:$C$10,2,FALSE)*VLOOKUP(H57,'parm(hidden)'!$B$15:$C$19,2,FALSE),0) -> 2 | T57: =IFERROR(VLOOKUP($F57,'parm(hidden)'!$B$8:$C$10,2,FALSE)*VLOOKUP($K57,$V$22:$W$27,2,FALSE),0) -> 2 | U57: =IF($J57="N/A",0,VLOOKUP($F57,'parm(hidden)'!$B$8:$C$10,2,FALSE))*1 -> 2
A58: =ChkList!A42 -> 기능 관리 | B58: =ChkList!B42 -> N-38 | C58: =ChkList!C42 -> mask-reply 차단 | F58: =ChkList!D42 -> M | G58: =ChkList!E42 -> 2 | H58: Y | I58: mask-reply 서비스가 차단되어 있어 양호함 | J58: Y | K58: =IF($J58="","",IF(OR($H58="Y",$H58="N/A",$H58="Y(즉시조치)"),$H58,IF(AND($H58="N",$J58="Y"),"조치",IF(AND($H58="N",$J58="N/A"),"N/A",IF(IFERROR(FIND("위험수용",$L58),0),"위험수용","미조치"))))) -> Y | L58: 허용할 MAC 주소 수동 등록됨 sticky 설정 적용되어있음 보안 침해시 로깅 메시지 발생되도록 port-security violation restirct 설정 되어있음 | Q58: =IF($J58="",IF(OR(#REF!="N",#REF!="인터뷰"),ChkList!$F42,""),IF(OR($J58="N",$J58="인터뷰"),ChkList!$F42,"")) | R58: =IF($H58="N/A",0,VLOOKUP($F58,'parm(hidden)'!$B$8:$C$10,2,FALSE))*1 -> 2 | S58: =IFERROR(VLOOKUP($F58,'parm(hidden)'!$B$8:$C$10,2,FALSE)*VLOOKUP(H58,'parm(hidden)'!$B$15:$C$19,2,FALSE),0) -> 2 | T58: =IFERROR(VLOOKUP($F58,'parm(hidden)'!$B$8:$C$10,2,FALSE)*VLOOKUP($K58,$V$22:$W$27,2,FALSE),0) -> 2 | U58: =IF($J58="N/A",0,VLOOKUP($F58,'parm(hidden)'!$B$8:$C$10,2,FALSE))*1 -> 2

Sheet HQ-CORE-L3-B
A1: ="■ "&$B$4&" 상세 진단결과" -> ■ HQ-CORE-L3-B 상세 진단결과
A3: 1) 시스템 현황 | R3: ※ 자산 평가
A4: HostName | B4: =REPLACE(CELL("filename",A1),1,FIND("]",CELL("filename",A1)),"") -> HQ-CORE-L3-B | D4: 운영자산 명 | F4: =IFERROR(VLOOKUP($B$4,자산목록!$B$1:$Q$847,8,FALSE),"N/A") -> L3 스위치 | R4: 기밀성 | S4: =IFERROR(VLOOKUP($B$4,자산목록!$B$1:$Q$847,13,FALSE),"N/A") -> 0 | T4: 자산등급 | U4: =IFERROR(VLOOKUP($B$4,자산목록!$B$1:$Q$847,16,FALSE),"N/A") -> L
A5: OS 종류 및 버전 | B5: =IFERROR(VLOOKUP($B$4,자산목록!$B$1:$Q$847,6,FALSE)&" "&VLOOKUP($B$4,자산목록!$B$1:$Q$847,7,FALSE),"N/A") | D5: IP Address | F5: =IFERROR(VLOOKUP($B$4,자산목록!$B$1:$Q$847,2,FALSE),"N/A") -> 10.10.40.37/29 10.10.40.29/28 10.10.40.69/29 10.10.40.93/28 10.10.40.109/28 10.10.40.117/29 10.10.40.254/30 | R5: 무결성 | S5: =IFERROR(VLOOKUP($B$4,자산목록!$B$1:$Q$847,14,FALSE),"N/A") -> 0
A6: 담당자 | B6: =IFERROR(VLOOKUP($B$4,자산목록!$B$1:$Q$847,11,FALSE),"N/A") -> 홍길동 | D6: 설치 위치 | F6: =IFERROR(VLOOKUP($B$4,자산목록!$B$1:$Q$847,9,FALSE),"N/A") -> 본사 내부망 | R6: 가용성 | S6: =IFERROR(VLOOKUP($B$4,자산목록!$B$1:$Q$847,15,FALSE),"N/A") -> 0
A8: 2) 진단 결과
A9: ① 부분별 진단 결과
A10: 분류 | D10: 본진단 결과 (이행 전) | I10: 영역별 수준 그래프 | J10: 이행 결과 | R10: 결과 점수 | V10: 영역별 수준 그래프
D11: 전체 | E11: 양호 | F11: 취약 | G11: N/A | H11: 수준 | J11: 조치 | K11: 미조치 | L11: 위험수용 | M11: N/A | N11: 이행율 | O11: 수준 | R11: 전체점수(이행 전) | S11: 평가점수 (이행 전) | T11: 평가점수 (이행 후) | U11: 전체점수(이행 후) | V11: 분류 | X11: 본진단 결과 (이행 전) | Y11: 이행 결과
A12: 계정 관리 | D12: =COUNTIF($A$21:INDIRECT(ADDRESS(MATCH("",$A:$A,-1),1,1,1)),$A12) -> 5 | E12: =COUNTIFS($A$21:INDIRECT(ADDRESS(MATCH("",$A:$A,-1),1,1,1)),$A12,$H$21:INDIRECT(ADDRESS(MATCH("",$A:$A,-1),8,1,1)),"Y")+COUNTIFS($A$21:INDIRECT(ADDRESS(MATCH("",$A:$A,-1),1,1,1)),$A12,$H$21:INDIRECT(ADDRESS(MATCH("",$A:$A,-1),8,1,1)),"Y(즉시조치)") -> 5 | F12: =COUNTIFS($A$21:INDIRECT(ADDRESS(MATCH("",$A:$A,-1),1,1,1)),$A12&"*",$H$21:INDIRECT(ADDRESS(MATCH("",$A:$A,-1),8,1,1)),"N") -> 0 | G12: =COUNTIFS($A$21:INDIRECT(ADDRESS(MATCH("",$A:$A,-1),1,1,1)),$A12&"*",$H$21:INDIRECT(ADDRESS(MATCH("",$A:$A,-1),8,1,1)),"N/A") -> 0 | H12: =IF($G12=$D12,"N/A",(S12/R12)) -> 1 | J12: =COUNTIFS($A$21:INDIRECT(ADDRESS(MATCH("",$A:$A,-1),1,1,1)),$A12,$K$21:INDIRECT(ADDRESS(MATCH("",$B:$B,-1),11,1,1)),"조치") -> 0 | K12: =COUNTIFS($A$21:INDIRECT(ADDRESS(MATCH("",$A:$A,-1),1,1,1)),$A12,$K$21:INDIRECT(ADDRESS(MATCH("",$B:$B,-1),11,1,1)),"미조치") -> 0 | L12: =COUNTIFS($A$21:INDIRECT(ADDRESS(MATCH("",$A:$A,-1),1,1,1)),$A12,$K$21:INDIRECT(ADDRESS(MATCH("",$B:$B,-1),11,1,1)),"위험수용") -> 0 | M12: =COUNTIFS($A$21:INDIRECT(ADDRESS(MATCH("",$A:$A,-1),1,1,1)),$A12,$K$21:INDIRECT(ADDRESS(MATCH("",$B:$B,-1),11,1,1)),"N/A") -> 0 | N12: =IFERROR($J12/($F12-(M12-G12)),"N/A") -> N/A | O12: =IF(OR($G12=$D12,$D12=$M12),"N/A",($T12/$U12)) -> 1 | R12: =SUMIF($A$21:INDIRECT(ADDRESS(MATCH("",$A:$A,-1),1,1,1)),$A12,$R$21:INDIRECT(ADDRESS(MATCH("",$A:$A,-1),18,1,1))) -> 14 | S12: =SUMIF($A$21:INDIRECT(ADDRESS(MATCH("",$A:$A,-1),1,1,1)),$A12,$S$21:INDIRECT(ADDRESS(MATCH("",$A:$A,-1),19,1,1))) -> 14 | T12: =SUMIF($A$21:INDIRECT(ADDRESS(MATCH("",$A:$A,-1),1,1,1)),$A12,$T$21:INDIRECT(ADDRESS(MATCH("",$A:$A,-1),20,1,1))) -> 14 | U12: =SUMIF($A$21:INDIRECT(ADDRESS(MATCH("",$A:$A,-1),2,1,1)),$A12&"*",$U$21:INDIRECT(ADDRESS(MATCH("",$A:$A,-1),21,1,1))) -> 14 | V12: =B12 -> 0 | X12: =H12 -> 1 | Y12: =O12 -> 1
A13: 접근 관리 | D13: =COUNTIF($A$21:INDIRECT(ADDRESS(MATCH("",$A:$A,-1),1,1,1)),$A13) -> 6 | E13: =COUNTIFS($A$21:INDIRECT(ADDRESS(MATCH("",$A:$A,-1),1,1,1)),$A13,$H$21:INDIRECT(ADDRESS(MATCH("",$A:$A,-1),8,1,1)),"Y")+COUNTIFS($A$21:INDIRECT(ADDRESS(MATCH("",$A:$A,-1),1,1,1)),$A13,$H$21:INDIRECT(ADDRESS(MATCH("",$A:$A,-1),8,1,1)),"Y(즉시조치)") -> 6 | F13: =COUNTIFS($A$21:INDIRECT(ADDRESS(MATCH("",$A:$A,-1),1,1,1)),$A13&"*",$H$21:INDIRECT(ADDRESS(MATCH("",$A:$A,-1),8,1,1)),"N") -> 0 | G13: =COUNTIFS($A$21:INDIRECT(ADDRESS(MATCH("",$A:$A,-1),1,1,1)),$A13&"*",$H$21:INDIRECT(ADDRESS(MATCH("",$A:$A,-1),8,1,1)),"N/A") -> 0 | H13: =IF($G13=$D13,"N/A",(S13/R13)) -> 1 | J13: =COUNTIFS($A$21:INDIRECT(ADDRESS(MATCH("",$A:$A,-1),1,1,1)),$A13,$K$21:INDIRECT(ADDRESS(MATCH("",$B:$B,-1),11,1,1)),"조치") -> 0 | K13: =COUNTIFS($A$21:INDIRECT(ADDRESS(MATCH("",$A:$A,-1),1,1,1)),$A13,$K$21:INDIRECT(ADDRESS(MATCH("",$B:$B,-1),11,1,1)),"미조치") -> 0 | L13: =COUNTIFS($A$21:INDIRECT(ADDRESS(MATCH("",$A:$A,-1),1,1,1)),$A13,$K$21:INDIRECT(ADDRESS(MATCH("",$B:$B,-1),11,1,1)),"위험수용") -> 0 | M13: =COUNTIFS($A$21:INDIRECT(ADDRESS(MATCH("",$A:$A,-1),1,1,1)),$A13,$K$21:INDIRECT(ADDRESS(MATCH("",$B:$B,-1),11,1,1)),"N/A") -> 0 | N13: =IFERROR($J13/($F13-(M13-G13)),"N/A") -> N/A | O13: =IF(OR($G13=$D13,$D13=$M13),"N/A",($T13/$U13)) -> 1 | R13: =SUMIF($A$21:INDIRECT(ADDRESS(MATCH("",$A:$A,-1),1,1,1)),$A13,$R$21:INDIRECT(ADDRESS(MATCH("",$A:$A,-1),18,1,1))) -> 14 | S13: =SUMIF($A$21:INDIRECT(ADDRESS(MATCH("",$A:$A,-1),1,1,1)),$A13,$S$21:INDIRECT(ADDRESS(MATCH("",$A:$A,-1),19,1,1))) -> 14 | T13: =SUMIF($A$21:INDIRECT(ADDRESS(MATCH("",$A:$A,-1),1,1,1)),$A13,$T$21:INDIRECT(ADDRESS(MATCH("",$A:$A,-1),20,1,1))) -> 14 | U13: =SUMIF($A$21:INDIRECT(ADDRESS(MATCH("",$A:$A,-1),2,1,1)),$A13&"*",$U$21:INDIRECT(ADDRESS(MATCH("",$A:$A,-1),21,1,1))) -> 14 | V13: =B13 -> 0 | X13: =H13 -> 1 | Y13: =O13 -> 1
A14: 패치 관리 | D14: =COUNTIF($A$21:INDIRECT(ADDRESS(MATCH("",$A:$A,-1),1,1,1)),$A14) -> 1 | E14: =COUNTIFS($A$21:INDIRECT(ADDRESS(MATCH("",$A:$A,-1),1,1,1)),$A14,$H$21:INDIRECT(ADDRESS(MATCH("",$A:$A,-1),8,1,1)),"Y")+COUNTIFS($A$21:INDIRECT(ADDRESS(MATCH("",$A:$A,-1),1,1,1)),$A14,$H$21:INDIRECT(ADDRESS(MATCH("",$A:$A,-1),8,1,1)),"Y(즉시조치)") -> 0 | F14: =COUNTIFS($A$21:INDIRECT(ADDRESS(MATCH("",$A:$A,-1),1,1,1)),$A14&"*",$H$21:INDIRECT(ADDRESS(MATCH("",$A:$A,-1),8,1,1)),"N") -> 0 | G14: =COUNTIFS($A$21:INDIRECT(ADDRESS(MATCH("",$A:$A,-1),1,1,1)),$A14&"*",$H$21:INDIRECT(ADDRESS(MATCH("",$A:$A,-1),8,1,1)),"N/A") -> 1 | H14: =IF($G14=$D14,"N/A",(S14/R14)) -> N/A | J14: =COUNTIFS($A$21:INDIRECT(ADDRESS(MATCH("",$A:$A,-1),1,1,1)),$A14,$K$21:INDIRECT(ADDRESS(MATCH("",$B:$B,-1),11,1,1)),"조치") -> 0 | K14: =COUNTIFS($A$21:INDIRECT(ADDRESS(MATCH("",$A:$A,-1),1,1,1)),$A14,$K$21:INDIRECT(ADDRESS(MATCH("",$B:$B,-1),11,1,1)),"미조치") -> 0 | L14: =COUNTIFS($A$21:INDIRECT(ADDRESS(MATCH("",$A:$A,-1),1,1,1)),$A14,$K$21:INDIRECT(ADDRESS(MATCH("",$B:$B,-1),11,1,1)),"위험수용") -> 0 | M14: =COUNTIFS($A$21:INDIRECT(ADDRESS(MATCH("",$A:$A,-1),1,1,1)),$A14,$K$21:INDIRECT(ADDRESS(MATCH("",$B:$B,-1),11,1,1)),"N/A") -> 1 | N14: =IFERROR($J14/($F14-(M14-G14)),"N/A") -> N/A | O14: =IF(OR($G14=$D14,$D14=$M14),"N/A",($T14/$U14)) -> N/A | R14: =SUMIF($A$21:INDIRECT(ADDRESS(MATCH("",$A:$A,-1),1,1,1)),$A14,$R$21:INDIRECT(ADDRESS(MATCH("",$A:$A,-1),18,1,1))) -> 0 | S14: =SUMIF($A$21:INDIRECT(ADDRESS(MATCH("",$A:$A,-1),1,1,1)),$A14,$S$21:INDIRECT(ADDRESS(MATCH("",$A:$A,-1),19,1,1))) -> 0 | T14: =SUMIF($A$21:INDIRECT(ADDRESS(MATCH("",$A:$A,-1),1,1,1)),$A14,$T$21:INDIRECT(ADDRESS(MATCH("",$A:$A,-1),20,1,1))) -> 0 | U14: =SUMIF($A$21:INDIRECT(ADDRESS(MATCH("",$A:$A,-1),2,1,1)),$A14&"*",$U$21:INDIRECT(ADDRESS(MATCH("",$A:$A,-1),21,1,1))) -> 3 | V14: =B14 -> 0 | X14: =H14 -> N/A | Y14: =O14 -> N/A
A15: 로그 관리 | D15: =COUNTIF($A$21:INDIRECT(ADDRESS(MATCH("",$A:$A,-1),1,1,1)),$A15) -> 4 | E15: =COUNTIFS($A$21:INDIRECT(ADDRESS(MATCH("",$A:$A,-1),1,1,1)),$A15,$H$21:INDIRECT(ADDRESS(MATCH("",$A:$A,-1),8,1,1)),"Y")+COUNTIFS($A$21:INDIRECT(ADDRESS(MATCH("",$A:$A,-1),1,1,1)),$A15,$H$21:INDIRECT(ADDRESS(MATCH("",$A:$A,-1),8,1,1)),"Y(즉시조치)") -> 2 | F15: =COUNTIFS($A$21:INDIRECT(ADDRESS(MATCH("",$A:$A,-1),1,1,1)),$A15&"*",$H$21:INDIRECT(ADDRESS(MATCH("",$A:$A,-1),8,1,1)),"N") -> 1 | G15: =COUNTIFS($A$21:INDIRECT(ADDRESS(MATCH("",$A:$A,-1),1,1,1)),$A15&"*",$H$21:INDIRECT(ADDRESS(MATCH("",$A:$A,-1),8,1,1)),"N/A") -> 0 | H15: =IF($G15=$D15,"N/A",(S15/R15)) -> 0.42857143 | J15: =COUNTIFS($A$21:INDIRECT(ADDRESS(MATCH("",$A:$A,-1),1,1,1)),$A15,$K$21:INDIRECT(ADDRESS(MATCH("",$B:$B,-1),11,1,1)),"조치") -> 1 | K15: =COUNTIFS($A$21:INDIRECT(ADDRESS(MATCH("",$A:$A,-1),1,1,1)),$A15,$K$21:INDIRECT(ADDRESS(MATCH("",$B:$B,-1),11,1,1)),"미조치") -> 1 | L15: =COUNTIFS($A$21:INDIRECT(ADDRESS(MATCH("",$A:$A,-1),1,1,1)),$A15,$K$21:INDIRECT(ADDRESS(MATCH("",$B:$B,-1),11,1,1)),"위험수용") -> 0 | M15: =COUNTIFS($A$21:INDIRECT(ADDRESS(MATCH("",$A:$A,-1),1,1,1)),$A15,$K$21:INDIRECT(ADDRESS(MATCH("",$B:$B,-1),11,1,1)),"N/A") -> 0 | N15: =IFERROR($J15/($F15-(M15-G15)),"N/A") -> 1 | O15: =IF(OR($G15=$D15,$D15=$M15),"N/A",($T15/$U15)) -> 0.71428571 | R15: =SUMIF($A$21:INDIRECT(ADDRESS(MATCH("",$A:$A,-1),1,1,1)),$A15,$R$21:INDIRECT(ADDRESS(MATCH("",$A:$A,-1),18,1,1))) -> 7 | S15: =SUMIF($A$21:INDIRECT(ADDRESS(MATCH("",$A:$A,-1),1,1,1)),$A15,$S$21:INDIRECT(ADDRESS(MATCH("",$A:$A,-1),19,1,1))) -> 3 | T15: =SUMIF($A$21:INDIRECT(ADDRESS(MATCH("",$A:$A,-1),1,1,1)),$A15,$T$21:INDIRECT(ADDRESS(MATCH("",$A:$A,-1),20,1,1))) -> 5 | U15: =SUMIF($A$21:INDIRECT(ADDRESS(MATCH("",$A:$A,-1),2,1,1)),$A15&"*",$U$21:INDIRECT(ADDRESS(MATCH("",$A:$A,-1),21,1,1))) -> 7 | V15: =B15 -> 0 | X15: =H15 -> 0.42857143 | Y15: =O15 -> 0.71428571
A16: 기능 관리 | D16: =COUNTIF($A$21:INDIRECT(ADDRESS(MATCH("",$A:$A,-1),1,1,1)),$A16) -> 22 | E16: =COUNTIFS($A$21:INDIRECT(ADDRESS(MATCH("",$A:$A,-1),1,1,1)),$A16,$H$21:INDIRECT(ADDRESS(MATCH("",$A:$A,-1),8,1,1)),"Y")+COUNTIFS($A$21:INDIRECT(ADDRESS(MATCH("",$A:$A,-1),1,1,1)),$A16,$H$21:INDIRECT(ADDRESS(MATCH("",$A:$A,-1),8,1,1)),"Y(즉시조치)") -> 21 | F16: =COUNTIFS($A$21:INDIRECT(ADDRESS(MATCH("",$A:$A,-1),1,1,1)),$A16&"*",$H$21:INDIRECT(ADDRESS(MATCH("",$A:$A,-1),8,1,1)),"N") -> 0 | G16: =COUNTIFS($A$21:INDIRECT(ADDRESS(MATCH("",$A:$A,-1),1,1,1)),$A16&"*",$H$21:INDIRECT(ADDRESS(MATCH("",$A:$A,-1),8,1,1)),"N/A") -> 1 | H16: =IF($G16=$D16,"N/A",(S16/R16)) -> 1 | J16: =COUNTIFS($A$21:INDIRECT(ADDRESS(MATCH("",$A:$A,-1),1,1,1)),$A16,$K$21:INDIRECT(ADDRESS(MATCH("",$B:$B,-1),11,1,1)),"조치") -> 0 | K16: =COUNTIFS($A$21:INDIRECT(ADDRESS(MATCH("",$A:$A,-1),1,1,1)),$A16,$K$21:INDIRECT(ADDRESS(MATCH("",$B:$B,-1),11,1,1)),"미조치") -> 0 | L16: =COUNTIFS($A$21:INDIRECT(ADDRESS(MATCH("",$A:$A,-1),1,1,1)),$A16,$K$21:INDIRECT(ADDRESS(MATCH("",$B:$B,-1),11,1,1)),"위험수용") -> 0 | M16: =COUNTIFS($A$21:INDIRECT(ADDRESS(MATCH("",$A:$A,-1),1,1,1)),$A16,$K$21:INDIRECT(ADDRESS(MATCH("",$B:$B,-1),11,1,1)),"N/A") -> 1 | N16: =IFERROR($J16/($F16-(M16-G16)),"N/A") -> N/A | O16: =IF(OR($G16=$D16,$D16=$M16),"N/A",($T16/$U16)) -> 0.94230769 | R16: =SUMIF($A$21:INDIRECT(ADDRESS(MATCH("",$A:$A,-1),1,1,1)),$A16,$R$21:INDIRECT(ADDRESS(MATCH("",$A:$A,-1),18,1,1))) -> 49 | S16: =SUMIF($A$21:INDIRECT(ADDRESS(MATCH("",$A:$A,-1),1,1,1)),$A16,$S$21:INDIRECT(ADDRESS(MATCH("",$A:$A,-1),19,1,1))) -> 49 | T16: =SUMIF($A$21:INDIRECT(ADDRESS(MATCH("",$A:$A,-1),1,1,1)),$A16,$T$21:INDIRECT(ADDRESS(MATCH("",$A:$A,-1),20,1,1))) -> 49 | U16: =SUMIF($A$21:INDIRECT(ADDRESS(MATCH("",$A:$A,-1),2,1,1)),$A16&"*",$U$21:INDIRECT(ADDRESS(MATCH("",$A:$A,-1),21,1,1))) -> 52 | V16: =B16 -> 0 | X16: =H16 -> 1 | Y16: =O16 -> 0.94230769
A17: 전체 보안 수준 | D17: =SUM(D12:D16) -> 38 | E17: =SUM(E12:E16) -> 34 | F17: =SUM(F12:F16) -> 1 | G17: =SUM(G12:G16) -> 2 | H17: =IF($G17=$D17,"N/A",(S17/R17)) -> 0.95238095 | J17: =SUM(J12:J16) -> 1 | K17: =SUM(K12:K16) -> 1 | L17: =SUM(L12:L16) -> 0 | M17: =SUM(M12:M16) -> 2 | N17: =IF($O17="N/A","N/A",IFERROR($J17/($F17-(M17-G17)),"N/A")) -> 1 | O17: =IF($G17=$D17,"N/A",IFERROR((T17/U17),"N/A")) -> 0.91111111 | R17: =SUM(R12:R16) -> 84 | S17: =SUM(S12:S16) -> 80 | T17: =SUM(T12:T16) -> 82 | U17: =SUM(U12:U16) -> 90 | V17: 전채 보안 수준 | X17: =H17 -> 0.95238095 | Y17: =O17 -> 0.91111111
A19: ② 상세 진단 현황 | R19: HIDDEN 필드입니다
A20: 분류 | C20: 진단 항목 | F20: 중요도 | H20: 진단 결과 | I20: 현황 및 문제점 | J20: 이행 결과 | K20: 이행여부 | L20: 조치 현황 | Q20: 개선방안 및 보호대책 | R20: 전체점수(이행전) | S20: 평가점수 (이행 전) | T20: 평가점수 (이행 후) | U20: 전체점수(이행 후) | V20: 이행 결과
A21: =ChkList!A5 -> 계정 관리 | B21: =ChkList!B5 -> N-01 | C21: =ChkList!C5 -> 비밀번호 설정 | F21: =ChkList!D5 -> H | G21: =ChkList!E5 -> 3 | H21: Y | I21: 관리자 모드 비밀번호 및 line 인터페이스(console, vty, aux) 비밀번호가 설정되어 있어 양호함 | J21: Y | K21: =IF($J21="","",IF(OR($H21="Y",$H21="N/A",$H21="Y(즉시조치)"),$H21,IF(AND($H21="N",$J21="Y"),"조치",IF(AND($H21="N",$J21="N/A"),"N/A",IF(IFERROR(FIND("위험수용",$L21),0),"위험수용","미조치"))))) -> Y | L21: 관리자 모드 비밀번호 및 line 인터페이스(console, vty, aux) 비밀번호 설정되어있음 | Q21: =IF($J21="",IF(OR($H21="N",$H21="인터뷰"),ChkList!$F5,""),IF(OR($J21="N",$J21="인터뷰"),ChkList!$F5,"")) | R21: =IF($H21="N/A",0,VLOOKUP($F21,'parm(hidden)'!$B$8:$C$10,2,FALSE))*1 -> 3 | S21: =IFERROR(VLOOKUP($F21,'parm(hidden)'!$B$8:$C$10,2,FALSE)*VLOOKUP($H21,'parm(hidden)'!$B$15:$C$19,2,FALSE),0) -> 3 | T21: =IFERROR(VLOOKUP($F21,'parm(hidden)'!$B$8:$C$10,2,FALSE)*VLOOKUP($K21,$V$22:$W$27,2,FALSE),0) -> 3 | U21: =IF($J21="N/A",0,VLOOKUP($F21,'parm(hidden)'!$B$8:$C$10,2,FALSE))*1 -> 3 | V21: 결과 | W21: 점수
A22: =ChkList!A6 -> 계정 관리 | B22: =ChkList!B6 -> N-02 | C22: =ChkList!C6 -> 비밀번호 복잡성 설정 | F22: =ChkList!D6 -> H | G22: =ChkList!E6 -> 3 | H22: Y | I22: 비밀번호 최소 길이 설정이 적용되어 있어 양호함 | J22: Y | K22: =IF($J22="","",IF(OR($H22="Y",$H22="N/A",$H22="Y(즉시조치)"),$H22,IF(AND($H22="N",$J22="Y"),"조치",IF(AND($H22="N",$J22="N/A"),"N/A",IF(IFERROR(FIND("위험수용",$L22),0),"위험수용","미조치"))))) -> Y | L22: 비밀번호 복잡성 규칙에 맞게 설정함 | Q22: =IF($J22="",IF(OR($H22="N",$H22="인터뷰"),ChkList!$F6,""),IF(OR($J22="N",$J22="인터뷰"),ChkList!$F6,"")) | R22: =IF($H22="N/A",0,VLOOKUP($F22,'parm(hidden)'!$B$8:$C$10,2,FALSE))*1 -> 3 | S22: =IFERROR(VLOOKUP($F22,'parm(hidden)'!$B$8:$C$10,2,FALSE)*VLOOKUP($H22,'parm(hidden)'!$B$15:$C$19,2,FALSE),0) -> 3 | T22: =IFERROR(VLOOKUP($F22,'parm(hidden)'!$B$8:$C$10,2,FALSE)*VLOOKUP($K22,$V$22:$W$27,2,FALSE),0) -> 3 | U22: =IF($J22="N/A",0,VLOOKUP($F22,'parm(hidden)'!$B$8:$C$10,2,FALSE))*1 -> 3 | V22: 조치 | W22: 1
A23: =ChkList!A7 -> 계정 관리 | B23: =ChkList!B7 -> N-03 | C23: =ChkList!C7 -> 암호화된 비밀번호 사용 | F23: =ChkList!D7 -> H | G23: =ChkList!E7 -> 3 | H23: Y | I23: enable secret, username secret 및 service password-encryption 설정이 적용되어 있어 양호함 | J23: Y | K23: =IF($J23="","",IF(OR($H23="Y",$H23="N/A",$H23="Y(즉시조치)"),$H23,IF(AND($H23="N",$J23="Y"),"조치",IF(AND($H23="N",$J23="N/A"),"N/A",IF(IFERROR(FIND("위험수용",$L23),0),"위험수용","미조치"))))) -> Y | L23: enable secret 설정 사용 중임 username secret 설정 사용 중임 Password-Encryption 서비스 사용 중임 | Q23: =IF($J23="",IF(OR($H23="N",$H23="인터뷰"),ChkList!$F7,""),IF(OR($J23="N",$J23="인터뷰"),ChkList!$F7,"")) | R23: =IF($H23="N/A",0,VLOOKUP($F23,'parm(hidden)'!$B$8:$C$10,2,FALSE))*1 -> 3 | S23: =IFERROR(VLOOKUP($F23,'parm(hidden)'!$B$8:$C$10,2,FALSE)*VLOOKUP($H23,'parm(hidden)'!$B$15:$C$19,2,FALSE),0) -> 3 | T23: =IFERROR(VLOOKUP($F23,'parm(hidden)'!$B$8:$C$10,2,FALSE)*VLOOKUP($K23,$V$22:$W$27,2,FALSE),0) -> 3 | U23: =IF($J23="N/A",0,VLOOKUP($F23,'parm(hidden)'!$B$8:$C$10,2,FALSE))*1 -> 3 | V23: 미조치 | W23: 0
A24: =ChkList!A8 -> 계정 관리 | B24: =ChkList!B8 -> N-04 | C24: =ChkList!C8 -> 계정 잠금 임계값 설정 | F24: =ChkList!D8 -> H | G24: =ChkList!E8 -> 3 | H24: Y | I24: 로그인 실패 시 접속 차단 임계값이 설정되어 있어 양호함 | J24: Y | K24: =IF($J24="","",IF(OR($H24="Y",$H24="N/A",$H24="Y(즉시조치)"),$H24,IF(AND($H24="N",$J24="Y"),"조치",IF(AND($H24="N",$J24="N/A"),"N/A",IF(IFERROR(FIND("위험수용",$L24),0),"위험수용","미조치"))))) -> Y | L24: 사용자별로 권한 레벨 다르게 설정됨 팀장 15 부팀장 14 | Q24: =IF($J24="",IF(OR($H24="N",$H24="인터뷰"),ChkList!$F8,""),IF(OR($J24="N",$J24="인터뷰"),ChkList!$F8,"")) | R24: =IF($H24="N/A",0,VLOOKUP($F24,'parm(hidden)'!$B$8:$C$10,2,FALSE))*1 -> 3 | S24: =IFERROR(VLOOKUP($F24,'parm(hidden)'!$B$8:$C$10,2,FALSE)*VLOOKUP($H24,'parm(hidden)'!$B$15:$C$19,2,FALSE),0) -> 3 | T24: =IFERROR(VLOOKUP($F24,'parm(hidden)'!$B$8:$C$10,2,FALSE)*VLOOKUP($K24,$V$22:$W$27,2,FALSE),0) -> 3 | U24: =IF($J24="N/A",0,VLOOKUP($F24,'parm(hidden)'!$B$8:$C$10,2,FALSE))*1 -> 3 | V24: 위험수용 | W24: 0
A25: =ChkList!A9 -> 계정 관리 | B25: =ChkList!B9 -> N-05 | C25: =ChkList!C9 -> 사용자·명령어별 권한 설정 | F25: =ChkList!D9 -> M | G25: =ChkList!E9 -> 2 | H25: Y | I25: 사용자 및 명령어별 권한 레벨이 설정되어 있어 양호함 | J25: Y | K25: =IF($J25="","",IF(OR($H25="Y",$H25="N/A",$H25="Y(즉시조치)"),$H25,IF(AND($H25="N",$J25="Y"),"조치",IF(AND($H25="N",$J25="N/A"),"N/A",IF(IFERROR(FIND("위험수용",$L25),0),"위험수용","미조치"))))) -> Y | L25: 전산팀 관리자 pc만 VTY 콘솔에 접속 허용하도록 ACL 설정 및 vty 인터페이스에 적용됨 | Q25: =IF($J25="",IF(OR($H25="N",$H25="인터뷰"),ChkList!$F9,""),IF(OR($J25="N",$J25="인터뷰"),ChkList!$F9,"")) | R25: =IF($H25="N/A",0,VLOOKUP($F25,'parm(hidden)'!$B$8:$C$10,2,FALSE))*1 -> 2 | S25: =IFERROR(VLOOKUP($F25,'parm(hidden)'!$B$8:$C$10,2,FALSE)*VLOOKUP($H25,'parm(hidden)'!$B$15:$C$19,2,FALSE),0) -> 2 | T25: =IFERROR(VLOOKUP($F25,'parm(hidden)'!$B$8:$C$10,2,FALSE)*VLOOKUP($K25,$V$22:$W$27,2,FALSE),0) -> 2 | U25: =IF($J25="N/A",0,VLOOKUP($F25,'parm(hidden)'!$B$8:$C$10,2,FALSE))*1 -> 2 | V25: N/A | W25: 0
A26: =ChkList!A10 -> 접근 관리 | B26: =ChkList!B10 -> N-06 | C26: =ChkList!C10 -> VTY 접근(ACL) 설정 | F26: =ChkList!D10 -> H | G26: =ChkList!E10 -> 3 | H26: Y | I26: 허가된 관리 IP만 VTY 접속이 가능하도록 ACL이 적용되어 있어 양호함 | J26: Y | K26: =IF($J26="","",IF(OR($H26="Y",$H26="N/A",$H26="Y(즉시조치)"),$H26,IF(AND($H26="N",$J26="Y"),"조치",IF(AND($H26="N",$J26="N/A"),"N/A",IF(IFERROR(FIND("위험수용",$L26),0),"위험수용","미조치"))))) -> Y | L26: line 인터페이스(console, vty, aux)에 session timeout 설정 적용됨 | Q26: =IF($J26="",IF(OR($H26="N",$H26="인터뷰"),ChkList!$F10,""),IF(OR($J26="N",$J26="인터뷰"),ChkList!$F10,"")) | R26: =IF($H26="N/A",0,VLOOKUP($F26,'parm(hidden)'!$B$8:$C$10,2,FALSE))*1 -> 3 | S26: =IFERROR(VLOOKUP($F26,'parm(hidden)'!$B$8:$C$10,2,FALSE)*VLOOKUP($H26,'parm(hidden)'!$B$15:$C$19,2,FALSE),0) -> 3 | T26: =IFERROR(VLOOKUP($F26,'parm(hidden)'!$B$8:$C$10,2,FALSE)*VLOOKUP($K26,$V$22:$W$27,2,FALSE),0) -> 3 | U26: =IF($J26="N/A",0,VLOOKUP($F26,'parm(hidden)'!$B$8:$C$10,2,FALSE))*1 -> 3 | V26: Y | W26: 1
A27: =ChkList!A11 -> 접근 관리 | B27: =ChkList!B11 -> N-07 | C27: =ChkList!C11 -> Session Timeout 설정 | F27: =ChkList!D11 -> H | G27: =ChkList!E11 -> 3 | H27: Y | I27: line 인터페이스(console, vty, aux)에 session timeout 설정이 적용되어 있어 양호함 | J27: Y | K27: =IF($J27="","",IF(OR($H27="Y",$H27="N/A",$H27="Y(즉시조치)"),$H27,IF(AND($H27="N",$J27="Y"),"조치",IF(AND($H27="N",$J27="N/A"),"N/A",IF(IFERROR(FIND("위험수용",$L27),0),"위험수용","미조치"))))) -> Y | L27: ssh 활성화됨, 원격 접속시 ssh로만 접속하도록 설정 | Q27: =IF($J27="",IF(OR($H27="N",$H27="인터뷰"),ChkList!$F11,""),IF(OR($J27="N",$J27="인터뷰"),ChkList!$F11,"")) | R27: =IF($H27="N/A",0,VLOOKUP($F27,'parm(hidden)'!$B$8:$C$10,2,FALSE))*1 -> 3 | S27: =IFERROR(VLOOKUP($F27,'parm(hidden)'!$B$8:$C$10,2,FALSE)*VLOOKUP($H27,'parm(hidden)'!$B$15:$C$19,2,FALSE),0) -> 3 | T27: =IFERROR(VLOOKUP($F27,'parm(hidden)'!$B$8:$C$10,2,FALSE)*VLOOKUP($K27,$V$22:$W$27,2,FALSE),0) -> 3 | U27: =IF($J27="N/A",0,VLOOKUP($F27,'parm(hidden)'!$B$8:$C$10,2,FALSE))*1 -> 3 | V27: Y(즉시조치) | W27: 1
A28: =ChkList!A12 -> 접근 관리 | B28: =ChkList!B12 -> N-08 | C28: =ChkList!C12 -> VTY 접속 시 안전한 프로토콜 사용 | F28: =ChkList!D12 -> M | G28: =ChkList!E12 -> 2 | H28: Y | I28: SSH가 활성화되어 있으며 원격 접속 시 SSH만 사용하도록 설정되어 있어 양호함 | J28: Y | K28: =IF($J28="","",IF(OR($H28="Y",$H28="N/A",$H28="Y(즉시조치)"),$H28,IF(AND($H28="N",$J28="Y"),"조치",IF(AND($H28="N",$J28="N/A"),"N/A",IF(IFERROR(FIND("위험수용",$L28),0),"위험수용","미조치"))))) -> Y | L28: 사용자 접근 금지(no password) 및 입력 불가(transport input none), 명령 실행 불가 설정(no exec) 및 1 초 뒤 타임아웃(exec-timeout 0 1) 적용되어있음 | Q28: =IF($J28="",IF(OR($H28="N",$H28="인터뷰"),ChkList!$F12,""),IF(OR($J28="N",$J28="인터뷰"),ChkList!$F12,"")) | R28: =IF($H28="N/A",0,VLOOKUP($F28,'parm(hidden)'!$B$8:$C$10,2,FALSE))*1 -> 2 | S28: =IFERROR(VLOOKUP($F28,'parm(hidden)'!$B$8:$C$10,2,FALSE)*VLOOKUP($H28,'parm(hidden)'!$B$15:$C$19,2,FALSE),0) -> 2 | T28: =IFERROR(VLOOKUP($F28,'parm(hidden)'!$B$8:$C$10,2,FALSE)*VLOOKUP($K28,$V$22:$W$27,2,FALSE),0) -> 2 | U28: =IF($J28="N/A",0,VLOOKUP($F28,'parm(hidden)'!$B$8:$C$10,2,FALSE))*1 -> 2
A29: =ChkList!A13 -> 접근 관리 | B29: =ChkList!B13 -> N-09 | C29: =ChkList!C13 -> 불필요한 보조 입출력 포트 사용 금지 | F29: =ChkList!D13 -> M | G29: =ChkList!E13 -> 2 | H29: Y | I29: 보조 입출력 포트의 불필요한 접근 및 명령 실행이 제한되어 있어 양호함 | J29: Y | K29: =IF($J29="","",IF(OR($H29="Y",$H29="N/A",$H29="Y(즉시조치)"),$H29,IF(AND($H29="N",$J29="Y"),"조치",IF(AND($H29="N",$J29="N/A"),"N/A",IF(IFERROR(FIND("위험수용",$L29),0),"위험수용","미조치"))))) -> Y | L29: banner 문구 설저되어있음 | Q29: =IF($J29="",IF(OR($H29="N",$H29="인터뷰"),ChkList!$F13,""),IF(OR($J29="N",$J29="인터뷰"),ChkList!$F13,"")) | R29: =IF($H29="N/A",0,VLOOKUP($F29,'parm(hidden)'!$B$8:$C$10,2,FALSE))*1 -> 2 | S29: =IFERROR(VLOOKUP($F29,'parm(hidden)'!$B$8:$C$10,2,FALSE)*VLOOKUP($H29,'parm(hidden)'!$B$15:$C$19,2,FALSE),0) -> 2 | T29: =IFERROR(VLOOKUP($F29,'parm(hidden)'!$B$8:$C$10,2,FALSE)*VLOOKUP($K29,$V$22:$W$27,2,FALSE),0) -> 2 | U29: =IF($J29="N/A",0,VLOOKUP($F29,'parm(hidden)'!$B$8:$C$10,2,FALSE))*1 -> 2
A30: =ChkList!A14 -> 접근 관리 | B30: =ChkList!B14 -> N-10 | C30: =ChkList!C14 -> 로그인 시 경고 메시지 설정 | F30: =ChkList!D14 -> M | G30: =ChkList!E14 -> 2 | H30: Y | I30: 로그인 시 경고 메시지 배너가 설정되어 있어 양호함 | J30: 인터뷰 | K30: =IF($J30="","",IF(OR($H30="Y",$H30="N/A",$H30="Y(즉시조치)"),$H30,IF(AND($H30="N",$J30="Y"),"조치",IF(AND($H30="N",$J30="N/A"),"N/A",IF(IFERROR(FIND("위험수용",$L30),0),"위험수용","미조치"))))) -> Y | L30: 담당자와 상의 후 조치 | Q30: =IF($J30="",IF(OR($H30="N",$H30="인터뷰"),ChkList!$F14,""),IF(OR($J30="N",$J30="인터뷰"),ChkList!$F14,"")) -> 네트워크 장비 접속 시 경고 메시지 설정 | R30: =IF($H30="N/A",0,VLOOKUP($F30,'parm(hidden)'!$B$8:$C$10,2,FALSE))*1 -> 2 | S30: =IFERROR(VLOOKUP($F30,'parm(hidden)'!$B$8:$C$10,2,FALSE)*VLOOKUP($H30,'parm(hidden)'!$B$15:$C$19,2,FALSE),0) -> 2 | T30: =IFERROR(VLOOKUP($F30,'parm(hidden)'!$B$8:$C$10,2,FALSE)*VLOOKUP($K30,$V$22:$W$27,2,FALSE),0) -> 2 | U30: =IF($J30="N/A",0,VLOOKUP($F30,'parm(hidden)'!$B$8:$C$10,2,FALSE))*1 -> 2
A31: =ChkList!A15 -> 접근 관리 | B31: =ChkList!B15 -> N-11 | C31: =ChkList!C15 -> 원격로그 서버 사용 | F31: =ChkList!D15 -> M | G31: =ChkList!E15 -> 2 | H31: Y | I31: 내부 로그 서버로 로그를 전송하도록 설정되어 있어 양호함 | J31: Y | K31: =IF($J31="","",IF(OR($H31="Y",$H31="N/A",$H31="Y(즉시조치)"),$H31,IF(AND($H31="N",$J31="Y"),"조치",IF(AND($H31="N",$J31="N/A"),"N/A",IF(IFERROR(FIND("위험수용",$L31),0),"위험수용","미조치"))))) -> Y | L31: 설정 완료상태이므로 양호 내부 서버의 로그서버를 통해 로그 관리 진행 | Q31: =IF($J31="",IF(OR($H31="N",$H31="인터뷰"),ChkList!$F15,""),IF(OR($J31="N",$J31="인터뷰"),ChkList!$F15,"")) | R31: =IF($H31="N/A",0,VLOOKUP($F31,'parm(hidden)'!$B$8:$C$10,2,FALSE))*1 -> 2 | S31: =IFERROR(VLOOKUP($F31,'parm(hidden)'!$B$8:$C$10,2,FALSE)*VLOOKUP($H31,'parm(hidden)'!$B$15:$C$19,2,FALSE),0) -> 2 | T31: =IFERROR(VLOOKUP($F31,'parm(hidden)'!$B$8:$C$10,2,FALSE)*VLOOKUP($K31,$V$22:$W$27,2,FALSE),0) -> 2 | U31: =IF($J31="N/A",0,VLOOKUP($F31,'parm(hidden)'!$B$8:$C$10,2,FALSE))*1 -> 2
A32: =ChkList!A16 -> 패치 관리 | B32: =ChkList!B16 -> N-12 | C32: =ChkList!C16 -> 주기적 보안 패치 및 벤더 권고사항 적용 | F32: =ChkList!D16 -> H | G32: =ChkList!E16 -> 3 | H32: N/A | I32: 장비 버전 확인 증적은 있으나 보안 패치 및 벤더 권고사항 적용 여부는 담당자 확인 필요 | J32: Y | K32: =IF($J32="","",IF(OR($H32="Y",$H32="N/A",$H32="Y(즉시조치)"),$H32,IF(AND($H32="N",$J32="Y"),"조치",IF(AND($H32="N",$J32="N/A"),"N/A",IF(IFERROR(FIND("위험수용",$L32),0),"위험수용","미조치"))))) -> N/A | L32: 버퍼 크기 설정되어있음 | Q32: =IF($J32="",IF(OR($H32="N",$H32="인터뷰"),ChkList!$F16,""),IF(OR($J32="N",$J32="인터뷰"),ChkList!$F16,"")) | R32: =IF($H32="N/A",0,VLOOKUP($F32,'parm(hidden)'!$B$8:$C$10,2,FALSE))*1 -> 0 | S32: =IFERROR(VLOOKUP($F32,'parm(hidden)'!$B$8:$C$10,2,FALSE)*VLOOKUP($H32,'parm(hidden)'!$B$15:$C$19,2,FALSE),0) -> 0 | T32: =IFERROR(VLOOKUP($F32,'parm(hidden)'!$B$8:$C$10,2,FALSE)*VLOOKUP($K32,$V$22:$W$27,2,FALSE),0) -> 0 | U32: =IF($J32="N/A",0,VLOOKUP($F32,'parm(hidden)'!$B$8:$C$10,2,FALSE))*1 -> 3
A33: =ChkList!A17 -> 로그 관리 | B33: =ChkList!B17 -> N-13 | C33: =ChkList!C17 -> 로깅 버퍼 크기 설정 | F33: =ChkList!D17 -> M | G33: =ChkList!E17 -> 2 | H33: 인터뷰 | I33: 해당 기능을 지원하지 않음으로 해당 사항 없음 | J33: 인터뷰 | K33: =IF($J33="","",IF(OR($H33="Y",$H33="N/A",$H33="Y(즉시조치)"),$H33,IF(AND($H33="N",$J33="Y"),"조치",IF(AND($H33="N",$J33="N/A"),"N/A",IF(IFERROR(FIND("위험수용",$L33),0),"위험수용","미조치"))))) -> 미조치 | L33: gns에서 확인 | Q33: =IF($J33="",IF(OR($H33="N",$H33="인터뷰"),ChkList!$F17,""),IF(OR($J33="N",$J33="인터뷰"),ChkList!$F17,"")) -> 로그에 대한 정보를 확인하여 장비 성능을 고려한 최대 버퍼 크기를 설정 | R33: =IF($H33="N/A",0,VLOOKUP($F33,'parm(hidden)'!$B$8:$C$10,2,FALSE))*1 -> 2 | S33: =IFERROR(VLOOKUP($F33,'parm(hidden)'!$B$8:$C$10,2,FALSE)*VLOOKUP($H33,'parm(hidden)'!$B$15:$C$19,2,FALSE),0) -> 0 | T33: =IFERROR(VLOOKUP($F33,'parm(hidden)'!$B$8:$C$10,2,FALSE)*VLOOKUP($K33,$V$22:$W$27,2,FALSE),0) -> 0 | U33: =IF($J33="N/A",0,VLOOKUP($F33,'parm(hidden)'!$B$8:$C$10,2,FALSE))*1 -> 2
A34: =ChkList!A18 -> 로그 관리 | B34: =ChkList!B18 -> N-14 | C34: =ChkList!C18 -> 정책에 따른 로깅 설정 | F34: =ChkList!D18 -> M | G34: =ChkList!E18 -> 2 | H34: Y | I34: Syslog 및 trap logging 설정이 적용되어 있어 양호함 | J34: Y | K34: =IF($J34="","",IF(OR($H34="Y",$H34="N/A",$H34="Y(즉시조치)"),$H34,IF(AND($H34="N",$J34="Y"),"조치",IF(AND($H34="N",$J34="N/A"),"N/A",IF(IFERROR(FIND("위험수용",$L34),0),"위험수용","미조치"))))) -> Y | L34: ntp 서버 ip 주소 설정되어있음 | Q34: =IF($J34="",IF(OR($H34="N",$H34="인터뷰"),ChkList!$F18,""),IF(OR($J34="N",$J34="인터뷰"),ChkList!$F18,"")) | R34: =IF($H34="N/A",0,VLOOKUP($F34,'parm(hidden)'!$B$8:$C$10,2,FALSE))*1 -> 2 | S34: =IFERROR(VLOOKUP($F34,'parm(hidden)'!$B$8:$C$10,2,FALSE)*VLOOKUP($H34,'parm(hidden)'!$B$15:$C$19,2,FALSE),0) -> 2 | T34: =IFERROR(VLOOKUP($F34,'parm(hidden)'!$B$8:$C$10,2,FALSE)*VLOOKUP($K34,$V$22:$W$27,2,FALSE),0) -> 2 | U34: =IF($J34="N/A",0,VLOOKUP($F34,'parm(hidden)'!$B$8:$C$10,2,FALSE))*1 -> 2
A35: =ChkList!A19 -> 로그 관리 | B35: =ChkList!B19 -> N-15 | C35: =ChkList!C19 -> NTP 및 시각 동기화 설정 | F35: =ChkList!D19 -> M | G35: =ChkList!E19 -> 2 | H35: N | I35: NTP 서버 미사용으로 해당 사항 없음 | J35: Y | K35: =IF($J35="","",IF(OR($H35="Y",$H35="N/A",$H35="Y(즉시조치)"),$H35,IF(AND($H35="N",$J35="Y"),"조치",IF(AND($H35="N",$J35="N/A"),"N/A",IF(IFERROR(FIND("위험수용",$L35),0),"위험수용","미조치"))))) -> 조치 | L35: 로그 시간 기록 설정 및 시간대 설정 되어있음 | Q35: =IF($J35="",IF(OR($H35="N",$H35="인터뷰"),ChkList!$F19,""),IF(OR($J35="N",$J35="인터뷰"),ChkList!$F19,"")) | R35: =IF($H35="N/A",0,VLOOKUP($F35,'parm(hidden)'!$B$8:$C$10,2,FALSE))*1 -> 2 | S35: =IFERROR(VLOOKUP($F35,'parm(hidden)'!$B$8:$C$10,2,FALSE)*VLOOKUP($H35,'parm(hidden)'!$B$15:$C$19,2,FALSE),0) -> 0 | T35: =IFERROR(VLOOKUP($F35,'parm(hidden)'!$B$8:$C$10,2,FALSE)*VLOOKUP($K35,$V$22:$W$27,2,FALSE),0) -> 2 | U35: =IF($J35="N/A",0,VLOOKUP($F35,'parm(hidden)'!$B$8:$C$10,2,FALSE))*1 -> 2
A36: =ChkList!A20 -> 로그 관리 | B36: =ChkList!B20 -> N-16 | C36: =ChkList!C20 -> Timestamp 로그 설정 | F36: =ChkList!D20 -> L | G36: =ChkList!E20 -> 1 | H36: Y | I36: 로그 시간 기록 및 시간대 설정이 적용되어 있어 양호함 | J36: Y | K36: =IF($J36="","",IF(OR($H36="Y",$H36="N/A",$H36="Y(즉시조치)"),$H36,IF(AND($H36="N",$J36="Y"),"조치",IF(AND($H36="N",$J36="N/A"),"N/A",IF(IFERROR(FIND("위험수용",$L36),0),"위험수용","미조치"))))) -> Y | L36: SNMP 미사용이므로 양호 SNMP 사용 안함, 비활성화 | Q36: =IF($J36="",IF(OR($H36="N",$H36="인터뷰"),ChkList!$F20,""),IF(OR($J36="N",$J36="인터뷰"),ChkList!$F20,"")) | R36: =IF($H36="N/A",0,VLOOKUP($F36,'parm(hidden)'!$B$8:$C$10,2,FALSE))*1 -> 1 | S36: =IFERROR(VLOOKUP($F36,'parm(hidden)'!$B$8:$C$10,2,FALSE)*VLOOKUP($H36,'parm(hidden)'!$B$15:$C$19,2,FALSE),0) -> 1 | T36: =IFERROR(VLOOKUP($F36,'parm(hidden)'!$B$8:$C$10,2,FALSE)*VLOOKUP($K36,$V$22:$W$27,2,FALSE),0) -> 1 | U36: =IF($J36="N/A",0,VLOOKUP($F36,'parm(hidden)'!$B$8:$C$10,2,FALSE))*1 -> 1
A37: =ChkList!A21 -> 기능 관리 | B37: =ChkList!B21 -> N-17 | C37: =ChkList!C21 -> SNMP 서비스 확인 | F37: =ChkList!D21 -> H | G37: =ChkList!E21 -> 3 | H37: Y | I37: SNMP agent가 비활성화되어 있어 양호함 | J37: Y | K37: =IF($J37="","",IF(OR($H37="Y",$H37="N/A",$H37="Y(즉시조치)"),$H37,IF(AND($H37="N",$J37="Y"),"조치",IF(AND($H37="N",$J37="N/A"),"N/A",IF(IFERROR(FIND("위험수용",$L37),0),"위험수용","미조치"))))) -> Y | L37: SNMP 미사용이므로 양호 SNMP 사용 안함, 비활성화 | Q37: =IF($J37="",IF(OR($H37="N",$H37="인터뷰"),ChkList!$F21,""),IF(OR($J37="N",$J37="인터뷰"),ChkList!$F21,"")) | R37: =IF($H37="N/A",0,VLOOKUP($F37,'parm(hidden)'!$B$8:$C$10,2,FALSE))*1 -> 3 | S37: =IFERROR(VLOOKUP($F37,'parm(hidden)'!$B$8:$C$10,2,FALSE)*VLOOKUP($H37,'parm(hidden)'!$B$15:$C$19,2,FALSE),0) -> 3 | T37: =IFERROR(VLOOKUP($F37,'parm(hidden)'!$B$8:$C$10,2,FALSE)*VLOOKUP($K37,$V$22:$W$27,2,FALSE),0) -> 3 | U37: =IF($J37="N/A",0,VLOOKUP($F37,'parm(hidden)'!$B$8:$C$10,2,FALSE))*1 -> 3
A38: =ChkList!A22 -> 기능 관리 | B38: =ChkList!B22 -> N-18 | C38: =ChkList!C22 -> SNMP Community String 복잡성 설정 | F38: =ChkList!D22 -> H | G38: =ChkList!E22 -> 3 | H38: Y | I38: SNMP 미사용 상태이므로 Community String 노출 위험이 없어 양호함 | J38: Y | K38: =IF($J38="","",IF(OR($H38="Y",$H38="N/A",$H38="Y(즉시조치)"),$H38,IF(AND($H38="N",$J38="Y"),"조치",IF(AND($H38="N",$J38="N/A"),"N/A",IF(IFERROR(FIND("위험수용",$L38),0),"위험수용","미조치"))))) -> Y | L38: SNMP 미사용이므로 양호 SNMP 미사용 상태 | Q38: =IF($J38="",IF(OR($H38="N",$H38="인터뷰"),ChkList!$F22,""),IF(OR($J38="N",$J38="인터뷰"),ChkList!$F22,"")) | R38: =IF($H38="N/A",0,VLOOKUP($F38,'parm(hidden)'!$B$8:$C$10,2,FALSE))*1 -> 3 | S38: =IFERROR(VLOOKUP($F38,'parm(hidden)'!$B$8:$C$10,2,FALSE)*VLOOKUP($H38,'parm(hidden)'!$B$15:$C$19,2,FALSE),0) -> 3 | T38: =IFERROR(VLOOKUP($F38,'parm(hidden)'!$B$8:$C$10,2,FALSE)*VLOOKUP($K38,$V$22:$W$27,2,FALSE),0) -> 3 | U38: =IF($J38="N/A",0,VLOOKUP($F38,'parm(hidden)'!$B$8:$C$10,2,FALSE))*1 -> 3
A39: =ChkList!A23 -> 기능 관리 | B39: =ChkList!B23 -> N-19 | C39: =ChkList!C23 -> SNMP ACL 설정 | F39: =ChkList!D23 -> H | G39: =ChkList!E23 -> 3 | H39: Y | I39: SNMP 미사용 상태이므로 비인가 SNMP 접근 위험이 없어 양호함 | J39: Y | K39: =IF($J39="","",IF(OR($H39="Y",$H39="N/A",$H39="Y(즉시조치)"),$H39,IF(AND($H39="N",$J39="Y"),"조치",IF(AND($H39="N",$J39="N/A"),"N/A",IF(IFERROR(FIND("위험수용",$L39),0),"위험수용","미조치"))))) -> Y | L39: SNMP 미사용이므로 양호 SNMP 미사용 상태 | Q39: =IF($J39="",IF(OR($H39="N",$H39="인터뷰"),ChkList!$F23,""),IF(OR($J39="N",$J39="인터뷰"),ChkList!$F23,"")) | R39: =IF($H39="N/A",0,VLOOKUP($F39,'parm(hidden)'!$B$8:$C$10,2,FALSE))*1 -> 3 | S39: =IFERROR(VLOOKUP($F39,'parm(hidden)'!$B$8:$C$10,2,FALSE)*VLOOKUP($H39,'parm(hidden)'!$B$15:$C$19,2,FALSE),0) -> 3 | T39: =IFERROR(VLOOKUP($F39,'parm(hidden)'!$B$8:$C$10,2,FALSE)*VLOOKUP($K39,$V$22:$W$27,2,FALSE),0) -> 3 | U39: =IF($J39="N/A",0,VLOOKUP($F39,'parm(hidden)'!$B$8:$C$10,2,FALSE))*1 -> 3
... A58: =ChkList!A42 -> 기능 관리 | B58: =ChkList!B42 -> N-38 | C58: =ChkList!C42 -> mask-reply 차단 | F58: =ChkList!D42 -> M | G58: =ChkList!E42 -> 2 | H58: Y | I58: mask-reply 서비스가 차단되어 있어 양호함 | J58: Y | K58: =IF($J58="","",IF(OR($H58="Y",$H58="N/A",$H58="Y(즉시조치)"),$H58,IF(AND($H58="N",$J58="Y"),"조치",IF(AND($H58="N",$J58="N/A"),"N/A",IF(IFERROR(FIND("위험수용",$L58),0),"위험수용","미조치"))))) -> Y | L58: 허용할 MAC 주소 수동 등록됨 sticky 설정 적용되어있음 보안 침해시 로깅 메시지 발생되도록 port-security violation restirct 설정 되어있음 | Q58: =IF($J58="",IF(OR($H58="N",$H58="인터뷰"),ChkList!$F42,""),IF(OR($J58="N",$J58="인터뷰"),ChkList!$F42,"")) | R58: =IF($H58="N/A",0,VLOOKUP($F58,'parm(hidden)'!$B$8:$C$10,2,FALSE))*1 -> 2 | S58: =IFERROR(VLOOKUP($F58,'parm(hidden)'!$B$8:$C$10,2,FALSE)*VLOOKUP($H58,'parm(hidden)'!$B$15:$C$19,2,FALSE),0) -> 2 | T58: =IFERROR(VLOOKUP($F58,'parm(hidden)'!$B$8:$C$10,2,FALSE)*VLOOKUP($K58,$V$22:$W$27,2,FALSE),0) -> 2 | U58: =IF($J58="N/A",0,VLOOKUP($F58,'parm(hidden)'!$B$8:$C$10,2,FALSE))*1 -> 2

Sheet HQ-DMZ-L3
A1: ="■ "&$B$4&" 상세 진단결과" -> ■ HQ-DMZ-L3 상세 진단결과
A3: 1) 시스템 현황 | R3: ※ 자산 평가
A4: HostName | B4: =REPLACE(CELL("filename",A1),1,FIND("]",CELL("filename",A1)),"") -> HQ-DMZ-L3 | D4: 운영자산 명 | F4: =IFERROR(VLOOKUP($B$4,자산목록!$B$1:$Q$847,8,FALSE),"N/A") -> L3 스위치 | R4: 기밀성 | S4: =IFERROR(VLOOKUP($B$4,자산목록!$B$1:$Q$847,13,FALSE),"N/A") -> 0 | T4: 자산등급 | U4: =IFERROR(VLOOKUP($B$4,자산목록!$B$1:$Q$847,16,FALSE),"N/A") -> L
A5: OS 종류 및 버전 | B5: =IFERROR(VLOOKUP($B$4,자산목록!$B$1:$Q$847,6,FALSE)&" "&VLOOKUP($B$4,자산목록!$B$1:$Q$847,7,FALSE),"N/A") | D5: IP Address | F5: =IFERROR(VLOOKUP($B$4,자산목록!$B$1:$Q$847,2,FALSE),"N/A") -> 10.10.40.14/28 10.10.40.238/30 10.10.40.241/30 | R5: 무결성 | S5: =IFERROR(VLOOKUP($B$4,자산목록!$B$1:$Q$847,14,FALSE),"N/A") -> 0
A6: 담당자 | B6: =IFERROR(VLOOKUP($B$4,자산목록!$B$1:$Q$847,11,FALSE),"N/A") -> 홍길동 | D6: 설치 위치 | F6: =IFERROR(VLOOKUP($B$4,자산목록!$B$1:$Q$847,9,FALSE),"N/A") -> 본사 DMZ망 | R6: 가용성 | S6: =IFERROR(VLOOKUP($B$4,자산목록!$B$1:$Q$847,15,FALSE),"N/A") -> 0
A8: 2) 진단 결과
A9: ① 부분별 진단 결과
A10: 분류 | D10: 본진단 결과 (이행 전) | I10: 영역별 수준 그래프 | J10: 이행 결과 | R10: 결과 점수 | V10: 영역별 수준 그래프
D11: 전체 | E11: 양호 | F11: 취약 | G11: N/A | H11: 수준 | J11: 조치 | K11: 미조치 | L11: 위험수용 | M11: N/A | N11: 이행율 | O11: 수준 | R11: 전체점수(이행 전) | S11: 평가점수 (이행 전) | T11: 평가점수 (이행 후) | U11: 전체점수(이행 후) | V11: 분류 | X11: 본진단 결과 (이행 전) | Y11: 이행 결과
A12: 계정 관리 | D12: =COUNTIF($A$21:INDIRECT(ADDRESS(MATCH("",$A:$A,-1),1,1,1)),$A12) -> 5 | E12: =COUNTIFS($A$21:INDIRECT(ADDRESS(MATCH("",$A:$A,-1),1,1,1)),$A12,$H$21:INDIRECT(ADDRESS(MATCH("",$A:$A,-1),8,1,1)),"Y")+COUNTIFS($A$21:INDIRECT(ADDRESS(MATCH("",$A:$A,-1),1,1,1)),$A12,$H$21:INDIRECT(ADDRESS(MATCH("",$A:$A,-1),8,1,1)),"Y(즉시조치)") -> 5 | F12: =COUNTIFS($A$21:INDIRECT(ADDRESS(MATCH("",$A:$A,-1),1,1,1)),$A12&"*",$H$21:INDIRECT(ADDRESS(MATCH("",$A:$A,-1),8,1,1)),"N") -> 0 | G12: =COUNTIFS($A$21:INDIRECT(ADDRESS(MATCH("",$A:$A,-1),1,1,1)),$A12&"*",$H$21:INDIRECT(ADDRESS(MATCH("",$A:$A,-1),8,1,1)),"N/A") -> 0 | H12: =IF($G12=$D12,"N/A",(S12/R12)) -> 1 | J12: =COUNTIFS($A$21:INDIRECT(ADDRESS(MATCH("",$A:$A,-1),1,1,1)),$A12,$K$21:INDIRECT(ADDRESS(MATCH("",$B:$B,-1),11,1,1)),"조치") -> 0 | K12: =COUNTIFS($A$21:INDIRECT(ADDRESS(MATCH("",$A:$A,-1),1,1,1)),$A12,$K$21:INDIRECT(ADDRESS(MATCH("",$B:$B,-1),11,1,1)),"미조치") -> 0 | L12: =COUNTIFS($A$21:INDIRECT(ADDRESS(MATCH("",$A:$A,-1),1,1,1)),$A12,$K$21:INDIRECT(ADDRESS(MATCH("",$B:$B,-1),11,1,1)),"위험수용") -> 0 | M12: =COUNTIFS($A$21:INDIRECT(ADDRESS(MATCH("",$A:$A,-1),1,1,1)),$A12,$K$21:INDIRECT(ADDRESS(MATCH("",$B:$B,-1),11,1,1)),"N/A") -> 0 | N12: =IFERROR($J12/($F12-(M12-G12)),"N/A") -> N/A | O12: =IF(OR($G12=$D12,$D12=$M12),"N/A",($T12/$U12)) -> 1 | R12: =SUMIF($A$21:INDIRECT(ADDRESS(MATCH("",$A:$A,-1),1,1,1)),$A12,$R$21:INDIRECT(ADDRESS(MATCH("",$A:$A,-1),18,1,1))) -> 14 | S12: =SUMIF($A$21:INDIRECT(ADDRESS(MATCH("",$A:$A,-1),1,1,1)),$A12,$S$21:INDIRECT(ADDRESS(MATCH("",$A:$A,-1),19,1,1))) -> 14 | T12: =SUMIF($A$21:INDIRECT(ADDRESS(MATCH("",$A:$A,-1),1,1,1)),$A12,$T$21:INDIRECT(ADDRESS(MATCH("",$A:$A,-1),20,1,1))) -> 14 | U12: =SUMIF($A$21:INDIRECT(ADDRESS(MATCH("",$A:$A,-1),2,1,1)),$A12&"*",$U$21:INDIRECT(ADDRESS(MATCH("",$A:$A,-1),21,1,1))) -> 14 | V12: =B12 -> 0 | X12: =H12 -> 1 | Y12: =O12 -> 1
A13: 접근 관리 | D13: =COUNTIF($A$21:INDIRECT(ADDRESS(MATCH("",$A:$A,-1),1,1,1)),$A13) -> 6 | E13: =COUNTIFS($A$21:INDIRECT(ADDRESS(MATCH("",$A:$A,-1),1,1,1)),$A13,$H$21:INDIRECT(ADDRESS(MATCH("",$A:$A,-1),8,1,1)),"Y")+COUNTIFS($A$21:INDIRECT(ADDRESS(MATCH("",$A:$A,-1),1,1,1)),$A13,$H$21:INDIRECT(ADDRESS(MATCH("",$A:$A,-1),8,1,1)),"Y(즉시조치)") -> 6 | F13: =COUNTIFS($A$21:INDIRECT(ADDRESS(MATCH("",$A:$A,-1),1,1,1)),$A13&"*",$H$21:INDIRECT(ADDRESS(MATCH("",$A:$A,-1),8,1,1)),"N") -> 0 | G13: =COUNTIFS($A$21:INDIRECT(ADDRESS(MATCH("",$A:$A,-1),1,1,1)),$A13&"*",$H$21:INDIRECT(ADDRESS(MATCH("",$A:$A,-1),8,1,1)),"N/A") -> 0 | H13: =IF($G13=$D13,"N/A",(S13/R13)) -> 1 | J13: =COUNTIFS($A$21:INDIRECT(ADDRESS(MATCH("",$A:$A,-1),1,1,1)),$A13,$K$21:INDIRECT(ADDRESS(MATCH("",$B:$B,-1),11,1,1)),"조치") -> 0 | K13: =COUNTIFS($A$21:INDIRECT(ADDRESS(MATCH("",$A:$A,-1),1,1,1)),$A13,$K$21:INDIRECT(ADDRESS(MATCH("",$B:$B,-1),11,1,1)),"미조치") -> 0 | L13: =COUNTIFS($A$21:INDIRECT(ADDRESS(MATCH("",$A:$A,-1),1,1,1)),$A13,$K$21:INDIRECT(ADDRESS(MATCH("",$B:$B,-1),11,1,1)),"위험수용") -> 0 | M13: =COUNTIFS($A$21:INDIRECT(ADDRESS(MATCH("",$A:$A,-1),1,1,1)),$A13,$K$21:INDIRECT(ADDRESS(MATCH("",$B:$B,-1),11,1,1)),"N/A") -> 0 | N13: =IFERROR($J13/($F13-(M13-G13)),"N/A") -> N/A | O13: =IF(OR($G13=$D13,$D13=$M13),"N/A",($T13/$U13)) -> 1 | R13: =SUMIF($A$21:INDIRECT(ADDRESS(MATCH("",$A:$A,-1),1,1,1)),$A13,$R$21:INDIRECT(ADDRESS(MATCH("",$A:$A,-1),18,1,1))) -> 14 | S13: =SUMIF($A$21:INDIRECT(ADDRESS(MATCH("",$A:$A,-1),1,1,1)),$A13,$S$21:INDIRECT(ADDRESS(MATCH("",$A:$A,-1),19,1,1))) -> 14 | T13: =SUMIF($A$21:INDIRECT(ADDRESS(MATCH("",$A:$A,-1),1,1,1)),$A13,$T$21:INDIRECT(ADDRESS(MATCH("",$A:$A,-1),20,1,1))) -> 14 | U13: =SUMIF($A$21:INDIRECT(ADDRESS(MATCH("",$A:$A,-1),2,1,1)),$A13&"*",$U$21:INDIRECT(ADDRESS(MATCH("",$A:$A,-1),21,1,1))) -> 14 | V13: =B13 -> 0 | X13: =H13 -> 1 | Y13: =O13 -> 1
A14: 패치 관리 | D14: =COUNTIF($A$21:INDIRECT(ADDRESS(MATCH("",$A:$A,-1),1,1,1)),$A14) -> 1 | E14: =COUNTIFS($A$21:INDIRECT(ADDRESS(MATCH("",$A:$A,-1),1,1,1)),$A14,$H$21:INDIRECT(ADDRESS(MATCH("",$A:$A,-1),8,1,1)),"Y")+COUNTIFS($A$21:INDIRECT(ADDRESS(MATCH("",$A:$A,-1),1,1,1)),$A14,$H$21:INDIRECT(ADDRESS(MATCH("",$A:$A,-1),8,1,1)),"Y(즉시조치)") -> 0 | F14: =COUNTIFS($A$21:INDIRECT(ADDRESS(MATCH("",$A:$A,-1),1,1,1)),$A14&"*",$H$21:INDIRECT(ADDRESS(MATCH("",$A:$A,-1),8,1,1)),"N") -> 0 | G14: =COUNTIFS($A$21:INDIRECT(ADDRESS(MATCH("",$A:$A,-1),1,1,1)),$A14&"*",$H$21:INDIRECT(ADDRESS(MATCH("",$A:$A,-1),8,1,1)),"N/A") -> 0 | H14: =IF($G14=$D14,"N/A",(S14/R14)) -> 0 | J14: =COUNTIFS($A$21:INDIRECT(ADDRESS(MATCH("",$A:$A,-1),1,1,1)),$A14,$K$21:INDIRECT(ADDRESS(MATCH("",$B:$B,-1),11,1,1)),"조치") -> 0 | K14: =COUNTIFS($A$21:INDIRECT(ADDRESS(MATCH("",$A:$A,-1),1,1,1)),$A14,$K$21:INDIRECT(ADDRESS(MATCH("",$B:$B,-1),11,1,1)),"미조치") -> 1 | L14: =COUNTIFS($A$21:INDIRECT(ADDRESS(MATCH("",$A:$A,-1),1,1,1)),$A14,$K$21:INDIRECT(ADDRESS(MATCH("",$B:$B,-1),11,1,1)),"위험수용") -> 0 | M14: =COUNTIFS($A$21:INDIRECT(ADDRESS(MATCH("",$A:$A,-1),1,1,1)),$A14,$K$21:INDIRECT(ADDRESS(MATCH("",$B:$B,-1),11,1,1)),"N/A") -> 0 | N14: =IFERROR($J14/($F14-(M14-G14)),"N/A") -> N/A | O14: =IF(OR($G14=$D14,$D14=$M14),"N/A",($T14/$U14)) -> 0 | R14: =SUMIF($A$21:INDIRECT(ADDRESS(MATCH("",$A:$A,-1),1,1,1)),$A14,$R$21:INDIRECT(ADDRESS(MATCH("",$A:$A,-1),18,1,1))) -> 3 | S14: =SUMIF($A$21:INDIRECT(ADDRESS(MATCH("",$A:$A,-1),1,1,1)),$A14,$S$21:INDIRECT(ADDRESS(MATCH("",$A:$A,-1),19,1,1))) -> 0 | T14: =SUMIF($A$21:INDIRECT(ADDRESS(MATCH("",$A:$A,-1),1,1,1)),$A14,$T$21:INDIRECT(ADDRESS(MATCH("",$A:$A,-1),20,1,1))) -> 0 | U14: =SUMIF($A$21:INDIRECT(ADDRESS(MATCH("",$A:$A,-1),2,1,1)),$A14&"*",$U$21:INDIRECT(ADDRESS(MATCH("",$A:$A,-1),21,1,1))) -> 3 | V14: =B14 -> 0 | X14: =H14 -> 0 | Y14: =O14 -> 0
A15: 로그 관리 | D15: =COUNTIF($A$21:INDIRECT(ADDRESS(MATCH("",$A:$A,-1),1,1,1)),$A15) -> 4 | E15: =COUNTIFS($A$21:INDIRECT(ADDRESS(MATCH("",$A:$A,-1),1,1,1)),$A15,$H$21:INDIRECT(ADDRESS(MATCH("",$A:$A,-1),8,1,1)),"Y")+COUNTIFS($A$21:INDIRECT(ADDRESS(MATCH("",$A:$A,-1),1,1,1)),$A15,$H$21:INDIRECT(ADDRESS(MATCH("",$A:$A,-1),8,1,1)),"Y(즉시조치)") -> 3 | F15: =COUNTIFS($A$21:INDIRECT(ADDRESS(MATCH("",$A:$A,-1),1,1,1)),$A15&"*",$H$21:INDIRECT(ADDRESS(MATCH("",$A:$A,-1),8,1,1)),"N") -> 0 | G15: =COUNTIFS($A$21:INDIRECT(ADDRESS(MATCH("",$A:$A,-1),1,1,1)),$A15&"*",$H$21:INDIRECT(ADDRESS(MATCH("",$A:$A,-1),8,1,1)),"N/A") -> 1 | H15: =IF($G15=$D15,"N/A",(S15/R15)) -> 1 | J15: =COUNTIFS($A$21:INDIRECT(ADDRESS(MATCH("",$A:$A,-1),1,1,1)),$A15,$K$21:INDIRECT(ADDRESS(MATCH("",$B:$B,-1),11,1,1)),"조치") -> 0 | K15: =COUNTIFS($A$21:INDIRECT(ADDRESS(MATCH("",$A:$A,-1),1,1,1)),$A15,$K$21:INDIRECT(ADDRESS(MATCH("",$B:$B,-1),11,1,1)),"미조치") -> 0 | L15: =COUNTIFS($A$21:INDIRECT(ADDRESS(MATCH("",$A:$A,-1),1,1,1)),$A15,$K$21:INDIRECT(ADDRESS(MATCH("",$B:$B,-1),11,1,1)),"위험수용") -> 0 | M15: =COUNTIFS($A$21:INDIRECT(ADDRESS(MATCH("",$A:$A,-1),1,1,1)),$A15,$K$21:INDIRECT(ADDRESS(MATCH("",$B:$B,-1),11,1,1)),"N/A") -> 1 | N15: =IFERROR($J15/($F15-(M15-G15)),"N/A") -> N/A | O15: =IF(OR($G15=$D15,$D15=$M15),"N/A",($T15/$U15)) -> 0.71428571 | R15: =SUMIF($A$21:INDIRECT(ADDRESS(MATCH("",$A:$A,-1),1,1,1)),$A15,$R$21:INDIRECT(ADDRESS(MATCH("",$A:$A,-1),18,1,1))) -> 5 | S15: =SUMIF($A$21:INDIRECT(ADDRESS(MATCH("",$A:$A,-1),1,1,1)),$A15,$S$21:INDIRECT(ADDRESS(MATCH("",$A:$A,-1),19,1,1))) -> 5 | T15: =SUMIF($A$21:INDIRECT(ADDRESS(MATCH("",$A:$A,-1),1,1,1)),$A15,$T$21:INDIRECT(ADDRESS(MATCH("",$A:$A,-1),20,1,1))) -> 5 | U15: =SUMIF($A$21:INDIRECT(ADDRESS(MATCH("",$A:$A,-1),2,1,1)),$A15&"*",$U$21:INDIRECT(ADDRESS(MATCH("",$A:$A,-1),21,1,1))) -> 7 | V15: =B15 -> 0 | X15: =H15 -> 1 | Y15: =O15 -> 0.71428571
A16: 기능 관리 | D16: =COUNTIF($A$21:INDIRECT(ADDRESS(MATCH("",$A:$A,-1),1,1,1)),$A16) -> 22 | E16: =COUNTIFS($A$21:INDIRECT(ADDRESS(MATCH("",$A:$A,-1),1,1,1)),$A16,$H$21:INDIRECT(ADDRESS(MATCH("",$A:$A,-1),8,1,1)),"Y")+COUNTIFS($A$21:INDIRECT(ADDRESS(MATCH("",$A:$A,-1),1,1,1)),$A16,$H$21:INDIRECT(ADDRESS(MATCH("",$A:$A,-1),8,1,1)),"Y(즉시조치)") -> 19 | F16: =COUNTIFS($A$21:INDIRECT(ADDRESS(MATCH("",$A:$A,-1),1,1,1)),$A16&"*",$H$21:INDIRECT(ADDRESS(MATCH("",$A:$A,-1),8,1,1)),"N") -> 1 | G16: =COUNTIFS($A$21:INDIRECT(ADDRESS(MATCH("",$A:$A,-1),1,1,1)),$A16&"*",$H$21:INDIRECT(ADDRESS(MATCH("",$A:$A,-1),8,1,1)),"N/A") -> 1 | H16: =IF($G16=$D16,"N/A",(S16/R16)) -> 0.87755102 | J16: =COUNTIFS($A$21:INDIRECT(ADDRESS(MATCH("",$A:$A,-1),1,1,1)),$A16,$K$21:INDIRECT(ADDRESS(MATCH("",$B:$B,-1),11,1,1)),"조치") -> 1 | K16: =COUNTIFS($A$21:INDIRECT(ADDRESS(MATCH("",$A:$A,-1),1,1,1)),$A16,$K$21:INDIRECT(ADDRESS(MATCH("",$B:$B,-1),11,1,1)),"미조치") -> 1 | L16: =COUNTIFS($A$21:INDIRECT(ADDRESS(MATCH("",$A:$A,-1),1,1,1)),$A16,$K$21:INDIRECT(ADDRESS(MATCH("",$B:$B,-1),11,1,1)),"위험수용") -> 0 | M16: =COUNTIFS($A$21:INDIRECT(ADDRESS(MATCH("",$A:$A,-1),1,1,1)),$A16,$K$21:INDIRECT(ADDRESS(MATCH("",$B:$B,-1),11,1,1)),"N/A") -> 1 | N16: =IFERROR($J16/($F16-(M16-G16)),"N/A") -> 1 | O16: =IF(OR($G16=$D16,$D16=$M16),"N/A",($T16/$U16)) -> 0.88461538 | R16: =SUMIF($A$21:INDIRECT(ADDRESS(MATCH("",$A:$A,-1),1,1,1)),$A16,$R$21:INDIRECT(ADDRESS(MATCH("",$A:$A,-1),18,1,1))) -> 49 | S16: =SUMIF($A$21:INDIRECT(ADDRESS(MATCH("",$A:$A,-1),1,1,1)),$A16,$S$21:INDIRECT(ADDRESS(MATCH("",$A:$A,-1),19,1,1))) -> 43 | T16: =SUMIF($A$21:INDIRECT(ADDRESS(MATCH("",$A:$A,-1),1,1,1)),$A16,$T$21:INDIRECT(ADDRESS(MATCH("",$A:$A,-1),20,1,1))) -> 46 | U16: =SUMIF($A$21:INDIRECT(ADDRESS(MATCH("",$A:$A,-1),2,1,1)),$A16&"*",$U$21:INDIRECT(ADDRESS(MATCH("",$A:$A,-1),21,1,1))) -> 52 | V16: =B16 -> 0 | X16: =H16 -> 0.87755102 | Y16: =O16 -> 0.88461538
A17: 전체 보안 수준 | D17: =SUM(D12:D16) -> 38 | E17: =SUM(E12:E16) -> 33 | F17: =SUM(F12:F16) -> 1 | G17: =SUM(G12:G16) -> 2 | H17: =IF($G17=$D17,"N/A",(S17/R17)) -> 0.89411765 | J17: =SUM(J12:J16) -> 1 | K17: =SUM(K12:K16) -> 2 | L17: =SUM(L12:L16) -> 0 | M17: =SUM(M12:M16) -> 2 | N17: =IF($O17="N/A","N/A",IFERROR($J17/($F17-(M17-G17)),"N/A")) -> 1 | O17: =IF($G17=$D17,"N/A",IFERROR((T17/U17),"N/A")) -> 0.87777778 | R17: =SUM(R12:R16) -> 85 | S17: =SUM(S12:S16) -> 76 | T17: =SUM(T12:T16) -> 79 | U17: =SUM(U12:U16) -> 90 | V17: 전채 보안 수준 | X17: =H17 -> 0.89411765 | Y17: =O17 -> 0.87777778
A19: ② 상세 진단 현황 | R19: HIDDEN 필드입니다
A20: 분류 | C20: 진단 항목 | F20: 중요도 | H20: 진단 결과 | I20: 현황 및 문제점 | J20: 이행 결과 | K20: 이행여부 | L20: 조치 현황 | Q20: 개선방안 및 보호대책 | R20: 전체점수(이행전) | S20: 평가점수 (이행 전) | T20: 평가점수 (이행 후) | U20: 전체점수(이행 후) | V20: 이행 결과
A21: =ChkList!A5 -> 계정 관리 | B21: =ChkList!B5 -> N-01 | C21: =ChkList!C5 -> 비밀번호 설정 | F21: =ChkList!D5 -> H | G21: =ChkList!E5 -> 3 | H21: Y | I21: 관리자 모드 비밀번호 및 line 인터페이스(console, vty, aux) 비밀번호가 설정되어 있어 양호함 | J21: Y | K21: =IF($J28="","",IF(OR($H21="Y",$H21="N/A",$H21="Y(즉시조치)"),$H21,IF(AND($H21="N",$J21="Y"),"조치",IF(AND($H21="N",$J21="N/A"),"N/A",IF(IFERROR(FIND("위험수용",$L21),0),"위험수용","미조치"))))) -> Y | L21: 관리자 모드 비밀번호 및 line 인터페이스(console, vty, aux) 비밀번호 설정되어있음 | Q21: =IF($J21="",IF(OR($H21="N",$H21="인터뷰"),ChkList!$F5,""),IF(OR($J21="N",$J21="인터뷰"),ChkList!$F5,"")) | R21: =IF($H21="N/A",0,VLOOKUP($F21,'parm(hidden)'!$B$8:$C$10,2,FALSE))*1 -> 3 | S21: =IFERROR(VLOOKUP($F21,'parm(hidden)'!$B$8:$C$10,2,FALSE)*VLOOKUP($H21,'parm(hidden)'!$B$15:$C$19,2,FALSE),0) -> 3 | T21: =IFERROR(VLOOKUP($F21,'parm(hidden)'!$B$8:$C$10,2,FALSE)*VLOOKUP($K21,$V$22:$W$27,2,FALSE),0) -> 3 | U21: =IF($J21="N/A",0,VLOOKUP($F21,'parm(hidden)'!$B$8:$C$10,2,FALSE))*1 -> 3 | V21: 결과 | W21: 점수
A22: =ChkList!A6 -> 계정 관리 | B22: =ChkList!B6 -> N-02 | C22: =ChkList!C6 -> 비밀번호 복잡성 설정 | F22: =ChkList!D6 -> H | G22: =ChkList!E6 -> 3 | H22: Y | I22: 비밀번호 최소 길이 설정이 적용되어 있어 양호함 | J22: Y | K22: =IF($J29="","",IF(OR($H22="Y",$H22="N/A",$H22="Y(즉시조치)"),$H22,IF(AND($H22="N",$J22="Y"),"조치",IF(AND($H22="N",$J22="N/A"),"N/A",IF(IFERROR(FIND("위험수용",$L22),0),"위험수용","미조치"))))) -> Y | L22: 비밀번호 복잡성 규칙에 맞게 설정함 | Q22: =IF($J22="",IF(OR($H22="N",$H22="인터뷰"),ChkList!$F6,""),IF(OR($J22="N",$J22="인터뷰"),ChkList!$F6,"")) | R22: =IF($H22="N/A",0,VLOOKUP($F22,'parm(hidden)'!$B$8:$C$10,2,FALSE))*1 -> 3 | S22: =IFERROR(VLOOKUP($F22,'parm(hidden)'!$B$8:$C$10,2,FALSE)*VLOOKUP($H22,'parm(hidden)'!$B$15:$C$19,2,FALSE),0) -> 3 | T22: =IFERROR(VLOOKUP($F22,'parm(hidden)'!$B$8:$C$10,2,FALSE)*VLOOKUP($K22,$V$22:$W$27,2,FALSE),0) -> 3 | U22: =IF($J22="N/A",0,VLOOKUP($F22,'parm(hidden)'!$B$8:$C$10,2,FALSE))*1 -> 3 | V22: 조치 | W22: 1
A23: =ChkList!A7 -> 계정 관리 | B23: =ChkList!B7 -> N-03 | C23: =ChkList!C7 -> 암호화된 비밀번호 사용 | F23: =ChkList!D7 -> H | G23: =ChkList!E7 -> 3 | H23: Y | I23: enable secret, username secret 및 service password-encryption 설정이 적용되어 있어 양호함 | J23: Y | K23: =IF($J30="","",IF(OR($H23="Y",$H23="N/A",$H23="Y(즉시조치)"),$H23,IF(AND($H23="N",$J23="Y"),"조치",IF(AND($H23="N",$J23="N/A"),"N/A",IF(IFERROR(FIND("위험수용",$L23),0),"위험수용","미조치"))))) -> Y | L23: enable secret 설정 사용 중임 username secret 설정 사용 중임 Password-Encryption 서비스 사용 중임 | Q23: =IF($J23="",IF(OR($H23="N",$H23="인터뷰"),ChkList!$F7,""),IF(OR($J23="N",$J23="인터뷰"),ChkList!$F7,"")) | R23: =IF($H23="N/A",0,VLOOKUP($F23,'parm(hidden)'!$B$8:$C$10,2,FALSE))*1 -> 3 | S23: =IFERROR(VLOOKUP($F23,'parm(hidden)'!$B$8:$C$10,2,FALSE)*VLOOKUP($H23,'parm(hidden)'!$B$15:$C$19,2,FALSE),0) -> 3 | T23: =IFERROR(VLOOKUP($F23,'parm(hidden)'!$B$8:$C$10,2,FALSE)*VLOOKUP($K23,$V$22:$W$27,2,FALSE),0) -> 3 | U23: =IF($J23="N/A",0,VLOOKUP($F23,'parm(hidden)'!$B$8:$C$10,2,FALSE))*1 -> 3 | V23: 미조치 | W23: 0
A24: =ChkList!A8 -> 계정 관리 | B24: =ChkList!B8 -> N-04 | C24: =ChkList!C8 -> 계정 잠금 임계값 설정 | F24: =ChkList!D8 -> H | G24: =ChkList!E8 -> 3 | H24: Y | I24: 로그인 실패 시 접속 차단 임계값이 설정되어 있어 양호함 | J24: Y | K24: =IF($J31="","",IF(OR($H24="Y",$H24="N/A",$H24="Y(즉시조치)"),$H24,IF(AND($H24="N",$J24="Y"),"조치",IF(AND($H24="N",$J24="N/A"),"N/A",IF(IFERROR(FIND("위험수용",$L24),0),"위험수용","미조치"))))) -> Y | L24: 사용자별로 권한 레벨 다르게 설정됨 팀장 15 부팀장 14 | Q24: =IF($J24="",IF(OR($H24="N",$H24="인터뷰"),ChkList!$F8,""),IF(OR($J24="N",$J24="인터뷰"),ChkList!$F8,"")) | R24: =IF($H24="N/A",0,VLOOKUP($F24,'parm(hidden)'!$B$8:$C$10,2,FALSE))*1 -> 3 | S24: =IFERROR(VLOOKUP($F24,'parm(hidden)'!$B$8:$C$10,2,FALSE)*VLOOKUP($H24,'parm(hidden)'!$B$15:$C$19,2,FALSE),0) -> 3 | T24: =IFERROR(VLOOKUP($F24,'parm(hidden)'!$B$8:$C$10,2,FALSE)*VLOOKUP($K24,$V$22:$W$27,2,FALSE),0) -> 3 | U24: =IF($J24="N/A",0,VLOOKUP($F24,'parm(hidden)'!$B$8:$C$10,2,FALSE))*1 -> 3 | V24: 위험수용 | W24: 0
A25: =ChkList!A9 -> 계정 관리 | B25: =ChkList!B9 -> N-05 | C25: =ChkList!C9 -> 사용자·명령어별 권한 설정 | F25: =ChkList!D9 -> M | G25: =ChkList!E9 -> 2 | H25: Y | I25: 사용자 및 명령어별 권한 레벨이 설정되어 있어 양호함 | J25: Y | K25: =IF($J32="","",IF(OR($H25="Y",$H25="N/A",$H25="Y(즉시조치)"),$H25,IF(AND($H25="N",$J25="Y"),"조치",IF(AND($H25="N",$J25="N/A"),"N/A",IF(IFERROR(FIND("위험수용",$L25),0),"위험수용","미조치"))))) -> Y | L25: 전산팀 관리자 pc만 VTY 콘솔에 접속 허용하도록 ACL 설정 및 vty 인터페이스에 적용됨 | Q25: =IF($J25="",IF(OR($H25="N",$H25="인터뷰"),ChkList!$F9,""),IF(OR($J25="N",$J25="인터뷰"),ChkList!$F9,"")) | R25: =IF($H25="N/A",0,VLOOKUP($F25,'parm(hidden)'!$B$8:$C$10,2,FALSE))*1 -> 2 | S25: =IFERROR(VLOOKUP($F25,'parm(hidden)'!$B$8:$C$10,2,FALSE)*VLOOKUP($H25,'parm(hidden)'!$B$15:$C$19,2,FALSE),0) -> 2 | T25: =IFERROR(VLOOKUP($F25,'parm(hidden)'!$B$8:$C$10,2,FALSE)*VLOOKUP($K25,$V$22:$W$27,2,FALSE),0) -> 2 | U25: =IF($J25="N/A",0,VLOOKUP($F25,'parm(hidden)'!$B$8:$C$10,2,FALSE))*1 -> 2 | V25: N/A | W25: 0
A26: =ChkList!A10 -> 접근 관리 | B26: =ChkList!B10 -> N-06 | C26: =ChkList!C10 -> VTY 접근(ACL) 설정 | F26: =ChkList!D10 -> H | G26: =ChkList!E10 -> 3 | H26: Y | I26: 허가된 관리 IP만 VTY 접속이 가능하도록 ACL이 적용되어 있어 양호함 | J26: Y | K26: =IF($J33="","",IF(OR($H26="Y",$H26="N/A",$H26="Y(즉시조치)"),$H26,IF(AND($H26="N",$J26="Y"),"조치",IF(AND($H26="N",$J26="N/A"),"N/A",IF(IFERROR(FIND("위험수용",$L26),0),"위험수용","미조치"))))) -> Y | L26: line 인터페이스(console, vty, aux)에 session timeout 설정 적용됨 | Q26: =IF($J26="",IF(OR($H26="N",$H26="인터뷰"),ChkList!$F10,""),IF(OR($J26="N",$J26="인터뷰"),ChkList!$F10,"")) | R26: =IF($H26="N/A",0,VLOOKUP($F26,'parm(hidden)'!$B$8:$C$10,2,FALSE))*1 -> 3 | S26: =IFERROR(VLOOKUP($F26,'parm(hidden)'!$B$8:$C$10,2,FALSE)*VLOOKUP($H26,'parm(hidden)'!$B$15:$C$19,2,FALSE),0) -> 3 | T26: =IFERROR(VLOOKUP($F26,'parm(hidden)'!$B$8:$C$10,2,FALSE)*VLOOKUP($K26,$V$22:$W$27,2,FALSE),0) -> 3 | U26: =IF($J26="N/A",0,VLOOKUP($F26,'parm(hidden)'!$B$8:$C$10,2,FALSE))*1 -> 3 | V26: Y | W26: 1
A27: =ChkList!A11 -> 접근 관리 | B27: =ChkList!B11 -> N-07 | C27: =ChkList!C11 -> Session Timeout 설정 | F27: =ChkList!D11 -> H | G27: =ChkList!E11 -> 3 | H27: Y | I27: line 인터페이스(console, vty, aux)에 session timeout 설정이 적용되어 있어 양호함 | J27: Y | K27: =IF($J34="","",IF(OR($H27="Y",$H27="N/A",$H27="Y(즉시조치)"),$H27,IF(AND($H27="N",$J27="Y"),"조치",IF(AND($H27="N",$J27="N/A"),"N/A",IF(IFERROR(FIND("위험수용",$L27),0),"위험수용","미조치"))))) -> Y | L27: ssh 활성화됨, 원격 접속시 ssh로만 접속하도록 설정 | Q27: =IF($J27="",IF(OR($H27="N",$H27="인터뷰"),ChkList!$F11,""),IF(OR($J27="N",$J27="인터뷰"),ChkList!$F11,"")) | R27: =IF($H27="N/A",0,VLOOKUP($F27,'parm(hidden)'!$B$8:$C$10,2,FALSE))*1 -> 3 | S27: =IFERROR(VLOOKUP($F27,'parm(hidden)'!$B$8:$C$10,2,FALSE)*VLOOKUP($H27,'parm(hidden)'!$B$15:$C$19,2,FALSE),0) -> 3 | T27: =IFERROR(VLOOKUP($F27,'parm(hidden)'!$B$8:$C$10,2,FALSE)*VLOOKUP($K27,$V$22:$W$27,2,FALSE),0) -> 3 | U27: =IF($J27="N/A",0,VLOOKUP($F27,'parm(hidden)'!$B$8:$C$10,2,FALSE))*1 -> 3 | V27: Y(즉시조치) | W27: 1
A28: =ChkList!A12 -> 접근 관리 | B28: =ChkList!B12 -> N-08 | C28: =ChkList!C12 -> VTY 접속 시 안전한 프로토콜 사용 | F28: =ChkList!D12 -> M | G28: =ChkList!E12 -> 2 | H28: Y | I28: SSH가 활성화되어 있으며 원격 접속 시 SSH만 사용하도록 설정되어 있어 양호함 | J28: Y | K28: =IF($J35="","",IF(OR($H28="Y",$H28="N/A",$H28="Y(즉시조치)"),$H28,IF(AND($H28="N",$J28="Y"),"조치",IF(AND($H28="N",$J28="N/A"),"N/A",IF(IFERROR(FIND("위험수용",$L28),0),"위험수용","미조치"))))) -> Y | L28: 사용자 접근 금지(no password) 및 입력 불가(transport input none), 명령 실행 불가 설정(no exec) 및 1 초 뒤 타임아웃(exec-timeout 0 1) 적용되어있음 | Q28: =IF($J28="",IF(OR($H28="N",$H28="인터뷰"),ChkList!$F12,""),IF(OR($J28="N",$J28="인터뷰"),ChkList!$F12,"")) | R28: =IF($H28="N/A",0,VLOOKUP($F28,'parm(hidden)'!$B$8:$C$10,2,FALSE))*1 -> 2 | S28: =IFERROR(VLOOKUP($F28,'parm(hidden)'!$B$8:$C$10,2,FALSE)*VLOOKUP($H28,'parm(hidden)'!$B$15:$C$19,2,FALSE),0) -> 2 | T28: =IFERROR(VLOOKUP($F28,'parm(hidden)'!$B$8:$C$10,2,FALSE)*VLOOKUP($K28,$V$22:$W$27,2,FALSE),0) -> 2 | U28: =IF($J28="N/A",0,VLOOKUP($F28,'parm(hidden)'!$B$8:$C$10,2,FALSE))*1 -> 2
A29: =ChkList!A13 -> 접근 관리 | B29: =ChkList!B13 -> N-09 | C29: =ChkList!C13 -> 불필요한 보조 입출력 포트 사용 금지 | F29: =ChkList!D13 -> M | G29: =ChkList!E13 -> 2 | H29: Y | I29: 보조 입출력 포트의 불필요한 접근 및 명령 실행이 제한되어 있어 양호함 | J29: Y | K29: =IF($J36="","",IF(OR($H29="Y",$H29="N/A",$H29="Y(즉시조치)"),$H29,IF(AND($H29="N",$J29="Y"),"조치",IF(AND($H29="N",$J29="N/A"),"N/A",IF(IFERROR(FIND("위험수용",$L29),0),"위험수용","미조치"))))) -> Y | L29: banner 문구 설저되어있음 | Q29: =IF($J29="",IF(OR($H29="N",$H29="인터뷰"),ChkList!$F13,""),IF(OR($J29="N",$J29="인터뷰"),ChkList!$F13,"")) | R29: =IF($H29="N/A",0,VLOOKUP($F29,'parm(hidden)'!$B$8:$C$10,2,FALSE))*1 -> 2 | S29: =IFERROR(VLOOKUP($F29,'parm(hidden)'!$B$8:$C$10,2,FALSE)*VLOOKUP($H29,'parm(hidden)'!$B$15:$C$19,2,FALSE),0) -> 2 | T29: =IFERROR(VLOOKUP($F29,'parm(hidden)'!$B$8:$C$10,2,FALSE)*VLOOKUP($K29,$V$22:$W$27,2,FALSE),0) -> 2 | U29: =IF($J29="N/A",0,VLOOKUP($F29,'parm(hidden)'!$B$8:$C$10,2,FALSE))*1 -> 2
A30: =ChkList!A14 -> 접근 관리 | B30: =ChkList!B14 -> N-10 | C30: =ChkList!C14 -> 로그인 시 경고 메시지 설정 | F30: =ChkList!D14 -> M | G30: =ChkList!E14 -> 2 | H30: Y | I30: 로그인 시 경고 메시지 배너가 설정되어 있어 양호함 | J30: 인터뷰 | K30: =IF($J37="","",IF(OR($H30="Y",$H30="N/A",$H30="Y(즉시조치)"),$H30,IF(AND($H30="N",$J30="Y"),"조치",IF(AND($H30="N",$J30="N/A"),"N/A",IF(IFERROR(FIND("위험수용",$L30),0),"위험수용","미조치"))))) -> Y | L30: 담당자와 상의 후 조치 | Q30: =IF($J30="",IF(OR($H30="N",$H30="인터뷰"),ChkList!$F14,""),IF(OR($J30="N",$J30="인터뷰"),ChkList!$F14,"")) -> 네트워크 장비 접속 시 경고 메시지 설정 | R30: =IF($H30="N/A",0,VLOOKUP($F30,'parm(hidden)'!$B$8:$C$10,2,FALSE))*1 -> 2 | S30: =IFERROR(VLOOKUP($F30,'parm(hidden)'!$B$8:$C$10,2,FALSE)*VLOOKUP($H30,'parm(hidden)'!$B$15:$C$19,2,FALSE),0) -> 2 | T30: =IFERROR(VLOOKUP($F30,'parm(hidden)'!$B$8:$C$10,2,FALSE)*VLOOKUP($K30,$V$22:$W$27,2,FALSE),0) -> 2 | U30: =IF($J30="N/A",0,VLOOKUP($F30,'parm(hidden)'!$B$8:$C$10,2,FALSE))*1 -> 2
A31: =ChkList!A15 -> 접근 관리 | B31: =ChkList!B15 -> N-11 | C31: =ChkList!C15 -> 원격로그 서버 사용 | F31: =ChkList!D15 -> M | G31: =ChkList!E15 -> 2 | H31: Y | I31: 내부 로그 서버로 로그를 전송하도록 설정되어 있어 양호함 | J31: Y | K31: =IF($J38="","",IF(OR($H31="Y",$H31="N/A",$H31="Y(즉시조치)"),$H31,IF(AND($H31="N",$J31="Y"),"조치",IF(AND($H31="N",$J31="N/A"),"N/A",IF(IFERROR(FIND("위험수용",$L31),0),"위험수용","미조치"))))) -> Y | L31: 설정 완료상태이므로 양호 내부 서버의 로그서버를 통해 로그 관리 진행 | Q31: =IF($J31="",IF(OR($H31="N",$H31="인터뷰"),ChkList!$F15,""),IF(OR($J31="N",$J31="인터뷰"),ChkList!$F15,"")) | R31: =IF($H31="N/A",0,VLOOKUP($F31,'parm(hidden)'!$B$8:$C$10,2,FALSE))*1 -> 2 | S31: =IFERROR(VLOOKUP($F31,'parm(hidden)'!$B$8:$C$10,2,FALSE)*VLOOKUP($H31,'parm(hidden)'!$B$15:$C$19,2,FALSE),0) -> 2 | T31: =IFERROR(VLOOKUP($F31,'parm(hidden)'!$B$8:$C$10,2,FALSE)*VLOOKUP($K31,$V$22:$W$27,2,FALSE),0) -> 2 | U31: =IF($J31="N/A",0,VLOOKUP($F31,'parm(hidden)'!$B$8:$C$10,2,FALSE))*1 -> 2
A32: =ChkList!A16 -> 패치 관리 | B32: =ChkList!B16 -> N-12 | C32: =ChkList!C16 -> 주기적 보안 패치 및 벤더 권고사항 적용 | F32: =ChkList!D16 -> H | G32: =ChkList!E16 -> 3 | H32: 인터뷰 | I32: 장비 버전 확인 증적은 있으나 보안 패치 및 벤더 권고사항 적용 여부는 담당자 확인 필요 | J32: Y | K32: =IF($J39="","",IF(OR($H32="Y",$H32="N/A",$H32="Y(즉시조치)"),$H32,IF(AND($H32="N",$J32="Y"),"조치",IF(AND($H32="N",$J32="N/A"),"N/A",IF(IFERROR(FIND("위험수용",$L32),0),"위험수용","미조치"))))) -> 미조치 | L32: 버퍼 크기 설정되어있음 | Q32: =IF($J32="",IF(OR($H32="N",$H32="인터뷰"),ChkList!$F16,""),IF(OR($J32="N",$J32="인터뷰"),ChkList!$F16,"")) | R32: =IF($H32="N/A",0,VLOOKUP($F32,'parm(hidden)'!$B$8:$C$10,2,FALSE))*1 -> 3 | S32: =IFERROR(VLOOKUP($F32,'parm(hidden)'!$B$8:$C$10,2,FALSE)*VLOOKUP($H32,'parm(hidden)'!$B$15:$C$19,2,FALSE),0) -> 0 | T32: =IFERROR(VLOOKUP($F32,'parm(hidden)'!$B$8:$C$10,2,FALSE)*VLOOKUP($K32,$V$22:$W$27,2,FALSE),0) -> 0 | U32: =IF($J32="N/A",0,VLOOKUP($F32,'parm(hidden)'!$B$8:$C$10,2,FALSE))*1 -> 3
A33: =ChkList!A17 -> 로그 관리 | B33: =ChkList!B17 -> N-13 | C33: =ChkList!C17 -> 로깅 버퍼 크기 설정 | F33: =ChkList!D17 -> M | G33: =ChkList!E17 -> 2 | H33: Y | I33: 로깅 버퍼 크기 및 informational 수준의 버퍼 로깅이 설정되어 있어 양호함 | J33: 인터뷰 | K33: =IF($J40="","",IF(OR($H33="Y",$H33="N/A",$H33="Y(즉시조치)"),$H33,IF(AND($H33="N",$J33="Y"),"조치",IF(AND($H33="N",$J33="N/A"),"N/A",IF(IFERROR(FIND("위험수용",$L33),0),"위험수용","미조치"))))) -> Y | L33: gns에서 확인 | Q33: =IF($J33="",IF(OR($H33="N",$H33="인터뷰"),ChkList!$F17,""),IF(OR($J33="N",$J33="인터뷰"),ChkList!$F17,"")) -> 로그에 대한 정보를 확인하여 장비 성능을 고려한 최대 버퍼 크기를 설정 | R33: =IF($H33="N/A",0,VLOOKUP($F33,'parm(hidden)'!$B$8:$C$10,2,FALSE))*1 -> 2 | S33: =IFERROR(VLOOKUP($F33,'parm(hidden)'!$B$8:$C$10,2,FALSE)*VLOOKUP($H33,'parm(hidden)'!$B$15:$C$19,2,FALSE),0) -> 2 | T33: =IFERROR(VLOOKUP($F33,'parm(hidden)'!$B$8:$C$10,2,FALSE)*VLOOKUP($K33,$V$22:$W$27,2,FALSE),0) -> 2 | U33: =IF($J33="N/A",0,VLOOKUP($F33,'parm(hidden)'!$B$8:$C$10,2,FALSE))*1 -> 2
A34: =ChkList!A18 -> 로그 관리 | B34: =ChkList!B18 -> N-14 | C34: =ChkList!C18 -> 정책에 따른 로깅 설정 | F34: =ChkList!D18 -> M | G34: =ChkList!E18 -> 2 | H34: Y | I34: Syslog 및 trap logging 설정이 적용되어 있어 양호함 | J34: Y | K34: =IF($J41="","",IF(OR($H34="Y",$H34="N/A",$H34="Y(즉시조치)"),$H34,IF(AND($H34="N",$J34="Y"),"조치",IF(AND($H34="N",$J34="N/A"),"N/A",IF(IFERROR(FIND("위험수용",$L34),0),"위험수용","미조치"))))) -> Y | L34: ntp 서버 ip 주소 설정되어있음 | Q34: =IF($J34="",IF(OR($H34="N",$H34="인터뷰"),ChkList!$F18,""),IF(OR($J34="N",$J34="인터뷰"),ChkList!$F18,"")) | R34: =IF($H34="N/A",0,VLOOKUP($F34,'parm(hidden)'!$B$8:$C$10,2,FALSE))*1 -> 2 | S34: =IFERROR(VLOOKUP($F34,'parm(hidden)'!$B$8:$C$10,2,FALSE)*VLOOKUP($H34,'parm(hidden)'!$B$15:$C$19,2,FALSE),0) -> 2 | T34: =IFERROR(VLOOKUP($F34,'parm(hidden)'!$B$8:$C$10,2,FALSE)*VLOOKUP($K34,$V$22:$W$27,2,FALSE),0) -> 2 | U34: =IF($J34="N/A",0,VLOOKUP($F34,'parm(hidden)'!$B$8:$C$10,2,FALSE))*1 -> 2
A35: =ChkList!A19 -> 로그 관리 | B35: =ChkList!B19 -> N-15 | C35: =ChkList!C19 -> NTP 및 시각 동기화 설정 | F35: =ChkList!D19 -> M | G35: =ChkList!E19 -> 2 | H35: N/A | I35: ??? | J35: Y | K35: =IF($J42="","",IF(OR($H35="Y",$H35="N/A",$H35="Y(즉시조치)"),$H35,IF(AND($H35="N",$J35="Y"),"조치",IF(AND($H35="N",$J35="N/A"),"N/A",IF(IFERROR(FIND("위험수용",$L35),0),"위험수용","미조치"))))) -> N/A | L35: 로그 시간 기록 설정 및 시간대 설정 되어있음 | Q35: =IF($J35="",IF(OR($H35="N",$H35="인터뷰"),ChkList!$F19,""),IF(OR($J35="N",$J35="인터뷰"),ChkList!$F19,"")) | R35: =IF($H35="N/A",0,VLOOKUP($F35,'parm(hidden)'!$B$8:$C$10,2,FALSE))*1 -> 0 | S35: =IFERROR(VLOOKUP($F35,'parm(hidden)'!$B$8:$C$10,2,FALSE)*VLOOKUP($H35,'parm(hidden)'!$B$15:$C$19,2,FALSE),0) -> 0 | T35: =IFERROR(VLOOKUP($F35,'parm(hidden)'!$B$8:$C$10,2,FALSE)*VLOOKUP($K35,$V$22:$W$27,2,FALSE),0) -> 0 | U35: =IF($J35="N/A",0,VLOOKUP($F35,'parm(hidden)'!$B$8:$C$10,2,FALSE))*1 -> 2
A36: =ChkList!A20 -> 로그 관리 | B36: =ChkList!B20 -> N-16 | C36: =ChkList!C20 -> Timestamp 로그 설정 | F36: =ChkList!D20 -> L | G36: =ChkList!E20 -> 1 | H36: Y | I36: 로그 시간 기록 및 시간대 설정이 적용되어 있어 양호함 | J36: Y | K36: =IF($J43="","",IF(OR($H36="Y",$H36="N/A",$H36="Y(즉시조치)"),$H36,IF(AND($H36="N",$J36="Y"),"조치",IF(AND($H36="N",$J36="N/A"),"N/A",IF(IFERROR(FIND("위험수용",$L36),0),"위험수용","미조치"))))) -> Y | L36: SNMP 미사용이므로 양호 SNMP 사용 안함, 비활성화 | Q36: =IF($J36="",IF(OR($H36="N",$H36="인터뷰"),ChkList!$F20,""),IF(OR($J36="N",$J36="인터뷰"),ChkList!$F20,"")) | R36: =IF($H36="N/A",0,VLOOKUP($F36,'parm(hidden)'!$B$8:$C$10,2,FALSE))*1 -> 1 | S36: =IFERROR(VLOOKUP($F36,'parm(hidden)'!$B$8:$C$10,2,FALSE)*VLOOKUP($H36,'parm(hidden)'!$B$15:$C$19,2,FALSE),0) -> 1 | T36: =IFERROR(VLOOKUP($F36,'parm(hidden)'!$B$8:$C$10,2,FALSE)*VLOOKUP($K36,$V$22:$W$27,2,FALSE),0) -> 1 | U36: =IF($J36="N/A",0,VLOOKUP($F36,'parm(hidden)'!$B$8:$C$10,2,FALSE))*1 -> 1
A37: =ChkList!A21 -> 기능 관리 | B37: =ChkList!B21 -> N-17 | C37: =ChkList!C21 -> SNMP 서비스 확인 | F37: =ChkList!D21 -> H | G37: =ChkList!E21 -> 3 | H37: Y | I37: SNMP agent가 비활성화되어 있어 양호함 | J37: Y | K37: =IF($J44="","",IF(OR($H37="Y",$H37="N/A",$H37="Y(즉시조치)"),$H37,IF(AND($H37="N",$J37="Y"),"조치",IF(AND($H37="N",$J37="N/A"),"N/A",IF(IFERROR(FIND("위험수용",$L37),0),"위험수용","미조치"))))) -> Y | L37: SNMP 미사용이므로 양호 SNMP 사용 안함, 비활성화 | Q37: =IF($J37="",IF(OR($H37="N",$H37="인터뷰"),ChkList!$F21,""),IF(OR($J37="N",$J37="인터뷰"),ChkList!$F21,"")) | R37: =IF($H37="N/A",0,VLOOKUP($F37,'parm(hidden)'!$B$8:$C$10,2,FALSE))*1 -> 3 | S37: =IFERROR(VLOOKUP($F37,'parm(hidden)'!$B$8:$C$10,2,FALSE)*VLOOKUP($H37,'parm(hidden)'!$B$15:$C$19,2,FALSE),0) -> 3 | T37: =IFERROR(VLOOKUP($F37,'parm(hidden)'!$B$8:$C$10,2,FALSE)*VLOOKUP($K37,$V$22:$W$27,2,FALSE),0) -> 3 | U37: =IF($J37="N/A",0,VLOOKUP($F37,'parm(hidden)'!$B$8:$C$10,2,FALSE))*1 -> 3
A38: =ChkList!A22 -> 기능 관리 | B38: =ChkList!B22 -> N-18 | C38: =ChkList!C22 -> SNMP Community String 복잡성 설정 | F38: =ChkList!D22 -> H | G38: =ChkList!E22 -> 3 | H38: Y | I38: SNMP 미사용 상태이므로 Community String 노출 위험이 없어 양호함 | J38: Y | K38: =IF($J45="","",IF(OR($H38="Y",$H38="N/A",$H38="Y(즉시조치)"),$H38,IF(AND($H38="N",$J38="Y"),"조치",IF(AND($H38="N",$J38="N/A"),"N/A",IF(IFERROR(FIND("위험수용",$L38),0),"위험수용","미조치"))))) -> Y | L38: SNMP 미사용이므로 양호 SNMP 미사용 상태 | Q38: =IF($J38="",IF(OR($H38="N",$H38="인터뷰"),ChkList!$F22,""),IF(OR($J38="N",$J38="인터뷰"),ChkList!$F22,"")) | R38: =IF($H38="N/A",0,VLOOKUP($F38,'parm(hidden)'!$B$8:$C$10,2,FALSE))*1 -> 3 | S38: =IFERROR(VLOOKUP($F38,'parm(hidden)'!$B$8:$C$10,2,FALSE)*VLOOKUP($H38,'parm(hidden)'!$B$15:$C$19,2,FALSE),0) -> 3 | T38: =IFERROR(VLOOKUP($F38,'parm(hidden)'!$B$8:$C$10,2,FALSE)*VLOOKUP($K38,$V$22:$W$27,2,FALSE),0) -> 3 | U38: =IF($J38="N/A",0,VLOOKUP($F38,'parm(hidden)'!$B$8:$C$10,2,FALSE))*1 -> 3
A39: =ChkList!A23 -> 기능 관리 | B39: =ChkList!B23 -> N-19 | C39: =ChkList!C23 -> SNMP ACL 설정 | F39: =ChkList!D23 -> H | G39: =ChkList!E23 -> 3 | H39: Y | I39: SNMP 미사용 상태이므로 비인가 SNMP 접근 위험이 없어 양호함 | J39: Y | K39: =IF($J46="","",IF(OR($H39="Y",$H39="N/A",$H39="Y(즉시조치)"),$H39,IF(AND($H39="N",$J39="Y"),"조치",IF(AND($H39="N",$J39="N/A"),"N/A",IF(IFERROR(FIND("위험수용",$L39),0),"위험수용","미조치"))))) -> Y | L39: SNMP 미사용이므로 양호 SNMP 미사용 상태 | Q39: =IF($J39="",IF(OR($H39="N",$H39="인터뷰"),ChkList!$F23,""),IF(OR($J39="N",$J39="인터뷰"),ChkList!$F23,"")) | R39: =IF($H39="N/A",0,VLOOKUP($F39,'parm(hidden)'!$B$8:$C$10,2,FALSE))*1 -> 3 | S39: =IFERROR(VLOOKUP($F39,'parm(hidden)'!$B$8:$C$10,2,FALSE)*VLOOKUP($H39,'parm(hidden)'!$B$15:$C$19,2,FALSE),0) -> 3 | T39: =IFERROR(VLOOKUP($F39,'parm(hidden)'!$B$8:$C$10,2,FALSE)*VLOOKUP($K39,$V$22:$W$27,2,FALSE),0) -> 3 | U39: =IF($J39="N/A",0,VLOOKUP($F39,'parm(hidden)'!$B$8:$C$10,2,FALSE))*1 -> 3
... A50: =ChkList!A34 -> 기능 관리 | B50: =ChkList!B34 -> N-30 | C50: =ChkList!C34 -> CDP 서비스 차단 | F50: =ChkList!D34 -> M | G50: =ChkList!E34 -> 2 | H50: Y | I50: CDP 서비스가 차단되어 있어 양호함 | J50: Y | K50: =IF($J57="","",IF(OR($H50="Y",$H50="N/A",$H50="Y(즉시조치)"),$H50,IF(AND($H50="N",$J50="Y"),"조치",IF(AND($H50="N",$J50="N/A"),"N/A",IF(IFERROR(FIND("위험수용",$L50),0),"위험수용","미조치"))))) -> Y | L50: 설정 완료상태이므로 양호 directed-broadcast 차단 | Q50: =IF($J50="",IF(OR($H50="N",$H50="인터뷰"),ChkList!$F34,""),IF(OR($J50="N",$J50="인터뷰"),ChkList!$F34,"")) | R50: =IF($H50="N/A",0,VLOOKUP($F50,'parm(hidden)'!$B$8:$C$10,2,FALSE))*1 -> 2 | S50: =IFERROR(VLOOKUP($F50,'parm(hidden)'!$B$8:$C$10,2,FALSE)*VLOOKUP($H50,'parm(hidden)'!$B$15:$C$19,2,FALSE),0) -> 2 | T50: =IFERROR(VLOOKUP($F50,'parm(hidden)'!$B$8:$C$10,2,FALSE)*VLOOKUP($K50,$V$22:$W$27,2,FALSE),0) -> 2 | U50: =IF($J50="N/A",0,VLOOKUP($F50,'parm(hidden)'!$B$8:$C$10,2,FALSE))*1 -> 2
A51: =ChkList!A35 -> 기능 관리 | B51: =ChkList!B35 -> N-31 | C51: =ChkList!C35 -> Directed-broadcast 차단 | F51: =ChkList!D35 -> M | G51: =ChkList!E35 -> 2 | H51: Y | I51: Directed-broadcast 설정이 확인되지 않아 기본 차단 상태로 양호함 | J51: Y | K51: =IF($J52="","",IF(OR($H52="Y",$H52="N/A",$H52="Y(즉시조치)"),$H52,IF(AND($H52="N",$J52="Y"),"조치",IF(AND($H52="N",$J52="N/A"),"N/A",IF(IFERROR(FIND("위험수용",$L52),0),"위험수용","미조치"))))) -> Y | L51: 설정 완료상태이므로 양호 Source 라우팅 차단 완료 | Q51: =IF($J51="",IF(OR($H51="N",$H51="인터뷰"),ChkList!$F35,""),IF(OR($J51="N",$J51="인터뷰"),ChkList!$F35,"")) | R51: =IF($H51="N/A",0,VLOOKUP($F51,'parm(hidden)'!$B$8:$C$10,2,FALSE))*1 -> 2 | S51: =IFERROR(VLOOKUP($F51,'parm(hidden)'!$B$8:$C$10,2,FALSE)*VLOOKUP($H51,'parm(hidden)'!$B$15:$C$19,2,FALSE),0) -> 2 | T51: =IFERROR(VLOOKUP($F51,'parm(hidden)'!$B$8:$C$10,2,FALSE)*VLOOKUP($K51,$V$22:$W$27,2,FALSE),0) -> 2 | U51: =IF($J51="N/A",0,VLOOKUP($F51,'parm(hidden)'!$B$8:$C$10,2,FALSE))*1 -> 2
A52: =ChkList!A36 -> 기능 관리 | B52: =ChkList!B36 -> N-32 | C52: =ChkList!C36 -> Source Routing 차단 | F52: =ChkList!D36 -> M | G52: =ChkList!E36 -> 2 | H52: Y | I52: Source Routing이 차단되어 있어 양호함 | J52: Y | K52: =IF($J52="","",IF(OR($H52="Y",$H52="N/A",$H52="Y(즉시조치)"),$H52,IF(AND($H52="N",$J52="Y"),"조치",IF(AND($H52="N",$J52="N/A"),"N/A",IF(IFERROR(FIND("위험수용",$L52),0),"위험수용","미조치"))))) -> Y | L52: 설정 완료상태이므로 양호 Proxy ARP 차단 완료 | Q52: =IF($J52="",IF(OR($H52="N",$H52="인터뷰"),ChkList!$F36,""),IF(OR($J52="N",$J52="인터뷰"),ChkList!$F36,"")) | R52: =IF($H52="N/A",0,VLOOKUP($F52,'parm(hidden)'!$B$8:$C$10,2,FALSE))*1 -> 2 | S52: =IFERROR(VLOOKUP($F52,'parm(hidden)'!$B$8:$C$10,2,FALSE)*VLOOKUP($H52,'parm(hidden)'!$B$15:$C$19,2,FALSE),0) -> 2 | T52: =IFERROR(VLOOKUP($F52,'parm(hidden)'!$B$8:$C$10,2,FALSE)*VLOOKUP($K52,$V$22:$W$27,2,FALSE),0) -> 2 | U52: =IF($J52="N/A",0,VLOOKUP($F52,'parm(hidden)'!$B$8:$C$10,2,FALSE))*1 -> 2
