Workbook
Name _10월_변동내역_메모_확인: #REF!
Name _10월_변동내역_메모_확인: #REF!
Name _Order1: 255
Name _Order2: 255
Name asd: #REF!
Name asd: #REF!
Name HTML_CodePage: 949
Name HTML_Control: {"'손익현황'!$A$1:$J$29"}
Name HTML_Description: ""
Name HTML_Email: ""
Name HTML_Header: "손익현황"
Name HTML_LastUpdate: "99-04-13"
Name HTML_LineAfter: FALSE
Name HTML_LineBefore: FALSE
Name HTML_Name: "윤찬영"
Name HTML_OBDlg2: TRUE
Name HTML_OBDlg4: TRUE
Name HTML_OS: 0
Name HTML_PathFile: "C:\d7100\MyHTML.htm"
Name HTML_Title: "결산요약보고3월"
Name MPLS: #REF!
Name MPLS: #REF!
Name MPLS2: #REF!
Name MPLS2: #REF!
Name MPLSLine: #REF!
Name MPLSLine: #REF!
Name N_A: #REF!
Name N_A: #REF!
Name O: #REF!
Name O: #REF!
Name P: #REF!
Name P: #REF!
Name PC: [1]목록!$T$7:$T$9
Name X: #REF!
Name X: #REF!
Name 건물: {"'손익현황'!$A$1:$J$29"}
Name 건물임.: {"'손익현황'!$A$1:$J$29"}
Name 공: {"'손익현황'!$A$1:$J$29"}
Name 공구: {"'손익현황'!$A$1:$J$29"}
Name 공구기구: {"'손익현황'!$A$1:$J$29"}
Name 구: {"'손익현황'!$A$1:$J$29"}
Name 구축물: {"'손익현황'!$A$1:$J$29"}
Name 구축물임: {"'손익현황'!$A$1:$J$29"}
Name 기계장치: {"'손익현황'!$A$1:$J$29"}
Name 기술2팀: #REF!
Name 기술2팀: #REF!
Name 기준반영: #REF!
Name 기준반영: #REF!
Name 네트워크: [1]목록!$R$7:$R$9
Name 담당자: [1]목록!$A$36:$A$66
Name 동의여부: #REF!
Name 동의여부: #REF!
Name 보안시스템: [1]목록!$S$7:$S$10
Name ㅅㅅㅅ: {"'손익현황'!$A$1:$J$29"}
Name 서버: [1]목록!$Q$7:$Q$8
Name 적정성: #REF!
Name 적정성: #REF!
Name 종류: [1]목록!$P$7:$P$10
Name 차량운반구: {"'손익현황'!$A$1:$J$29"}
Name 훈: 255

Sheet 표지
F11: 46219

Sheet 자산목록
A1: ■ 자산목록
A3: No. | B3: 호스트명 | C3: IP | D3: 제조업체 | E3: 구분 | F3: 모델명 | G3: OS/SW | H3: 버전 | I3: 자산명/용도 | J3: 설치위치 | K3: 부서 | L3: 담당자 | M3: 비고 | N3: 자산 평가
N4: 기밀성 | O4: 무결성 | P4: 가용성 | Q4: 등급 | R4: 점수(Hidden)
A5: 1 | B5: HQ_L3_1 | C5: 10.0.3.18 | D5: CISCO | E5: - | F5: WS-C3560-24PS-E | G5: Cisco IOS Software, C3560 Software (C3560-ADVIPSERVICESK9-M) | H5: Version 12.2(37)SE1 | I5: L3 스위치 | J5: 본사 사내망 | K5: 전산팀 | L5: 홍길동 | M5: production 호스트명 변경, 10.0.24.1 IP 변경 | Q5: =IF(R5>=7,"H",IF(R5>=5,"M","L")) -> L | R5: =SUM(N5:P5) -> 0 | S5: production 이전
A6: 2 | B6: HQ_L3_2 | C6: 10.0.3.22 | D6: CISCO | E6: - | F6: WS-C3560-24PS-E | G6: Cisco IOS Software, C3560 Software (C3560-ADVIPSERVICESK9-M) | H6: Version 12.2(37)SE1 | I6: L3 스위치 | J6: 본사 사내망 | K6: 전산팀 | L6: 홍길동 | M6: management 호스트명 변경, 10.0.24.5 IP 변경 | Q6: =IF(R6>=7,"H",IF(R6>=5,"M","L")) -> L | R6: =SUM(N6:P6) -> 0 | S6: management 이전
A7: 3 | B7: BR_L3_1 | C7: 10.0.35.18 | D7: CISCO | E7: - | F7: WS-C3560-24PS-E | G7: Cisco IOS Software, C3560 Software (C3560-ADVIPSERVICESK9-M) | H7: Version 12.2(37)SE1 | I7: L3 스위치 | J7: 지사 사내망 | K7: 전산팀 | L7: 김철수 | M7: conetents 호스트명 변경, 10.0.53.1 IP 변경 | Q7: =IF(R7>=7,"H",IF(R7>=5,"M","L")) -> L | R7: =SUM(N7:P7) -> 0 | S7: conetents
A8: 4 | B8: BR_L3_2 | C8: 10.0.35.22 | D8: CISCO | E8: - | F8: WS-C3560-24PS-E | G8: Cisco IOS Software, C3560 Software (C3560-ADVIPSERVICESK9-M) | H8: Version 12.2(37)SE1 | I8: L3 스위치 | J8: 지사 사내망 | K8: 전산팀 | L8: 김철수 | M8: sales 호스트명 변경, 10.0.53.5 IP 변경 | Q8: =IF(R8>=7,"H",IF(R8>=5,"M","L")) -> L | R8: =SUM(N8:P8) -> 0 | S8: sales 이전
A9: 5 | B9: headquarter | C9: 100.100.100.1 | D9: CISCO | E9: - | F9: 2621XM | G9: Cisco 2621 | H9: Version 12.2(28) | I9: 라우터 | J9: 본사 사내망 | K9: 본사 | L9: 홍길동 | M9: 제거 | Q9: =IF(R9>=7,"H",IF(R9>=5,"M","L")) -> L | R9: =SUM(N9:P9) -> 0
A10: 6 | B10: branch | C10: 100.100.100.17 | D10: CISCO | E10: - | F10: 2621XM | G10: Cisco 2621 | H10: Version 12.2(28) | I10: 라우터 | J10: 지사 사내망 | K10: 지사 | L10: 김철수 | M10: 제거 | Q10: =IF(R10>=7,"H",IF(R10>=5,"M","L")) -> L | R10: =SUM(N10:P10) -> 0
A11: 7 | B11: HQ_L4_1 | C11: 10.0.24.9 | D11: CISCO | E11: - | F11: WS-C3560-24PS-E | G11: Cisco IOS Software, C3560 Software (C3560-ADVIPSERVICESK9-M) | H11: Version 12.2(37)SE1 | I11: L4 스위치 | J11: 본사 사내망 | K11: 전산팀 | L11: 홍길동 | M11: 신규 | Q11: =IF(R11>=7,"H",IF(R11>=5,"M","L")) -> L | R11: =SUM(N11:P11) -> 0
A12: 8 | B12: HQ_L4_2 | C12: 10.0.24.13 | D12: CISCO | E12: - | F12: WS-C3560-24PS-E | G12: Cisco IOS Software, C3560 Software (C3560-ADVIPSERVICESK9-M) | H12: Version 12.2(37)SE1 | I12: L4 스위치 | J12: 본사 사내망 | K12: 전산팀 | L12: 홍길동 | M12: 신규 | Q12: =IF(R12>=7,"H",IF(R12>=5,"M","L")) -> L | R12: =SUM(N12:P12) -> 0
A13: 9 | B13: BR_L4_1 | C13: 10.0.53.9 | D13: CISCO | E13: - | F13: WS-C3560-24PS-E | G13: Cisco IOS Software, C3560 Software (C3560-ADVIPSERVICESK9-M) | H13: Version 12.2(37)SE1 | I13: L4 스위치 | J13: 지사 사내망 | K13: 전산팀 | L13: 김철수 | M13: 신규 | Q13: =IF(R13>=7,"H",IF(R13>=5,"M","L")) -> L | R13: =SUM(N13:P13) -> 0
A14: 10 | B14: BR_L4_2 | C14: 10.0.53.13 | D14: CISCO | E14: - | F14: WS-C3560-24PS-E | G14: Cisco IOS Software, C3560 Software (C3560-ADVIPSERVICESK9-M) | H14: Version 12.2(37)SE1 | I14: L4 스위치 | J14: 지사 사내망 | K14: 전산팀 | L14: 김철수 | M14: 신규 | Q14: =IF(R14>=7,"H",IF(R14>=5,"M","L")) -> L | R14: =SUM(N14:P14) -> 0

Sheet parm(hidden)
B2: 1. 분류 Code
B3: Code
B4: NW
B6: 2. 중요도, 자산등급, 위협도 점수
B7: 중요도 | C7: 점수
B8: H | C8: 3
B9: M | C9: 2
B10: L | C10: 1
B12: 3. 점검결과 점수
B13: 점검 결과 | C13: 점수
C14: 취약점 진단 | D14: 위험평가
B15: Y | C15: 1 | D15: 0
B16: N | C16: 0 | D16: 3 | F16: P | G16: 0.5 | H16: 0.5
B17: N/A | C17: 0 | D17: 0
B18: R/A | C18: 0 | D18: 0
B19: Y(즉시조치) | C19: 1 | D19: 0
B21: 4. DoA
B22: DoA
B23: 21
B25: 5. 자산등급 점수 범위 | F25: 8_2. 위험평가 방법론
B26: 위험 등급 | C26: 점수 범위
C27: 최저 | D27: 최고
B28: H | C28: 7 | D28: 9
B29: M | C29: 5 | D29: 6
B30: L | C30: 3 | D30: 4
B32: 6. 위협도 점수 범위
B33: 위험 등급 | C33: 점수 범위
C34: 최저 | D34: 최고
B35: H | C35: 5 | D35: 6
B36: M | C36: 4 | D36: 4
B37: L | C37: 2 | D37: 3
B39: 7. 위험도 점수 범위
B40: 위험 등급 | C40: 점수 범위
C41: 최저 | D41: 최고
B42: H | C42: =$B$23 -> 21 | D42: 30
B43: M | C43: 11 | D43: =$C$42-1 -> 20
B44: L | C44: 1 | D44: =$C$43-1 -> 10
B46: 8. 위험도 평가표
B47: 8_1. 위험도 평가표
B48: V' | C48: 보호대책 | D48: Y=0(보호대책 있음) | M48: N=1(보호대책 없음)
C49: 취약점(Vulnerability) | D49: L | G49: M | J49: H | M49: L | P49: M | S49: H
B50: 위협(Threats) | D50: L | E50: M | F50: H | G50: L | H50: M | I50: H | J50: L | K50: M | L50: H | M50: L | N50: M | O50: H | P50: L | Q50: M | R50: H | S50: L | T50: M | U50: H
B51: 자산 | C51: L | D51: =VLOOKUP($C51,$B$8:$C$10,2,FALSE)*(1+VLOOKUP($D$49,$B$8:$C$10,2,FALSE)*0*VLOOKUP(D$50,$B$8:$C$10,2,FALSE)) -> 1 | E51: =VLOOKUP($C51,$B$8:$C$10,2,FALSE)*(1+VLOOKUP($D$49,$B$8:$C$10,2,FALSE)*0*VLOOKUP(E$50,$B$8:$C$10,2,FALSE)) -> 1 | F51: =VLOOKUP($C51,$B$8:$C$10,2,FALSE)*(1+VLOOKUP($D$49,$B$8:$C$10,2,FALSE)*0*VLOOKUP(F$50,$B$8:$C$10,2,FALSE)) -> 1 | G51: =VLOOKUP($C51,$B$8:$C$10,2,FALSE)*(1+VLOOKUP($G$49,$B$8:$C$10,2,FALSE)*0*VLOOKUP(G$50,$B$8:$C$10,2,FALSE)) -> 1 | H51: =VLOOKUP($C51,$B$8:$C$10,2,FALSE)*(1+VLOOKUP($G$49,$B$8:$C$10,2,FALSE)*0*VLOOKUP(H$50,$B$8:$C$10,2,FALSE)) -> 1 | I51: =VLOOKUP($C51,$B$8:$C$10,2,FALSE)*(1+VLOOKUP($G$49,$B$8:$C$10,2,FALSE)*0*VLOOKUP(I$50,$B$8:$C$10,2,FALSE)) -> 1 | J51: =VLOOKUP($C51,$B$8:$C$10,2,FALSE)*(1+VLOOKUP($J$49,$B$8:$C$10,2,FALSE)*0*VLOOKUP(J$50,$B$8:$C$10,2,FALSE)) -> 1 | K51: =VLOOKUP($C51,$B$8:$C$10,2,FALSE)*(1+VLOOKUP($J$49,$B$8:$C$10,2,FALSE)*0*VLOOKUP(K$50,$B$8:$C$10,2,FALSE)) -> 1 | L51: =VLOOKUP($C51,$B$8:$C$10,2,FALSE)*(1+VLOOKUP($J$49,$B$8:$C$10,2,FALSE)*0*VLOOKUP(L$50,$B$8:$C$10,2,FALSE)) -> 1 | M51: =VLOOKUP($C51,$B$8:$C$10,2,FALSE)*(1+VLOOKUP($M$49,$B$8:$C$10,2,FALSE)*1*VLOOKUP(M$50,$B$8:$C$10,2,FALSE)) -> 2 | N51: =VLOOKUP($C51,$B$8:$C$10,2,FALSE)*(1+VLOOKUP($M$49,$B$8:$C$10,2,FALSE)*1*VLOOKUP(N$50,$B$8:$C$10,2,FALSE)) -> 3 | O51: =VLOOKUP($C51,$B$8:$C$10,2,FALSE)*(1+VLOOKUP($M$49,$B$8:$C$10,2,FALSE)*1*VLOOKUP(O$50,$B$8:$C$10,2,FALSE)) -> 4 | P51: =VLOOKUP($C51,$B$8:$C$10,2,FALSE)*(1+VLOOKUP($P$49,$B$8:$C$10,2,FALSE)*1*VLOOKUP(P$50,$B$8:$C$10,2,FALSE)) -> 3 | Q51: =VLOOKUP($C51,$B$8:$C$10,2,FALSE)*(1+VLOOKUP($P$49,$B$8:$C$10,2,FALSE)*1*VLOOKUP(Q$50,$B$8:$C$10,2,FALSE)) -> 5 | R51: =VLOOKUP($C51,$B$8:$C$10,2,FALSE)*(1+VLOOKUP($P$49,$B$8:$C$10,2,FALSE)*1*VLOOKUP(R$50,$B$8:$C$10,2,FALSE)) -> 7 | S51: =VLOOKUP($C51,$B$8:$C$10,2,FALSE)*(1+VLOOKUP($S$49,$B$8:$C$10,2,FALSE)*1*VLOOKUP(S$50,$B$8:$C$10,2,FALSE)) -> 4 | T51: =VLOOKUP($C51,$B$8:$C$10,2,FALSE)*(1+VLOOKUP($S$49,$B$8:$C$10,2,FALSE)*1*VLOOKUP(T$50,$B$8:$C$10,2,FALSE)) -> 7 | U51: =VLOOKUP($C51,$B$8:$C$10,2,FALSE)*(1+VLOOKUP($S$49,$B$8:$C$10,2,FALSE)*1*VLOOKUP(U$50,$B$8:$C$10,2,FALSE)) -> 10
C52: M | D52: =VLOOKUP($C52,$B$8:$C$10,2,FALSE)*(1+VLOOKUP($D$49,$B$8:$C$10,2,FALSE)*0*VLOOKUP(D$50,$B$8:$C$10,2,FALSE)) -> 2 | E52: =VLOOKUP($C52,$B$8:$C$10,2,FALSE)*(1+VLOOKUP($D$49,$B$8:$C$10,2,FALSE)*0*VLOOKUP(E$50,$B$8:$C$10,2,FALSE)) -> 2 | F52: =VLOOKUP($C52,$B$8:$C$10,2,FALSE)*(1+VLOOKUP($D$49,$B$8:$C$10,2,FALSE)*0*VLOOKUP(F$50,$B$8:$C$10,2,FALSE)) -> 2 | G52: =VLOOKUP($C52,$B$8:$C$10,2,FALSE)*(1+VLOOKUP($G$49,$B$8:$C$10,2,FALSE)*0*VLOOKUP(G$50,$B$8:$C$10,2,FALSE)) -> 2 | H52: =VLOOKUP($C52,$B$8:$C$10,2,FALSE)*(1+VLOOKUP($G$49,$B$8:$C$10,2,FALSE)*0*VLOOKUP(H$50,$B$8:$C$10,2,FALSE)) -> 2 | I52: =VLOOKUP($C52,$B$8:$C$10,2,FALSE)*(1+VLOOKUP($G$49,$B$8:$C$10,2,FALSE)*0*VLOOKUP(I$50,$B$8:$C$10,2,FALSE)) -> 2 | J52: =VLOOKUP($C52,$B$8:$C$10,2,FALSE)*(1+VLOOKUP($J$49,$B$8:$C$10,2,FALSE)*0*VLOOKUP(J$50,$B$8:$C$10,2,FALSE)) -> 2 | K52: =VLOOKUP($C52,$B$8:$C$10,2,FALSE)*(1+VLOOKUP($J$49,$B$8:$C$10,2,FALSE)*0*VLOOKUP(K$50,$B$8:$C$10,2,FALSE)) -> 2 | L52: =VLOOKUP($C52,$B$8:$C$10,2,FALSE)*(1+VLOOKUP($J$49,$B$8:$C$10,2,FALSE)*0*VLOOKUP(L$50,$B$8:$C$10,2,FALSE)) -> 2 | M52: =VLOOKUP($C52,$B$8:$C$10,2,FALSE)*(1+VLOOKUP($M$49,$B$8:$C$10,2,FALSE)*1*VLOOKUP(M$50,$B$8:$C$10,2,FALSE)) -> 4 | N52: =VLOOKUP($C52,$B$8:$C$10,2,FALSE)*(1+VLOOKUP($M$49,$B$8:$C$10,2,FALSE)*1*VLOOKUP(N$50,$B$8:$C$10,2,FALSE)) -> 6 | O52: =VLOOKUP($C52,$B$8:$C$10,2,FALSE)*(1+VLOOKUP($M$49,$B$8:$C$10,2,FALSE)*1*VLOOKUP(O$50,$B$8:$C$10,2,FALSE)) -> 8 | P52: =VLOOKUP($C52,$B$8:$C$10,2,FALSE)*(1+VLOOKUP($P$49,$B$8:$C$10,2,FALSE)*1*VLOOKUP(P$50,$B$8:$C$10,2,FALSE)) -> 6 | Q52: =VLOOKUP($C52,$B$8:$C$10,2,FALSE)*(1+VLOOKUP($P$49,$B$8:$C$10,2,FALSE)*1*VLOOKUP(Q$50,$B$8:$C$10,2,FALSE)) -> 10 | R52: =VLOOKUP($C52,$B$8:$C$10,2,FALSE)*(1+VLOOKUP($P$49,$B$8:$C$10,2,FALSE)*1*VLOOKUP(R$50,$B$8:$C$10,2,FALSE)) -> 14 | S52: =VLOOKUP($C52,$B$8:$C$10,2,FALSE)*(1+VLOOKUP($S$49,$B$8:$C$10,2,FALSE)*1*VLOOKUP(S$50,$B$8:$C$10,2,FALSE)) -> 8 | T52: =VLOOKUP($C52,$B$8:$C$10,2,FALSE)*(1+VLOOKUP($S$49,$B$8:$C$10,2,FALSE)*1*VLOOKUP(T$50,$B$8:$C$10,2,FALSE)) -> 14 | U52: =VLOOKUP($C52,$B$8:$C$10,2,FALSE)*(1+VLOOKUP($S$49,$B$8:$C$10,2,FALSE)*1*VLOOKUP(U$50,$B$8:$C$10,2,FALSE)) -> 20
C53: H | D53: =VLOOKUP($C53,$B$8:$C$10,2,FALSE)*(1+VLOOKUP($D$49,$B$8:$C$10,2,FALSE)*0*VLOOKUP(D$50,$B$8:$C$10,2,FALSE)) -> 3 | E53: =VLOOKUP($C53,$B$8:$C$10,2,FALSE)*(1+VLOOKUP($D$49,$B$8:$C$10,2,FALSE)*0*VLOOKUP(E$50,$B$8:$C$10,2,FALSE)) -> 3 | F53: =VLOOKUP($C53,$B$8:$C$10,2,FALSE)*(1+VLOOKUP($D$49,$B$8:$C$10,2,FALSE)*0*VLOOKUP(F$50,$B$8:$C$10,2,FALSE)) -> 3 | G53: =VLOOKUP($C53,$B$8:$C$10,2,FALSE)*(1+VLOOKUP($G$49,$B$8:$C$10,2,FALSE)*0*VLOOKUP(G$50,$B$8:$C$10,2,FALSE)) -> 3 | H53: =VLOOKUP($C53,$B$8:$C$10,2,FALSE)*(1+VLOOKUP($G$49,$B$8:$C$10,2,FALSE)*0*VLOOKUP(H$50,$B$8:$C$10,2,FALSE)) -> 3 | I53: =VLOOKUP($C53,$B$8:$C$10,2,FALSE)*(1+VLOOKUP($G$49,$B$8:$C$10,2,FALSE)*0*VLOOKUP(I$50,$B$8:$C$10,2,FALSE)) -> 3 | J53: =VLOOKUP($C53,$B$8:$C$10,2,FALSE)*(1+VLOOKUP($J$49,$B$8:$C$10,2,FALSE)*0*VLOOKUP(J$50,$B$8:$C$10,2,FALSE)) -> 3 | K53: =VLOOKUP($C53,$B$8:$C$10,2,FALSE)*(1+VLOOKUP($J$49,$B$8:$C$10,2,FALSE)*0*VLOOKUP(K$50,$B$8:$C$10,2,FALSE)) -> 3 | L53: =VLOOKUP($C53,$B$8:$C$10,2,FALSE)*(1+VLOOKUP($J$49,$B$8:$C$10,2,FALSE)*0*VLOOKUP(L$50,$B$8:$C$10,2,FALSE)) -> 3 | M53: =VLOOKUP($C53,$B$8:$C$10,2,FALSE)*(1+VLOOKUP($M$49,$B$8:$C$10,2,FALSE)*1*VLOOKUP(M$50,$B$8:$C$10,2,FALSE)) -> 6 | N53: =VLOOKUP($C53,$B$8:$C$10,2,FALSE)*(1+VLOOKUP($M$49,$B$8:$C$10,2,FALSE)*1*VLOOKUP(N$50,$B$8:$C$10,2,FALSE)) -> 9 | O53: =VLOOKUP($C53,$B$8:$C$10,2,FALSE)*(1+VLOOKUP($M$49,$B$8:$C$10,2,FALSE)*1*VLOOKUP(O$50,$B$8:$C$10,2,FALSE)) -> 12 | P53: =VLOOKUP($C53,$B$8:$C$10,2,FALSE)*(1+VLOOKUP($P$49,$B$8:$C$10,2,FALSE)*1*VLOOKUP(P$50,$B$8:$C$10,2,FALSE)) -> 9 | Q53: =VLOOKUP($C53,$B$8:$C$10,2,FALSE)*(1+VLOOKUP($P$49,$B$8:$C$10,2,FALSE)*1*VLOOKUP(Q$50,$B$8:$C$10,2,FALSE)) -> 15 | R53: =VLOOKUP($C53,$B$8:$C$10,2,FALSE)*(1+VLOOKUP($P$49,$B$8:$C$10,2,FALSE)*1*VLOOKUP(R$50,$B$8:$C$10,2,FALSE)) -> 21 | S53: =VLOOKUP($C53,$B$8:$C$10,2,FALSE)*(1+VLOOKUP($S$49,$B$8:$C$10,2,FALSE)*1*VLOOKUP(S$50,$B$8:$C$10,2,FALSE)) -> 12 | T53: =VLOOKUP($C53,$B$8:$C$10,2,FALSE)*(1+VLOOKUP($S$49,$B$8:$C$10,2,FALSE)*1*VLOOKUP(T$50,$B$8:$C$10,2,FALSE)) -> 21 | U53: =VLOOKUP($C53,$B$8:$C$10,2,FALSE)*(1+VLOOKUP($S$49,$B$8:$C$10,2,FALSE)*1*VLOOKUP(U$50,$B$8:$C$10,2,FALSE)) -> 30

Sheet ChkList
A1: ■ Check List
A3: 취약점 진단항목 | F3: 개선방안 및 보호대책
A4: 분류 | C4: 진단항목 | D4: 중요도 | E4: 위험도 | F4: Network
A5: 계정 관리 | B5: N-01 | C5: 비밀번호 설정 | D5: H | E5: 3 | F5: 기본 비밀번호를 관리기관의 비밀번호 작성규칙을 준용하여 변경
A6: 계정 관리 | B6: N-02 | C6: 비밀번호 복잡성 설정 | D6: H | E6: 3 | F6: 관리기관의 비밀번호 작성규칙에 맞게 비밀번호 복잡성 정책 및 비밀번호 설정
A7: 계정 관리 | B7: N-03 | C7: 암호화된 비밀번호 사용 | D7: H | E7: 3 | F7: 비밀번호 암호화 설정 적용
A8: 계정 관리 | B8: N-04 | C8: 계정 잠금 임계값 설정 | D8: H | E8: 3 | F8: 로그인 실패 임계값을 5회 이하로 설정
A9: 계정 관리 | B9: N-05 | C9: 사용자·명령어별 권한 설정 | D9: M | E9: 2 | F9: 업무에 맞게 계정별 권한 차등(관리자 권한 최소화) 부여 ※ 한 명의 관리자가 네트워크 장비를 관리할 경우는 해당하지 않음
A10: 접근 관리 | B10: N-06 | C10: VTY 접근(ACL) 설정 | D10: H | E10: 3 | F10: 가상 터미널(VTY)에 특정 IP주소만 접근할 수 있도록 설정
A11: 접근 관리 | B11: N-07 | C11: Session Timeout 설정 | D11: H | E11: 3 | F11: Session Timeout 설정 (10분 이하 권고)
A12: 접근 관리 | B12: N-08 | C12: VTY 접속 시 안전한 프로토콜 사용 | D12: M | E12: 2 | F12: 암호화 프로토콜만 VTY에 접근할 수 있도록 설정
A13: 접근 관리 | B13: N-09 | C13: 불필요한 보조 입출력 포트 사용 금지 | D13: M | E13: 2 | F13: 불필요한 포트 및 인터페이스 사용 제한 또는 비활성화
A14: 접근 관리 | B14: N-10 | C14: 로그인 시 경고 메시지 설정 | D14: M | E14: 2 | F14: 네트워크 장비 접속 시 경고 메시지 설정
A15: 접근 관리 | B15: N-11 | C15: 원격로그 서버 사용 | D15: M | E15: 2 | F15: Syslog 등을 이용하여 로그 저장 설정
A16: 패치 관리 | B16: N-12 | C16: 주기적 보안 패치 및 벤더 권고사항 적용 | D16: H | E16: 3 | F16: 장비별 제공하는 최신 취약점 정보를 파악 후 최신 패치 및 업그레이드를 수행
... A42: 기능 관리 | B42: N-38 | C42: mask-reply 차단 | D42: M | E42: 2 | F42: 각 인터페이스에서 mask-reply 비활성화

Sheet 취약점 진단 통계
A1: ■ 영역별/장비별 보안수준 통계
A3: 1) 영역별 보안수준
A4: 분류 | E4: 진단 결과 | J4: 중요도점수
E5: 전체항목 | F5: 진단항목 | G5: 양호 | H5: 취약 | I5: 해당없음 | J5: 전체점수 | K5: 평가점수 | L5: 보안수준
A6: 계정 관리 | E6: =SUMIF('취약점 진단 항목별 통계'!$A:$A,$A6&"*",'취약점 진단 항목별 통계'!$F:$F) -> 50 | F6: =E6-I6 -> 50 | G6: =SUMIF('취약점 진단 항목별 통계'!$A:$A,$A6&"*",'취약점 진단 항목별 통계'!$G:$G)+SUMIF('취약점 진단 항목별 통계'!$A:$A,$A6&"*",'취약점 진단 항목별 통계'!$H:$H) -> 20 | H6: =SUMIF('취약점 진단 항목별 통계'!$A:$A,$A6&"*",'취약점 진단 항목별 통계'!$I:$I) -> 30 | I6: =SUMIF('취약점 진단 항목별 통계'!$A:$A,$A6&"*",'취약점 진단 항목별 통계'!$J:$J) -> 0 | J6: =SUMIF('취약점 진단 항목별 통계'!$A:$A,$A6&"*",'취약점 진단 항목별 통계'!$K:$K) -> 140 | K6: =SUMIF('취약점 진단 항목별 통계'!$A:$A,$A6&"*",'취약점 진단 항목별 통계'!$L:$L) -> 56 | L6: =IF($I6=$E6,"N/A",(K6/J6)) -> 0.4
A7: 접근 관리 | E7: =SUMIF('취약점 진단 항목별 통계'!$A:$A,$A7&"*",'취약점 진단 항목별 통계'!$F:$F) -> 60 | F7: =E7-I7 -> 60 | G7: =SUMIF('취약점 진단 항목별 통계'!$A:$A,$A7&"*",'취약점 진단 항목별 통계'!$G:$G)+SUMIF('취약점 진단 항목별 통계'!$A:$A,$A7&"*",'취약점 진단 항목별 통계'!$H:$H) -> 20 | H7: =SUMIF('취약점 진단 항목별 통계'!$A:$A,$A7&"*",'취약점 진단 항목별 통계'!$I:$I) -> 30 | I7: =SUMIF('취약점 진단 항목별 통계'!$A:$A,$A7&"*",'취약점 진단 항목별 통계'!$J:$J) -> 0 | J7: =SUMIF('취약점 진단 항목별 통계'!$A:$A,$A7&"*",'취약점 진단 항목별 통계'!$K:$K) -> 140 | K7: =SUMIF('취약점 진단 항목별 통계'!$A:$A,$A7&"*",'취약점 진단 항목별 통계'!$L:$L) -> 48 | L7: =IF($I7=$E7,"N/A",(K7/J7)) -> 0.34285714
A8: 패치 관리 | E8: =SUMIF('취약점 진단 항목별 통계'!$A:$A,$A8&"*",'취약점 진단 항목별 통계'!$F:$F) -> 10 | F8: =E8-I8 -> 10 | G8: =SUMIF('취약점 진단 항목별 통계'!$A:$A,$A8&"*",'취약점 진단 항목별 통계'!$G:$G)+SUMIF('취약점 진단 항목별 통계'!$A:$A,$A8&"*",'취약점 진단 항목별 통계'!$H:$H) -> 4 | H8: =SUMIF('취약점 진단 항목별 통계'!$A:$A,$A8&"*",'취약점 진단 항목별 통계'!$I:$I) -> 6 | I8: =SUMIF('취약점 진단 항목별 통계'!$A:$A,$A8&"*",'취약점 진단 항목별 통계'!$J:$J) -> 0 | J8: =SUMIF('취약점 진단 항목별 통계'!$A:$A,$A8&"*",'취약점 진단 항목별 통계'!$K:$K) -> 30 | K8: =SUMIF('취약점 진단 항목별 통계'!$A:$A,$A8&"*",'취약점 진단 항목별 통계'!$L:$L) -> 12 | L8: =IF($I8=$E8,"N/A",(K8/J8)) -> 0.4
A9: 로그 관리 | E9: =SUMIF('취약점 진단 항목별 통계'!$A:$A,$A9&"*",'취약점 진단 항목별 통계'!$F:$F) -> 40 | F9: =E9-I9 -> 40 | G9: =SUMIF('취약점 진단 항목별 통계'!$A:$A,$A9&"*",'취약점 진단 항목별 통계'!$G:$G)+SUMIF('취약점 진단 항목별 통계'!$A:$A,$A9&"*",'취약점 진단 항목별 통계'!$H:$H) -> 18 | H9: =SUMIF('취약점 진단 항목별 통계'!$A:$A,$A9&"*",'취약점 진단 항목별 통계'!$I:$I) -> 12 | I9: =SUMIF('취약점 진단 항목별 통계'!$A:$A,$A9&"*",'취약점 진단 항목별 통계'!$J:$J) -> 0 | J9: =SUMIF('취약점 진단 항목별 통계'!$A:$A,$A9&"*",'취약점 진단 항목별 통계'!$K:$K) -> 70 | K9: =SUMIF('취약점 진단 항목별 통계'!$A:$A,$A9&"*",'취약점 진단 항목별 통계'!$L:$L) -> 26 | L9: =IF($I9=$E9,"N/A",(K9/J9)) -> 0.37142857
A10: 기능 관리 | E10: =SUMIF('취약점 진단 항목별 통계'!$A:$A,$A10&"*",'취약점 진단 항목별 통계'!$F:$F) -> 220 | F10: =E10-I10 -> 194 | G10: =SUMIF('취약점 진단 항목별 통계'!$A:$A,$A10&"*",'취약점 진단 항목별 통계'!$G:$G)+SUMIF('취약점 진단 항목별 통계'!$A:$A,$A10&"*",'취약점 진단 항목별 통계'!$H:$H) -> 98 | H10: =SUMIF('취약점 진단 항목별 통계'!$A:$A,$A10&"*",'취약점 진단 항목별 통계'!$I:$I) -> 86 | I10: =SUMIF('취약점 진단 항목별 통계'!$A:$A,$A10&"*",'취약점 진단 항목별 통계'!$J:$J) -> 26 | J10: =SUMIF('취약점 진단 항목별 통계'!$A:$A,$A10&"*",'취약점 진단 항목별 통계'!$K:$K) -> 464 | K10: =SUMIF('취약점 진단 항목별 통계'!$A:$A,$A10&"*",'취약점 진단 항목별 통계'!$L:$L) -> 238 | L10: =IF($I10=$E10,"N/A",(K10/J10)) -> 0.51293103
A11: 계 | E11: =SUM(E6:E10) -> 380 | F11: =SUM(F6:F10) -> 354 | G11: =SUM(G6:G10) -> 160 | H11: =SUM(H6:H10) -> 164 | I11: =SUM(I6:I10) -> 26 | J11: =SUM(J6:J10) -> 844 | K11: =SUM(K6:K10) -> 380 | L11: =IFERROR(K11/J11,0) -> 0.45023697
A39: 2) 장비별 보안수준
A40: 장비 구분 | E40: 진단 결과 | J40: 중요도점수
E41: 전체항목 | F41: 진단항목 | G41: 양호 | H41: 취약 | I41: 해당없음 | J41: 전체점수 | K41: 평가점수 | L41: 보안수준
A42: =HYPERLINK("["&MID(CELL("filename"),SEARCH("[",CELL("filename"))+1,SEARCH("]",CELL("filename"))-SEARCH("[",CELL("filename"))-1)&"]"&INDIRECT(ADDRESS(ROW()-37,2,1,TRUE,"자산목록"))&"!A1",INDIRECT(ADDRESS(ROW()-37,2,1,TRUE,"자산목록"))) -> HQ_L3_1 | C42: =IFERROR(VLOOKUP($A42,자산목록!$B$1:$M$834,8,FALSE),"-") -> L3 스위치 | E42: =IFERROR(INDIRECT(ADDRESS(17,4,1,TRUE,$A42)),0) -> 38 | F42: =E42-I42 -> 38 | G42: =IFERROR(INDIRECT(ADDRESS(17,5,1,TRUE,$A42)),0) -> 4 | H42: =IFERROR(INDIRECT(ADDRESS(17,6,1,TRUE,$A42)),0) -> 32 | I42: =IFERROR(INDIRECT(ADDRESS(17,7,1,TRUE,$A42)),0) -> 0 | J42: =IFERROR(INDIRECT(ADDRESS(17,18,1,TRUE,$A42)),0) -> 90 | K42: =IFERROR(INDIRECT(ADDRESS(17,19,1,TRUE,$A42)),0) -> 10 | L42: =IFERROR(INDIRECT(ADDRESS(17,8,1,TRUE,$A42)),0) -> 0.11111111
A43: =HYPERLINK("["&MID(CELL("filename"),SEARCH("[",CELL("filename"))+1,SEARCH("]",CELL("filename"))-SEARCH("[",CELL("filename"))-1)&"]"&INDIRECT(ADDRESS(ROW()-37,2,1,TRUE,"자산목록"))&"!A1",INDIRECT(ADDRESS(ROW()-37,2,1,TRUE,"자산목록"))) -> HQ_L3_2 | C43: =IFERROR(VLOOKUP($A43,자산목록!$B$1:$M$834,8,FALSE),"-") -> L3 스위치 | E43: =IFERROR(INDIRECT(ADDRESS(17,4,1,TRUE,$A43)),0) -> 38 | F43: =E43-I43 -> 38 | G43: =IFERROR(INDIRECT(ADDRESS(17,5,1,TRUE,$A43)),0) -> 4 | H43: =IFERROR(INDIRECT(ADDRESS(17,6,1,TRUE,$A43)),0) -> 32 | I43: =IFERROR(INDIRECT(ADDRESS(17,7,1,TRUE,$A43)),0) -> 0 | J43: =IFERROR(INDIRECT(ADDRESS(17,18,1,TRUE,$A43)),0) -> 90 | K43: =IFERROR(INDIRECT(ADDRESS(17,19,1,TRUE,$A43)),0) -> 10 | L43: =IFERROR(INDIRECT(ADDRESS(17,8,1,TRUE,$A43)),0) -> 0.11111111
A44: =HYPERLINK("["&MID(CELL("filename"),SEARCH("[",CELL("filename"))+1,SEARCH("]",CELL("filename"))-SEARCH("[",CELL("filename"))-1)&"]"&INDIRECT(ADDRESS(ROW()-37,2,1,TRUE,"자산목록"))&"!A1",INDIRECT(ADDRESS(ROW()-37,2,1,TRUE,"자산목록"))) -> BR_L3_1 | C44: =IFERROR(VLOOKUP($A44,자산목록!$B$1:$M$834,8,FALSE),"-") -> L3 스위치 | E44: =IFERROR(INDIRECT(ADDRESS(17,4,1,TRUE,$A44)),0) -> 38 | F44: =E44-I44 -> 38 | G44: =IFERROR(INDIRECT(ADDRESS(17,5,1,TRUE,$A44)),0) -> 4 | H44: =IFERROR(INDIRECT(ADDRESS(17,6,1,TRUE,$A44)),0) -> 32 | I44: =IFERROR(INDIRECT(ADDRESS(17,7,1,TRUE,$A44)),0) -> 0 | J44: =IFERROR(INDIRECT(ADDRESS(17,18,1,TRUE,$A44)),0) -> 90 | K44: =IFERROR(INDIRECT(ADDRESS(17,19,1,TRUE,$A44)),0) -> 10 | L44: =IFERROR(INDIRECT(ADDRESS(17,8,1,TRUE,$A44)),0) -> 0.11111111
A45: =HYPERLINK("["&MID(CELL("filename"),SEARCH("[",CELL("filename"))+1,SEARCH("]",CELL("filename"))-SEARCH("[",CELL("filename"))-1)&"]"&INDIRECT(ADDRESS(ROW()-37,2,1,TRUE,"자산목록"))&"!A1",INDIRECT(ADDRESS(ROW()-37,2,1,TRUE,"자산목록"))) -> BR_L3_2 | C45: =IFERROR(VLOOKUP($A45,자산목록!$B$1:$M$834,8,FALSE),"-") -> L3 스위치 | E45: =IFERROR(INDIRECT(ADDRESS(17,4,1,TRUE,$A45)),0) -> 38 | F45: =E45-I45 -> 38 | G45: =IFERROR(INDIRECT(ADDRESS(17,5,1,TRUE,$A45)),0) -> 4 | H45: =IFERROR(INDIRECT(ADDRESS(17,6,1,TRUE,$A45)),0) -> 32 | I45: =IFERROR(INDIRECT(ADDRESS(17,7,1,TRUE,$A45)),0) -> 0 | J45: =IFERROR(INDIRECT(ADDRESS(17,18,1,TRUE,$A45)),0) -> 90 | K45: =IFERROR(INDIRECT(ADDRESS(17,19,1,TRUE,$A45)),0) -> 10 | L45: =IFERROR(INDIRECT(ADDRESS(17,8,1,TRUE,$A45)),0) -> 0.11111111
A46: =HYPERLINK("["&MID(CELL("filename"),SEARCH("[",CELL("filename"))+1,SEARCH("]",CELL("filename"))-SEARCH("[",CELL("filename"))-1)&"]"&INDIRECT(ADDRESS(ROW()-37,2,1,TRUE,"자산목록"))&"!A1",INDIRECT(ADDRESS(ROW()-37,2,1,TRUE,"자산목록"))) -> headquarter | C46: =IFERROR(VLOOKUP($A46,자산목록!$B$1:$M$834,8,FALSE),"-") -> 라우터 | E46: =IFERROR(INDIRECT(ADDRESS(17,4,1,TRUE,$A46)),0) -> 38 | F46: =E46-I46 -> 25 | G46: =IFERROR(INDIRECT(ADDRESS(17,5,1,TRUE,$A46)),0) -> 4 | H46: =IFERROR(INDIRECT(ADDRESS(17,6,1,TRUE,$A46)),0) -> 18 | I46: =IFERROR(INDIRECT(ADDRESS(17,7,1,TRUE,$A46)),0) -> 13 | J46: =IFERROR(INDIRECT(ADDRESS(17,18,1,TRUE,$A46)),0) -> 62 | K46: =IFERROR(INDIRECT(ADDRESS(17,19,1,TRUE,$A46)),0) -> 10 | L46: =IFERROR(INDIRECT(ADDRESS(17,8,1,TRUE,$A46)),0) -> 0.16129032
A47: =HYPERLINK("["&MID(CELL("filename"),SEARCH("[",CELL("filename"))+1,SEARCH("]",CELL("filename"))-SEARCH("[",CELL("filename"))-1)&"]"&INDIRECT(ADDRESS(ROW()-37,2,1,TRUE,"자산목록"))&"!A1",INDIRECT(ADDRESS(ROW()-37,2,1,TRUE,"자산목록"))) -> branch | C47: =IFERROR(VLOOKUP($A47,자산목록!$B$1:$M$834,8,FALSE),"-") -> 라우터 | E47: =IFERROR(INDIRECT(ADDRESS(17,4,1,TRUE,$A47)),0) -> 38 | F47: =E47-I47 -> 25 | G47: =IFERROR(INDIRECT(ADDRESS(17,5,1,TRUE,$A47)),0) -> 4 | H47: =IFERROR(INDIRECT(ADDRESS(17,6,1,TRUE,$A47)),0) -> 18 | I47: =IFERROR(INDIRECT(ADDRESS(17,7,1,TRUE,$A47)),0) -> 13 | J47: =IFERROR(INDIRECT(ADDRESS(17,18,1,TRUE,$A47)),0) -> 62 | K47: =IFERROR(INDIRECT(ADDRESS(17,19,1,TRUE,$A47)),0) -> 10 | L47: =IFERROR(INDIRECT(ADDRESS(17,8,1,TRUE,$A47)),0) -> 0.16129032
A48: =HYPERLINK("["&MID(CELL("filename"),SEARCH("[",CELL("filename"))+1,SEARCH("]",CELL("filename"))-SEARCH("[",CELL("filename"))-1)&"]"&INDIRECT(ADDRESS(ROW()-37,2,1,TRUE,"자산목록"))&"!A1",INDIRECT(ADDRESS(ROW()-37,2,1,TRUE,"자산목록"))) -> HQ_L4_1 | C48: =IFERROR(VLOOKUP($A48,자산목록!$B$1:$M$834,8,FALSE),"-") -> L4 스위치 | E48: =IFERROR(INDIRECT(ADDRESS(17,4,1,TRUE,$A48)),0) -> 38 | F48: =E48-I48 -> 38 | G48: =IFERROR(INDIRECT(ADDRESS(17,5,1,TRUE,$A48)),0) -> 34 | H48: =IFERROR(INDIRECT(ADDRESS(17,6,1,TRUE,$A48)),0) -> 0 | I48: =IFERROR(INDIRECT(ADDRESS(17,7,1,TRUE,$A48)),0) -> 0 | J48: =IFERROR(INDIRECT(ADDRESS(17,18,1,TRUE,$A48)),0) -> 90 | K48: =IFERROR(INDIRECT(ADDRESS(17,19,1,TRUE,$A48)),0) -> 80 | L48: =IFERROR(INDIRECT(ADDRESS(17,8,1,TRUE,$A48)),0) -> 0.88888889
A49: =HYPERLINK("["&MID(CELL("filename"),SEARCH("[",CELL("filename"))+1,SEARCH("]",CELL("filename"))-SEARCH("[",CELL("filename"))-1)&"]"&INDIRECT(ADDRESS(ROW()-37,2,1,TRUE,"자산목록"))&"!A1",INDIRECT(ADDRESS(ROW()-37,2,1,TRUE,"자산목록"))) -> HQ_L4_2 | C49: =IFERROR(VLOOKUP($A49,자산목록!$B$1:$M$834,8,FALSE),"-") -> L4 스위치 | E49: =IFERROR(INDIRECT(ADDRESS(17,4,1,TRUE,$A49)),0) -> 38 | F49: =E49-I49 -> 38 | G49: =IFERROR(INDIRECT(ADDRESS(17,5,1,TRUE,$A49)),0) -> 34 | H49: =IFERROR(INDIRECT(ADDRESS(17,6,1,TRUE,$A49)),0) -> 0 | I49: =IFERROR(INDIRECT(ADDRESS(17,7,1,TRUE,$A49)),0) -> 0 | J49: =IFERROR(INDIRECT(ADDRESS(17,18,1,TRUE,$A49)),0) -> 90 | K49: =IFERROR(INDIRECT(ADDRESS(17,19,1,TRUE,$A49)),0) -> 80 | L49: =IFERROR(INDIRECT(ADDRESS(17,8,1,TRUE,$A49)),0) -> 0.88888889
A50: =HYPERLINK("["&MID(CELL("filename"),SEARCH("[",CELL("filename"))+1,SEARCH("]",CELL("filename"))-SEARCH("[",CELL("filename"))-1)&"]"&INDIRECT(ADDRESS(ROW()-37,2,1,TRUE,"자산목록"))&"!A1",INDIRECT(ADDRESS(ROW()-37,2,1,TRUE,"자산목록"))) -> BR_L4_1 | C50: =IFERROR(VLOOKUP($A50,자산목록!$B$1:$M$834,8,FALSE),"-") -> L4 스위치 | E50: =IFERROR(INDIRECT(ADDRESS(17,4,1,TRUE,$A50)),0) -> 38 | F50: =E50-I50 -> 38 | G50: =IFERROR(INDIRECT(ADDRESS(17,5,1,TRUE,$A50)),0) -> 34 | H50: =IFERROR(INDIRECT(ADDRESS(17,6,1,TRUE,$A50)),0) -> 0 | I50: =IFERROR(INDIRECT(ADDRESS(17,7,1,TRUE,$A50)),0) -> 0 | J50: =IFERROR(INDIRECT(ADDRESS(17,18,1,TRUE,$A50)),0) -> 90 | K50: =IFERROR(INDIRECT(ADDRESS(17,19,1,TRUE,$A50)),0) -> 80 | L50: =IFERROR(INDIRECT(ADDRESS(17,8,1,TRUE,$A50)),0) -> 0.88888889
A51: =HYPERLINK("["&MID(CELL("filename"),SEARCH("[",CELL("filename"))+1,SEARCH("]",CELL("filename"))-SEARCH("[",CELL("filename"))-1)&"]"&INDIRECT(ADDRESS(ROW()-37,2,1,TRUE,"자산목록"))&"!A1",INDIRECT(ADDRESS(ROW()-37,2,1,TRUE,"자산목록"))) -> BR_L4_2 | C51: =IFERROR(VLOOKUP($A51,자산목록!$B$1:$M$834,8,FALSE),"-") -> L4 스위치 | E51: =IFERROR(INDIRECT(ADDRESS(17,4,1,TRUE,$A51)),0) -> 38 | F51: =E51-I51 -> 38 | G51: =IFERROR(INDIRECT(ADDRESS(17,5,1,TRUE,$A51)),0) -> 34 | H51: =IFERROR(INDIRECT(ADDRESS(17,6,1,TRUE,$A51)),0) -> 0 | I51: =IFERROR(INDIRECT(ADDRESS(17,7,1,TRUE,$A51)),0) -> 0 | J51: =IFERROR(INDIRECT(ADDRESS(17,18,1,TRUE,$A51)),0) -> 90 | K51: =IFERROR(INDIRECT(ADDRESS(17,19,1,TRUE,$A51)),0) -> 80 | L51: =IFERROR(INDIRECT(ADDRESS(17,8,1,TRUE,$A51)),0) -> 0.88888889
A52: 계 | E52: =SUM(E42:E42) -> 38 | F52: =SUM(F42:F42) -> 38 | G52: =SUM(G42:G42) -> 4 | H52: =SUM(H42:H42) -> 32 | I52: =SUM(I42:I42) -> 0 | J52: =SUM(J42:J42) -> 90 | K52: =SUM(K42:K42) -> 10 | L52: =IFERROR(K52/J52,0) -> 0.11111111

Sheet 취약점 진단 항목별 통계
A1: ■ 취약점 진단 항목별 통계
A3: =ChkList!A4 -> 분류 | C3: =ChkList!C4 -> 진단항목 | D3: =ChkList!D4 -> 중요도 | F3: 진단 통계 | K3: 중요도 점수 | M3: 진단결과 | N3: 진단결과 | O3: 진단결과 | P3: 진단결과 | Q3: 진단결과 | R3: 진단결과 | S3: 진단결과 | T3: 진단결과 | U3: 진단결과 | V3: 진단결과
F4: 전체 | G4: 양호 | H4: 즉시조치 | I4: 취약 | J4: N/A | K4: 전체 | L4: 평가 | M4: =HYPERLINK("["&MID(CELL("filename"),SEARCH("[",CELL("filename"))+1,SEARCH("]",CELL("filename"))-SEARCH("[",CELL("filename"))-1)&"]"&INDIRECT(ADDRESS(COLUMN()-8,2,1,TRUE,"자산목록"))&"!A1",INDIRECT(ADDRESS(COLUMN()-8,2,1,TRUE,"자산목록"))) -> HQ_L3_1 | N4: =HYPERLINK("["&MID(CELL("filename"),SEARCH("[",CELL("filename"))+1,SEARCH("]",CELL("filename"))-SEARCH("[",CELL("filename"))-1)&"]"&INDIRECT(ADDRESS(COLUMN()-8,2,1,TRUE,"자산목록"))&"!A1",INDIRECT(ADDRESS(COLUMN()-8,2,1,TRUE,"자산목록"))) -> HQ_L3_2 | O4: =HYPERLINK("["&MID(CELL("filename"),SEARCH("[",CELL("filename"))+1,SEARCH("]",CELL("filename"))-SEARCH("[",CELL("filename"))-1)&"]"&INDIRECT(ADDRESS(COLUMN()-8,2,1,TRUE,"자산목록"))&"!A1",INDIRECT(ADDRESS(COLUMN()-8,2,1,TRUE,"자산목록"))) -> BR_L3_1 | P4: =HYPERLINK("["&MID(CELL("filename"),SEARCH("[",CELL("filename"))+1,SEARCH("]",CELL("filename"))-SEARCH("[",CELL("filename"))-1)&"]"&INDIRECT(ADDRESS(COLUMN()-8,2,1,TRUE,"자산목록"))&"!A1",INDIRECT(ADDRESS(COLUMN()-8,2,1,TRUE,"자산목록"))) -> BR_L3_2 | Q4: =HYPERLINK("["&MID(CELL("filename"),SEARCH("[",CELL("filename"))+1,SEARCH("]",CELL("filename"))-SEARCH("[",CELL("filename"))-1)&"]"&INDIRECT(ADDRESS(COLUMN()-8,2,1,TRUE,"자산목록"))&"!A1",INDIRECT(ADDRESS(COLUMN()-8,2,1,TRUE,"자산목록"))) -> headquarter | R4: =HYPERLINK("["&MID(CELL("filename"),SEARCH("[",CELL("filename"))+1,SEARCH("]",CELL("filename"))-SEARCH("[",CELL("filename"))-1)&"]"&INDIRECT(ADDRESS(COLUMN()-8,2,1,TRUE,"자산목록"))&"!A1",INDIRECT(ADDRESS(COLUMN()-8,2,1,TRUE,"자산목록"))) -> branch | S4: =HYPERLINK("["&MID(CELL("filename"),SEARCH("[",CELL("filename"))+1,SEARCH("]",CELL("filename"))-SEARCH("[",CELL("filename"))-1)&"]"&INDIRECT(ADDRESS(COLUMN()-8,2,1,TRUE,"자산목록"))&"!A1",INDIRECT(ADDRESS(COLUMN()-8,2,1,TRUE,"자산목록"))) -> HQ_L4_1 | T4: =HYPERLINK("["&MID(CELL("filename"),SEARCH("[",CELL("filename"))+1,SEARCH("]",CELL("filename"))-SEARCH("[",CELL("filename"))-1)&"]"&INDIRECT(ADDRESS(COLUMN()-8,2,1,TRUE,"자산목록"))&"!A1",INDIRECT(ADDRESS(COLUMN()-8,2,1,TRUE,"자산목록"))) -> HQ_L4_2 | ... V4: =HYPERLINK("["&MID(CELL("filename"),SEARCH("[",CELL("filename"))+1,SEARCH("]",CELL("filename"))-SEARCH("[",CELL("filename"))-1)&"]"&INDIRECT(ADDRESS(COLUMN()-8,2,1,TRUE,"자산목록"))&"!A1",INDIRECT(ADDRESS(COLUMN()-8,2,1,TRUE,"자산목록"))) -> BR_L4_2
A5: =ChkList!A5 -> 계정 관리 | B5: =ChkList!$B5 -> N-01 | C5: =ChkList!$C5 -> 비밀번호 설정 | D5: =ChkList!$D5 -> H | E5: =ChkList!E5 -> 3 | F5: =COUNTA($M5:INDIRECT(ADDRESS(ROW(),MATCH("",$4:$4,-1),1,1))) -> 10 | G5: =COUNTIF($M5:INDIRECT(ADDRESS(ROW(),MATCH("",$4:$4,-1),1,1)),"조치완료(Y)")+COUNTIF($M5:INDIRECT(ADDRESS(ROW(),MATCH("",$4:$4,-1),1,1)),"Y") -> 4 | H5: =COUNTIF($M5:INDIRECT(ADDRESS(ROW(),MATCH("",$4:$4,-1),1,1)),"Y(즉시조치)")+COUNTIF($M5:INDIRECT(ADDRESS(ROW(),MATCH("",$4:$4,-1),1,1)),"조치완료(즉시조치)") -> 0 | I5: =COUNTIF($M5:INDIRECT(ADDRESS(ROW(),MATCH("",$4:$4,-1),1,1)),"N") -> 6 | J5: =COUNTIF($M5:INDIRECT(ADDRESS(ROW(),MATCH("",$4:$4,-1),1,1)),"N/A")+COUNTIF($M5:INDIRECT(ADDRESS(ROW(),MATCH("",$4:$4,-1),1,1)),"조치완료(N/A)") -> 0 | K5: =VLOOKUP($D5,'parm(hidden)'!$B$8:$C$10,2,FALSE)*($F5-$J5) -> 30 | L5: =VLOOKUP($D5,'parm(hidden)'!$B$8:$C$10,2,FALSE)*($G5+$H5) -> 12 | M5: =HYPERLINK("["&MID(CELL("filename"),SEARCH("[",CELL("filename"))+1,SEARCH("]",CELL("filename"))-SEARCH("[",CELL("filename"))-1)&"]"&ADDRESS(ROW()+16,8,1,TRUE,M$4),INDIRECT(ADDRESS(ROW()+16,8,1,TRUE,M$4))) -> N | N5: =HYPERLINK("["&MID(CELL("filename"),SEARCH("[",CELL("filename"))+1,SEARCH("]",CELL("filename"))-SEARCH("[",CELL("filename"))-1)&"]"&ADDRESS(ROW()+16,8,1,TRUE,N$4),INDIRECT(ADDRESS(ROW()+16,8,1,TRUE,N$4))) -> N | O5: =HYPERLINK("["&MID(CELL("filename"),SEARCH("[",CELL("filename"))+1,SEARCH("]",CELL("filename"))-SEARCH("[",CELL("filename"))-1)&"]"&ADDRESS(ROW()+16,8,1,TRUE,O$4),INDIRECT(ADDRESS(ROW()+16,8,1,TRUE,O$4))) -> N | P5: =HYPERLINK("["&MID(CELL("filename"),SEARCH("[",CELL("filename"))+1,SEARCH("]",CELL("filename"))-SEARCH("[",CELL("filename"))-1)&"]"&ADDRESS(ROW()+16,8,1,TRUE,P$4),INDIRECT(ADDRESS(ROW()+16,8,1,TRUE,P$4))) -> N | Q5: =HYPERLINK("["&MID(CELL("filename"),SEARCH("[",CELL("filename"))+1,SEARCH("]",CELL("filename"))-SEARCH("[",CELL("filename"))-1)&"]"&ADDRESS(ROW()+16,8,1,TRUE,Q$4),INDIRECT(ADDRESS(ROW()+16,8,1,TRUE,Q$4))) -> N | R5: =HYPERLINK("["&MID(CELL("filename"),SEARCH("[",CELL("filename"))+1,SEARCH("]",CELL("filename"))-SEARCH("[",CELL("filename"))-1)&"]"&ADDRESS(ROW()+16,8,1,TRUE,R$4),INDIRECT(ADDRESS(ROW()+16,8,1,TRUE,R$4))) -> N | S5: =HYPERLINK("["&MID(CELL("filename"),SEARCH("[",CELL("filename"))+1,SEARCH("]",CELL("filename"))-SEARCH("[",CELL("filename"))-1)&"]"&ADDRESS(ROW()+16,8,1,TRUE,S$4),INDIRECT(ADDRESS(ROW()+16,8,1,TRUE,S$4))) -> Y | T5: =HYPERLINK("["&MID(CELL("filename"),SEARCH("[",CELL("filename"))+1,SEARCH("]",CELL("filename"))-SEARCH("[",CELL("filename"))-1)&"]"&ADDRESS(ROW()+16,8,1,TRUE,T$4),INDIRECT(ADDRESS(ROW()+16,8,1,TRUE,T$4))) -> Y | ... V5: =HYPERLINK("["&MID(CELL("filename"),SEARCH("[",CELL("filename"))+1,SEARCH("]",CELL("filename"))-SEARCH("[",CELL("filename"))-1)&"]"&ADDRESS(ROW()+16,8,1,TRUE,V$4),INDIRECT(ADDRESS(ROW()+16,8,1,TRUE,V$4))) -> Y
A6: =ChkList!A6 -> 계정 관리 | B6: =ChkList!$B6 -> N-02 | C6: =ChkList!$C6 -> 비밀번호 복잡성 설정 | D6: =ChkList!$D6 -> H | E6: =ChkList!E6 -> 3 | F6: =COUNTA($M6:INDIRECT(ADDRESS(ROW(),MATCH("",$4:$4,-1),1,1))) -> 10 | G6: =COUNTIF($M6:INDIRECT(ADDRESS(ROW(),MATCH("",$4:$4,-1),1,1)),"조치완료(Y)")+COUNTIF($M6:INDIRECT(ADDRESS(ROW(),MATCH("",$4:$4,-1),1,1)),"Y") -> 4 | H6: =COUNTIF($M6:INDIRECT(ADDRESS(ROW(),MATCH("",$4:$4,-1),1,1)),"Y(즉시조치)")+COUNTIF($M6:INDIRECT(ADDRESS(ROW(),MATCH("",$4:$4,-1),1,1)),"조치완료(즉시조치)") -> 0 | I6: =COUNTIF($M6:INDIRECT(ADDRESS(ROW(),MATCH("",$4:$4,-1),1,1)),"N") -> 6 | J6: =COUNTIF($M6:INDIRECT(ADDRESS(ROW(),MATCH("",$4:$4,-1),1,1)),"N/A")+COUNTIF($M6:INDIRECT(ADDRESS(ROW(),MATCH("",$4:$4,-1),1,1)),"조치완료(N/A)") -> 0 | K6: =VLOOKUP($D6,'parm(hidden)'!$B$8:$C$10,2,FALSE)*($F6-$J6) -> 30 | L6: =VLOOKUP($D6,'parm(hidden)'!$B$8:$C$10,2,FALSE)*($G6+$H6) -> 12 | M6: =HYPERLINK("["&MID(CELL("filename"),SEARCH("[",CELL("filename"))+1,SEARCH("]",CELL("filename"))-SEARCH("[",CELL("filename"))-1)&"]"&ADDRESS(ROW()+16,8,1,TRUE,M$4),INDIRECT(ADDRESS(ROW()+16,8,1,TRUE,M$4))) -> N | N6: =HYPERLINK("["&MID(CELL("filename"),SEARCH("[",CELL("filename"))+1,SEARCH("]",CELL("filename"))-SEARCH("[",CELL("filename"))-1)&"]"&ADDRESS(ROW()+16,8,1,TRUE,N$4),INDIRECT(ADDRESS(ROW()+16,8,1,TRUE,N$4))) -> N | O6: =HYPERLINK("["&MID(CELL("filename"),SEARCH("[",CELL("filename"))+1,SEARCH("]",CELL("filename"))-SEARCH("[",CELL("filename"))-1)&"]"&ADDRESS(ROW()+16,8,1,TRUE,O$4),INDIRECT(ADDRESS(ROW()+16,8,1,TRUE,O$4))) -> N | P6: =HYPERLINK("["&MID(CELL("filename"),SEARCH("[",CELL("filename"))+1,SEARCH("]",CELL("filename"))-SEARCH("[",CELL("filename"))-1)&"]"&ADDRESS(ROW()+16,8,1,TRUE,P$4),INDIRECT(ADDRESS(ROW()+16,8,1,TRUE,P$4))) -> N | Q6: =HYPERLINK("["&MID(CELL("filename"),SEARCH("[",CELL("filename"))+1,SEARCH("]",CELL("filename"))-SEARCH("[",CELL("filename"))-1)&"]"&ADDRESS(ROW()+16,8,1,TRUE,Q$4),INDIRECT(ADDRESS(ROW()+16,8,1,TRUE,Q$4))) -> N | R6: =HYPERLINK("["&MID(CELL("filename"),SEARCH("[",CELL("filename"))+1,SEARCH("]",CELL("filename"))-SEARCH("[",CELL("filename"))-1)&"]"&ADDRESS(ROW()+16,8,1,TRUE,R$4),INDIRECT(ADDRESS(ROW()+16,8,1,TRUE,R$4))) -> N | S6: =HYPERLINK("["&MID(CELL("filename"),SEARCH("[",CELL("filename"))+1,SEARCH("]",CELL("filename"))-SEARCH("[",CELL("filename"))-1)&"]"&ADDRESS(ROW()+16,8,1,TRUE,S$4),INDIRECT(ADDRESS(ROW()+16,8,1,TRUE,S$4))) -> Y | T6: =HYPERLINK("["&MID(CELL("filename"),SEARCH("[",CELL("filename"))+1,SEARCH("]",CELL("filename"))-SEARCH("[",CELL("filename"))-1)&"]"&ADDRESS(ROW()+16,8,1,TRUE,T$4),INDIRECT(ADDRESS(ROW()+16,8,1,TRUE,T$4))) -> Y | ... V6: =HYPERLINK("["&MID(CELL("filename"),SEARCH("[",CELL("filename"))+1,SEARCH("]",CELL("filename"))-SEARCH("[",CELL("filename"))-1)&"]"&ADDRESS(ROW()+16,8,1,TRUE,V$4),INDIRECT(ADDRESS(ROW()+16,8,1,TRUE,V$4))) -> Y
A7: =ChkList!A7 -> 계정 관리 | B7: =ChkList!$B7 -> N-03 | C7: =ChkList!$C7 -> 암호화된 비밀번호 사용 | D7: =ChkList!$D7 -> H | E7: =ChkList!E7 -> 3 | F7: =COUNTA($M7:INDIRECT(ADDRESS(ROW(),MATCH("",$4:$4,-1),1,1))) -> 10 | G7: =COUNTIF($M7:INDIRECT(ADDRESS(ROW(),MATCH("",$4:$4,-1),1,1)),"조치완료(Y)")+COUNTIF($M7:INDIRECT(ADDRESS(ROW(),MATCH("",$4:$4,-1),1,1)),"Y") -> 4 | H7: =COUNTIF($M7:INDIRECT(ADDRESS(ROW(),MATCH("",$4:$4,-1),1,1)),"Y(즉시조치)")+COUNTIF($M7:INDIRECT(ADDRESS(ROW(),MATCH("",$4:$4,-1),1,1)),"조치완료(즉시조치)") -> 0 | I7: =COUNTIF($M7:INDIRECT(ADDRESS(ROW(),MATCH("",$4:$4,-1),1,1)),"N") -> 6 | J7: =COUNTIF($M7:INDIRECT(ADDRESS(ROW(),MATCH("",$4:$4,-1),1,1)),"N/A")+COUNTIF($M7:INDIRECT(ADDRESS(ROW(),MATCH("",$4:$4,-1),1,1)),"조치완료(N/A)") -> 0 | K7: =VLOOKUP($D7,'parm(hidden)'!$B$8:$C$10,2,FALSE)*($F7-$J7) -> 30 | L7: =VLOOKUP($D7,'parm(hidden)'!$B$8:$C$10,2,FALSE)*($G7+$H7) -> 12 | M7: =HYPERLINK("["&MID(CELL("filename"),SEARCH("[",CELL("filename"))+1,SEARCH("]",CELL("filename"))-SEARCH("[",CELL("filename"))-1)&"]"&ADDRESS(ROW()+16,8,1,TRUE,M$4),INDIRECT(ADDRESS(ROW()+16,8,1,TRUE,M$4))) -> N | N7: =HYPERLINK("["&MID(CELL("filename"),SEARCH("[",CELL("filename"))+1,SEARCH("]",CELL("filename"))-SEARCH("[",CELL("filename"))-1)&"]"&ADDRESS(ROW()+16,8,1,TRUE,N$4),INDIRECT(ADDRESS(ROW()+16,8,1,TRUE,N$4))) -> N | O7: =HYPERLINK("["&MID(CELL("filename"),SEARCH("[",CELL("filename"))+1,SEARCH("]",CELL("filename"))-SEARCH("[",CELL("filename"))-1)&"]"&ADDRESS(ROW()+16,8,1,TRUE,O$4),INDIRECT(ADDRESS(ROW()+16,8,1,TRUE,O$4))) -> N | P7: =HYPERLINK("["&MID(CELL("filename"),SEARCH("[",CELL("filename"))+1,SEARCH("]",CELL("filename"))-SEARCH("[",CELL("filename"))-1)&"]"&ADDRESS(ROW()+16,8,1,TRUE,P$4),INDIRECT(ADDRESS(ROW()+16,8,1,TRUE,P$4))) -> N | Q7: =HYPERLINK("["&MID(CELL("filename"),SEARCH("[",CELL("filename"))+1,SEARCH("]",CELL("filename"))-SEARCH("[",CELL("filename"))-1)&"]"&ADDRESS(ROW()+16,8,1,TRUE,Q$4),INDIRECT(ADDRESS(ROW()+16,8,1,TRUE,Q$4))) -> N | R7: =HYPERLINK("["&MID(CELL("filename"),SEARCH("[",CELL("filename"))+1,SEARCH("]",CELL("filename"))-SEARCH("[",CELL("filename"))-1)&"]"&ADDRESS(ROW()+16,8,1,TRUE,R$4),INDIRECT(ADDRESS(ROW()+16,8,1,TRUE,R$4))) -> N | S7: =HYPERLINK("["&MID(CELL("filename"),SEARCH("[",CELL("filename"))+1,SEARCH("]",CELL("filename"))-SEARCH("[",CELL("filename"))-1)&"]"&ADDRESS(ROW()+16,8,1,TRUE,S$4),INDIRECT(ADDRESS(ROW()+16,8,1,TRUE,S$4))) -> Y | T7: =HYPERLINK("["&MID(CELL("filename"),SEARCH("[",CELL("filename"))+1,SEARCH("]",CELL("filename"))-SEARCH("[",CELL("filename"))-1)&"]"&ADDRESS(ROW()+16,8,1,TRUE,T$4),INDIRECT(ADDRESS(ROW()+16,8,1,TRUE,T$4))) -> Y | ... V7: =HYPERLINK("["&MID(CELL("filename"),SEARCH("[",CELL("filename"))+1,SEARCH("]",CELL("filename"))-SEARCH("[",CELL("filename"))-1)&"]"&ADDRESS(ROW()+16,8,1,TRUE,V$4),INDIRECT(ADDRESS(ROW()+16,8,1,TRUE,V$4))) -> Y
A8: =ChkList!A8 -> 계정 관리 | B8: =ChkList!$B8 -> N-04 | C8: =ChkList!$C8 -> 계정 잠금 임계값 설정 | D8: =ChkList!$D8 -> H | E8: =ChkList!E8 -> 3 | F8: =COUNTA($M8:INDIRECT(ADDRESS(ROW(),MATCH("",$4:$4,-1),1,1))) -> 10 | G8: =COUNTIF($M8:INDIRECT(ADDRESS(ROW(),MATCH("",$4:$4,-1),1,1)),"조치완료(Y)")+COUNTIF($M8:INDIRECT(ADDRESS(ROW(),MATCH("",$4:$4,-1),1,1)),"Y") -> 4 | H8: =COUNTIF($M8:INDIRECT(ADDRESS(ROW(),MATCH("",$4:$4,-1),1,1)),"Y(즉시조치)")+COUNTIF($M8:INDIRECT(ADDRESS(ROW(),MATCH("",$4:$4,-1),1,1)),"조치완료(즉시조치)") -> 0 | I8: =COUNTIF($M8:INDIRECT(ADDRESS(ROW(),MATCH("",$4:$4,-1),1,1)),"N") -> 6 | J8: =COUNTIF($M8:INDIRECT(ADDRESS(ROW(),MATCH("",$4:$4,-1),1,1)),"N/A")+COUNTIF($M8:INDIRECT(ADDRESS(ROW(),MATCH("",$4:$4,-1),1,1)),"조치완료(N/A)") -> 0 | K8: =VLOOKUP($D8,'parm(hidden)'!$B$8:$C$10,2,FALSE)*($F8-$J8) -> 30 | L8: =VLOOKUP($D8,'parm(hidden)'!$B$8:$C$10,2,FALSE)*($G8+$H8) -> 12 | M8: =HYPERLINK("["&MID(CELL("filename"),SEARCH("[",CELL("filename"))+1,SEARCH("]",CELL("filename"))-SEARCH("[",CELL("filename"))-1)&"]"&ADDRESS(ROW()+16,8,1,TRUE,M$4),INDIRECT(ADDRESS(ROW()+16,8,1,TRUE,M$4))) -> N | N8: =HYPERLINK("["&MID(CELL("filename"),SEARCH("[",CELL("filename"))+1,SEARCH("]",CELL("filename"))-SEARCH("[",CELL("filename"))-1)&"]"&ADDRESS(ROW()+16,8,1,TRUE,N$4),INDIRECT(ADDRESS(ROW()+16,8,1,TRUE,N$4))) -> N | O8: =HYPERLINK("["&MID(CELL("filename"),SEARCH("[",CELL("filename"))+1,SEARCH("]",CELL("filename"))-SEARCH("[",CELL("filename"))-1)&"]"&ADDRESS(ROW()+16,8,1,TRUE,O$4),INDIRECT(ADDRESS(ROW()+16,8,1,TRUE,O$4))) -> N | P8: =HYPERLINK("["&MID(CELL("filename"),SEARCH("[",CELL("filename"))+1,SEARCH("]",CELL("filename"))-SEARCH("[",CELL("filename"))-1)&"]"&ADDRESS(ROW()+16,8,1,TRUE,P$4),INDIRECT(ADDRESS(ROW()+16,8,1,TRUE,P$4))) -> N | Q8: =HYPERLINK("["&MID(CELL("filename"),SEARCH("[",CELL("filename"))+1,SEARCH("]",CELL("filename"))-SEARCH("[",CELL("filename"))-1)&"]"&ADDRESS(ROW()+16,8,1,TRUE,Q$4),INDIRECT(ADDRESS(ROW()+16,8,1,TRUE,Q$4))) -> N | R8: =HYPERLINK("["&MID(CELL("filename"),SEARCH("[",CELL("filename"))+1,SEARCH("]",CELL("filename"))-SEARCH("[",CELL("filename"))-1)&"]"&ADDRESS(ROW()+16,8,1,TRUE,R$4),INDIRECT(ADDRESS(ROW()+16,8,1,TRUE,R$4))) -> N | S8: =HYPERLINK("["&MID(CELL("filename"),SEARCH("[",CELL("filename"))+1,SEARCH("]",CELL("filename"))-SEARCH("[",CELL("filename"))-1)&"]"&ADDRESS(ROW()+16,8,1,TRUE,S$4),INDIRECT(ADDRESS(ROW()+16,8,1,TRUE,S$4))) -> Y | T8: =HYPERLINK("["&MID(CELL("filename"),SEARCH("[",CELL("filename"))+1,SEARCH("]",CELL("filename"))-SEARCH("[",CELL("filename"))-1)&"]"&ADDRESS(ROW()+16,8,1,TRUE,T$4),INDIRECT(ADDRESS(ROW()+16,8,1,TRUE,T$4))) -> Y | ... V8: =HYPERLINK("["&MID(CELL("filename"),SEARCH("[",CELL("filename"))+1,SEARCH("]",CELL("filename"))-SEARCH("[",CELL("filename"))-1)&"]"&ADDRESS(ROW()+16,8,1,TRUE,V$4),INDIRECT(ADDRESS(ROW()+16,8,1,TRUE,V$4))) -> Y
A9: =ChkList!A9 -> 계정 관리 | B9: =ChkList!$B9 -> N-05 | C9: =ChkList!$C9 -> 사용자·명령어별 권한 설정 | D9: =ChkList!$D9 -> M | E9: =ChkList!E9 -> 2 | F9: =COUNTA($M9:INDIRECT(ADDRESS(ROW(),MATCH("",$4:$4,-1),1,1))) -> 10 | G9: =COUNTIF($M9:INDIRECT(ADDRESS(ROW(),MATCH("",$4:$4,-1),1,1)),"조치완료(Y)")+COUNTIF($M9:INDIRECT(ADDRESS(ROW(),MATCH("",$4:$4,-1),1,1)),"Y") -> 4 | H9: =COUNTIF($M9:INDIRECT(ADDRESS(ROW(),MATCH("",$4:$4,-1),1,1)),"Y(즉시조치)")+COUNTIF($M9:INDIRECT(ADDRESS(ROW(),MATCH("",$4:$4,-1),1,1)),"조치완료(즉시조치)") -> 0 | I9: =COUNTIF($M9:INDIRECT(ADDRESS(ROW(),MATCH("",$4:$4,-1),1,1)),"N") -> 6 | J9: =COUNTIF($M9:INDIRECT(ADDRESS(ROW(),MATCH("",$4:$4,-1),1,1)),"N/A")+COUNTIF($M9:INDIRECT(ADDRESS(ROW(),MATCH("",$4:$4,-1),1,1)),"조치완료(N/A)") -> 0 | K9: =VLOOKUP($D9,'parm(hidden)'!$B$8:$C$10,2,FALSE)*($F9-$J9) -> 20 | L9: =VLOOKUP($D9,'parm(hidden)'!$B$8:$C$10,2,FALSE)*($G9+$H9) -> 8 | M9: =HYPERLINK("["&MID(CELL("filename"),SEARCH("[",CELL("filename"))+1,SEARCH("]",CELL("filename"))-SEARCH("[",CELL("filename"))-1)&"]"&ADDRESS(ROW()+16,8,1,TRUE,M$4),INDIRECT(ADDRESS(ROW()+16,8,1,TRUE,M$4))) -> N | N9: =HYPERLINK("["&MID(CELL("filename"),SEARCH("[",CELL("filename"))+1,SEARCH("]",CELL("filename"))-SEARCH("[",CELL("filename"))-1)&"]"&ADDRESS(ROW()+16,8,1,TRUE,N$4),INDIRECT(ADDRESS(ROW()+16,8,1,TRUE,N$4))) -> N | O9: =HYPERLINK("["&MID(CELL("filename"),SEARCH("[",CELL("filename"))+1,SEARCH("]",CELL("filename"))-SEARCH("[",CELL("filename"))-1)&"]"&ADDRESS(ROW()+16,8,1,TRUE,O$4),INDIRECT(ADDRESS(ROW()+16,8,1,TRUE,O$4))) -> N | P9: =HYPERLINK("["&MID(CELL("filename"),SEARCH("[",CELL("filename"))+1,SEARCH("]",CELL("filename"))-SEARCH("[",CELL("filename"))-1)&"]"&ADDRESS(ROW()+16,8,1,TRUE,P$4),INDIRECT(ADDRESS(ROW()+16,8,1,TRUE,P$4))) -> N | Q9: =HYPERLINK("["&MID(CELL("filename"),SEARCH("[",CELL("filename"))+1,SEARCH("]",CELL("filename"))-SEARCH("[",CELL("filename"))-1)&"]"&ADDRESS(ROW()+16,8,1,TRUE,Q$4),INDIRECT(ADDRESS(ROW()+16,8,1,TRUE,Q$4))) -> N | R9: =HYPERLINK("["&MID(CELL("filename"),SEARCH("[",CELL("filename"))+1,SEARCH("]",CELL("filename"))-SEARCH("[",CELL("filename"))-1)&"]"&ADDRESS(ROW()+16,8,1,TRUE,R$4),INDIRECT(ADDRESS(ROW()+16,8,1,TRUE,R$4))) -> N | S9: =HYPERLINK("["&MID(CELL("filename"),SEARCH("[",CELL("filename"))+1,SEARCH("]",CELL("filename"))-SEARCH("[",CELL("filename"))-1)&"]"&ADDRESS(ROW()+16,8,1,TRUE,S$4),INDIRECT(ADDRESS(ROW()+16,8,1,TRUE,S$4))) -> Y | T9: =HYPERLINK("["&MID(CELL("filename"),SEARCH("[",CELL("filename"))+1,SEARCH("]",CELL("filename"))-SEARCH("[",CELL("filename"))-1)&"]"&ADDRESS(ROW()+16,8,1,TRUE,T$4),INDIRECT(ADDRESS(ROW()+16,8,1,TRUE,T$4))) -> Y | ... V9: =HYPERLINK("["&MID(CELL("filename"),SEARCH("[",CELL("filename"))+1,SEARCH("]",CELL("filename"))-SEARCH("[",CELL("filename"))-1)&"]"&ADDRESS(ROW()+16,8,1,TRUE,V$4),INDIRECT(ADDRESS(ROW()+16,8,1,TRUE,V$4))) -> Y
A10: =ChkList!A10 -> 접근 관리 | B10: =ChkList!$B10 -> N-06 | C10: =ChkList!$C10 -> VTY 접근(ACL) 설정 | D10: =ChkList!$D10 -> H | E10: =ChkList!E10 -> 3 | F10: =COUNTA($M10:INDIRECT(ADDRESS(ROW(),MATCH("",$4:$4,-1),1,1))) -> 10 | G10: =COUNTIF($M10:INDIRECT(ADDRESS(ROW(),MATCH("",$4:$4,-1),1,1)),"조치완료(Y)")+COUNTIF($M10:INDIRECT(ADDRESS(ROW(),MATCH("",$4:$4,-1),1,1)),"Y") -> 4 | H10: =COUNTIF($M10:INDIRECT(ADDRESS(ROW(),MATCH("",$4:$4,-1),1,1)),"Y(즉시조치)")+COUNTIF($M10:INDIRECT(ADDRESS(ROW(),MATCH("",$4:$4,-1),1,1)),"조치완료(즉시조치)") -> 0 | I10: =COUNTIF($M10:INDIRECT(ADDRESS(ROW(),MATCH("",$4:$4,-1),1,1)),"N") -> 6 | J10: =COUNTIF($M10:INDIRECT(ADDRESS(ROW(),MATCH("",$4:$4,-1),1,1)),"N/A")+COUNTIF($M10:INDIRECT(ADDRESS(ROW(),MATCH("",$4:$4,-1),1,1)),"조치완료(N/A)") -> 0 | K10: =VLOOKUP($D10,'parm(hidden)'!$B$8:$C$10,2,FALSE)*($F10-$J10) -> 30 | L10: =VLOOKUP($D10,'parm(hidden)'!$B$8:$C$10,2,FALSE)*($G10+$H10) -> 12 | M10: =HYPERLINK("["&MID(CELL("filename"),SEARCH("[",CELL("filename"))+1,SEARCH("]",CELL("filename"))-SEARCH("[",CELL("filename"))-1)&"]"&ADDRESS(ROW()+16,8,1,TRUE,M$4),INDIRECT(ADDRESS(ROW()+16,8,1,TRUE,M$4))) -> N | N10: =HYPERLINK("["&MID(CELL("filename"),SEARCH("[",CELL("filename"))+1,SEARCH("]",CELL("filename"))-SEARCH("[",CELL("filename"))-1)&"]"&ADDRESS(ROW()+16,8,1,TRUE,N$4),INDIRECT(ADDRESS(ROW()+16,8,1,TRUE,N$4))) -> N | O10: =HYPERLINK("["&MID(CELL("filename"),SEARCH("[",CELL("filename"))+1,SEARCH("]",CELL("filename"))-SEARCH("[",CELL("filename"))-1)&"]"&ADDRESS(ROW()+16,8,1,TRUE,O$4),INDIRECT(ADDRESS(ROW()+16,8,1,TRUE,O$4))) -> N | P10: =HYPERLINK("["&MID(CELL("filename"),SEARCH("[",CELL("filename"))+1,SEARCH("]",CELL("filename"))-SEARCH("[",CELL("filename"))-1)&"]"&ADDRESS(ROW()+16,8,1,TRUE,P$4),INDIRECT(ADDRESS(ROW()+16,8,1,TRUE,P$4))) -> N | Q10: =HYPERLINK("["&MID(CELL("filename"),SEARCH("[",CELL("filename"))+1,SEARCH("]",CELL("filename"))-SEARCH("[",CELL("filename"))-1)&"]"&ADDRESS(ROW()+16,8,1,TRUE,Q$4),INDIRECT(ADDRESS(ROW()+16,8,1,TRUE,Q$4))) -> N | R10: =HYPERLINK("["&MID(CELL("filename"),SEARCH("[",CELL("filename"))+1,SEARCH("]",CELL("filename"))-SEARCH("[",CELL("filename"))-1)&"]"&ADDRESS(ROW()+16,8,1,TRUE,R$4),INDIRECT(ADDRESS(ROW()+16,8,1,TRUE,R$4))) -> N | S10: =HYPERLINK("["&MID(CELL("filename"),SEARCH("[",CELL("filename"))+1,SEARCH("]",CELL("filename"))-SEARCH("[",CELL("filename"))-1)&"]"&ADDRESS(ROW()+16,8,1,TRUE,S$4),INDIRECT(ADDRESS(ROW()+16,8,1,TRUE,S$4))) -> Y | T10: =HYPERLINK("["&MID(CELL("filename"),SEARCH("[",CELL("filename"))+1,SEARCH("]",CELL("filename"))-SEARCH("[",CELL("filename"))-1)&"]"&ADDRESS(ROW()+16,8,1,TRUE,T$4),INDIRECT(ADDRESS(ROW()+16,8,1,TRUE,T$4))) -> Y | ... V10: =HYPERLINK("["&MID(CELL("filename"),SEARCH("[",CELL("filename"))+1,SEARCH("]",CELL("filename"))-SEARCH("[",CELL("filename"))-1)&"]"&ADDRESS(ROW()+16,8,1,TRUE,V$4),INDIRECT(ADDRESS(ROW()+16,8,1,TRUE,V$4))) -> Y
A11: =ChkList!A11 -> 접근 관리 | B11: =ChkList!$B11 -> N-07 | C11: =ChkList!$C11 -> Session Timeout 설정 | D11: =ChkList!$D11 -> H | E11: =ChkList!E11 -> 3 | F11: =COUNTA($M11:INDIRECT(ADDRESS(ROW(),MATCH("",$4:$4,-1),1,1))) -> 10 | G11: =COUNTIF($M11:INDIRECT(ADDRESS(ROW(),MATCH("",$4:$4,-1),1,1)),"조치완료(Y)")+COUNTIF($M11:INDIRECT(ADDRESS(ROW(),MATCH("",$4:$4,-1),1,1)),"Y") -> 4 | H11: =COUNTIF($M11:INDIRECT(ADDRESS(ROW(),MATCH("",$4:$4,-1),1,1)),"Y(즉시조치)")+COUNTIF($M11:INDIRECT(ADDRESS(ROW(),MATCH("",$4:$4,-1),1,1)),"조치완료(즉시조치)") -> 0 | I11: =COUNTIF($M11:INDIRECT(ADDRESS(ROW(),MATCH("",$4:$4,-1),1,1)),"N") -> 6 | J11: =COUNTIF($M11:INDIRECT(ADDRESS(ROW(),MATCH("",$4:$4,-1),1,1)),"N/A")+COUNTIF($M11:INDIRECT(ADDRESS(ROW(),MATCH("",$4:$4,-1),1,1)),"조치완료(N/A)") -> 0 | K11: =VLOOKUP($D11,'parm(hidden)'!$B$8:$C$10,2,FALSE)*($F11-$J11) -> 30 | L11: =VLOOKUP($D11,'parm(hidden)'!$B$8:$C$10,2,FALSE)*($G11+$H11) -> 12 | M11: =HYPERLINK("["&MID(CELL("filename"),SEARCH("[",CELL("filename"))+1,SEARCH("]",CELL("filename"))-SEARCH("[",CELL("filename"))-1)&"]"&ADDRESS(ROW()+16,8,1,TRUE,M$4),INDIRECT(ADDRESS(ROW()+16,8,1,TRUE,M$4))) -> N | N11: =HYPERLINK("["&MID(CELL("filename"),SEARCH("[",CELL("filename"))+1,SEARCH("]",CELL("filename"))-SEARCH("[",CELL("filename"))-1)&"]"&ADDRESS(ROW()+16,8,1,TRUE,N$4),INDIRECT(ADDRESS(ROW()+16,8,1,TRUE,N$4))) -> N | O11: =HYPERLINK("["&MID(CELL("filename"),SEARCH("[",CELL("filename"))+1,SEARCH("]",CELL("filename"))-SEARCH("[",CELL("filename"))-1)&"]"&ADDRESS(ROW()+16,8,1,TRUE,O$4),INDIRECT(ADDRESS(ROW()+16,8,1,TRUE,O$4))) -> N | P11: =HYPERLINK("["&MID(CELL("filename"),SEARCH("[",CELL("filename"))+1,SEARCH("]",CELL("filename"))-SEARCH("[",CELL("filename"))-1)&"]"&ADDRESS(ROW()+16,8,1,TRUE,P$4),INDIRECT(ADDRESS(ROW()+16,8,1,TRUE,P$4))) -> N | Q11: =HYPERLINK("["&MID(CELL("filename"),SEARCH("[",CELL("filename"))+1,SEARCH("]",CELL("filename"))-SEARCH("[",CELL("filename"))-1)&"]"&ADDRESS(ROW()+16,8,1,TRUE,Q$4),INDIRECT(ADDRESS(ROW()+16,8,1,TRUE,Q$4))) -> N | R11: =HYPERLINK("["&MID(CELL("filename"),SEARCH("[",CELL("filename"))+1,SEARCH("]",CELL("filename"))-SEARCH("[",CELL("filename"))-1)&"]"&ADDRESS(ROW()+16,8,1,TRUE,R$4),INDIRECT(ADDRESS(ROW()+16,8,1,TRUE,R$4))) -> N | S11: =HYPERLINK("["&MID(CELL("filename"),SEARCH("[",CELL("filename"))+1,SEARCH("]",CELL("filename"))-SEARCH("[",CELL("filename"))-1)&"]"&ADDRESS(ROW()+16,8,1,TRUE,S$4),INDIRECT(ADDRESS(ROW()+16,8,1,TRUE,S$4))) -> Y | T11: =HYPERLINK("["&MID(CELL("filename"),SEARCH("[",CELL("filename"))+1,SEARCH("]",CELL("filename"))-SEARCH("[",CELL("filename"))-1)&"]"&ADDRESS(ROW()+16,8,1,TRUE,T$4),INDIRECT(ADDRESS(ROW()+16,8,1,TRUE,T$4))) -> Y | ... V11: =HYPERLINK("["&MID(CELL("filename"),SEARCH("[",CELL("filename"))+1,SEARCH("]",CELL("filename"))-SEARCH("[",CELL("filename"))-1)&"]"&ADDRESS(ROW()+16,8,1,TRUE,V$4),INDIRECT(ADDRESS(ROW()+16,8,1,TRUE,V$4))) -> Y
A12: =ChkList!A12 -> 접근 관리 | B12: =ChkList!$B12 -> N-08 | C12: =ChkList!$C12 -> VTY 접속 시 안전한 프로토콜 사용 | D12: =ChkList!$D12 -> M | E12: =ChkList!E12 -> 2 | F12: =COUNTA($M12:INDIRECT(ADDRESS(ROW(),MATCH("",$4:$4,-1),1,1))) -> 10 | G12: =COUNTIF($M12:INDIRECT(ADDRESS(ROW(),MATCH("",$4:$4,-1),1,1)),"조치완료(Y)")+COUNTIF($M12:INDIRECT(ADDRESS(ROW(),MATCH("",$4:$4,-1),1,1)),"Y") -> 4 | H12: =COUNTIF($M12:INDIRECT(ADDRESS(ROW(),MATCH("",$4:$4,-1),1,1)),"Y(즉시조치)")+COUNTIF($M12:INDIRECT(ADDRESS(ROW(),MATCH("",$4:$4,-1),1,1)),"조치완료(즉시조치)") -> 0 | I12: =COUNTIF($M12:INDIRECT(ADDRESS(ROW(),MATCH("",$4:$4,-1),1,1)),"N") -> 6 | J12: =COUNTIF($M12:INDIRECT(ADDRESS(ROW(),MATCH("",$4:$4,-1),1,1)),"N/A")+COUNTIF($M12:INDIRECT(ADDRESS(ROW(),MATCH("",$4:$4,-1),1,1)),"조치완료(N/A)") -> 0 | K12: =VLOOKUP($D12,'parm(hidden)'!$B$8:$C$10,2,FALSE)*($F12-$J12) -> 20 | L12: =VLOOKUP($D12,'parm(hidden)'!$B$8:$C$10,2,FALSE)*($G12+$H12) -> 8 | M12: =HYPERLINK("["&MID(CELL("filename"),SEARCH("[",CELL("filename"))+1,SEARCH("]",CELL("filename"))-SEARCH("[",CELL("filename"))-1)&"]"&ADDRESS(ROW()+16,8,1,TRUE,M$4),INDIRECT(ADDRESS(ROW()+16,8,1,TRUE,M$4))) -> N | N12: =HYPERLINK("["&MID(CELL("filename"),SEARCH("[",CELL("filename"))+1,SEARCH("]",CELL("filename"))-SEARCH("[",CELL("filename"))-1)&"]"&ADDRESS(ROW()+16,8,1,TRUE,N$4),INDIRECT(ADDRESS(ROW()+16,8,1,TRUE,N$4))) -> N | O12: =HYPERLINK("["&MID(CELL("filename"),SEARCH("[",CELL("filename"))+1,SEARCH("]",CELL("filename"))-SEARCH("[",CELL("filename"))-1)&"]"&ADDRESS(ROW()+16,8,1,TRUE,O$4),INDIRECT(ADDRESS(ROW()+16,8,1,TRUE,O$4))) -> N | P12: =HYPERLINK("["&MID(CELL("filename"),SEARCH("[",CELL("filename"))+1,SEARCH("]",CELL("filename"))-SEARCH("[",CELL("filename"))-1)&"]"&ADDRESS(ROW()+16,8,1,TRUE,P$4),INDIRECT(ADDRESS(ROW()+16,8,1,TRUE,P$4))) -> N | Q12: =HYPERLINK("["&MID(CELL("filename"),SEARCH("[",CELL("filename"))+1,SEARCH("]",CELL("filename"))-SEARCH("[",CELL("filename"))-1)&"]"&ADDRESS(ROW()+16,8,1,TRUE,Q$4),INDIRECT(ADDRESS(ROW()+16,8,1,TRUE,Q$4))) -> N | R12: =HYPERLINK("["&MID(CELL("filename"),SEARCH("[",CELL("filename"))+1,SEARCH("]",CELL("filename"))-SEARCH("[",CELL("filename"))-1)&"]"&ADDRESS(ROW()+16,8,1,TRUE,R$4),INDIRECT(ADDRESS(ROW()+16,8,1,TRUE,R$4))) -> N | S12: =HYPERLINK("["&MID(CELL("filename"),SEARCH("[",CELL("filename"))+1,SEARCH("]",CELL("filename"))-SEARCH("[",CELL("filename"))-1)&"]"&ADDRESS(ROW()+16,8,1,TRUE,S$4),INDIRECT(ADDRESS(ROW()+16,8,1,TRUE,S$4))) -> Y | T12: =HYPERLINK("["&MID(CELL("filename"),SEARCH("[",CELL("filename"))+1,SEARCH("]",CELL("filename"))-SEARCH("[",CELL("filename"))-1)&"]"&ADDRESS(ROW()+16,8,1,TRUE,T$4),INDIRECT(ADDRESS(ROW()+16,8,1,TRUE,T$4))) -> Y | ... V12: =HYPERLINK("["&MID(CELL("filename"),SEARCH("[",CELL("filename"))+1,SEARCH("]",CELL("filename"))-SEARCH("[",CELL("filename"))-1)&"]"&ADDRESS(ROW()+16,8,1,TRUE,V$4),INDIRECT(ADDRESS(ROW()+16,8,1,TRUE,V$4))) -> Y
A13: =ChkList!A13 -> 접근 관리 | B13: =ChkList!$B13 -> N-09 | C13: =ChkList!$C13 -> 불필요한 보조 입출력 포트 사용 금지 | D13: =ChkList!$D13 -> M | E13: =ChkList!E13 -> 2 | F13: =COUNTA($M13:INDIRECT(ADDRESS(ROW(),MATCH("",$4:$4,-1),1,1))) -> 10 | G13: =COUNTIF($M13:INDIRECT(ADDRESS(ROW(),MATCH("",$4:$4,-1),1,1)),"조치완료(Y)")+COUNTIF($M13:INDIRECT(ADDRESS(ROW(),MATCH("",$4:$4,-1),1,1)),"Y") -> 4 | H13: =COUNTIF($M13:INDIRECT(ADDRESS(ROW(),MATCH("",$4:$4,-1),1,1)),"Y(즉시조치)")+COUNTIF($M13:INDIRECT(ADDRESS(ROW(),MATCH("",$4:$4,-1),1,1)),"조치완료(즉시조치)") -> 0 | I13: =COUNTIF($M13:INDIRECT(ADDRESS(ROW(),MATCH("",$4:$4,-1),1,1)),"N") -> 6 | J13: =COUNTIF($M13:INDIRECT(ADDRESS(ROW(),MATCH("",$4:$4,-1),1,1)),"N/A")+COUNTIF($M13:INDIRECT(ADDRESS(ROW(),MATCH("",$4:$4,-1),1,1)),"조치완료(N/A)") -> 0 | K13: =VLOOKUP($D13,'parm(hidden)'!$B$8:$C$10,2,FALSE)*($F13-$J13) -> 20 | L13: =VLOOKUP($D13,'parm(hidden)'!$B$8:$C$10,2,FALSE)*($G13+$H13) -> 8 | M13: =HYPERLINK("["&MID(CELL("filename"),SEARCH("[",CELL("filename"))+1,SEARCH("]",CELL("filename"))-SEARCH("[",CELL("filename"))-1)&"]"&ADDRESS(ROW()+16,8,1,TRUE,M$4),INDIRECT(ADDRESS(ROW()+16,8,1,TRUE,M$4))) -> N | N13: =HYPERLINK("["&MID(CELL("filename"),SEARCH("[",CELL("filename"))+1,SEARCH("]",CELL("filename"))-SEARCH("[",CELL("filename"))-1)&"]"&ADDRESS(ROW()+16,8,1,TRUE,N$4),INDIRECT(ADDRESS(ROW()+16,8,1,TRUE,N$4))) -> N | O13: =HYPERLINK("["&MID(CELL("filename"),SEARCH("[",CELL("filename"))+1,SEARCH("]",CELL("filename"))-SEARCH("[",CELL("filename"))-1)&"]"&ADDRESS(ROW()+16,8,1,TRUE,O$4),INDIRECT(ADDRESS(ROW()+16,8,1,TRUE,O$4))) -> N | P13: =HYPERLINK("["&MID(CELL("filename"),SEARCH("[",CELL("filename"))+1,SEARCH("]",CELL("filename"))-SEARCH("[",CELL("filename"))-1)&"]"&ADDRESS(ROW()+16,8,1,TRUE,P$4),INDIRECT(ADDRESS(ROW()+16,8,1,TRUE,P$4))) -> N | Q13: =HYPERLINK("["&MID(CELL("filename"),SEARCH("[",CELL("filename"))+1,SEARCH("]",CELL("filename"))-SEARCH("[",CELL("filename"))-1)&"]"&ADDRESS(ROW()+16,8,1,TRUE,Q$4),INDIRECT(ADDRESS(ROW()+16,8,1,TRUE,Q$4))) -> N | R13: =HYPERLINK("["&MID(CELL("filename"),SEARCH("[",CELL("filename"))+1,SEARCH("]",CELL("filename"))-SEARCH("[",CELL("filename"))-1)&"]"&ADDRESS(ROW()+16,8,1,TRUE,R$4),INDIRECT(ADDRESS(ROW()+16,8,1,TRUE,R$4))) -> N | S13: =HYPERLINK("["&MID(CELL("filename"),SEARCH("[",CELL("filename"))+1,SEARCH("]",CELL("filename"))-SEARCH("[",CELL("filename"))-1)&"]"&ADDRESS(ROW()+16,8,1,TRUE,S$4),INDIRECT(ADDRESS(ROW()+16,8,1,TRUE,S$4))) -> Y | T13: =HYPERLINK("["&MID(CELL("filename"),SEARCH("[",CELL("filename"))+1,SEARCH("]",CELL("filename"))-SEARCH("[",CELL("filename"))-1)&"]"&ADDRESS(ROW()+16,8,1,TRUE,T$4),INDIRECT(ADDRESS(ROW()+16,8,1,TRUE,T$4))) -> Y | ... V13: =HYPERLINK("["&MID(CELL("filename"),SEARCH("[",CELL("filename"))+1,SEARCH("]",CELL("filename"))-SEARCH("[",CELL("filename"))-1)&"]"&ADDRESS(ROW()+16,8,1,TRUE,V$4),INDIRECT(ADDRESS(ROW()+16,8,1,TRUE,V$4))) -> Y
A14: =ChkList!A14 -> 접근 관리 | B14: =ChkList!$B14 -> N-10 | C14: =ChkList!$C14 -> 로그인 시 경고 메시지 설정 | D14: =ChkList!$D14 -> M | E14: =ChkList!E14 -> 2 | F14: =COUNTA($M14:INDIRECT(ADDRESS(ROW(),MATCH("",$4:$4,-1),1,1))) -> 10 | G14: =COUNTIF($M14:INDIRECT(ADDRESS(ROW(),MATCH("",$4:$4,-1),1,1)),"조치완료(Y)")+COUNTIF($M14:INDIRECT(ADDRESS(ROW(),MATCH("",$4:$4,-1),1,1)),"Y") -> 0 | H14: =COUNTIF($M14:INDIRECT(ADDRESS(ROW(),MATCH("",$4:$4,-1),1,1)),"Y(즉시조치)")+COUNTIF($M14:INDIRECT(ADDRESS(ROW(),MATCH("",$4:$4,-1),1,1)),"조치완료(즉시조치)") -> 0 | I14: =COUNTIF($M14:INDIRECT(ADDRESS(ROW(),MATCH("",$4:$4,-1),1,1)),"N") -> 0 | J14: =COUNTIF($M14:INDIRECT(ADDRESS(ROW(),MATCH("",$4:$4,-1),1,1)),"N/A")+COUNTIF($M14:INDIRECT(ADDRESS(ROW(),MATCH("",$4:$4,-1),1,1)),"조치완료(N/A)") -> 0 | K14: =VLOOKUP($D14,'parm(hidden)'!$B$8:$C$10,2,FALSE)*($F14-$J14) -> 20 | L14: =VLOOKUP($D14,'parm(hidden)'!$B$8:$C$10,2,FALSE)*($G14+$H14) -> 0 | M14: =HYPERLINK("["&MID(CELL("filename"),SEARCH("[",CELL("filename"))+1,SEARCH("]",CELL("filename"))-SEARCH("[",CELL("filename"))-1)&"]"&ADDRESS(ROW()+16,8,1,TRUE,M$4),INDIRECT(ADDRESS(ROW()+16,8,1,TRUE,M$4))) -> 인터뷰 | N14: =HYPERLINK("["&MID(CELL("filename"),SEARCH("[",CELL("filename"))+1,SEARCH("]",CELL("filename"))-SEARCH("[",CELL("filename"))-1)&"]"&ADDRESS(ROW()+16,8,1,TRUE,N$4),INDIRECT(ADDRESS(ROW()+16,8,1,TRUE,N$4))) -> 인터뷰 | O14: =HYPERLINK("["&MID(CELL("filename"),SEARCH("[",CELL("filename"))+1,SEARCH("]",CELL("filename"))-SEARCH("[",CELL("filename"))-1)&"]"&ADDRESS(ROW()+16,8,1,TRUE,O$4),INDIRECT(ADDRESS(ROW()+16,8,1,TRUE,O$4))) -> 인터뷰 | P14: =HYPERLINK("["&MID(CELL("filename"),SEARCH("[",CELL("filename"))+1,SEARCH("]",CELL("filename"))-SEARCH("[",CELL("filename"))-1)&"]"&ADDRESS(ROW()+16,8,1,TRUE,P$4),INDIRECT(ADDRESS(ROW()+16,8,1,TRUE,P$4))) -> 인터뷰 | Q14: =HYPERLINK("["&MID(CELL("filename"),SEARCH("[",CELL("filename"))+1,SEARCH("]",CELL("filename"))-SEARCH("[",CELL("filename"))-1)&"]"&ADDRESS(ROW()+16,8,1,TRUE,Q$4),INDIRECT(ADDRESS(ROW()+16,8,1,TRUE,Q$4))) -> 인터뷰 | R14: =HYPERLINK("["&MID(CELL("filename"),SEARCH("[",CELL("filename"))+1,SEARCH("]",CELL("filename"))-SEARCH("[",CELL("filename"))-1)&"]"&ADDRESS(ROW()+16,8,1,TRUE,R$4),INDIRECT(ADDRESS(ROW()+16,8,1,TRUE,R$4))) -> 인터뷰 | S14: =HYPERLINK("["&MID(CELL("filename"),SEARCH("[",CELL("filename"))+1,SEARCH("]",CELL("filename"))-SEARCH("[",CELL("filename"))-1)&"]"&ADDRESS(ROW()+16,8,1,TRUE,S$4),INDIRECT(ADDRESS(ROW()+16,8,1,TRUE,S$4))) -> 인터뷰 | T14: =HYPERLINK("["&MID(CELL("filename"),SEARCH("[",CELL("filename"))+1,SEARCH("]",CELL("filename"))-SEARCH("[",CELL("filename"))-1)&"]"&ADDRESS(ROW()+16,8,1,TRUE,T$4),INDIRECT(ADDRESS(ROW()+16,8,1,TRUE,T$4))) -> 인터뷰 | ... V14: =HYPERLINK("["&MID(CELL("filename"),SEARCH("[",CELL("filename"))+1,SEARCH("]",CELL("filename"))-SEARCH("[",CELL("filename"))-1)&"]"&ADDRESS(ROW()+16,8,1,TRUE,V$4),INDIRECT(ADDRESS(ROW()+16,8,1,TRUE,V$4))) -> 인터뷰
A15: =ChkList!A15 -> 접근 관리 | B15: =ChkList!$B15 -> N-11 | C15: =ChkList!$C15 -> 원격로그 서버 사용 | D15: =ChkList!$D15 -> M | E15: =ChkList!E15 -> 2 | F15: =COUNTA($M15:INDIRECT(ADDRESS(ROW(),MATCH("",$4:$4,-1),1,1))) -> 10 | G15: =COUNTIF($M15:INDIRECT(ADDRESS(ROW(),MATCH("",$4:$4,-1),1,1)),"조치완료(Y)")+COUNTIF($M15:INDIRECT(ADDRESS(ROW(),MATCH("",$4:$4,-1),1,1)),"Y") -> 4 | H15: =COUNTIF($M15:INDIRECT(ADDRESS(ROW(),MATCH("",$4:$4,-1),1,1)),"Y(즉시조치)")+COUNTIF($M15:INDIRECT(ADDRESS(ROW(),MATCH("",$4:$4,-1),1,1)),"조치완료(즉시조치)") -> 0 | I15: =COUNTIF($M15:INDIRECT(ADDRESS(ROW(),MATCH("",$4:$4,-1),1,1)),"N") -> 6 | J15: =COUNTIF($M15:INDIRECT(ADDRESS(ROW(),MATCH("",$4:$4,-1),1,1)),"N/A")+COUNTIF($M15:INDIRECT(ADDRESS(ROW(),MATCH("",$4:$4,-1),1,1)),"조치완료(N/A)") -> 0 | K15: =VLOOKUP($D15,'parm(hidden)'!$B$8:$C$10,2,FALSE)*($F15-$J15) -> 20 | L15: =VLOOKUP($D15,'parm(hidden)'!$B$8:$C$10,2,FALSE)*($G15+$H15) -> 8 | M15: =HYPERLINK("["&MID(CELL("filename"),SEARCH("[",CELL("filename"))+1,SEARCH("]",CELL("filename"))-SEARCH("[",CELL("filename"))-1)&"]"&ADDRESS(ROW()+16,8,1,TRUE,M$4),INDIRECT(ADDRESS(ROW()+16,8,1,TRUE,M$4))) -> N | N15: =HYPERLINK("["&MID(CELL("filename"),SEARCH("[",CELL("filename"))+1,SEARCH("]",CELL("filename"))-SEARCH("[",CELL("filename"))-1)&"]"&ADDRESS(ROW()+16,8,1,TRUE,N$4),INDIRECT(ADDRESS(ROW()+16,8,1,TRUE,N$4))) -> N | O15: =HYPERLINK("["&MID(CELL("filename"),SEARCH("[",CELL("filename"))+1,SEARCH("]",CELL("filename"))-SEARCH("[",CELL("filename"))-1)&"]"&ADDRESS(ROW()+16,8,1,TRUE,O$4),INDIRECT(ADDRESS(ROW()+16,8,1,TRUE,O$4))) -> N | P15: =HYPERLINK("["&MID(CELL("filename"),SEARCH("[",CELL("filename"))+1,SEARCH("]",CELL("filename"))-SEARCH("[",CELL("filename"))-1)&"]"&ADDRESS(ROW()+16,8,1,TRUE,P$4),INDIRECT(ADDRESS(ROW()+16,8,1,TRUE,P$4))) -> N | Q15: =HYPERLINK("["&MID(CELL("filename"),SEARCH("[",CELL("filename"))+1,SEARCH("]",CELL("filename"))-SEARCH("[",CELL("filename"))-1)&"]"&ADDRESS(ROW()+16,8,1,TRUE,Q$4),INDIRECT(ADDRESS(ROW()+16,8,1,TRUE,Q$4))) -> N | R15: =HYPERLINK("["&MID(CELL("filename"),SEARCH("[",CELL("filename"))+1,SEARCH("]",CELL("filename"))-SEARCH("[",CELL("filename"))-1)&"]"&ADDRESS(ROW()+16,8,1,TRUE,R$4),INDIRECT(ADDRESS(ROW()+16,8,1,TRUE,R$4))) -> N | S15: =HYPERLINK("["&MID(CELL("filename"),SEARCH("[",CELL("filename"))+1,SEARCH("]",CELL("filename"))-SEARCH("[",CELL("filename"))-1)&"]"&ADDRESS(ROW()+16,8,1,TRUE,S$4),INDIRECT(ADDRESS(ROW()+16,8,1,TRUE,S$4))) -> Y | T15: =HYPERLINK("["&MID(CELL("filename"),SEARCH("[",CELL("filename"))+1,SEARCH("]",CELL("filename"))-SEARCH("[",CELL("filename"))-1)&"]"&ADDRESS(ROW()+16,8,1,TRUE,T$4),INDIRECT(ADDRESS(ROW()+16,8,1,TRUE,T$4))) -> Y | ... V15: =HYPERLINK("["&MID(CELL("filename"),SEARCH("[",CELL("filename"))+1,SEARCH("]",CELL("filename"))-SEARCH("[",CELL("filename"))-1)&"]"&ADDRESS(ROW()+16,8,1,TRUE,V$4),INDIRECT(ADDRESS(ROW()+16,8,1,TRUE,V$4))) -> Y
A16: =ChkList!A16 -> 패치 관리 | B16: =ChkList!$B16 -> N-12 | C16: =ChkList!$C16 -> 주기적 보안 패치 및 벤더 권고사항 적용 | D16: =ChkList!$D16 -> H | E16: =ChkList!E16 -> 3 | F16: =COUNTA($M16:INDIRECT(ADDRESS(ROW(),MATCH("",$4:$4,-1),1,1))) -> 10 | G16: =COUNTIF($M16:INDIRECT(ADDRESS(ROW(),MATCH("",$4:$4,-1),1,1)),"조치완료(Y)")+COUNTIF($M16:INDIRECT(ADDRESS(ROW(),MATCH("",$4:$4,-1),1,1)),"Y") -> 4 | H16: =COUNTIF($M16:INDIRECT(ADDRESS(ROW(),MATCH("",$4:$4,-1),1,1)),"Y(즉시조치)")+COUNTIF($M16:INDIRECT(ADDRESS(ROW(),MATCH("",$4:$4,-1),1,1)),"조치완료(즉시조치)") -> 0 | I16: =COUNTIF($M16:INDIRECT(ADDRESS(ROW(),MATCH("",$4:$4,-1),1,1)),"N") -> 6 | J16: =COUNTIF($M16:INDIRECT(ADDRESS(ROW(),MATCH("",$4:$4,-1),1,1)),"N/A")+COUNTIF($M16:INDIRECT(ADDRESS(ROW(),MATCH("",$4:$4,-1),1,1)),"조치완료(N/A)") -> 0 | K16: =VLOOKUP($D16,'parm(hidden)'!$B$8:$C$10,2,FALSE)*($F16-$J16) -> 30 | L16: =VLOOKUP($D16,'parm(hidden)'!$B$8:$C$10,2,FALSE)*($G16+$H16) -> 12 | M16: =HYPERLINK("["&MID(CELL("filename"),SEARCH("[",CELL("filename"))+1,SEARCH("]",CELL("filename"))-SEARCH("[",CELL("filename"))-1)&"]"&ADDRESS(ROW()+16,8,1,TRUE,M$4),INDIRECT(ADDRESS(ROW()+16,8,1,TRUE,M$4))) -> N | N16: =HYPERLINK("["&MID(CELL("filename"),SEARCH("[",CELL("filename"))+1,SEARCH("]",CELL("filename"))-SEARCH("[",CELL("filename"))-1)&"]"&ADDRESS(ROW()+16,8,1,TRUE,N$4),INDIRECT(ADDRESS(ROW()+16,8,1,TRUE,N$4))) -> N | O16: =HYPERLINK("["&MID(CELL("filename"),SEARCH("[",CELL("filename"))+1,SEARCH("]",CELL("filename"))-SEARCH("[",CELL("filename"))-1)&"]"&ADDRESS(ROW()+16,8,1,TRUE,O$4),INDIRECT(ADDRESS(ROW()+16,8,1,TRUE,O$4))) -> N | P16: =HYPERLINK("["&MID(CELL("filename"),SEARCH("[",CELL("filename"))+1,SEARCH("]",CELL("filename"))-SEARCH("[",CELL("filename"))-1)&"]"&ADDRESS(ROW()+16,8,1,TRUE,P$4),INDIRECT(ADDRESS(ROW()+16,8,1,TRUE,P$4))) -> N | Q16: =HYPERLINK("["&MID(CELL("filename"),SEARCH("[",CELL("filename"))+1,SEARCH("]",CELL("filename"))-SEARCH("[",CELL("filename"))-1)&"]"&ADDRESS(ROW()+16,8,1,TRUE,Q$4),INDIRECT(ADDRESS(ROW()+16,8,1,TRUE,Q$4))) -> N | R16: =HYPERLINK("["&MID(CELL("filename"),SEARCH("[",CELL("filename"))+1,SEARCH("]",CELL("filename"))-SEARCH("[",CELL("filename"))-1)&"]"&ADDRESS(ROW()+16,8,1,TRUE,R$4),INDIRECT(ADDRESS(ROW()+16,8,1,TRUE,R$4))) -> N | S16: =HYPERLINK("["&MID(CELL("filename"),SEARCH("[",CELL("filename"))+1,SEARCH("]",CELL("filename"))-SEARCH("[",CELL("filename"))-1)&"]"&ADDRESS(ROW()+16,8,1,TRUE,S$4),INDIRECT(ADDRESS(ROW()+16,8,1,TRUE,S$4))) -> Y | T16: =HYPERLINK("["&MID(CELL("filename"),SEARCH("[",CELL("filename"))+1,SEARCH("]",CELL("filename"))-SEARCH("[",CELL("filename"))-1)&"]"&ADDRESS(ROW()+16,8,1,TRUE,T$4),INDIRECT(ADDRESS(ROW()+16,8,1,TRUE,T$4))) -> Y | ... V16: =HYPERLINK("["&MID(CELL("filename"),SEARCH("[",CELL("filename"))+1,SEARCH("]",CELL("filename"))-SEARCH("[",CELL("filename"))-1)&"]"&ADDRESS(ROW()+16,8,1,TRUE,V$4),INDIRECT(ADDRESS(ROW()+16,8,1,TRUE,V$4))) -> Y
... A42: =ChkList!A42 -> 기능 관리 | B42: =ChkList!$B42 -> N-38 | C42: =ChkList!$C42 -> mask-reply 차단 | D42: =ChkList!$D42 -> M | E42: =ChkList!E42 -> 2 | F42: =COUNTA($M42:INDIRECT(ADDRESS(ROW(),MATCH("",$4:$4,-1),1,1))) -> 10 | G42: =COUNTIF($M42:INDIRECT(ADDRESS(ROW(),MATCH("",$4:$4,-1),1,1)),"조치완료(Y)")+COUNTIF($M42:INDIRECT(ADDRESS(ROW(),MATCH("",$4:$4,-1),1,1)),"Y") -> 4 | H42: =COUNTIF($M42:INDIRECT(ADDRESS(ROW(),MATCH("",$4:$4,-1),1,1)),"Y(즉시조치)")+COUNTIF($M42:INDIRECT(ADDRESS(ROW(),MATCH("",$4:$4,-1),1,1)),"조치완료(즉시조치)") -> 0 | I42: =COUNTIF($M42:INDIRECT(ADDRESS(ROW(),MATCH("",$4:$4,-1),1,1)),"N") -> 4 | J42: =COUNTIF($M42:INDIRECT(ADDRESS(ROW(),MATCH("",$4:$4,-1),1,1)),"N/A")+COUNTIF($M42:INDIRECT(ADDRESS(ROW(),MATCH("",$4:$4,-1),1,1)),"조치완료(N/A)") -> 0 | K42: =VLOOKUP($D42,'parm(hidden)'!$B$8:$C$10,2,FALSE)*($F42-$J42) -> 20 | L42: =VLOOKUP($D42,'parm(hidden)'!$B$8:$C$10,2,FALSE)*($G42+$H42) -> 8 | M42: =HYPERLINK("["&MID(CELL("filename"),SEARCH("[",CELL("filename"))+1,SEARCH("]",CELL("filename"))-SEARCH("[",CELL("filename"))-1)&"]"&ADDRESS(ROW()+16,8,1,TRUE,M$4),INDIRECT(ADDRESS(ROW()+16,8,1,TRUE,M$4))) -> N | N42: =HYPERLINK("["&MID(CELL("filename"),SEARCH("[",CELL("filename"))+1,SEARCH("]",CELL("filename"))-SEARCH("[",CELL("filename"))-1)&"]"&ADDRESS(ROW()+16,8,1,TRUE,N$4),INDIRECT(ADDRESS(ROW()+16,8,1,TRUE,N$4))) -> N | O42: =HYPERLINK("["&MID(CELL("filename"),SEARCH("[",CELL("filename"))+1,SEARCH("]",CELL("filename"))-SEARCH("[",CELL("filename"))-1)&"]"&ADDRESS(ROW()+16,8,1,TRUE,O$4),INDIRECT(ADDRESS(ROW()+16,8,1,TRUE,O$4))) -> N | P42: =HYPERLINK("["&MID(CELL("filename"),SEARCH("[",CELL("filename"))+1,SEARCH("]",CELL("filename"))-SEARCH("[",CELL("filename"))-1)&"]"&ADDRESS(ROW()+16,8,1,TRUE,P$4),INDIRECT(ADDRESS(ROW()+16,8,1,TRUE,P$4))) -> N | Q42: =HYPERLINK("["&MID(CELL("filename"),SEARCH("[",CELL("filename"))+1,SEARCH("]",CELL("filename"))-SEARCH("[",CELL("filename"))-1)&"]"&ADDRESS(ROW()+16,8,1,TRUE,Q$4),INDIRECT(ADDRESS(ROW()+16,8,1,TRUE,Q$4))) -> 인터뷰 | R42: =HYPERLINK("["&MID(CELL("filename"),SEARCH("[",CELL("filename"))+1,SEARCH("]",CELL("filename"))-SEARCH("[",CELL("filename"))-1)&"]"&ADDRESS(ROW()+16,8,1,TRUE,R$4),INDIRECT(ADDRESS(ROW()+16,8,1,TRUE,R$4))) -> 인터뷰 | S42: =HYPERLINK("["&MID(CELL("filename"),SEARCH("[",CELL("filename"))+1,SEARCH("]",CELL("filename"))-SEARCH("[",CELL("filename"))-1)&"]"&ADDRESS(ROW()+16,8,1,TRUE,S$4),INDIRECT(ADDRESS(ROW()+16,8,1,TRUE,S$4))) -> Y | T42: =HYPERLINK("["&MID(CELL("filename"),SEARCH("[",CELL("filename"))+1,SEARCH("]",CELL("filename"))-SEARCH("[",CELL("filename"))-1)&"]"&ADDRESS(ROW()+16,8,1,TRUE,T$4),INDIRECT(ADDRESS(ROW()+16,8,1,TRUE,T$4))) -> Y | ... V42: =HYPERLINK("["&MID(CELL("filename"),SEARCH("[",CELL("filename"))+1,SEARCH("]",CELL("filename"))-SEARCH("[",CELL("filename"))-1)&"]"&ADDRESS(ROW()+16,8,1,TRUE,V$4),INDIRECT(ADDRESS(ROW()+16,8,1,TRUE,V$4))) -> Y
F43: =SUM(F5:F42) -> 380 | G43: =SUM(G5:G42) -> 160 | H43: =SUM(H5:H42) -> 0 | I43: =SUM(I5:I42) -> 164 | J43: =SUM(J5:J42) -> 26 | K43: =SUM(K5:K42) -> 844 | L43: =SUM(L5:L42) -> 380 | M43: =COUNTIFS(M$5:M$42,"<>",M$5:M$42,"<>0") -> 38 | N43: =COUNTIFS(N$5:N$42,"<>",N$5:N$42,"<>0") -> 38 | O43: =COUNTIFS(O$5:O$42,"<>",O$5:O$42,"<>0") -> 38 | P43: =COUNTIFS(P$5:P$42,"<>",P$5:P$42,"<>0") -> 38 | Q43: =COUNTIFS(Q$5:Q$42,"<>",Q$5:Q$42,"<>0") -> 38 | R43: =COUNTIFS(R$5:R$42,"<>",R$5:R$42,"<>0") -> 38 | S43: =COUNTIFS(S$5:S$42,"<>",S$5:S$42,"<>0") -> 38 | T43: =COUNTIFS(T$5:T$42,"<>",T$5:T$42,"<>0") -> 38 | ... V43: =COUNTIFS(V$5:V$42,"<>",V$5:V$42,"<>0") -> 38

Sheet 취약점 진단 통계 (이행)
A1: ■ 영역별/장비별 보안수준 통계
A3: 1) 영역별 보안수준
A4: 분류 | E4: 진단 결과 | J4: 이행 결과 | O4: 중요도점수
E5: 전체항목 | F5: 진단항목 | G5: 양호 | H5: 취약 | I5: 해당없음 | J5: 조치 | K5: 미조치 | L5: 위험수용 | M5: 해당없음 | N5: 잔여취약점 (미조치+위험수용) | O5: 전체점수 (이행전) | P5: 전체점수 (이행후) | Q5: 평가점수 (이행전) | R5: 평가점수 (이행후) | S5: 이행율 | T5: 보안수준 (이행 전) | U5: 보안수준 (이행 후)
A6: 계정 관리 | E6: =SUMIF('취약점 진단 항목별 통계 (이행)'!$A:$A,$A6&"*",'취약점 진단 항목별 통계 (이행)'!$F:$F) -> 10 | F6: =E6-I6 -> 10 | G6: =SUMIF('취약점 진단 항목별 통계'!$A:$A,$A6&"*",'취약점 진단 항목별 통계'!$G:$G)+SUMIF('취약점 진단 항목별 통계'!$A:$A,$A6&"*",'취약점 진단 항목별 통계'!$H:$H) -> 20 | H6: =SUMIF('취약점 진단 항목별 통계'!$A:$A,$A6&"*",'취약점 진단 항목별 통계'!$I:$I) -> 30 | I6: =SUMIF('취약점 진단 항목별 통계'!$A:$A,$A6&"*",'취약점 진단 항목별 통계'!$J:$J) -> 0 | J6: =SUMIF('취약점 진단 항목별 통계 (이행)'!$A:$A,$A6&"*",'취약점 진단 항목별 통계 (이행)'!$K:$K) -> 10 | K6: =SUMIF('취약점 진단 항목별 통계 (이행)'!$A:$A,$A6&"*",'취약점 진단 항목별 통계 (이행)'!$L:$L) -> 0 | L6: =SUMIF('취약점 진단 항목별 통계 (이행)'!$A:$A,$A6&"*",'취약점 진단 항목별 통계 (이행)'!$M:$M) -> 0 | M6: =SUMIF('취약점 진단 항목별 통계 (이행)'!$A:$A,$A6&"*",'취약점 진단 항목별 통계 (이행)'!$N:$N) -> 0 | N6: =K6+L6 -> 0 | O6: =SUMIF('취약점 진단 항목별 통계 (이행)'!$A:$A,$A6&"*",'취약점 진단 항목별 통계 (이행)'!$O:$O) -> 28 | P6: =SUMIF('취약점 진단 항목별 통계 (이행)'!$A:$A,$A6&"*",'취약점 진단 항목별 통계 (이행)'!$P:$P) -> 28 | Q6: =SUMIF('취약점 진단 항목별 통계 (이행)'!$A:$A,$A6&"*",'취약점 진단 항목별 통계 (이행)'!$Q:$Q) -> 56 | R6: =SUMIF('취약점 진단 항목별 통계 (이행)'!$A:$A,$A6&"*",'취약점 진단 항목별 통계 (이행)'!$R:$R) -> 84 | S6: =IFERROR($J6/($H6-(M6-I6)),"N/A") -> 0.33333333 | T6: =IF($I6=$E6,"N/A",(Q6/O6)) -> 2 | U6: =IF(OR($I6=$E6,$E6=$M6),"N/A",($R6/$P6)) -> 3
A7: 접근 관리 | E7: =SUMIF('취약점 진단 항목별 통계 (이행)'!$A:$A,$A7&"*",'취약점 진단 항목별 통계 (이행)'!$F:$F) -> 12 | F7: =E7-I7 -> 12 | G7: =SUMIF('취약점 진단 항목별 통계'!$A:$A,$A7&"*",'취약점 진단 항목별 통계'!$G:$G)+SUMIF('취약점 진단 항목별 통계'!$A:$A,$A7&"*",'취약점 진단 항목별 통계'!$H:$H) -> 20 | H7: =SUMIF('취약점 진단 항목별 통계'!$A:$A,$A7&"*",'취약점 진단 항목별 통계'!$I:$I) -> 30 | I7: =SUMIF('취약점 진단 항목별 통계'!$A:$A,$A7&"*",'취약점 진단 항목별 통계'!$J:$J) -> 0 | J7: =SUMIF('취약점 진단 항목별 통계 (이행)'!$A:$A,$A7&"*",'취약점 진단 항목별 통계 (이행)'!$K:$K) -> 10 | K7: =SUMIF('취약점 진단 항목별 통계 (이행)'!$A:$A,$A7&"*",'취약점 진단 항목별 통계 (이행)'!$L:$L) -> 2 | L7: =SUMIF('취약점 진단 항목별 통계 (이행)'!$A:$A,$A7&"*",'취약점 진단 항목별 통계 (이행)'!$M:$M) -> 0 | M7: =SUMIF('취약점 진단 항목별 통계 (이행)'!$A:$A,$A7&"*",'취약점 진단 항목별 통계 (이행)'!$N:$N) -> 0 | N7: =K7+L7 -> 2 | O7: =SUMIF('취약점 진단 항목별 통계 (이행)'!$A:$A,$A7&"*",'취약점 진단 항목별 통계 (이행)'!$O:$O) -> 28 | P7: =SUMIF('취약점 진단 항목별 통계 (이행)'!$A:$A,$A7&"*",'취약점 진단 항목별 통계 (이행)'!$P:$P) -> 28 | Q7: =SUMIF('취약점 진단 항목별 통계 (이행)'!$A:$A,$A7&"*",'취약점 진단 항목별 통계 (이행)'!$Q:$Q) -> 48 | R7: =SUMIF('취약점 진단 항목별 통계 (이행)'!$A:$A,$A7&"*",'취약점 진단 항목별 통계 (이행)'!$R:$R) -> 72 | S7: =IFERROR($J7/($H7-(M7-I7)),"N/A") -> 0.33333333 | T7: =IF($I7=$E7,"N/A",(Q7/O7)) -> 1.7142857 | U7: =IF(OR($I7=$E7,$E7=$M7),"N/A",($R7/$P7)) -> 2.5714286
A8: 패치 관리 | E8: =SUMIF('취약점 진단 항목별 통계 (이행)'!$A:$A,$A8&"*",'취약점 진단 항목별 통계 (이행)'!$F:$F) -> 2 | F8: =E8-I8 -> 2 | G8: =SUMIF('취약점 진단 항목별 통계'!$A:$A,$A8&"*",'취약점 진단 항목별 통계'!$G:$G)+SUMIF('취약점 진단 항목별 통계'!$A:$A,$A8&"*",'취약점 진단 항목별 통계'!$H:$H) -> 4 | H8: =SUMIF('취약점 진단 항목별 통계'!$A:$A,$A8&"*",'취약점 진단 항목별 통계'!$I:$I) -> 6 | I8: =SUMIF('취약점 진단 항목별 통계'!$A:$A,$A8&"*",'취약점 진단 항목별 통계'!$J:$J) -> 0 | J8: =SUMIF('취약점 진단 항목별 통계 (이행)'!$A:$A,$A8&"*",'취약점 진단 항목별 통계 (이행)'!$K:$K) -> 2 | K8: =SUMIF('취약점 진단 항목별 통계 (이행)'!$A:$A,$A8&"*",'취약점 진단 항목별 통계 (이행)'!$L:$L) -> 0 | L8: =SUMIF('취약점 진단 항목별 통계 (이행)'!$A:$A,$A8&"*",'취약점 진단 항목별 통계 (이행)'!$M:$M) -> 0 | M8: =SUMIF('취약점 진단 항목별 통계 (이행)'!$A:$A,$A8&"*",'취약점 진단 항목별 통계 (이행)'!$N:$N) -> 0 | N8: =K8+L8 -> 0 | O8: =SUMIF('취약점 진단 항목별 통계 (이행)'!$A:$A,$A8&"*",'취약점 진단 항목별 통계 (이행)'!$O:$O) -> 6 | P8: =SUMIF('취약점 진단 항목별 통계 (이행)'!$A:$A,$A8&"*",'취약점 진단 항목별 통계 (이행)'!$P:$P) -> 6 | Q8: =SUMIF('취약점 진단 항목별 통계 (이행)'!$A:$A,$A8&"*",'취약점 진단 항목별 통계 (이행)'!$Q:$Q) -> 12 | R8: =SUMIF('취약점 진단 항목별 통계 (이행)'!$A:$A,$A8&"*",'취약점 진단 항목별 통계 (이행)'!$R:$R) -> 18 | S8: =IFERROR($J8/($H8-(M8-I8)),"N/A") -> 0.33333333 | T8: =IF($I8=$E8,"N/A",(Q8/O8)) -> 2 | U8: =IF(OR($I8=$E8,$E8=$M8),"N/A",($R8/$P8)) -> 3
A9: 로그 관리 | E9: =SUMIF('취약점 진단 항목별 통계 (이행)'!$A:$A,$A9&"*",'취약점 진단 항목별 통계 (이행)'!$F:$F) -> 8 | F9: =E9-I9 -> 8 | G9: =SUMIF('취약점 진단 항목별 통계'!$A:$A,$A9&"*",'취약점 진단 항목별 통계'!$G:$G)+SUMIF('취약점 진단 항목별 통계'!$A:$A,$A9&"*",'취약점 진단 항목별 통계'!$H:$H) -> 18 | H9: =SUMIF('취약점 진단 항목별 통계'!$A:$A,$A9&"*",'취약점 진단 항목별 통계'!$I:$I) -> 12 | I9: =SUMIF('취약점 진단 항목별 통계'!$A:$A,$A9&"*",'취약점 진단 항목별 통계'!$J:$J) -> 0 | J9: =SUMIF('취약점 진단 항목별 통계 (이행)'!$A:$A,$A9&"*",'취약점 진단 항목별 통계 (이행)'!$K:$K) -> 4 | K9: =SUMIF('취약점 진단 항목별 통계 (이행)'!$A:$A,$A9&"*",'취약점 진단 항목별 통계 (이행)'!$L:$L) -> 2 | L9: =SUMIF('취약점 진단 항목별 통계 (이행)'!$A:$A,$A9&"*",'취약점 진단 항목별 통계 (이행)'!$M:$M) -> 0 | M9: =SUMIF('취약점 진단 항목별 통계 (이행)'!$A:$A,$A9&"*",'취약점 진단 항목별 통계 (이행)'!$N:$N) -> 0 | N9: =K9+L9 -> 2 | O9: =SUMIF('취약점 진단 항목별 통계 (이행)'!$A:$A,$A9&"*",'취약점 진단 항목별 통계 (이행)'!$O:$O) -> 14 | P9: =SUMIF('취약점 진단 항목별 통계 (이행)'!$A:$A,$A9&"*",'취약점 진단 항목별 통계 (이행)'!$P:$P) -> 14 | Q9: =SUMIF('취약점 진단 항목별 통계 (이행)'!$A:$A,$A9&"*",'취약점 진단 항목별 통계 (이행)'!$Q:$Q) -> 26 | R9: =SUMIF('취약점 진단 항목별 통계 (이행)'!$A:$A,$A9&"*",'취약점 진단 항목별 통계 (이행)'!$R:$R) -> 34 | S9: =IFERROR($J9/($H9-(M9-I9)),"N/A") -> 0.33333333 | T9: =IF($I9=$E9,"N/A",(Q9/O9)) -> 1.8571429 | U9: =IF(OR($I9=$E9,$E9=$M9),"N/A",($R9/$P9)) -> 2.4285714
A10: 기능 관리 | E10: =SUMIF('취약점 진단 항목별 통계 (이행)'!$A:$A,$A10&"*",'취약점 진단 항목별 통계 (이행)'!$F:$F) -> 44 | F10: =E10-I10 -> 18 | G10: =SUMIF('취약점 진단 항목별 통계'!$A:$A,$A10&"*",'취약점 진단 항목별 통계'!$G:$G)+SUMIF('취약점 진단 항목별 통계'!$A:$A,$A10&"*",'취약점 진단 항목별 통계'!$H:$H) -> 98 | H10: =SUMIF('취약점 진단 항목별 통계'!$A:$A,$A10&"*",'취약점 진단 항목별 통계'!$I:$I) -> 86 | I10: =SUMIF('취약점 진단 항목별 통계'!$A:$A,$A10&"*",'취약점 진단 항목별 통계'!$J:$J) -> 26 | J10: =SUMIF('취약점 진단 항목별 통계 (이행)'!$A:$A,$A10&"*",'취약점 진단 항목별 통계 (이행)'!$K:$K) -> 34 | K10: =SUMIF('취약점 진단 항목별 통계 (이행)'!$A:$A,$A10&"*",'취약점 진단 항목별 통계 (이행)'!$L:$L) -> 4 | L10: =SUMIF('취약점 진단 항목별 통계 (이행)'!$A:$A,$A10&"*",'취약점 진단 항목별 통계 (이행)'!$M:$M) -> 0 | M10: =SUMIF('취약점 진단 항목별 통계 (이행)'!$A:$A,$A10&"*",'취약점 진단 항목별 통계 (이행)'!$N:$N) -> 0 | N10: =K10+L10 -> 4 | O10: =SUMIF('취약점 진단 항목별 통계 (이행)'!$A:$A,$A10&"*",'취약점 진단 항목별 통계 (이행)'!$O:$O) -> 48 | P10: =SUMIF('취약점 진단 항목별 통계 (이행)'!$A:$A,$A10&"*",'취약점 진단 항목별 통계 (이행)'!$P:$P) -> 104 | Q10: =SUMIF('취약점 진단 항목별 통계 (이행)'!$A:$A,$A10&"*",'취약점 진단 항목별 통계 (이행)'!$Q:$Q) -> 238 | R10: =SUMIF('취약점 진단 항목별 통계 (이행)'!$A:$A,$A10&"*",'취약점 진단 항목별 통계 (이행)'!$R:$R) -> 312 | S10: =IFERROR($J10/($H10-(M10-I10)),"N/A") -> 0.30357143 | T10: =IF($I10=$E10,"N/A",(Q10/O10)) -> 4.9583333 | U10: =IF(OR($I10=$E10,$E10=$M10),"N/A",($R10/$P10)) -> 3
A11: 계 | E11: =SUM(E6:E10) -> 76 | F11: =SUM(F6:F10) -> 50 | G11: =SUM(G6:G10) -> 160 | H11: =SUM(H6:H10) -> 164 | I11: =SUM(I6:I10) -> 26 | J11: =SUM(J6:J10) -> 60 | K11: =SUM(K6:K10) -> 8 | L11: =SUM(L6:L10) -> 0 | ... R11: =SUM(R6:R10) -> 520 | S11: =IFERROR($J11/($H11-(M11-I11)),"N/A") -> 0.31578947 | T11: =IF($I11=$E11,"N/A",(Q11/O11)) -> 3.0645161 | U11: =IF(OR($I11=$E11,$E11=$M11),"N/A",($R11/$P11)) -> 2.8888889
A39: 2) 장비별 보안수준
A40: 장비 구분 | E40: 진단 결과 | J40: 이행 결과 | O40: 중요도점수
E41: 전체항목 | F41: 진단항목 | G41: 양호 | H41: 취약 | I41: 해당없음 | J41: 조치 | K41: 미조치 | L41: 위험수용 | M41: 해당없음 | N41: 잔여취약점 (미조치+위험수용) | O41: 전체점수 (이행전) | P41: 전체점수 (이행후) | Q41: 평가점수 (이행전) | R41: 평가점수 (이행후) | S41: 이행율 | T41: 보안수준 (이행 전) | U41: 보안수준 (이행 후)
A42: =HYPERLINK("["&MID(CELL("filename"),SEARCH("[",CELL("filename"))+1,SEARCH("]",CELL("filename"))-SEARCH("[",CELL("filename"))-1)&"]"&INDIRECT(ADDRESS(ROW()-37,2,1,TRUE,"자산목록"))&"!A1",INDIRECT(ADDRESS(ROW()-37,2,1,TRUE,"자산목록"))) -> HQ_L3_1 | C42: =IFERROR(VLOOKUP($A42,자산목록!$B$1:$M$834,8,FALSE),"-") -> L3 스위치 | E42: =IFERROR(INDIRECT(ADDRESS(17,4,1,TRUE,$A42)),0) -> 38 | F42: =E42-I42 -> 38 | G42: =IFERROR(INDIRECT(ADDRESS(17,5,1,TRUE,$A42)),0) -> 4 | H42: =IFERROR(INDIRECT(ADDRESS(17,6,1,TRUE,$A42)),0) -> 32 | I42: =IFERROR(INDIRECT(ADDRESS(17,7,1,TRUE,$A42)),0) -> 0 | J42: =IFERROR(INDIRECT(ADDRESS(17,10,1,TRUE,$A42)),0) -> 30 | K42: =IFERROR(INDIRECT(ADDRESS(17,11,1,TRUE,$A42)),0) -> 4 | L42: =IFERROR(INDIRECT(ADDRESS(17,12,1,TRUE,$A42)),0) -> 0 | M42: =IFERROR(INDIRECT(ADDRESS(17,13,1,TRUE,$A42)),0) -> 0 | N42: =K42+L42 -> 4 | O42: =IFERROR(INDIRECT(ADDRESS(17,18,1,TRUE,$A42)),0) -> 90 | P42: =IFERROR(INDIRECT(ADDRESS(17,21,1,TRUE,$A42)),0) -> 90 | Q42: =IFERROR(INDIRECT(ADDRESS(17,19,1,TRUE,$A42)),0) -> 10 | R42: =IFERROR(INDIRECT(ADDRESS(17,20,1,TRUE,$A42)),0) -> 80 | S42: =IFERROR(INDIRECT(ADDRESS(17,14,1,TRUE,$A42)),0) -> 0.9375 | T42: =IFERROR(INDIRECT(ADDRESS(17,8,1,TRUE,$A42)),0) -> 0.11111111 | U42: =IFERROR(INDIRECT(ADDRESS(17,15,1,TRUE,$A42)),0) -> 0.88888889
A43: =HYPERLINK("["&MID(CELL("filename"),SEARCH("[",CELL("filename"))+1,SEARCH("]",CELL("filename"))-SEARCH("[",CELL("filename"))-1)&"]"&INDIRECT(ADDRESS(ROW()-37,2,1,TRUE,"자산목록"))&"!A1",INDIRECT(ADDRESS(ROW()-37,2,1,TRUE,"자산목록"))) -> HQ_L3_2 | C43: =IFERROR(VLOOKUP($A43,자산목록!$B$1:$M$834,8,FALSE),"-") -> L3 스위치 | E43: =IFERROR(INDIRECT(ADDRESS(17,4,1,TRUE,$A43)),0) -> 38 | F43: =E43-I43 -> 38 | G43: =IFERROR(INDIRECT(ADDRESS(17,5,1,TRUE,$A43)),0) -> 4 | H43: =IFERROR(INDIRECT(ADDRESS(17,6,1,TRUE,$A43)),0) -> 32 | I43: =IFERROR(INDIRECT(ADDRESS(17,7,1,TRUE,$A43)),0) -> 0 | J43: =IFERROR(INDIRECT(ADDRESS(17,10,1,TRUE,$A43)),0) -> 30 | K43: =IFERROR(INDIRECT(ADDRESS(17,11,1,TRUE,$A43)),0) -> 4 | L43: =IFERROR(INDIRECT(ADDRESS(17,12,1,TRUE,$A43)),0) -> 0 | M43: =IFERROR(INDIRECT(ADDRESS(17,13,1,TRUE,$A43)),0) -> 0 | N43: =K43+L43 -> 4 | O43: =IFERROR(INDIRECT(ADDRESS(17,18,1,TRUE,$A43)),0) -> 90 | P43: =IFERROR(INDIRECT(ADDRESS(17,21,1,TRUE,$A43)),0) -> 90 | Q43: =IFERROR(INDIRECT(ADDRESS(17,19,1,TRUE,$A43)),0) -> 10 | R43: =IFERROR(INDIRECT(ADDRESS(17,20,1,TRUE,$A43)),0) -> 80 | S43: =IFERROR(INDIRECT(ADDRESS(17,14,1,TRUE,$A43)),0) -> 0.9375 | T43: =IFERROR(INDIRECT(ADDRESS(17,8,1,TRUE,$A43)),0) -> 0.11111111 | U43: =IFERROR(INDIRECT(ADDRESS(17,15,1,TRUE,$A43)),0) -> 0.88888889
A44: 계 | E44: =SUM(E42:E43) -> 76 | F44: =SUM(F42:F43) -> 76 | G44: =SUM(G42:G43) -> 8 | H44: =SUM(H42:H43) -> 64 | I44: =SUM(I42:I43) -> 0 | J44: =SUM(J42:J43) -> 60 | K44: =SUM(K42:K43) -> 8 | L44: =SUM(L42:L43) -> 0 | ... R44: =SUM(R42:R43) -> 160 | S44: =IFERROR($J44/($H44-(M44-I44)),"N/A") -> 0.9375 | T44: =IF($I44=$E44,"N/A",(Q44/O44)) -> 0.11111111 | U44: =IF(OR($I44=$E44,$E44=$M44),"N/A",($R44/$P44)) -> 0.88888889

Sheet 취약점 진단 항목별 통계 (이행)
A1: ■ 취약점 진단 항목별 통계
A3: =ChkList!A4 -> 분류 | C3: =ChkList!C4 -> 진단항목 | D3: =ChkList!D4 -> 중요도 | F3: 진단 통계 | K3: 이행 진단 통계 | O3: 중요도 점수 | S3: 진단결과 | T3: 진단결과
F4: 전체 | G4: 양호 | H4: 즉시조치 | I4: 취약 | J4: N/A | K4: 조치 | L4: 미조치 | M4: 위험수용 | N4: N/A | O4: 전체이행전 | P4: 전체이행후 | Q4: 평가이행전 | R4: 평가이행후 | S4: =HYPERLINK("["&MID(CELL("filename"),SEARCH("[",CELL("filename"))+1,SEARCH("]",CELL("filename"))-SEARCH("[",CELL("filename"))-1)&"]"&INDIRECT(ADDRESS(COLUMN()-14,2,1,TRUE,"자산목록"))&"!A1",INDIRECT(ADDRESS(COLUMN()-14,2,1,TRUE,"자산목록"))) -> HQ_L3_1 | T4: =HYPERLINK("["&MID(CELL("filename"),SEARCH("[",CELL("filename"))+1,SEARCH("]",CELL("filename"))-SEARCH("[",CELL("filename"))-1)&"]"&INDIRECT(ADDRESS(COLUMN()-14,2,1,TRUE,"자산목록"))&"!A1",INDIRECT(ADDRESS(COLUMN()-14,2,1,TRUE,"자산목록"))) -> HQ_L3_2
A5: =ChkList!A5 -> 계정 관리 | B5: =ChkList!$B5 -> N-01 | C5: =ChkList!$C5 -> 비밀번호 설정 | D5: =ChkList!$D5 -> H | E5: =ChkList!E5 -> 3 | F5: =COUNTA($S5:INDIRECT(ADDRESS(ROW(),MATCH("",$4:$4,-1),1,1))) -> 2 | G5: ='취약점 진단 항목별 통계'!G5 -> 4 | H5: ='취약점 진단 항목별 통계'!H5 -> 0 | I5: ='취약점 진단 항목별 통계'!I5 -> 6 | J5: ='취약점 진단 항목별 통계'!J5 -> 0 | K5: =COUNTIF($S5:INDIRECT(ADDRESS(ROW(),MATCH("",$4:$4,-1),1,1)),"조치") -> 2 | L5: =COUNTIF($S5:INDIRECT(ADDRESS(ROW(),MATCH("",$4:$4,-1),1,1)),"미조치") -> 0 | M5: =COUNTIF($S5:INDIRECT(ADDRESS(ROW(),MATCH("",$4:$4,-1),1,1)),"위험수용") -> 0 | N5: =COUNTIF($S5:INDIRECT(ADDRESS(ROW(),MATCH("",$4:$4,-1),1,1)),"N/A") -> 0 | O5: =VLOOKUP($D5,'parm(hidden)'!$B$8:$C$10,2,FALSE)*($F5-$J5) -> 6 | P5: =VLOOKUP($D5,'parm(hidden)'!$B$8:$C$10,2,FALSE)*($F5-$N5) -> 6 | Q5: =VLOOKUP($D5,'parm(hidden)'!$B$8:$C$10,2,FALSE)*($G5+$H5) -> 12 | R5: =VLOOKUP($D5,'parm(hidden)'!$B$8:$C$10,2,FALSE)*($G5+$H5+$K5) -> 18 | S5: =HYPERLINK("["&MID(CELL("filename"),SEARCH("[",CELL("filename"))+1,SEARCH("]",CELL("filename"))-SEARCH("[",CELL("filename"))-1)&"]"&ADDRESS(ROW()+16,11,1,TRUE,S$4),INDIRECT(ADDRESS(ROW()+16,11,1,TRUE,S$4))) -> 조치 | T5: =HYPERLINK("["&MID(CELL("filename"),SEARCH("[",CELL("filename"))+1,SEARCH("]",CELL("filename"))-SEARCH("[",CELL("filename"))-1)&"]"&ADDRESS(ROW()+16,11,1,TRUE,T$4),INDIRECT(ADDRESS(ROW()+16,11,1,TRUE,T$4))) -> 조치
A6: =ChkList!A6 -> 계정 관리 | B6: =ChkList!$B6 -> N-02 | C6: =ChkList!$C6 -> 비밀번호 복잡성 설정 | D6: =ChkList!$D6 -> H | E6: =ChkList!E6 -> 3 | F6: =COUNTA($S6:INDIRECT(ADDRESS(ROW(),MATCH("",$4:$4,-1),1,1))) -> 2 | G6: ='취약점 진단 항목별 통계'!G6 -> 4 | H6: ='취약점 진단 항목별 통계'!H6 -> 0 | I6: ='취약점 진단 항목별 통계'!I6 -> 6 | J6: ='취약점 진단 항목별 통계'!J6 -> 0 | K6: =COUNTIF($S6:INDIRECT(ADDRESS(ROW(),MATCH("",$4:$4,-1),1,1)),"조치") -> 2 | L6: =COUNTIF($S6:INDIRECT(ADDRESS(ROW(),MATCH("",$4:$4,-1),1,1)),"미조치") -> 0 | M6: =COUNTIF($S6:INDIRECT(ADDRESS(ROW(),MATCH("",$4:$4,-1),1,1)),"위험수용") -> 0 | N6: =COUNTIF($S6:INDIRECT(ADDRESS(ROW(),MATCH("",$4:$4,-1),1,1)),"N/A") -> 0 | O6: =VLOOKUP($D6,'parm(hidden)'!$B$8:$C$10,2,FALSE)*($F6-$J6) -> 6 | P6: =VLOOKUP($D6,'parm(hidden)'!$B$8:$C$10,2,FALSE)*($F6-$N6) -> 6 | Q6: =VLOOKUP($D6,'parm(hidden)'!$B$8:$C$10,2,FALSE)*($G6+$H6) -> 12 | R6: =VLOOKUP($D6,'parm(hidden)'!$B$8:$C$10,2,FALSE)*($G6+$H6+$K6) -> 18 | S6: =HYPERLINK("["&MID(CELL("filename"),SEARCH("[",CELL("filename"))+1,SEARCH("]",CELL("filename"))-SEARCH("[",CELL("filename"))-1)&"]"&ADDRESS(ROW()+16,11,1,TRUE,S$4),INDIRECT(ADDRESS(ROW()+16,11,1,TRUE,S$4))) -> 조치 | T6: =HYPERLINK("["&MID(CELL("filename"),SEARCH("[",CELL("filename"))+1,SEARCH("]",CELL("filename"))-SEARCH("[",CELL("filename"))-1)&"]"&ADDRESS(ROW()+16,11,1,TRUE,T$4),INDIRECT(ADDRESS(ROW()+16,11,1,TRUE,T$4))) -> 조치
A7: =ChkList!A7 -> 계정 관리 | B7: =ChkList!$B7 -> N-03 | C7: =ChkList!$C7 -> 암호화된 비밀번호 사용 | D7: =ChkList!$D7 -> H | E7: =ChkList!E7 -> 3 | F7: =COUNTA($S7:INDIRECT(ADDRESS(ROW(),MATCH("",$4:$4,-1),1,1))) -> 2 | G7: ='취약점 진단 항목별 통계'!G7 -> 4 | H7: ='취약점 진단 항목별 통계'!H7 -> 0 | I7: ='취약점 진단 항목별 통계'!I7 -> 6 | J7: ='취약점 진단 항목별 통계'!J7 -> 0 | K7: =COUNTIF($S7:INDIRECT(ADDRESS(ROW(),MATCH("",$4:$4,-1),1,1)),"조치") -> 2 | L7: =COUNTIF($S7:INDIRECT(ADDRESS(ROW(),MATCH("",$4:$4,-1),1,1)),"미조치") -> 0 | M7: =COUNTIF($S7:INDIRECT(ADDRESS(ROW(),MATCH("",$4:$4,-1),1,1)),"위험수용") -> 0 | N7: =COUNTIF($S7:INDIRECT(ADDRESS(ROW(),MATCH("",$4:$4,-1),1,1)),"N/A") -> 0 | O7: =VLOOKUP($D7,'parm(hidden)'!$B$8:$C$10,2,FALSE)*($F7-$J7) -> 6 | P7: =VLOOKUP($D7,'parm(hidden)'!$B$8:$C$10,2,FALSE)*($F7-$N7) -> 6 | Q7: =VLOOKUP($D7,'parm(hidden)'!$B$8:$C$10,2,FALSE)*($G7+$H7) -> 12 | R7: =VLOOKUP($D7,'parm(hidden)'!$B$8:$C$10,2,FALSE)*($G7+$H7+$K7) -> 18 | S7: =HYPERLINK("["&MID(CELL("filename"),SEARCH("[",CELL("filename"))+1,SEARCH("]",CELL("filename"))-SEARCH("[",CELL("filename"))-1)&"]"&ADDRESS(ROW()+16,11,1,TRUE,S$4),INDIRECT(ADDRESS(ROW()+16,11,1,TRUE,S$4))) -> 조치 | T7: =HYPERLINK("["&MID(CELL("filename"),SEARCH("[",CELL("filename"))+1,SEARCH("]",CELL("filename"))-SEARCH("[",CELL("filename"))-1)&"]"&ADDRESS(ROW()+16,11,1,TRUE,T$4),INDIRECT(ADDRESS(ROW()+16,11,1,TRUE,T$4))) -> 조치
A8: =ChkList!A8 -> 계정 관리 | B8: =ChkList!$B8 -> N-04 | C8: =ChkList!$C8 -> 계정 잠금 임계값 설정 | D8: =ChkList!$D8 -> H | E8: =ChkList!E8 -> 3 | F8: =COUNTA($S8:INDIRECT(ADDRESS(ROW(),MATCH("",$4:$4,-1),1,1))) -> 2 | G8: ='취약점 진단 항목별 통계'!G8 -> 4 | H8: ='취약점 진단 항목별 통계'!H8 -> 0 | I8: ='취약점 진단 항목별 통계'!I8 -> 6 | J8: ='취약점 진단 항목별 통계'!J8 -> 0 | K8: =COUNTIF($S8:INDIRECT(ADDRESS(ROW(),MATCH("",$4:$4,-1),1,1)),"조치") -> 2 | L8: =COUNTIF($S8:INDIRECT(ADDRESS(ROW(),MATCH("",$4:$4,-1),1,1)),"미조치") -> 0 | M8: =COUNTIF($S8:INDIRECT(ADDRESS(ROW(),MATCH("",$4:$4,-1),1,1)),"위험수용") -> 0 | N8: =COUNTIF($S8:INDIRECT(ADDRESS(ROW(),MATCH("",$4:$4,-1),1,1)),"N/A") -> 0 | O8: =VLOOKUP($D8,'parm(hidden)'!$B$8:$C$10,2,FALSE)*($F8-$J8) -> 6 | P8: =VLOOKUP($D8,'parm(hidden)'!$B$8:$C$10,2,FALSE)*($F8-$N8) -> 6 | Q8: =VLOOKUP($D8,'parm(hidden)'!$B$8:$C$10,2,FALSE)*($G8+$H8) -> 12 | R8: =VLOOKUP($D8,'parm(hidden)'!$B$8:$C$10,2,FALSE)*($G8+$H8+$K8) -> 18 | S8: =HYPERLINK("["&MID(CELL("filename"),SEARCH("[",CELL("filename"))+1,SEARCH("]",CELL("filename"))-SEARCH("[",CELL("filename"))-1)&"]"&ADDRESS(ROW()+16,11,1,TRUE,S$4),INDIRECT(ADDRESS(ROW()+16,11,1,TRUE,S$4))) -> 조치 | T8: =HYPERLINK("["&MID(CELL("filename"),SEARCH("[",CELL("filename"))+1,SEARCH("]",CELL("filename"))-SEARCH("[",CELL("filename"))-1)&"]"&ADDRESS(ROW()+16,11,1,TRUE,T$4),INDIRECT(ADDRESS(ROW()+16,11,1,TRUE,T$4))) -> 조치
A9: =ChkList!A9 -> 계정 관리 | B9: =ChkList!$B9 -> N-05 | C9: =ChkList!$C9 -> 사용자·명령어별 권한 설정 | D9: =ChkList!$D9 -> M | E9: =ChkList!E9 -> 2 | F9: =COUNTA($S9:INDIRECT(ADDRESS(ROW(),MATCH("",$4:$4,-1),1,1))) -> 2 | G9: ='취약점 진단 항목별 통계'!G9 -> 4 | H9: ='취약점 진단 항목별 통계'!H9 -> 0 | I9: ='취약점 진단 항목별 통계'!I9 -> 6 | J9: ='취약점 진단 항목별 통계'!J9 -> 0 | K9: =COUNTIF($S9:INDIRECT(ADDRESS(ROW(),MATCH("",$4:$4,-1),1,1)),"조치") -> 2 | L9: =COUNTIF($S9:INDIRECT(ADDRESS(ROW(),MATCH("",$4:$4,-1),1,1)),"미조치") -> 0 | M9: =COUNTIF($S9:INDIRECT(ADDRESS(ROW(),MATCH("",$4:$4,-1),1,1)),"위험수용") -> 0 | N9: =COUNTIF($S9:INDIRECT(ADDRESS(ROW(),MATCH("",$4:$4,-1),1,1)),"N/A") -> 0 | O9: =VLOOKUP($D9,'parm(hidden)'!$B$8:$C$10,2,FALSE)*($F9-$J9) -> 4 | P9: =VLOOKUP($D9,'parm(hidden)'!$B$8:$C$10,2,FALSE)*($F9-$N9) -> 4 | Q9: =VLOOKUP($D9,'parm(hidden)'!$B$8:$C$10,2,FALSE)*($G9+$H9) -> 8 | R9: =VLOOKUP($D9,'parm(hidden)'!$B$8:$C$10,2,FALSE)*($G9+$H9+$K9) -> 12 | S9: =HYPERLINK("["&MID(CELL("filename"),SEARCH("[",CELL("filename"))+1,SEARCH("]",CELL("filename"))-SEARCH("[",CELL("filename"))-1)&"]"&ADDRESS(ROW()+16,11,1,TRUE,S$4),INDIRECT(ADDRESS(ROW()+16,11,1,TRUE,S$4))) -> 조치 | T9: =HYPERLINK("["&MID(CELL("filename"),SEARCH("[",CELL("filename"))+1,SEARCH("]",CELL("filename"))-SEARCH("[",CELL("filename"))-1)&"]"&ADDRESS(ROW()+16,11,1,TRUE,T$4),INDIRECT(ADDRESS(ROW()+16,11,1,TRUE,T$4))) -> 조치
A10: =ChkList!A10 -> 접근 관리 | B10: =ChkList!$B10 -> N-06 | C10: =ChkList!$C10 -> VTY 접근(ACL) 설정 | D10: =ChkList!$D10 -> H | E10: =ChkList!E10 -> 3 | F10: =COUNTA($S10:INDIRECT(ADDRESS(ROW(),MATCH("",$4:$4,-1),1,1))) -> 2 | G10: ='취약점 진단 항목별 통계'!G10 -> 4 | H10: ='취약점 진단 항목별 통계'!H10 -> 0 | I10: ='취약점 진단 항목별 통계'!I10 -> 6 | J10: ='취약점 진단 항목별 통계'!J10 -> 0 | K10: =COUNTIF($S10:INDIRECT(ADDRESS(ROW(),MATCH("",$4:$4,-1),1,1)),"조치") -> 2 | L10: =COUNTIF($S10:INDIRECT(ADDRESS(ROW(),MATCH("",$4:$4,-1),1,1)),"미조치") -> 0 | M10: =COUNTIF($S10:INDIRECT(ADDRESS(ROW(),MATCH("",$4:$4,-1),1,1)),"위험수용") -> 0 | N10: =COUNTIF($S10:INDIRECT(ADDRESS(ROW(),MATCH("",$4:$4,-1),1,1)),"N/A") -> 0 | O10: =VLOOKUP($D10,'parm(hidden)'!$B$8:$C$10,2,FALSE)*($F10-$J10) -> 6 | P10: =VLOOKUP($D10,'parm(hidden)'!$B$8:$C$10,2,FALSE)*($F10-$N10) -> 6 | Q10: =VLOOKUP($D10,'parm(hidden)'!$B$8:$C$10,2,FALSE)*($G10+$H10) -> 12 | R10: =VLOOKUP($D10,'parm(hidden)'!$B$8:$C$10,2,FALSE)*($G10+$H10+$K10) -> 18 | S10: =HYPERLINK("["&MID(CELL("filename"),SEARCH("[",CELL("filename"))+1,SEARCH("]",CELL("filename"))-SEARCH("[",CELL("filename"))-1)&"]"&ADDRESS(ROW()+16,11,1,TRUE,S$4),INDIRECT(ADDRESS(ROW()+16,11,1,TRUE,S$4))) -> 조치 | T10: =HYPERLINK("["&MID(CELL("filename"),SEARCH("[",CELL("filename"))+1,SEARCH("]",CELL("filename"))-SEARCH("[",CELL("filename"))-1)&"]"&ADDRESS(ROW()+16,11,1,TRUE,T$4),INDIRECT(ADDRESS(ROW()+16,11,1,TRUE,T$4))) -> 조치
A11: =ChkList!A11 -> 접근 관리 | B11: =ChkList!$B11 -> N-07 | C11: =ChkList!$C11 -> Session Timeout 설정 | D11: =ChkList!$D11 -> H | E11: =ChkList!E11 -> 3 | F11: =COUNTA($S11:INDIRECT(ADDRESS(ROW(),MATCH("",$4:$4,-1),1,1))) -> 2 | G11: ='취약점 진단 항목별 통계'!G11 -> 4 | H11: ='취약점 진단 항목별 통계'!H11 -> 0 | I11: ='취약점 진단 항목별 통계'!I11 -> 6 | J11: ='취약점 진단 항목별 통계'!J11 -> 0 | K11: =COUNTIF($S11:INDIRECT(ADDRESS(ROW(),MATCH("",$4:$4,-1),1,1)),"조치") -> 2 | L11: =COUNTIF($S11:INDIRECT(ADDRESS(ROW(),MATCH("",$4:$4,-1),1,1)),"미조치") -> 0 | M11: =COUNTIF($S11:INDIRECT(ADDRESS(ROW(),MATCH("",$4:$4,-1),1,1)),"위험수용") -> 0 | N11: =COUNTIF($S11:INDIRECT(ADDRESS(ROW(),MATCH("",$4:$4,-1),1,1)),"N/A") -> 0 | O11: =VLOOKUP($D11,'parm(hidden)'!$B$8:$C$10,2,FALSE)*($F11-$J11) -> 6 | P11: =VLOOKUP($D11,'parm(hidden)'!$B$8:$C$10,2,FALSE)*($F11-$N11) -> 6 | Q11: =VLOOKUP($D11,'parm(hidden)'!$B$8:$C$10,2,FALSE)*($G11+$H11) -> 12 | R11: =VLOOKUP($D11,'parm(hidden)'!$B$8:$C$10,2,FALSE)*($G11+$H11+$K11) -> 18 | S11: =HYPERLINK("["&MID(CELL("filename"),SEARCH("[",CELL("filename"))+1,SEARCH("]",CELL("filename"))-SEARCH("[",CELL("filename"))-1)&"]"&ADDRESS(ROW()+16,11,1,TRUE,S$4),INDIRECT(ADDRESS(ROW()+16,11,1,TRUE,S$4))) -> 조치 | T11: =HYPERLINK("["&MID(CELL("filename"),SEARCH("[",CELL("filename"))+1,SEARCH("]",CELL("filename"))-SEARCH("[",CELL("filename"))-1)&"]"&ADDRESS(ROW()+16,11,1,TRUE,T$4),INDIRECT(ADDRESS(ROW()+16,11,1,TRUE,T$4))) -> 조치
A12: =ChkList!A12 -> 접근 관리 | B12: =ChkList!$B12 -> N-08 | C12: =ChkList!$C12 -> VTY 접속 시 안전한 프로토콜 사용 | D12: =ChkList!$D12 -> M | E12: =ChkList!E12 -> 2 | F12: =COUNTA($S12:INDIRECT(ADDRESS(ROW(),MATCH("",$4:$4,-1),1,1))) -> 2 | G12: ='취약점 진단 항목별 통계'!G12 -> 4 | H12: ='취약점 진단 항목별 통계'!H12 -> 0 | I12: ='취약점 진단 항목별 통계'!I12 -> 6 | J12: ='취약점 진단 항목별 통계'!J12 -> 0 | K12: =COUNTIF($S12:INDIRECT(ADDRESS(ROW(),MATCH("",$4:$4,-1),1,1)),"조치") -> 2 | L12: =COUNTIF($S12:INDIRECT(ADDRESS(ROW(),MATCH("",$4:$4,-1),1,1)),"미조치") -> 0 | M12: =COUNTIF($S12:INDIRECT(ADDRESS(ROW(),MATCH("",$4:$4,-1),1,1)),"위험수용") -> 0 | N12: =COUNTIF($S12:INDIRECT(ADDRESS(ROW(),MATCH("",$4:$4,-1),1,1)),"N/A") -> 0 | O12: =VLOOKUP($D12,'parm(hidden)'!$B$8:$C$10,2,FALSE)*($F12-$J12) -> 4 | P12: =VLOOKUP($D12,'parm(hidden)'!$B$8:$C$10,2,FALSE)*($F12-$N12) -> 4 | Q12: =VLOOKUP($D12,'parm(hidden)'!$B$8:$C$10,2,FALSE)*($G12+$H12) -> 8 | R12: =VLOOKUP($D12,'parm(hidden)'!$B$8:$C$10,2,FALSE)*($G12+$H12+$K12) -> 12 | S12: =HYPERLINK("["&MID(CELL("filename"),SEARCH("[",CELL("filename"))+1,SEARCH("]",CELL("filename"))-SEARCH("[",CELL("filename"))-1)&"]"&ADDRESS(ROW()+16,11,1,TRUE,S$4),INDIRECT(ADDRESS(ROW()+16,11,1,TRUE,S$4))) -> 조치 | T12: =HYPERLINK("["&MID(CELL("filename"),SEARCH("[",CELL("filename"))+1,SEARCH("]",CELL("filename"))-SEARCH("[",CELL("filename"))-1)&"]"&ADDRESS(ROW()+16,11,1,TRUE,T$4),INDIRECT(ADDRESS(ROW()+16,11,1,TRUE,T$4))) -> 조치
A13: =ChkList!A13 -> 접근 관리 | B13: =ChkList!$B13 -> N-09 | C13: =ChkList!$C13 -> 불필요한 보조 입출력 포트 사용 금지 | D13: =ChkList!$D13 -> M | E13: =ChkList!E13 -> 2 | F13: =COUNTA($S13:INDIRECT(ADDRESS(ROW(),MATCH("",$4:$4,-1),1,1))) -> 2 | G13: ='취약점 진단 항목별 통계'!G13 -> 4 | H13: ='취약점 진단 항목별 통계'!H13 -> 0 | I13: ='취약점 진단 항목별 통계'!I13 -> 6 | J13: ='취약점 진단 항목별 통계'!J13 -> 0 | K13: =COUNTIF($S13:INDIRECT(ADDRESS(ROW(),MATCH("",$4:$4,-1),1,1)),"조치") -> 2 | L13: =COUNTIF($S13:INDIRECT(ADDRESS(ROW(),MATCH("",$4:$4,-1),1,1)),"미조치") -> 0 | M13: =COUNTIF($S13:INDIRECT(ADDRESS(ROW(),MATCH("",$4:$4,-1),1,1)),"위험수용") -> 0 | N13: =COUNTIF($S13:INDIRECT(ADDRESS(ROW(),MATCH("",$4:$4,-1),1,1)),"N/A") -> 0 | O13: =VLOOKUP($D13,'parm(hidden)'!$B$8:$C$10,2,FALSE)*($F13-$J13) -> 4 | P13: =VLOOKUP($D13,'parm(hidden)'!$B$8:$C$10,2,FALSE)*($F13-$N13) -> 4 | Q13: =VLOOKUP($D13,'parm(hidden)'!$B$8:$C$10,2,FALSE)*($G13+$H13) -> 8 | R13: =VLOOKUP($D13,'parm(hidden)'!$B$8:$C$10,2,FALSE)*($G13+$H13+$K13) -> 12 | S13: =HYPERLINK("["&MID(CELL("filename"),SEARCH("[",CELL("filename"))+1,SEARCH("]",CELL("filename"))-SEARCH("[",CELL("filename"))-1)&"]"&ADDRESS(ROW()+16,11,1,TRUE,S$4),INDIRECT(ADDRESS(ROW()+16,11,1,TRUE,S$4))) -> 조치 | T13: =HYPERLINK("["&MID(CELL("filename"),SEARCH("[",CELL("filename"))+1,SEARCH("]",CELL("filename"))-SEARCH("[",CELL("filename"))-1)&"]"&ADDRESS(ROW()+16,11,1,TRUE,T$4),INDIRECT(ADDRESS(ROW()+16,11,1,TRUE,T$4))) -> 조치
A14: =ChkList!A14 -> 접근 관리 | B14: =ChkList!$B14 -> N-10 | C14: =ChkList!$C14 -> 로그인 시 경고 메시지 설정 | D14: =ChkList!$D14 -> M | E14: =ChkList!E14 -> 2 | F14: =COUNTA($S14:INDIRECT(ADDRESS(ROW(),MATCH("",$4:$4,-1),1,1))) -> 2 | G14: ='취약점 진단 항목별 통계'!G14 -> 0 | H14: ='취약점 진단 항목별 통계'!H14 -> 0 | I14: ='취약점 진단 항목별 통계'!I14 -> 0 | J14: ='취약점 진단 항목별 통계'!J14 -> 0 | K14: =COUNTIF($S14:INDIRECT(ADDRESS(ROW(),MATCH("",$4:$4,-1),1,1)),"조치") -> 0 | L14: =COUNTIF($S14:INDIRECT(ADDRESS(ROW(),MATCH("",$4:$4,-1),1,1)),"미조치") -> 2 | M14: =COUNTIF($S14:INDIRECT(ADDRESS(ROW(),MATCH("",$4:$4,-1),1,1)),"위험수용") -> 0 | N14: =COUNTIF($S14:INDIRECT(ADDRESS(ROW(),MATCH("",$4:$4,-1),1,1)),"N/A") -> 0 | O14: =VLOOKUP($D14,'parm(hidden)'!$B$8:$C$10,2,FALSE)*($F14-$J14) -> 4 | P14: =VLOOKUP($D14,'parm(hidden)'!$B$8:$C$10,2,FALSE)*($F14-$N14) -> 4 | Q14: =VLOOKUP($D14,'parm(hidden)'!$B$8:$C$10,2,FALSE)*($G14+$H14) -> 0 | R14: =VLOOKUP($D14,'parm(hidden)'!$B$8:$C$10,2,FALSE)*($G14+$H14+$K14) -> 0 | S14: =HYPERLINK("["&MID(CELL("filename"),SEARCH("[",CELL("filename"))+1,SEARCH("]",CELL("filename"))-SEARCH("[",CELL("filename"))-1)&"]"&ADDRESS(ROW()+16,11,1,TRUE,S$4),INDIRECT(ADDRESS(ROW()+16,11,1,TRUE,S$4))) -> 미조치 | T14: =HYPERLINK("["&MID(CELL("filename"),SEARCH("[",CELL("filename"))+1,SEARCH("]",CELL("filename"))-SEARCH("[",CELL("filename"))-1)&"]"&ADDRESS(ROW()+16,11,1,TRUE,T$4),INDIRECT(ADDRESS(ROW()+16,11,1,TRUE,T$4))) -> 미조치
A15: =ChkList!A15 -> 접근 관리 | B15: =ChkList!$B15 -> N-11 | C15: =ChkList!$C15 -> 원격로그 서버 사용 | D15: =ChkList!$D15 -> M | E15: =ChkList!E15 -> 2 | F15: =COUNTA($S15:INDIRECT(ADDRESS(ROW(),MATCH("",$4:$4,-1),1,1))) -> 2 | G15: ='취약점 진단 항목별 통계'!G15 -> 4 | H15: ='취약점 진단 항목별 통계'!H15 -> 0 | I15: ='취약점 진단 항목별 통계'!I15 -> 6 | J15: ='취약점 진단 항목별 통계'!J15 -> 0 | K15: =COUNTIF($S15:INDIRECT(ADDRESS(ROW(),MATCH("",$4:$4,-1),1,1)),"조치") -> 2 | L15: =COUNTIF($S15:INDIRECT(ADDRESS(ROW(),MATCH("",$4:$4,-1),1,1)),"미조치") -> 0 | M15: =COUNTIF($S15:INDIRECT(ADDRESS(ROW(),MATCH("",$4:$4,-1),1,1)),"위험수용") -> 0 | N15: =COUNTIF($S15:INDIRECT(ADDRESS(ROW(),MATCH("",$4:$4,-1),1,1)),"N/A") -> 0 | O15: =VLOOKUP($D15,'parm(hidden)'!$B$8:$C$10,2,FALSE)*($F15-$J15) -> 4 | P15: =VLOOKUP($D15,'parm(hidden)'!$B$8:$C$10,2,FALSE)*($F15-$N15) -> 4 | Q15: =VLOOKUP($D15,'parm(hidden)'!$B$8:$C$10,2,FALSE)*($G15+$H15) -> 8 | R15: =VLOOKUP($D15,'parm(hidden)'!$B$8:$C$10,2,FALSE)*($G15+$H15+$K15) -> 12 | S15: =HYPERLINK("["&MID(CELL("filename"),SEARCH("[",CELL("filename"))+1,SEARCH("]",CELL("filename"))-SEARCH("[",CELL("filename"))-1)&"]"&ADDRESS(ROW()+16,11,1,TRUE,S$4),INDIRECT(ADDRESS(ROW()+16,11,1,TRUE,S$4))) -> 조치 | T15: =HYPERLINK("["&MID(CELL("filename"),SEARCH("[",CELL("filename"))+1,SEARCH("]",CELL("filename"))-SEARCH("[",CELL("filename"))-1)&"]"&ADDRESS(ROW()+16,11,1,TRUE,T$4),INDIRECT(ADDRESS(ROW()+16,11,1,TRUE,T$4))) -> 조치
A16: =ChkList!A16 -> 패치 관리 | B16: =ChkList!$B16 -> N-12 | C16: =ChkList!$C16 -> 주기적 보안 패치 및 벤더 권고사항 적용 | D16: =ChkList!$D16 -> H | E16: =ChkList!E16 -> 3 | F16: =COUNTA($S16:INDIRECT(ADDRESS(ROW(),MATCH("",$4:$4,-1),1,1))) -> 2 | G16: ='취약점 진단 항목별 통계'!G16 -> 4 | H16: ='취약점 진단 항목별 통계'!H16 -> 0 | I16: ='취약점 진단 항목별 통계'!I16 -> 6 | J16: ='취약점 진단 항목별 통계'!J16 -> 0 | K16: =COUNTIF($S16:INDIRECT(ADDRESS(ROW(),MATCH("",$4:$4,-1),1,1)),"조치") -> 2 | L16: =COUNTIF($S16:INDIRECT(ADDRESS(ROW(),MATCH("",$4:$4,-1),1,1)),"미조치") -> 0 | M16: =COUNTIF($S16:INDIRECT(ADDRESS(ROW(),MATCH("",$4:$4,-1),1,1)),"위험수용") -> 0 | N16: =COUNTIF($S16:INDIRECT(ADDRESS(ROW(),MATCH("",$4:$4,-1),1,1)),"N/A") -> 0 | O16: =VLOOKUP($D16,'parm(hidden)'!$B$8:$C$10,2,FALSE)*($F16-$J16) -> 6 | P16: =VLOOKUP($D16,'parm(hidden)'!$B$8:$C$10,2,FALSE)*($F16-$N16) -> 6 | Q16: =VLOOKUP($D16,'parm(hidden)'!$B$8:$C$10,2,FALSE)*($G16+$H16) -> 12 | R16: =VLOOKUP($D16,'parm(hidden)'!$B$8:$C$10,2,FALSE)*($G16+$H16+$K16) -> 18 | S16: =HYPERLINK("["&MID(CELL("filename"),SEARCH("[",CELL("filename"))+1,SEARCH("]",CELL("filename"))-SEARCH("[",CELL("filename"))-1)&"]"&ADDRESS(ROW()+16,11,1,TRUE,S$4),INDIRECT(ADDRESS(ROW()+16,11,1,TRUE,S$4))) -> 조치 | T16: =HYPERLINK("["&MID(CELL("filename"),SEARCH("[",CELL("filename"))+1,SEARCH("]",CELL("filename"))-SEARCH("[",CELL("filename"))-1)&"]"&ADDRESS(ROW()+16,11,1,TRUE,T$4),INDIRECT(ADDRESS(ROW()+16,11,1,TRUE,T$4))) -> 조치
... A42: =ChkList!A42 -> 기능 관리 | B42: =ChkList!$B42 -> N-38 | C42: =ChkList!$C42 -> mask-reply 차단 | D42: =ChkList!$D42 -> M | E42: =ChkList!E42 -> 2 | F42: =COUNTA($S42:INDIRECT(ADDRESS(ROW(),MATCH("",$4:$4,-1),1,1))) -> 2 | G42: ='취약점 진단 항목별 통계'!G42 -> 4 | H42: ='취약점 진단 항목별 통계'!H42 -> 0 | I42: ='취약점 진단 항목별 통계'!I42 -> 4 | J42: ='취약점 진단 항목별 통계'!J42 -> 0 | K42: =COUNTIF($S42:INDIRECT(ADDRESS(ROW(),MATCH("",$4:$4,-1),1,1)),"조치") -> 2 | L42: =COUNTIF($S42:INDIRECT(ADDRESS(ROW(),MATCH("",$4:$4,-1),1,1)),"미조치") -> 0 | M42: =COUNTIF($S42:INDIRECT(ADDRESS(ROW(),MATCH("",$4:$4,-1),1,1)),"위험수용") -> 0 | N42: =COUNTIF($S42:INDIRECT(ADDRESS(ROW(),MATCH("",$4:$4,-1),1,1)),"N/A") -> 0 | O42: =VLOOKUP($D42,'parm(hidden)'!$B$8:$C$10,2,FALSE)*($F42-$J42) -> 4 | P42: =VLOOKUP($D42,'parm(hidden)'!$B$8:$C$10,2,FALSE)*($F42-$N42) -> 4 | Q42: =VLOOKUP($D42,'parm(hidden)'!$B$8:$C$10,2,FALSE)*($G42+$H42) -> 8 | R42: =VLOOKUP($D42,'parm(hidden)'!$B$8:$C$10,2,FALSE)*($G42+$H42+$K42) -> 12 | S42: =HYPERLINK("["&MID(CELL("filename"),SEARCH("[",CELL("filename"))+1,SEARCH("]",CELL("filename"))-SEARCH("[",CELL("filename"))-1)&"]"&ADDRESS(ROW()+16,11,1,TRUE,S$4),INDIRECT(ADDRESS(ROW()+16,11,1,TRUE,S$4))) -> 조치 | T42: =HYPERLINK("["&MID(CELL("filename"),SEARCH("[",CELL("filename"))+1,SEARCH("]",CELL("filename"))-SEARCH("[",CELL("filename"))-1)&"]"&ADDRESS(ROW()+16,11,1,TRUE,T$4),INDIRECT(ADDRESS(ROW()+16,11,1,TRUE,T$4))) -> 조치
F43: =SUM(F5:F42) -> 76 | G43: =SUM(G5:G42) -> 160 | H43: =SUM(H5:H42) -> 0 | I43: =SUM(I5:I42) -> 164 | J43: =SUM(J5:J42) -> 26 | K43: =SUM(K5:K42) -> 60 | L43: =SUM(L5:L42) -> 8 | M43: =SUM(M5:M42) -> 0 | ... R43: =SUM(R5:R42) -> 520 | S43: =COUNTIFS(S$5:S$42,"<>",S$5:S$42,"<>0") -> 38 | T43: =COUNTIFS(T$5:T$42,"<>",T$5:T$42,"<>0") -> 38

Sheet HQ_L3_1
A1: ="■ "&$B$4&" 상세 진단결과" -> ■ HQ_L3_1 상세 진단결과
A3: 1) 시스템 현황 | R3: ※ 자산 평가
A4: HostName | B4: =REPLACE(CELL("filename",A1),1,FIND("]",CELL("filename",A1)),"") -> HQ_L3_1 | D4: 운영자산 명 | F4: =IFERROR(VLOOKUP($B$4,자산목록!$B$1:$Q$834,8,FALSE),"N/A") -> L3 스위치 | R4: 기밀성 | S4: =IFERROR(VLOOKUP($B$4,자산목록!$B$1:$Q$834,13,FALSE),"N/A") -> 0 | T4: 자산등급 | U4: =IFERROR(VLOOKUP($B$4,자산목록!$B$1:$Q$834,16,FALSE),"N/A") -> L
A5: OS 종류 및 버전 | B5: =IFERROR(VLOOKUP($B$4,자산목록!$B$1:$Q$834,6,FALSE)&" "&VLOOKUP($B$4,자산목록!$B$1:$Q$834,7,FALSE),"N/A") -> Cisco IOS Software, C3560 Software (C3560-ADVIPSERVICESK9-M) Version 12.2(37)SE1 | D5: IP Address | F5: =IFERROR(VLOOKUP($B$4,자산목록!$B$1:$Q$834,2,FALSE),"N/A") -> 10.0.3.18 | R5: 무결성 | S5: =IFERROR(VLOOKUP($B$4,자산목록!$B$1:$Q$834,14,FALSE),"N/A") -> 0
A6: 담당자 | B6: =IFERROR(VLOOKUP($B$4,자산목록!$B$1:$Q$834,11,FALSE),"N/A") -> 홍길동 | D6: 설치 위치 | F6: =IFERROR(VLOOKUP($B$4,자산목록!$B$1:$Q$834,9,FALSE),"N/A") -> 본사 사내망 | R6: 가용성 | S6: =IFERROR(VLOOKUP($B$4,자산목록!$B$1:$Q$834,15,FALSE),"N/A") -> 0
A8: 2) 진단 결과
A9: ① 부분별 진단 결과
A10: 분류 | D10: 본진단 결과 (이행 전) | I10: 영역별 수준 그래프 | J10: 이행 결과 | R10: 결과 점수 | V10: 영역별 수준 그래프
D11: 전체 | E11: 양호 | F11: 취약 | G11: N/A | H11: 수준 | J11: 조치 | K11: 미조치 | L11: 위험수용 | M11: N/A | N11: 이행율 | O11: 수준 | R11: 전체점수(이행 전) | S11: 평가점수 (이행 전) | T11: 평가점수 (이행 후) | U11: 전체점수(이행 후) | V11: 분류 | X11: 본진단 결과 (이행 전) | Y11: 이행 결과
A12: 계정 관리 | D12: =COUNTIF($A$21:INDIRECT(ADDRESS(MATCH("",$A:$A,-1),1,1,1)),$A12) -> 5 | E12: =COUNTIFS($A$21:INDIRECT(ADDRESS(MATCH("",$A:$A,-1),1,1,1)),$A12,$H$21:INDIRECT(ADDRESS(MATCH("",$A:$A,-1),8,1,1)),"Y")+COUNTIFS($A$21:INDIRECT(ADDRESS(MATCH("",$A:$A,-1),1,1,1)),$A12,$H$21:INDIRECT(ADDRESS(MATCH("",$A:$A,-1),8,1,1)),"Y(즉시조치)") -> 0 | F12: =COUNTIFS($A$21:INDIRECT(ADDRESS(MATCH("",$A:$A,-1),1,1,1)),$A12&"*",$H$21:INDIRECT(ADDRESS(MATCH("",$A:$A,-1),8,1,1)),"N") -> 5 | G12: =COUNTIFS($A$21:INDIRECT(ADDRESS(MATCH("",$A:$A,-1),1,1,1)),$A12&"*",$H$21:INDIRECT(ADDRESS(MATCH("",$A:$A,-1),8,1,1)),"N/A") -> 0 | H12: =IF($G12=$D12,"N/A",(S12/R12)) -> 0 | J12: =COUNTIFS($A$21:INDIRECT(ADDRESS(MATCH("",$A:$A,-1),1,1,1)),$A12,$K$21:INDIRECT(ADDRESS(MATCH("",$B:$B,-1),11,1,1)),"조치") -> 5 | K12: =COUNTIFS($A$21:INDIRECT(ADDRESS(MATCH("",$A:$A,-1),1,1,1)),$A12,$K$21:INDIRECT(ADDRESS(MATCH("",$B:$B,-1),11,1,1)),"미조치") -> 0 | L12: =COUNTIFS($A$21:INDIRECT(ADDRESS(MATCH("",$A:$A,-1),1,1,1)),$A12,$K$21:INDIRECT(ADDRESS(MATCH("",$B:$B,-1),11,1,1)),"위험수용") -> 0 | M12: =COUNTIFS($A$21:INDIRECT(ADDRESS(MATCH("",$A:$A,-1),1,1,1)),$A12,$K$21:INDIRECT(ADDRESS(MATCH("",$B:$B,-1),11,1,1)),"N/A") -> 0 | N12: =IFERROR($J12/($F12-(M12-G12)),"N/A") -> 1 | O12: =IF(OR($G12=$D12,$D12=$M12),"N/A",($T12/$U12)) -> 1 | R12: =SUMIF($A$21:INDIRECT(ADDRESS(MATCH("",$A:$A,-1),1,1,1)),$A12,$R$21:INDIRECT(ADDRESS(MATCH("",$A:$A,-1),18,1,1))) -> 14 | S12: =SUMIF($A$21:INDIRECT(ADDRESS(MATCH("",$A:$A,-1),1,1,1)),$A12,$S$21:INDIRECT(ADDRESS(MATCH("",$A:$A,-1),19,1,1))) -> 0 | T12: =SUMIF($A$21:INDIRECT(ADDRESS(MATCH("",$A:$A,-1),1,1,1)),$A12,$T$21:INDIRECT(ADDRESS(MATCH("",$A:$A,-1),20,1,1))) -> 14 | U12: =SUMIF($A$21:INDIRECT(ADDRESS(MATCH("",$A:$A,-1),2,1,1)),$A12&"*",$U$21:INDIRECT(ADDRESS(MATCH("",$A:$A,-1),21,1,1))) -> 14 | V12: =B12 -> 0 | X12: =H12 -> 0 | Y12: =O12 -> 1
A13: 접근 관리 | D13: =COUNTIF($A$21:INDIRECT(ADDRESS(MATCH("",$A:$A,-1),1,1,1)),$A13) -> 6 | E13: =COUNTIFS($A$21:INDIRECT(ADDRESS(MATCH("",$A:$A,-1),1,1,1)),$A13,$H$21:INDIRECT(ADDRESS(MATCH("",$A:$A,-1),8,1,1)),"Y")+COUNTIFS($A$21:INDIRECT(ADDRESS(MATCH("",$A:$A,-1),1,1,1)),$A13,$H$21:INDIRECT(ADDRESS(MATCH("",$A:$A,-1),8,1,1)),"Y(즉시조치)") -> 0 | F13: =COUNTIFS($A$21:INDIRECT(ADDRESS(MATCH("",$A:$A,-1),1,1,1)),$A13&"*",$H$21:INDIRECT(ADDRESS(MATCH("",$A:$A,-1),8,1,1)),"N") -> 5 | G13: =COUNTIFS($A$21:INDIRECT(ADDRESS(MATCH("",$A:$A,-1),1,1,1)),$A13&"*",$H$21:INDIRECT(ADDRESS(MATCH("",$A:$A,-1),8,1,1)),"N/A") -> 0 | H13: =IF($G13=$D13,"N/A",(S13/R13)) -> 0 | J13: =COUNTIFS($A$21:INDIRECT(ADDRESS(MATCH("",$A:$A,-1),1,1,1)),$A13,$K$21:INDIRECT(ADDRESS(MATCH("",$B:$B,-1),11,1,1)),"조치") -> 5 | K13: =COUNTIFS($A$21:INDIRECT(ADDRESS(MATCH("",$A:$A,-1),1,1,1)),$A13,$K$21:INDIRECT(ADDRESS(MATCH("",$B:$B,-1),11,1,1)),"미조치") -> 1 | L13: =COUNTIFS($A$21:INDIRECT(ADDRESS(MATCH("",$A:$A,-1),1,1,1)),$A13,$K$21:INDIRECT(ADDRESS(MATCH("",$B:$B,-1),11,1,1)),"위험수용") -> 0 | M13: =COUNTIFS($A$21:INDIRECT(ADDRESS(MATCH("",$A:$A,-1),1,1,1)),$A13,$K$21:INDIRECT(ADDRESS(MATCH("",$B:$B,-1),11,1,1)),"N/A") -> 0 | N13: =IFERROR($J13/($F13-(M13-G13)),"N/A") -> 1 | O13: =IF(OR($G13=$D13,$D13=$M13),"N/A",($T13/$U13)) -> 0.85714286 | R13: =SUMIF($A$21:INDIRECT(ADDRESS(MATCH("",$A:$A,-1),1,1,1)),$A13,$R$21:INDIRECT(ADDRESS(MATCH("",$A:$A,-1),18,1,1))) -> 14 | S13: =SUMIF($A$21:INDIRECT(ADDRESS(MATCH("",$A:$A,-1),1,1,1)),$A13,$S$21:INDIRECT(ADDRESS(MATCH("",$A:$A,-1),19,1,1))) -> 0 | T13: =SUMIF($A$21:INDIRECT(ADDRESS(MATCH("",$A:$A,-1),1,1,1)),$A13,$T$21:INDIRECT(ADDRESS(MATCH("",$A:$A,-1),20,1,1))) -> 12 | U13: =SUMIF($A$21:INDIRECT(ADDRESS(MATCH("",$A:$A,-1),2,1,1)),$A13&"*",$U$21:INDIRECT(ADDRESS(MATCH("",$A:$A,-1),21,1,1))) -> 14 | V13: =B13 -> 0 | X13: =H13 -> 0 | Y13: =O13 -> 0.85714286
A14: 패치 관리 | D14: =COUNTIF($A$21:INDIRECT(ADDRESS(MATCH("",$A:$A,-1),1,1,1)),$A14) -> 1 | E14: =COUNTIFS($A$21:INDIRECT(ADDRESS(MATCH("",$A:$A,-1),1,1,1)),$A14,$H$21:INDIRECT(ADDRESS(MATCH("",$A:$A,-1),8,1,1)),"Y")+COUNTIFS($A$21:INDIRECT(ADDRESS(MATCH("",$A:$A,-1),1,1,1)),$A14,$H$21:INDIRECT(ADDRESS(MATCH("",$A:$A,-1),8,1,1)),"Y(즉시조치)") -> 0 | F14: =COUNTIFS($A$21:INDIRECT(ADDRESS(MATCH("",$A:$A,-1),1,1,1)),$A14&"*",$H$21:INDIRECT(ADDRESS(MATCH("",$A:$A,-1),8,1,1)),"N") -> 1 | G14: =COUNTIFS($A$21:INDIRECT(ADDRESS(MATCH("",$A:$A,-1),1,1,1)),$A14&"*",$H$21:INDIRECT(ADDRESS(MATCH("",$A:$A,-1),8,1,1)),"N/A") -> 0 | H14: =IF($G14=$D14,"N/A",(S14/R14)) -> 0 | J14: =COUNTIFS($A$21:INDIRECT(ADDRESS(MATCH("",$A:$A,-1),1,1,1)),$A14,$K$21:INDIRECT(ADDRESS(MATCH("",$B:$B,-1),11,1,1)),"조치") -> 1 | K14: =COUNTIFS($A$21:INDIRECT(ADDRESS(MATCH("",$A:$A,-1),1,1,1)),$A14,$K$21:INDIRECT(ADDRESS(MATCH("",$B:$B,-1),11,1,1)),"미조치") -> 0 | L14: =COUNTIFS($A$21:INDIRECT(ADDRESS(MATCH("",$A:$A,-1),1,1,1)),$A14,$K$21:INDIRECT(ADDRESS(MATCH("",$B:$B,-1),11,1,1)),"위험수용") -> 0 | M14: =COUNTIFS($A$21:INDIRECT(ADDRESS(MATCH("",$A:$A,-1),1,1,1)),$A14,$K$21:INDIRECT(ADDRESS(MATCH("",$B:$B,-1),11,1,1)),"N/A") -> 0 | N14: =IFERROR($J14/($F14-(M14-G14)),"N/A") -> 1 | O14: =IF(OR($G14=$D14,$D14=$M14),"N/A",($T14/$U14)) -> 1 | R14: =SUMIF($A$21:INDIRECT(ADDRESS(MATCH("",$A:$A,-1),1,1,1)),$A14,$R$21:INDIRECT(ADDRESS(MATCH("",$A:$A,-1),18,1,1))) -> 3 | S14: =SUMIF($A$21:INDIRECT(ADDRESS(MATCH("",$A:$A,-1),1,1,1)),$A14,$S$21:INDIRECT(ADDRESS(MATCH("",$A:$A,-1),19,1,1))) -> 0 | T14: =SUMIF($A$21:INDIRECT(ADDRESS(MATCH("",$A:$A,-1),1,1,1)),$A14,$T$21:INDIRECT(ADDRESS(MATCH("",$A:$A,-1),20,1,1))) -> 3 | U14: =SUMIF($A$21:INDIRECT(ADDRESS(MATCH("",$A:$A,-1),2,1,1)),$A14&"*",$U$21:INDIRECT(ADDRESS(MATCH("",$A:$A,-1),21,1,1))) -> 3 | V14: =B14 -> 0 | X14: =H14 -> 0 | Y14: =O14 -> 1
A15: 로그 관리 | D15: =COUNTIF($A$21:INDIRECT(ADDRESS(MATCH("",$A:$A,-1),1,1,1)),$A15) -> 4 | E15: =COUNTIFS($A$21:INDIRECT(ADDRESS(MATCH("",$A:$A,-1),1,1,1)),$A15,$H$21:INDIRECT(ADDRESS(MATCH("",$A:$A,-1),8,1,1)),"Y")+COUNTIFS($A$21:INDIRECT(ADDRESS(MATCH("",$A:$A,-1),1,1,1)),$A15,$H$21:INDIRECT(ADDRESS(MATCH("",$A:$A,-1),8,1,1)),"Y(즉시조치)") -> 1 | F15: =COUNTIFS($A$21:INDIRECT(ADDRESS(MATCH("",$A:$A,-1),1,1,1)),$A15&"*",$H$21:INDIRECT(ADDRESS(MATCH("",$A:$A,-1),8,1,1)),"N") -> 2 | G15: =COUNTIFS($A$21:INDIRECT(ADDRESS(MATCH("",$A:$A,-1),1,1,1)),$A15&"*",$H$21:INDIRECT(ADDRESS(MATCH("",$A:$A,-1),8,1,1)),"N/A") -> 0 | H15: =IF($G15=$D15,"N/A",(S15/R15)) -> 0.14285714 | J15: =COUNTIFS($A$21:INDIRECT(ADDRESS(MATCH("",$A:$A,-1),1,1,1)),$A15,$K$21:INDIRECT(ADDRESS(MATCH("",$B:$B,-1),11,1,1)),"조치") -> 2 | K15: =COUNTIFS($A$21:INDIRECT(ADDRESS(MATCH("",$A:$A,-1),1,1,1)),$A15,$K$21:INDIRECT(ADDRESS(MATCH("",$B:$B,-1),11,1,1)),"미조치") -> 1 | L15: =COUNTIFS($A$21:INDIRECT(ADDRESS(MATCH("",$A:$A,-1),1,1,1)),$A15,$K$21:INDIRECT(ADDRESS(MATCH("",$B:$B,-1),11,1,1)),"위험수용") -> 0 | M15: =COUNTIFS($A$21:INDIRECT(ADDRESS(MATCH("",$A:$A,-1),1,1,1)),$A15,$K$21:INDIRECT(ADDRESS(MATCH("",$B:$B,-1),11,1,1)),"N/A") -> 0 | N15: =IFERROR($J15/($F15-(M15-G15)),"N/A") -> 1 | O15: =IF(OR($G15=$D15,$D15=$M15),"N/A",($T15/$U15)) -> 0.71428571 | R15: =SUMIF($A$21:INDIRECT(ADDRESS(MATCH("",$A:$A,-1),1,1,1)),$A15,$R$21:INDIRECT(ADDRESS(MATCH("",$A:$A,-1),18,1,1))) -> 7 | S15: =SUMIF($A$21:INDIRECT(ADDRESS(MATCH("",$A:$A,-1),1,1,1)),$A15,$S$21:INDIRECT(ADDRESS(MATCH("",$A:$A,-1),19,1,1))) -> 1 | T15: =SUMIF($A$21:INDIRECT(ADDRESS(MATCH("",$A:$A,-1),1,1,1)),$A15,$T$21:INDIRECT(ADDRESS(MATCH("",$A:$A,-1),20,1,1))) -> 5 | U15: =SUMIF($A$21:INDIRECT(ADDRESS(MATCH("",$A:$A,-1),2,1,1)),$A15&"*",$U$21:INDIRECT(ADDRESS(MATCH("",$A:$A,-1),21,1,1))) -> 7 | V15: =B15 -> 0 | X15: =H15 -> 0.14285714 | Y15: =O15 -> 0.71428571
A16: 기능 관리 | D16: =COUNTIF($A$21:INDIRECT(ADDRESS(MATCH("",$A:$A,-1),1,1,1)),$A16) -> 22 | E16: =COUNTIFS($A$21:INDIRECT(ADDRESS(MATCH("",$A:$A,-1),1,1,1)),$A16,$H$21:INDIRECT(ADDRESS(MATCH("",$A:$A,-1),8,1,1)),"Y")+COUNTIFS($A$21:INDIRECT(ADDRESS(MATCH("",$A:$A,-1),1,1,1)),$A16,$H$21:INDIRECT(ADDRESS(MATCH("",$A:$A,-1),8,1,1)),"Y(즉시조치)") -> 3 | F16: =COUNTIFS($A$21:INDIRECT(ADDRESS(MATCH("",$A:$A,-1),1,1,1)),$A16&"*",$H$21:INDIRECT(ADDRESS(MATCH("",$A:$A,-1),8,1,1)),"N") -> 19 | G16: =COUNTIFS($A$21:INDIRECT(ADDRESS(MATCH("",$A:$A,-1),1,1,1)),$A16&"*",$H$21:INDIRECT(ADDRESS(MATCH("",$A:$A,-1),8,1,1)),"N/A") -> 0 | H16: =IF($G16=$D16,"N/A",(S16/R16)) -> 0.17307692 | J16: =COUNTIFS($A$21:INDIRECT(ADDRESS(MATCH("",$A:$A,-1),1,1,1)),$A16,$K$21:INDIRECT(ADDRESS(MATCH("",$B:$B,-1),11,1,1)),"조치") -> 17 | K16: =COUNTIFS($A$21:INDIRECT(ADDRESS(MATCH("",$A:$A,-1),1,1,1)),$A16,$K$21:INDIRECT(ADDRESS(MATCH("",$B:$B,-1),11,1,1)),"미조치") -> 2 | L16: =COUNTIFS($A$21:INDIRECT(ADDRESS(MATCH("",$A:$A,-1),1,1,1)),$A16,$K$21:INDIRECT(ADDRESS(MATCH("",$B:$B,-1),11,1,1)),"위험수용") -> 0 | M16: =COUNTIFS($A$21:INDIRECT(ADDRESS(MATCH("",$A:$A,-1),1,1,1)),$A16,$K$21:INDIRECT(ADDRESS(MATCH("",$B:$B,-1),11,1,1)),"N/A") -> 0 | N16: =IFERROR($J16/($F16-(M16-G16)),"N/A") -> 0.89473684 | O16: =IF(OR($G16=$D16,$D16=$M16),"N/A",($T16/$U16)) -> 0.88461538 | R16: =SUMIF($A$21:INDIRECT(ADDRESS(MATCH("",$A:$A,-1),1,1,1)),$A16,$R$21:INDIRECT(ADDRESS(MATCH("",$A:$A,-1),18,1,1))) -> 52 | S16: =SUMIF($A$21:INDIRECT(ADDRESS(MATCH("",$A:$A,-1),1,1,1)),$A16,$S$21:INDIRECT(ADDRESS(MATCH("",$A:$A,-1),19,1,1))) -> 9 | T16: =SUMIF($A$21:INDIRECT(ADDRESS(MATCH("",$A:$A,-1),1,1,1)),$A16,$T$21:INDIRECT(ADDRESS(MATCH("",$A:$A,-1),20,1,1))) -> 46 | U16: =SUMIF($A$21:INDIRECT(ADDRESS(MATCH("",$A:$A,-1),2,1,1)),$A16&"*",$U$21:INDIRECT(ADDRESS(MATCH("",$A:$A,-1),21,1,1))) -> 52 | V16: =B16 -> 0 | X16: =H16 -> 0.17307692 | Y16: =O16 -> 0.88461538
A17: 전체 보안 수준 | D17: =SUM(D12:D16) -> 38 | E17: =SUM(E12:E16) -> 4 | F17: =SUM(F12:F16) -> 32 | G17: =SUM(G12:G16) -> 0 | H17: =IF($G17=$D17,"N/A",(S17/R17)) -> 0.11111111 | J17: =SUM(J12:J16) -> 30 | K17: =SUM(K12:K16) -> 4 | L17: =SUM(L12:L16) -> 0 | M17: =SUM(M12:M16) -> 0 | N17: =IF($O17="N/A","N/A",IFERROR($J17/($F17-(M17-G17)),"N/A")) -> 0.9375 | O17: =IF($G17=$D17,"N/A",IFERROR((T17/U17),"N/A")) -> 0.88888889 | R17: =SUM(R12:R16) -> 90 | S17: =SUM(S12:S16) -> 10 | T17: =SUM(T12:T16) -> 80 | U17: =SUM(U12:U16) -> 90 | V17: 전채 보안 수준 | X17: =H17 -> 0.11111111 | Y17: =O17 -> 0.88888889
A19: ② 상세 진단 현황 | R19: HIDDEN 필드입니다
A20: 분류 | C20: 진단 항목 | F20: 중요도 | H20: 진단 결과 | I20: 현황 및 문제점 | J20: 이행 결과 | K20: 이행여부 | L20: 조치 현황 | Q20: 개선방안 및 보호대책 | R20: 전체점수(이행전) | S20: 평가점수 (이행 전) | T20: 평가점수 (이행 후) | U20: 전체점수(이행 후) | V20: 이행 결과
A21: =ChkList!A5 -> 계정 관리 | B21: =ChkList!B5 -> N-01 | C21: =ChkList!C5 -> 비밀번호 설정 | F21: =ChkList!D5 -> H | G21: =ChkList!E5 -> 3 | H21: N | I21: 설정값이 없으므로 취약 콘솔/VTY 패스워드 설정 없음 | J21: Y | K21: =IF($J28="","",IF(OR($H21="Y",$H21="N/A",$H21="Y(즉시조치)"),$H21,IF(AND($H21="N",$J21="Y"),"조치",IF(AND($H21="N",$J21="N/A"),"N/A",IF(IFERROR(FIND("위험수용",$L21),0),"위험수용","미조치"))))) -> 조치 | L21: 관리자 모드 비밀번호 및 line 인터페이스(console, vty, aux) 비밀번호 설정되어있음 | Q21: =IF($J21="",IF(OR(#REF!="N",#REF!="인터뷰"),ChkList!$F5,""),IF(OR($J21="N",$J21="인터뷰"),ChkList!$F5,"")) | R21: =IF($H21="N/A",0,VLOOKUP($F21,'parm(hidden)'!$B$8:$C$10,2,FALSE))*1 -> 3 | S21: =IFERROR(VLOOKUP($F21,'parm(hidden)'!$B$8:$C$10,2,FALSE)*VLOOKUP(#REF!,'parm(hidden)'!$B$15:$C$19,2,FALSE),0) -> 0 | T21: =IFERROR(VLOOKUP($F21,'parm(hidden)'!$B$8:$C$10,2,FALSE)*VLOOKUP($K21,$V$22:$W$27,2,FALSE),0) -> 3 | U21: =IF($J21="N/A",0,VLOOKUP($F21,'parm(hidden)'!$B$8:$C$10,2,FALSE))*1 -> 3 | V21: 결과 | W21: 점수
A22: =ChkList!A6 -> 계정 관리 | B22: =ChkList!B6 -> N-02 | C22: =ChkList!C6 -> 비밀번호 복잡성 설정 | F22: =ChkList!D6 -> H | G22: =ChkList!E6 -> 3 | H22: N | I22: 설정값이 없으므로 취약 패스워드 복잡성 설정 없음 | J22: Y | K22: =IF($J29="","",IF(OR($H22="Y",$H22="N/A",$H22="Y(즉시조치)"),$H22,IF(AND($H22="N",$J22="Y"),"조치",IF(AND($H22="N",$J22="N/A"),"N/A",IF(IFERROR(FIND("위험수용",$L22),0),"위험수용","미조치"))))) -> 조치 | L22: 비밀번호 복잡성 규칙에 맞게 설정함 | Q22: =IF($J22="",IF(OR(#REF!="N",#REF!="인터뷰"),ChkList!$F6,""),IF(OR($J22="N",$J22="인터뷰"),ChkList!$F6,"")) | R22: =IF($H22="N/A",0,VLOOKUP($F22,'parm(hidden)'!$B$8:$C$10,2,FALSE))*1 -> 3 | S22: =IFERROR(VLOOKUP($F22,'parm(hidden)'!$B$8:$C$10,2,FALSE)*VLOOKUP(#REF!,'parm(hidden)'!$B$15:$C$19,2,FALSE),0) -> 0 | T22: =IFERROR(VLOOKUP($F22,'parm(hidden)'!$B$8:$C$10,2,FALSE)*VLOOKUP($K22,$V$22:$W$27,2,FALSE),0) -> 3 | U22: =IF($J22="N/A",0,VLOOKUP($F22,'parm(hidden)'!$B$8:$C$10,2,FALSE))*1 -> 3 | V22: 조치 | W22: 1
A23: =ChkList!A7 -> 계정 관리 | B23: =ChkList!B7 -> N-03 | C23: =ChkList!C7 -> 암호화된 비밀번호 사용 | F23: =ChkList!D7 -> H | G23: =ChkList!E7 -> 3 | H23: N | I23: 설정값이 없으므로 취약 service password-encryption 설정 없음 | J23: Y | K23: =IF($J30="","",IF(OR($H23="Y",$H23="N/A",$H23="Y(즉시조치)"),$H23,IF(AND($H23="N",$J23="Y"),"조치",IF(AND($H23="N",$J23="N/A"),"N/A",IF(IFERROR(FIND("위험수용",$L23),0),"위험수용","미조치"))))) -> 조치 | L23: enable secret 설정 사용 중임 username secret 설정 사용 중임 Password-Encryption 서비스 사용 중임 | Q23: =IF($J23="",IF(OR(#REF!="N",#REF!="인터뷰"),ChkList!$F7,""),IF(OR($J23="N",$J23="인터뷰"),ChkList!$F7,"")) | R23: =IF($H23="N/A",0,VLOOKUP($F23,'parm(hidden)'!$B$8:$C$10,2,FALSE))*1 -> 3 | S23: =IFERROR(VLOOKUP($F23,'parm(hidden)'!$B$8:$C$10,2,FALSE)*VLOOKUP(#REF!,'parm(hidden)'!$B$15:$C$19,2,FALSE),0) -> 0 | T23: =IFERROR(VLOOKUP($F23,'parm(hidden)'!$B$8:$C$10,2,FALSE)*VLOOKUP($K23,$V$22:$W$27,2,FALSE),0) -> 3 | U23: =IF($J23="N/A",0,VLOOKUP($F23,'parm(hidden)'!$B$8:$C$10,2,FALSE))*1 -> 3 | V23: 미조치 | W23: 0
A24: =ChkList!A8 -> 계정 관리 | B24: =ChkList!B8 -> N-04 | C24: =ChkList!C8 -> 계정 잠금 임계값 설정 | F24: =ChkList!D8 -> H | G24: =ChkList!E8 -> 3 | H24: N | I24: privilege 권한 모든 사용자이므로 취약 privilege 레벨 15, 사용자 권한 미제한 | J24: Y | K24: =IF($J31="","",IF(OR($H24="Y",$H24="N/A",$H24="Y(즉시조치)"),$H24,IF(AND($H24="N",$J24="Y"),"조치",IF(AND($H24="N",$J24="N/A"),"N/A",IF(IFERROR(FIND("위험수용",$L24),0),"위험수용","미조치"))))) -> 조치 | L24: 사용자별로 권한 레벨 다르게 설정됨 팀장 15 부팀장 14 | Q24: =IF($J24="",IF(OR(#REF!="N",#REF!="인터뷰"),ChkList!$F8,""),IF(OR($J24="N",$J24="인터뷰"),ChkList!$F8,"")) | R24: =IF($H24="N/A",0,VLOOKUP($F24,'parm(hidden)'!$B$8:$C$10,2,FALSE))*1 -> 3 | S24: =IFERROR(VLOOKUP($F24,'parm(hidden)'!$B$8:$C$10,2,FALSE)*VLOOKUP(H24,'parm(hidden)'!$B$15:$C$19,2,FALSE),0) -> 0 | T24: =IFERROR(VLOOKUP($F24,'parm(hidden)'!$B$8:$C$10,2,FALSE)*VLOOKUP($K24,$V$22:$W$27,2,FALSE),0) -> 3 | U24: =IF($J24="N/A",0,VLOOKUP($F24,'parm(hidden)'!$B$8:$C$10,2,FALSE))*1 -> 3 | V24: 위험수용 | W24: 0
A25: =ChkList!A9 -> 계정 관리 | B25: =ChkList!B9 -> N-05 | C25: =ChkList!C9 -> 사용자·명령어별 권한 설정 | F25: =ChkList!D9 -> M | G25: =ChkList!E9 -> 2 | H25: N | I25: 설정값이 없으므로 취약 access-class 설정 없음 | J25: Y | K25: =IF($J32="","",IF(OR($H25="Y",$H25="N/A",$H25="Y(즉시조치)"),$H25,IF(AND($H25="N",$J25="Y"),"조치",IF(AND($H25="N",$J25="N/A"),"N/A",IF(IFERROR(FIND("위험수용",$L25),0),"위험수용","미조치"))))) -> 조치 | L25: 전산팀 관리자 pc만 VTY 콘솔에 접속 허용하도록 ACL 설정 및 vty 인터페이스에 적용됨 | Q25: =IF($J25="",IF(OR(#REF!="N",#REF!="인터뷰"),ChkList!$F9,""),IF(OR($J25="N",$J25="인터뷰"),ChkList!$F9,"")) | R25: =IF($H25="N/A",0,VLOOKUP($F25,'parm(hidden)'!$B$8:$C$10,2,FALSE))*1 -> 2 | S25: =IFERROR(VLOOKUP($F25,'parm(hidden)'!$B$8:$C$10,2,FALSE)*VLOOKUP(H25,'parm(hidden)'!$B$15:$C$19,2,FALSE),0) -> 0 | T25: =IFERROR(VLOOKUP($F25,'parm(hidden)'!$B$8:$C$10,2,FALSE)*VLOOKUP($K25,$V$22:$W$27,2,FALSE),0) -> 2 | U25: =IF($J25="N/A",0,VLOOKUP($F25,'parm(hidden)'!$B$8:$C$10,2,FALSE))*1 -> 2 | V25: N/A | W25: 0
A26: =ChkList!A10 -> 접근 관리 | B26: =ChkList!B10 -> N-06 | C26: =ChkList!C10 -> VTY 접근(ACL) 설정 | F26: =ChkList!D10 -> H | G26: =ChkList!E10 -> 3 | H26: N | I26: 설정값이 없으므로 취약 exec-timeout 설정 없음 | J26: Y | K26: =IF($J33="","",IF(OR($H26="Y",$H26="N/A",$H26="Y(즉시조치)"),$H26,IF(AND($H26="N",$J26="Y"),"조치",IF(AND($H26="N",$J26="N/A"),"N/A",IF(IFERROR(FIND("위험수용",$L26),0),"위험수용","미조치"))))) -> 조치 | L26: line 인터페이스(console, vty, aux)에 session timeout 설정 적용됨 | Q26: =IF($J26="",IF(OR(#REF!="N",#REF!="인터뷰"),ChkList!$F10,""),IF(OR($J26="N",$J26="인터뷰"),ChkList!$F10,"")) | R26: =IF($H26="N/A",0,VLOOKUP($F26,'parm(hidden)'!$B$8:$C$10,2,FALSE))*1 -> 3 | S26: =IFERROR(VLOOKUP($F26,'parm(hidden)'!$B$8:$C$10,2,FALSE)*VLOOKUP(H26,'parm(hidden)'!$B$15:$C$19,2,FALSE),0) -> 0 | T26: =IFERROR(VLOOKUP($F26,'parm(hidden)'!$B$8:$C$10,2,FALSE)*VLOOKUP($K26,$V$22:$W$27,2,FALSE),0) -> 3 | U26: =IF($J26="N/A",0,VLOOKUP($F26,'parm(hidden)'!$B$8:$C$10,2,FALSE))*1 -> 3 | V26: Y | W26: 1
A27: =ChkList!A11 -> 접근 관리 | B27: =ChkList!B11 -> N-07 | C27: =ChkList!C11 -> Session Timeout 설정 | F27: =ChkList!D11 -> H | G27: =ChkList!E11 -> 3 | H27: N | I27: 설정값이 없으므로 취약 transport input ssh 미설정 | J27: Y | K27: =IF($J34="","",IF(OR($H27="Y",$H27="N/A",$H27="Y(즉시조치)"),$H27,IF(AND($H27="N",$J27="Y"),"조치",IF(AND($H27="N",$J27="N/A"),"N/A",IF(IFERROR(FIND("위험수용",$L27),0),"위험수용","미조치"))))) -> 조치 | L27: ssh 활성화됨, 원격 접속시 ssh로만 접속하도록 설정 | Q27: =IF($J27="",IF(OR(#REF!="N",#REF!="인터뷰"),ChkList!$F11,""),IF(OR($J27="N",$J27="인터뷰"),ChkList!$F11,"")) | R27: =IF($H27="N/A",0,VLOOKUP($F27,'parm(hidden)'!$B$8:$C$10,2,FALSE))*1 -> 3 | S27: =IFERROR(VLOOKUP($F27,'parm(hidden)'!$B$8:$C$10,2,FALSE)*VLOOKUP(H27,'parm(hidden)'!$B$15:$C$19,2,FALSE),0) -> 0 | T27: =IFERROR(VLOOKUP($F27,'parm(hidden)'!$B$8:$C$10,2,FALSE)*VLOOKUP($K27,$V$22:$W$27,2,FALSE),0) -> 3 | U27: =IF($J27="N/A",0,VLOOKUP($F27,'parm(hidden)'!$B$8:$C$10,2,FALSE))*1 -> 3 | V27: Y(즉시조치) | W27: 1
A28: =ChkList!A12 -> 접근 관리 | B28: =ChkList!B12 -> N-08 | C28: =ChkList!C12 -> VTY 접속 시 안전한 프로토콜 사용 | F28: =ChkList!D12 -> M | G28: =ChkList!E12 -> 2 | H28: N | I28: 설정값이 없으므로 취약 AUX 포트에 설정 없음 | J28: Y | K28: =IF($J35="","",IF(OR($H28="Y",$H28="N/A",$H28="Y(즉시조치)"),$H28,IF(AND($H28="N",$J28="Y"),"조치",IF(AND($H28="N",$J28="N/A"),"N/A",IF(IFERROR(FIND("위험수용",$L28),0),"위험수용","미조치"))))) -> 조치 | L28: 사용자 접근 금지(no password) 및 입력 불가(transport input none), 명령 실행 불가 설정(no exec) 및 1 초 뒤 타임아웃(exec-timeout 0 1) 적용되어있음 | Q28: =IF($J28="",IF(OR(#REF!="N",#REF!="인터뷰"),ChkList!$F12,""),IF(OR($J28="N",$J28="인터뷰"),ChkList!$F12,"")) | R28: =IF($H28="N/A",0,VLOOKUP($F28,'parm(hidden)'!$B$8:$C$10,2,FALSE))*1 -> 2 | S28: =IFERROR(VLOOKUP($F28,'parm(hidden)'!$B$8:$C$10,2,FALSE)*VLOOKUP(H28,'parm(hidden)'!$B$15:$C$19,2,FALSE),0) -> 0 | T28: =IFERROR(VLOOKUP($F28,'parm(hidden)'!$B$8:$C$10,2,FALSE)*VLOOKUP($K28,$V$22:$W$27,2,FALSE),0) -> 2 | U28: =IF($J28="N/A",0,VLOOKUP($F28,'parm(hidden)'!$B$8:$C$10,2,FALSE))*1 -> 2
A29: =ChkList!A13 -> 접근 관리 | B29: =ChkList!B13 -> N-09 | C29: =ChkList!C13 -> 불필요한 보조 입출력 포트 사용 금지 | F29: =ChkList!D13 -> M | G29: =ChkList!E13 -> 2 | H29: N | I29: 설정값이 없으므로 취약 banner exec 설정 없음 | J29: Y | K29: =IF($J36="","",IF(OR($H29="Y",$H29="N/A",$H29="Y(즉시조치)"),$H29,IF(AND($H29="N",$J29="Y"),"조치",IF(AND($H29="N",$J29="N/A"),"N/A",IF(IFERROR(FIND("위험수용",$L29),0),"위험수용","미조치"))))) -> 조치 | L29: banner 문구 설저되어있음 | Q29: =IF($J29="",IF(OR(#REF!="N",#REF!="인터뷰"),ChkList!$F13,""),IF(OR($J29="N",$J29="인터뷰"),ChkList!$F13,"")) | R29: =IF($H29="N/A",0,VLOOKUP($F29,'parm(hidden)'!$B$8:$C$10,2,FALSE))*1 -> 2 | S29: =IFERROR(VLOOKUP($F29,'parm(hidden)'!$B$8:$C$10,2,FALSE)*VLOOKUP(H29,'parm(hidden)'!$B$15:$C$19,2,FALSE),0) -> 0 | T29: =IFERROR(VLOOKUP($F29,'parm(hidden)'!$B$8:$C$10,2,FALSE)*VLOOKUP($K29,$V$22:$W$27,2,FALSE),0) -> 2 | U29: =IF($J29="N/A",0,VLOOKUP($F29,'parm(hidden)'!$B$8:$C$10,2,FALSE))*1 -> 2
A30: =ChkList!A14 -> 접근 관리 | B30: =ChkList!B14 -> N-10 | C30: =ChkList!C14 -> 로그인 시 경고 메시지 설정 | F30: =ChkList!D14 -> M | G30: =ChkList!E14 -> 2 | H30: 인터뷰 | I30: 보안 패치 담당자와 상의해야하므로 인터뷰 최신 보안 패치 미적용(현재 12.2(37) 버전) | J30: 인터뷰 | K30: =IF($J37="","",IF(OR($H30="Y",$H30="N/A",$H30="Y(즉시조치)"),$H30,IF(AND($H30="N",$J30="Y"),"조치",IF(AND($H30="N",$J30="N/A"),"N/A",IF(IFERROR(FIND("위험수용",$L30),0),"위험수용","미조치"))))) -> 미조치 | L30: 담당자와 상의 후 조치 | Q30: =IF($J30="",IF(OR(#REF!="N",#REF!="인터뷰"),ChkList!$F14,""),IF(OR($J30="N",$J30="인터뷰"),ChkList!$F14,"")) -> 네트워크 장비 접속 시 경고 메시지 설정 | R30: =IF($H30="N/A",0,VLOOKUP($F30,'parm(hidden)'!$B$8:$C$10,2,FALSE))*1 -> 2 | S30: =IFERROR(VLOOKUP($F30,'parm(hidden)'!$B$8:$C$10,2,FALSE)*VLOOKUP(H30,'parm(hidden)'!$B$15:$C$19,2,FALSE),0) -> 0 | T30: =IFERROR(VLOOKUP($F30,'parm(hidden)'!$B$8:$C$10,2,FALSE)*VLOOKUP($K30,$V$22:$W$27,2,FALSE),0) -> 0 | U30: =IF($J30="N/A",0,VLOOKUP($F30,'parm(hidden)'!$B$8:$C$10,2,FALSE))*1 -> 2
A31: =ChkList!A15 -> 접근 관리 | B31: =ChkList!B15 -> N-11 | C31: =ChkList!C15 -> 원격로그 서버 사용 | F31: =ChkList!D15 -> M | G31: =ChkList!E15 -> 2 | H31: N | I31: 설정값이 없으므로 취약 logging host 설정 없음 | J31: Y | K31: =IF($J38="","",IF(OR($H31="Y",$H31="N/A",$H31="Y(즉시조치)"),$H31,IF(AND($H31="N",$J31="Y"),"조치",IF(AND($H31="N",$J31="N/A"),"N/A",IF(IFERROR(FIND("위험수용",$L31),0),"위험수용","미조치"))))) -> 조치 | L31: 설정 완료상태이므로 양호 내부 서버의 로그서버를 통해 로그 관리 진행 | Q31: =IF($J31="",IF(OR(#REF!="N",#REF!="인터뷰"),ChkList!$F15,""),IF(OR($J31="N",$J31="인터뷰"),ChkList!$F15,"")) | R31: =IF($H31="N/A",0,VLOOKUP($F31,'parm(hidden)'!$B$8:$C$10,2,FALSE))*1 -> 2 | S31: =IFERROR(VLOOKUP($F31,'parm(hidden)'!$B$8:$C$10,2,FALSE)*VLOOKUP(H31,'parm(hidden)'!$B$15:$C$19,2,FALSE),0) -> 0 | T31: =IFERROR(VLOOKUP($F31,'parm(hidden)'!$B$8:$C$10,2,FALSE)*VLOOKUP($K31,$V$22:$W$27,2,FALSE),0) -> 2 | U31: =IF($J31="N/A",0,VLOOKUP($F31,'parm(hidden)'!$B$8:$C$10,2,FALSE))*1 -> 2
A32: =ChkList!A16 -> 패치 관리 | B32: =ChkList!B16 -> N-12 | C32: =ChkList!C16 -> 주기적 보안 패치 및 벤더 권고사항 적용 | F32: =ChkList!D16 -> H | G32: =ChkList!E16 -> 3 | H32: N | I32: 설정값이 없으므로 취약 logging buffered 설정 없음 | J32: Y | K32: =IF($J39="","",IF(OR($H32="Y",$H32="N/A",$H32="Y(즉시조치)"),$H32,IF(AND($H32="N",$J32="Y"),"조치",IF(AND($H32="N",$J32="N/A"),"N/A",IF(IFERROR(FIND("위험수용",$L32),0),"위험수용","미조치"))))) -> 조치 | L32: 버퍼 크기 설정되어있음 | Q32: =IF($J32="",IF(OR(#REF!="N",#REF!="인터뷰"),ChkList!$F16,""),IF(OR($J32="N",$J32="인터뷰"),ChkList!$F16,"")) | R32: =IF($H32="N/A",0,VLOOKUP($F32,'parm(hidden)'!$B$8:$C$10,2,FALSE))*1 -> 3 | S32: =IFERROR(VLOOKUP($F32,'parm(hidden)'!$B$8:$C$10,2,FALSE)*VLOOKUP(H32,'parm(hidden)'!$B$15:$C$19,2,FALSE),0) -> 0 | T32: =IFERROR(VLOOKUP($F32,'parm(hidden)'!$B$8:$C$10,2,FALSE)*VLOOKUP($K32,$V$22:$W$27,2,FALSE),0) -> 3 | U32: =IF($J32="N/A",0,VLOOKUP($F32,'parm(hidden)'!$B$8:$C$10,2,FALSE))*1 -> 3
A33: =ChkList!A17 -> 로그 관리 | B33: =ChkList!B17 -> N-13 | C33: =ChkList!C17 -> 로깅 버퍼 크기 설정 | F33: =ChkList!D17 -> M | G33: =ChkList!E17 -> 2 | H33: 인터뷰 | I33: 설정값이 없으므로 취약 logging trap, logging facility 등 미설정 | J33: 인터뷰 | K33: =IF($J40="","",IF(OR($H33="Y",$H33="N/A",$H33="Y(즉시조치)"),$H33,IF(AND($H33="N",$J33="Y"),"조치",IF(AND($H33="N",$J33="N/A"),"N/A",IF(IFERROR(FIND("위험수용",$L33),0),"위험수용","미조치"))))) -> 미조치 | L33: gns에서 확인 | Q33: =IF($J33="",IF(OR(#REF!="N",#REF!="인터뷰"),ChkList!$F17,""),IF(OR($J33="N",$J33="인터뷰"),ChkList!$F17,"")) -> 로그에 대한 정보를 확인하여 장비 성능을 고려한 최대 버퍼 크기를 설정 | R33: =IF($H33="N/A",0,VLOOKUP($F33,'parm(hidden)'!$B$8:$C$10,2,FALSE))*1 -> 2 | S33: =IFERROR(VLOOKUP($F33,'parm(hidden)'!$B$8:$C$10,2,FALSE)*VLOOKUP(H33,'parm(hidden)'!$B$15:$C$19,2,FALSE),0) -> 0 | T33: =IFERROR(VLOOKUP($F33,'parm(hidden)'!$B$8:$C$10,2,FALSE)*VLOOKUP($K33,$V$22:$W$27,2,FALSE),0) -> 0 | U33: =IF($J33="N/A",0,VLOOKUP($F33,'parm(hidden)'!$B$8:$C$10,2,FALSE))*1 -> 2
A34: =ChkList!A18 -> 로그 관리 | B34: =ChkList!B18 -> N-14 | C34: =ChkList!C18 -> 정책에 따른 로깅 설정 | F34: =ChkList!D18 -> M | G34: =ChkList!E18 -> 2 | H34: N | I34: ntp sever 미사용이므로 양호 ntp server 미사용 | J34: Y | K34: =IF($J41="","",IF(OR($H34="Y",$H34="N/A",$H34="Y(즉시조치)"),$H34,IF(AND($H34="N",$J34="Y"),"조치",IF(AND($H34="N",$J34="N/A"),"N/A",IF(IFERROR(FIND("위험수용",$L34),0),"위험수용","미조치"))))) -> 조치 | L34: ntp 서버 ip 주소 설정되어있음 | Q34: =IF($J34="",IF(OR(#REF!="N",#REF!="인터뷰"),ChkList!$F18,""),IF(OR($J34="N",$J34="인터뷰"),ChkList!$F18,"")) | R34: =IF($H34="N/A",0,VLOOKUP($F34,'parm(hidden)'!$B$8:$C$10,2,FALSE))*1 -> 2 | S34: =IFERROR(VLOOKUP($F34,'parm(hidden)'!$B$8:$C$10,2,FALSE)*VLOOKUP(H34,'parm(hidden)'!$B$15:$C$19,2,FALSE),0) -> 0 | T34: =IFERROR(VLOOKUP($F34,'parm(hidden)'!$B$8:$C$10,2,FALSE)*VLOOKUP($K34,$V$22:$W$27,2,FALSE),0) -> 2 | U34: =IF($J34="N/A",0,VLOOKUP($F34,'parm(hidden)'!$B$8:$C$10,2,FALSE))*1 -> 2
A35: =ChkList!A19 -> 로그 관리 | B35: =ChkList!B19 -> N-15 | C35: =ChkList!C19 -> NTP 및 시각 동기화 설정 | F35: =ChkList!D19 -> M | G35: =ChkList!E19 -> 2 | H35: N | I35: 설정값이 없으므로 취약 service timestamps log datetime msec 설정 없음 | J35: Y | K35: =IF($J42="","",IF(OR($H35="Y",$H35="N/A",$H35="Y(즉시조치)"),$H35,IF(AND($H35="N",$J35="Y"),"조치",IF(AND($H35="N",$J35="N/A"),"N/A",IF(IFERROR(FIND("위험수용",$L35),0),"위험수용","미조치"))))) -> 조치 | L35: 로그 시간 기록 설정 및 시간대 설정 되어있음 | Q35: =IF($J35="",IF(OR(#REF!="N",#REF!="인터뷰"),ChkList!$F19,""),IF(OR($J35="N",$J35="인터뷰"),ChkList!$F19,"")) | R35: =IF($H35="N/A",0,VLOOKUP($F35,'parm(hidden)'!$B$8:$C$10,2,FALSE))*1 -> 2 | S35: =IFERROR(VLOOKUP($F35,'parm(hidden)'!$B$8:$C$10,2,FALSE)*VLOOKUP(H35,'parm(hidden)'!$B$15:$C$19,2,FALSE),0) -> 0 | T35: =IFERROR(VLOOKUP($F35,'parm(hidden)'!$B$8:$C$10,2,FALSE)*VLOOKUP($K35,$V$22:$W$27,2,FALSE),0) -> 2 | U35: =IF($J35="N/A",0,VLOOKUP($F35,'parm(hidden)'!$B$8:$C$10,2,FALSE))*1 -> 2
A36: =ChkList!A20 -> 로그 관리 | B36: =ChkList!B20 -> N-16 | C36: =ChkList!C20 -> Timestamp 로그 설정 | F36: =ChkList!D20 -> L | G36: =ChkList!E20 -> 1 | H36: Y | I36: SNMP 미사용이므로 양호 SNMP 사용 안함, 비활성화 | J36: Y | K36: =IF($J43="","",IF(OR($H36="Y",$H36="N/A",$H36="Y(즉시조치)"),$H36,IF(AND($H36="N",$J36="Y"),"조치",IF(AND($H36="N",$J36="N/A"),"N/A",IF(IFERROR(FIND("위험수용",$L36),0),"위험수용","미조치"))))) -> Y | L36: SNMP 미사용이므로 양호 SNMP 사용 안함, 비활성화 | Q36: =IF($J36="",IF(OR(#REF!="N",#REF!="인터뷰"),ChkList!$F20,""),IF(OR($J36="N",$J36="인터뷰"),ChkList!$F20,"")) | R36: =IF($H36="N/A",0,VLOOKUP($F36,'parm(hidden)'!$B$8:$C$10,2,FALSE))*1 -> 1 | S36: =IFERROR(VLOOKUP($F36,'parm(hidden)'!$B$8:$C$10,2,FALSE)*VLOOKUP(H36,'parm(hidden)'!$B$15:$C$19,2,FALSE),0) -> 1 | T36: =IFERROR(VLOOKUP($F36,'parm(hidden)'!$B$8:$C$10,2,FALSE)*VLOOKUP($K36,$V$22:$W$27,2,FALSE),0) -> 1 | U36: =IF($J36="N/A",0,VLOOKUP($F36,'parm(hidden)'!$B$8:$C$10,2,FALSE))*1 -> 1
A37: =ChkList!A21 -> 기능 관리 | B37: =ChkList!B21 -> N-17 | C37: =ChkList!C21 -> SNMP 서비스 확인 | F37: =ChkList!D21 -> H | G37: =ChkList!E21 -> 3 | H37: Y | I37: SNMP 미사용이므로 양호 SNMP 사용 안함, 비활성화 | J37: Y | K37: =IF($J44="","",IF(OR($H37="Y",$H37="N/A",$H37="Y(즉시조치)"),$H37,IF(AND($H37="N",$J37="Y"),"조치",IF(AND($H37="N",$J37="N/A"),"N/A",IF(IFERROR(FIND("위험수용",$L37),0),"위험수용","미조치"))))) -> Y | L37: SNMP 미사용이므로 양호 SNMP 사용 안함, 비활성화 | Q37: =IF($J37="",IF(OR(#REF!="N",#REF!="인터뷰"),ChkList!$F21,""),IF(OR($J37="N",$J37="인터뷰"),ChkList!$F21,"")) | R37: =IF($H37="N/A",0,VLOOKUP($F37,'parm(hidden)'!$B$8:$C$10,2,FALSE))*1 -> 3 | S37: =IFERROR(VLOOKUP($F37,'parm(hidden)'!$B$8:$C$10,2,FALSE)*VLOOKUP(H37,'parm(hidden)'!$B$15:$C$19,2,FALSE),0) -> 3 | T37: =IFERROR(VLOOKUP($F37,'parm(hidden)'!$B$8:$C$10,2,FALSE)*VLOOKUP($K37,$V$22:$W$27,2,FALSE),0) -> 3 | U37: =IF($J37="N/A",0,VLOOKUP($F37,'parm(hidden)'!$B$8:$C$10,2,FALSE))*1 -> 3
A38: =ChkList!A22 -> 기능 관리 | B38: =ChkList!B22 -> N-18 | C38: =ChkList!C22 -> SNMP Community String 복잡성 설정 | F38: =ChkList!D22 -> H | G38: =ChkList!E22 -> 3 | H38: Y | I38: SNMP 미사용이므로 양호 SNMP 미사용 상태 | J38: Y | K38: =IF($J45="","",IF(OR($H38="Y",$H38="N/A",$H38="Y(즉시조치)"),$H38,IF(AND($H38="N",$J38="Y"),"조치",IF(AND($H38="N",$J38="N/A"),"N/A",IF(IFERROR(FIND("위험수용",$L38),0),"위험수용","미조치"))))) -> Y | L38: SNMP 미사용이므로 양호 SNMP 미사용 상태 | Q38: =IF($J38="",IF(OR(#REF!="N",#REF!="인터뷰"),ChkList!$F22,""),IF(OR($J38="N",$J38="인터뷰"),ChkList!$F22,"")) | R38: =IF($H38="N/A",0,VLOOKUP($F38,'parm(hidden)'!$B$8:$C$10,2,FALSE))*1 -> 3 | S38: =IFERROR(VLOOKUP($F38,'parm(hidden)'!$B$8:$C$10,2,FALSE)*VLOOKUP(H38,'parm(hidden)'!$B$15:$C$19,2,FALSE),0) -> 3 | T38: =IFERROR(VLOOKUP($F38,'parm(hidden)'!$B$8:$C$10,2,FALSE)*VLOOKUP($K38,$V$22:$W$27,2,FALSE),0) -> 3 | U38: =IF($J38="N/A",0,VLOOKUP($F38,'parm(hidden)'!$B$8:$C$10,2,FALSE))*1 -> 3
A39: =ChkList!A23 -> 기능 관리 | B39: =ChkList!B23 -> N-19 | C39: =ChkList!C23 -> SNMP ACL 설정 | F39: =ChkList!D23 -> H | G39: =ChkList!E23 -> 3 | H39: Y | I39: SNMP 미사용이므로 양호 SNMP 미사용 상태 | J39: Y | K39: =IF($J46="","",IF(OR($H39="Y",$H39="N/A",$H39="Y(즉시조치)"),$H39,IF(AND($H39="N",$J39="Y"),"조치",IF(AND($H39="N",$J39="N/A"),"N/A",IF(IFERROR(FIND("위험수용",$L39),0),"위험수용","미조치"))))) -> Y | L39: SNMP 미사용이므로 양호 SNMP 미사용 상태 | Q39: =IF($J39="",IF(OR(#REF!="N",#REF!="인터뷰"),ChkList!$F23,""),IF(OR($J39="N",$J39="인터뷰"),ChkList!$F23,"")) | R39: =IF($H39="N/A",0,VLOOKUP($F39,'parm(hidden)'!$B$8:$C$10,2,FALSE))*1 -> 3 | S39: =IFERROR(VLOOKUP($F39,'parm(hidden)'!$B$8:$C$10,2,FALSE)*VLOOKUP(H39,'parm(hidden)'!$B$15:$C$19,2,FALSE),0) -> 3 | T39: =IFERROR(VLOOKUP($F39,'parm(hidden)'!$B$8:$C$10,2,FALSE)*VLOOKUP($K39,$V$22:$W$27,2,FALSE),0) -> 3 | U39: =IF($J39="N/A",0,VLOOKUP($F39,'parm(hidden)'!$B$8:$C$10,2,FALSE))*1 -> 3
... A50: =ChkList!A34 -> 기능 관리 | B50: =ChkList!B34 -> N-30 | C50: =ChkList!C34 -> CDP 서비스 차단 | F50: =ChkList!D34 -> M | G50: =ChkList!E34 -> 2 | H50: N | I50: 지원안함, 기본값 차단된 상태, Cisco는 Smurf 공격 때문에 오래 전부터 기본값을 차단으로 변경했음. | J50: Y | K50: =IF($J57="","",IF(OR($H50="Y",$H50="N/A",$H50="Y(즉시조치)"),$H50,IF(AND($H50="N",$J50="Y"),"조치",IF(AND($H50="N",$J50="N/A"),"N/A",IF(IFERROR(FIND("위험수용",$L50),0),"위험수용","미조치"))))) -> 조치 | L50: 설정 완료상태이므로 양호 directed-broadcast 차단 | Q50: =IF($J50="",IF(OR(#REF!="N",#REF!="인터뷰"),ChkList!$F34,""),IF(OR($J50="N",$J50="인터뷰"),ChkList!$F34,"")) | R50: =IF($H50="N/A",0,VLOOKUP($F50,'parm(hidden)'!$B$8:$C$10,2,FALSE))*1 -> 2 | S50: =IFERROR(VLOOKUP($F50,'parm(hidden)'!$B$8:$C$10,2,FALSE)*VLOOKUP(H50,'parm(hidden)'!$B$15:$C$19,2,FALSE),0) -> 0 | T50: =IFERROR(VLOOKUP($F50,'parm(hidden)'!$B$8:$C$10,2,FALSE)*VLOOKUP($K50,$V$22:$W$27,2,FALSE),0) -> 2 | U50: =IF($J50="N/A",0,VLOOKUP($F50,'parm(hidden)'!$B$8:$C$10,2,FALSE))*1 -> 2
A51: =ChkList!A35 -> 기능 관리 | B51: =ChkList!B35 -> N-31 | C51: =ChkList!C35 -> Directed-broadcast 차단 | F51: =ChkList!D35 -> M | G51: =ChkList!E35 -> 2 | H51: N | I51: 지원하지 않음, Cisco 라우터는 기본값(Default) 이 `no ip source-route`, 소스 라우팅 차단(Disable) 상태입니다. | J51: Y | K51: =IF($J52="","",IF(OR($H52="Y",$H52="N/A",$H52="Y(즉시조치)"),$H52,IF(AND($H52="N",$J52="Y"),"조치",IF(AND($H52="N",$J52="N/A"),"N/A",IF(IFERROR(FIND("위험수용",$L52),0),"위험수용","미조치"))))) -> 조치 | L51: 설정 완료상태이므로 양호 Source 라우팅 차단 완료 | Q51: =IF($J51="",IF(OR(#REF!="N",#REF!="인터뷰"),ChkList!$F35,""),IF(OR($J51="N",$J51="인터뷰"),ChkList!$F35,"")) | R51: =IF($H51="N/A",0,VLOOKUP($F51,'parm(hidden)'!$B$8:$C$10,2,FALSE))*1 -> 2 | S51: =IFERROR(VLOOKUP($F51,'parm(hidden)'!$B$8:$C$10,2,FALSE)*VLOOKUP(H51,'parm(hidden)'!$B$15:$C$19,2,FALSE),0) -> 0 | T51: =IFERROR(VLOOKUP($F51,'parm(hidden)'!$B$8:$C$10,2,FALSE)*VLOOKUP($K51,$V$22:$W$27,2,FALSE),0) -> 2 | U51: =IF($J51="N/A",0,VLOOKUP($F51,'parm(hidden)'!$B$8:$C$10,2,FALSE))*1 -> 2
A52: =ChkList!A36 -> 기능 관리 | B52: =ChkList!B36 -> N-32 | C52: =ChkList!C36 -> Source Routing 차단 | F52: =ChkList!D36 -> M | G52: =ChkList!E36 -> 2 | H52: N | I52: 지원 안함 | J52: Y | K52: =IF($J52="","",IF(OR($H52="Y",$H52="N/A",$H52="Y(즉시조치)"),$H52,IF(AND($H52="N",$J52="Y"),"조치",IF(AND($H52="N",$J52="N/A"),"N/A",IF(IFERROR(FIND("위험수용",$L52),0),"위험수용","미조치"))))) -> 조치 | L52: 설정 완료상태이므로 양호 Proxy ARP 차단 완료 | Q52: =IF($J52="",IF(OR(#REF!="N",#REF!="인터뷰"),ChkList!$F36,""),IF(OR($J52="N",$J52="인터뷰"),ChkList!$F36,"")) | R52: =IF($H52="N/A",0,VLOOKUP($F52,'parm(hidden)'!$B$8:$C$10,2,FALSE))*1 -> 2 | S52: =IFERROR(VLOOKUP($F52,'parm(hidden)'!$B$8:$C$10,2,FALSE)*VLOOKUP(H52,'parm(hidden)'!$B$15:$C$19,2,FALSE),0) -> 0 | T52: =IFERROR(VLOOKUP($F52,'parm(hidden)'!$B$8:$C$10,2,FALSE)*VLOOKUP($K52,$V$22:$W$27,2,FALSE),0) -> 2 | U52: =IF($J52="N/A",0,VLOOKUP($F52,'parm(hidden)'!$B$8:$C$10,2,FALSE))*1 -> 2
A53: =ChkList!A37 -> 기능 관리 | B53: =ChkList!B37 -> N-33 | C53: =ChkList!C37 -> Proxy ARP 차단 | F53: =ChkList!D37 -> M | G53: =ChkList!E37 -> 2 | H53: N | I53: 지원 안함 | J53: Y | K53: =IF($J53="","",IF(OR($H53="Y",$H53="N/A",$H53="Y(즉시조치)"),$H53,IF(AND($H53="N",$J53="Y"),"조치",IF(AND($H53="N",$J53="N/A"),"N/A",IF(IFERROR(FIND("위험수용",$L53),0),"위험수용","미조치"))))) -> 조치 | L53: 설정 완료 상태이므로 양호 ICMP unreachable과 Redirect 차단 | Q53: =IF($J53="",IF(OR(#REF!="N",#REF!="인터뷰"),ChkList!$F37,""),IF(OR($J53="N",$J53="인터뷰"),ChkList!$F37,"")) | R53: =IF($H53="N/A",0,VLOOKUP($F53,'parm(hidden)'!$B$8:$C$10,2,FALSE))*1 -> 2 | S53: =IFERROR(VLOOKUP($F53,'parm(hidden)'!$B$8:$C$10,2,FALSE)*VLOOKUP(H53,'parm(hidden)'!$B$15:$C$19,2,FALSE),0) -> 0 | T53: =IFERROR(VLOOKUP($F53,'parm(hidden)'!$B$8:$C$10,2,FALSE)*VLOOKUP($K53,$V$22:$W$27,2,FALSE),0) -> 2 | U53: =IF($J53="N/A",0,VLOOKUP($F53,'parm(hidden)'!$B$8:$C$10,2,FALSE))*1 -> 2
A54: =ChkList!A38 -> 기능 관리 | B54: =ChkList!B38 -> N-34 | C54: =ChkList!C38 -> ICMP unreachable, redirect 차단 | F54: =ChkList!D38 -> M | G54: =ChkList!E38 -> 2 | H54: N | I54: 지원 안함 | J54: Y | K54: =IF($J54="","",IF(OR($H54="Y",$H54="N/A",$H54="Y(즉시조치)"),$H54,IF(AND($H54="N",$J54="Y"),"조치",IF(AND($H54="N",$J54="N/A"),"N/A",IF(IFERROR(FIND("위험수용",$L54),0),"위험수용","미조치"))))) -> 조치 | L54: 설정 완료상태이므로 양호 identd 서비스 차단 | Q54: =IF($J54="",IF(OR(#REF!="N",#REF!="인터뷰"),ChkList!$F38,""),IF(OR($J54="N",$J54="인터뷰"),ChkList!$F38,"")) | R54: =IF($H54="N/A",0,VLOOKUP($F54,'parm(hidden)'!$B$8:$C$10,2,FALSE))*1 -> 2 | S54: =IFERROR(VLOOKUP($F54,'parm(hidden)'!$B$8:$C$10,2,FALSE)*VLOOKUP(H54,'parm(hidden)'!$B$15:$C$19,2,FALSE),0) -> 0 | T54: =IFERROR(VLOOKUP($F54,'parm(hidden)'!$B$8:$C$10,2,FALSE)*VLOOKUP($K54,$V$22:$W$27,2,FALSE),0) -> 2 | U54: =IF($J54="N/A",0,VLOOKUP($F54,'parm(hidden)'!$B$8:$C$10,2,FALSE))*1 -> 2
A55: =ChkList!A39 -> 기능 관리 | B55: =ChkList!B39 -> N-35 | C55: =ChkList!C39 -> identd 서비스 차단 | F55: =ChkList!D39 -> M | G55: =ChkList!E39 -> 2 | H55: N | I55: 설정값이 없으므로 취약 no ip domain-lookup 설정 없음 | J55: Y | K55: =IF($J55="","",IF(OR($H55="Y",$H55="N/A",$H55="Y(즉시조치)"),$H55,IF(AND($H55="N",$J55="Y"),"조치",IF(AND($H55="N",$J55="N/A"),"N/A",IF(IFERROR(FIND("위험수용",$L55),0),"위험수용","미조치"))))) -> 조치 | L55: domain lookup 비활성화 되어있음 | Q55: =IF($J55="",IF(OR(#REF!="N",#REF!="인터뷰"),ChkList!$F39,""),IF(OR($J55="N",$J55="인터뷰"),ChkList!$F39,"")) | R55: =IF($H55="N/A",0,VLOOKUP($F55,'parm(hidden)'!$B$8:$C$10,2,FALSE))*1 -> 2 | S55: =IFERROR(VLOOKUP($F55,'parm(hidden)'!$B$8:$C$10,2,FALSE)*VLOOKUP(H55,'parm(hidden)'!$B$15:$C$19,2,FALSE),0) -> 0 | T55: =IFERROR(VLOOKUP($F55,'parm(hidden)'!$B$8:$C$10,2,FALSE)*VLOOKUP($K55,$V$22:$W$27,2,FALSE),0) -> 2 | U55: =IF($J55="N/A",0,VLOOKUP($F55,'parm(hidden)'!$B$8:$C$10,2,FALSE))*1 -> 2
A56: =ChkList!A40 -> 기능 관리 | B56: =ChkList!B40 -> N-36 | C56: =ChkList!C40 -> Domain Lookup 차단 | F56: =ChkList!D40 -> M | G56: =ChkList!E40 -> 2 | H56: N | I56: 지원 안함 | J56: Y | K56: =IF($J56="","",IF(OR($H56="Y",$H56="N/A",$H56="Y(즉시조치)"),$H56,IF(AND($H56="N",$J56="Y"),"조치",IF(AND($H56="N",$J56="N/A"),"N/A",IF(IFERROR(FIND("위험수용",$L56),0),"위험수용","미조치"))))) -> 조치 | L56: 설정 완료상태이므로 양호 pad 서비스 차단 | Q56: =IF($J56="",IF(OR(#REF!="N",#REF!="인터뷰"),ChkList!$F40,""),IF(OR($J56="N",$J56="인터뷰"),ChkList!$F40,"")) | R56: =IF($H56="N/A",0,VLOOKUP($F56,'parm(hidden)'!$B$8:$C$10,2,FALSE))*1 -> 2 | S56: =IFERROR(VLOOKUP($F56,'parm(hidden)'!$B$8:$C$10,2,FALSE)*VLOOKUP(H56,'parm(hidden)'!$B$15:$C$19,2,FALSE),0) -> 0 | T56: =IFERROR(VLOOKUP($F56,'parm(hidden)'!$B$8:$C$10,2,FALSE)*VLOOKUP($K56,$V$22:$W$27,2,FALSE),0) -> 2 | U56: =IF($J56="N/A",0,VLOOKUP($F56,'parm(hidden)'!$B$8:$C$10,2,FALSE))*1 -> 2
A57: =ChkList!A41 -> 기능 관리 | B57: =ChkList!B41 -> N-37 | C57: =ChkList!C41 -> pad 차단 | F57: =ChkList!D41 -> M | G57: =ChkList!E41 -> 2 | H57: N | I57: 해당 서비스 지원안함 | J57: Y | K57: =IF($J57="","",IF(OR($H57="Y",$H57="N/A",$H57="Y(즉시조치)"),$H57,IF(AND($H57="N",$J57="Y"),"조치",IF(AND($H57="N",$J57="N/A"),"N/A",IF(IFERROR(FIND("위험수용",$L57),0),"위험수용","미조치"))))) -> 조치 | L57: 설정 완료상태이므로 양호 mask-rely 서비스 차단 | Q57: =IF($J57="",IF(OR(#REF!="N",#REF!="인터뷰"),ChkList!$F41,""),IF(OR($J57="N",$J57="인터뷰"),ChkList!$F41,"")) | R57: =IF($H57="N/A",0,VLOOKUP($F57,'parm(hidden)'!$B$8:$C$10,2,FALSE))*1 -> 2 | S57: =IFERROR(VLOOKUP($F57,'parm(hidden)'!$B$8:$C$10,2,FALSE)*VLOOKUP(H57,'parm(hidden)'!$B$15:$C$19,2,FALSE),0) -> 0 | T57: =IFERROR(VLOOKUP($F57,'parm(hidden)'!$B$8:$C$10,2,FALSE)*VLOOKUP($K57,$V$22:$W$27,2,FALSE),0) -> 2 | U57: =IF($J57="N/A",0,VLOOKUP($F57,'parm(hidden)'!$B$8:$C$10,2,FALSE))*1 -> 2
A58: =ChkList!A42 -> 기능 관리 | B58: =ChkList!B42 -> N-38 | C58: =ChkList!C42 -> mask-reply 차단 | F58: =ChkList!D42 -> M | G58: =ChkList!E42 -> 2 | H58: N | I58: 설정값이 없으므로 취약 스위치 포트 보안, SPAN 설정 미적용 | J58: Y | K58: =IF($J58="","",IF(OR($H58="Y",$H58="N/A",$H58="Y(즉시조치)"),$H58,IF(AND($H58="N",$J58="Y"),"조치",IF(AND($H58="N",$J58="N/A"),"N/A",IF(IFERROR(FIND("위험수용",$L58),0),"위험수용","미조치"))))) -> 조치 | L58: 허용할 MAC 주소 수동 등록됨 sticky 설정 적용되어있음 보안 침해시 로깅 메시지 발생되도록 port-security violation restirct 설정 되어있음 | Q58: =IF($J58="",IF(OR(#REF!="N",#REF!="인터뷰"),ChkList!$F42,""),IF(OR($J58="N",$J58="인터뷰"),ChkList!$F42,"")) | R58: =IF($H58="N/A",0,VLOOKUP($F58,'parm(hidden)'!$B$8:$C$10,2,FALSE))*1 -> 2 | S58: =IFERROR(VLOOKUP($F58,'parm(hidden)'!$B$8:$C$10,2,FALSE)*VLOOKUP(H58,'parm(hidden)'!$B$15:$C$19,2,FALSE),0) -> 0 | T58: =IFERROR(VLOOKUP($F58,'parm(hidden)'!$B$8:$C$10,2,FALSE)*VLOOKUP($K58,$V$22:$W$27,2,FALSE),0) -> 2 | U58: =IF($J58="N/A",0,VLOOKUP($F58,'parm(hidden)'!$B$8:$C$10,2,FALSE))*1 -> 2

Sheet HQ_L3_2
A1: ="■ "&$B$4&" 상세 진단결과" -> ■ HQ_L3_2 상세 진단결과
A3: 1) 시스템 현황 | R3: ※ 자산 평가
A4: HostName | B4: =REPLACE(CELL("filename",A1),1,FIND("]",CELL("filename",A1)),"") -> HQ_L3_2 | D4: 운영자산 명 | F4: =IFERROR(VLOOKUP($B$4,자산목록!$B$1:$Q$834,8,FALSE),"N/A") -> L3 스위치 | R4: 기밀성 | S4: =IFERROR(VLOOKUP($B$4,자산목록!$B$1:$Q$834,13,FALSE),"N/A") -> 0 | T4: 자산등급 | U4: =IFERROR(VLOOKUP($B$4,자산목록!$B$1:$Q$834,16,FALSE),"N/A") -> L
A5: OS 종류 및 버전 | B5: =IFERROR(VLOOKUP($B$4,자산목록!$B$1:$Q$834,6,FALSE)&" "&VLOOKUP($B$4,자산목록!$B$1:$Q$834,7,FALSE),"N/A") -> Cisco IOS Software, C3560 Software (C3560-ADVIPSERVICESK9-M) Version 12.2(37)SE1 | D5: IP Address | F5: =IFERROR(VLOOKUP($B$4,자산목록!$B$1:$Q$834,2,FALSE),"N/A") -> 10.0.3.22 | R5: 무결성 | S5: =IFERROR(VLOOKUP($B$4,자산목록!$B$1:$Q$834,14,FALSE),"N/A") -> 0
A6: 담당자 | B6: =IFERROR(VLOOKUP($B$4,자산목록!$B$1:$Q$834,11,FALSE),"N/A") -> 홍길동 | D6: 설치 위치 | F6: =IFERROR(VLOOKUP($B$4,자산목록!$B$1:$Q$834,9,FALSE),"N/A") -> 본사 사내망 | R6: 가용성 | S6: =IFERROR(VLOOKUP($B$4,자산목록!$B$1:$Q$834,15,FALSE),"N/A") -> 0
A8: 2) 진단 결과
A9: ① 부분별 진단 결과
A10: 분류 | D10: 본진단 결과 (이행 전) | I10: 영역별 수준 그래프 | J10: 이행 결과 | R10: 결과 점수 | V10: 영역별 수준 그래프
D11: 전체 | E11: 양호 | F11: 취약 | G11: N/A | H11: 수준 | J11: 조치 | K11: 미조치 | L11: 위험수용 | M11: N/A | N11: 이행율 | O11: 수준 | R11: 전체점수(이행 전) | S11: 평가점수 (이행 전) | T11: 평가점수 (이행 후) | U11: 전체점수(이행 후) | V11: 분류 | X11: 본진단 결과 (이행 전) | Y11: 이행 결과
A12: 계정 관리 | D12: =COUNTIF($A$21:INDIRECT(ADDRESS(MATCH("",$A:$A,-1),1,1,1)),$A12) -> 5 | E12: =COUNTIFS($A$21:INDIRECT(ADDRESS(MATCH("",$A:$A,-1),1,1,1)),$A12,$H$21:INDIRECT(ADDRESS(MATCH("",$A:$A,-1),8,1,1)),"Y")+COUNTIFS($A$21:INDIRECT(ADDRESS(MATCH("",$A:$A,-1),1,1,1)),$A12,$H$21:INDIRECT(ADDRESS(MATCH("",$A:$A,-1),8,1,1)),"Y(즉시조치)") -> 0 | F12: =COUNTIFS($A$21:INDIRECT(ADDRESS(MATCH("",$A:$A,-1),1,1,1)),$A12&"*",$H$21:INDIRECT(ADDRESS(MATCH("",$A:$A,-1),8,1,1)),"N") -> 5 | G12: =COUNTIFS($A$21:INDIRECT(ADDRESS(MATCH("",$A:$A,-1),1,1,1)),$A12&"*",$H$21:INDIRECT(ADDRESS(MATCH("",$A:$A,-1),8,1,1)),"N/A") -> 0 | H12: =IF($G12=$D12,"N/A",(S12/R12)) -> 0 | J12: =COUNTIFS($A$21:INDIRECT(ADDRESS(MATCH("",$A:$A,-1),1,1,1)),$A12,$K$21:INDIRECT(ADDRESS(MATCH("",$B:$B,-1),11,1,1)),"조치") -> 5 | K12: =COUNTIFS($A$21:INDIRECT(ADDRESS(MATCH("",$A:$A,-1),1,1,1)),$A12,$K$21:INDIRECT(ADDRESS(MATCH("",$B:$B,-1),11,1,1)),"미조치") -> 0 | L12: =COUNTIFS($A$21:INDIRECT(ADDRESS(MATCH("",$A:$A,-1),1,1,1)),$A12,$K$21:INDIRECT(ADDRESS(MATCH("",$B:$B,-1),11,1,1)),"위험수용") -> 0 | M12: =COUNTIFS($A$21:INDIRECT(ADDRESS(MATCH("",$A:$A,-1),1,1,1)),$A12,$K$21:INDIRECT(ADDRESS(MATCH("",$B:$B,-1),11,1,1)),"N/A") -> 0 | N12: =IFERROR($J12/($F12-(M12-G12)),"N/A") -> 1 | O12: =IF(OR($G12=$D12,$D12=$M12),"N/A",($T12/$U12)) -> 1 | R12: =SUMIF($A$21:INDIRECT(ADDRESS(MATCH("",$A:$A,-1),1,1,1)),$A12,$R$21:INDIRECT(ADDRESS(MATCH("",$A:$A,-1),18,1,1))) -> 14 | S12: =SUMIF($A$21:INDIRECT(ADDRESS(MATCH("",$A:$A,-1),1,1,1)),$A12,$S$21:INDIRECT(ADDRESS(MATCH("",$A:$A,-1),19,1,1))) -> 0 | T12: =SUMIF($A$21:INDIRECT(ADDRESS(MATCH("",$A:$A,-1),1,1,1)),$A12,$T$21:INDIRECT(ADDRESS(MATCH("",$A:$A,-1),20,1,1))) -> 14 | U12: =SUMIF($A$21:INDIRECT(ADDRESS(MATCH("",$A:$A,-1),2,1,1)),$A12&"*",$U$21:INDIRECT(ADDRESS(MATCH("",$A:$A,-1),21,1,1))) -> 14 | V12: =B12 -> 0 | X12: =H12 -> 0 | Y12: =O12 -> 1
A13: 접근 관리 | D13: =COUNTIF($A$21:INDIRECT(ADDRESS(MATCH("",$A:$A,-1),1,1,1)),$A13) -> 6 | E13: =COUNTIFS($A$21:INDIRECT(ADDRESS(MATCH("",$A:$A,-1),1,1,1)),$A13,$H$21:INDIRECT(ADDRESS(MATCH("",$A:$A,-1),8,1,1)),"Y")+COUNTIFS($A$21:INDIRECT(ADDRESS(MATCH("",$A:$A,-1),1,1,1)),$A13,$H$21:INDIRECT(ADDRESS(MATCH("",$A:$A,-1),8,1,1)),"Y(즉시조치)") -> 0 | F13: =COUNTIFS($A$21:INDIRECT(ADDRESS(MATCH("",$A:$A,-1),1,1,1)),$A13&"*",$H$21:INDIRECT(ADDRESS(MATCH("",$A:$A,-1),8,1,1)),"N") -> 5 | G13: =COUNTIFS($A$21:INDIRECT(ADDRESS(MATCH("",$A:$A,-1),1,1,1)),$A13&"*",$H$21:INDIRECT(ADDRESS(MATCH("",$A:$A,-1),8,1,1)),"N/A") -> 0 | H13: =IF($G13=$D13,"N/A",(S13/R13)) -> 0 | J13: =COUNTIFS($A$21:INDIRECT(ADDRESS(MATCH("",$A:$A,-1),1,1,1)),$A13,$K$21:INDIRECT(ADDRESS(MATCH("",$B:$B,-1),11,1,1)),"조치") -> 5 | K13: =COUNTIFS($A$21:INDIRECT(ADDRESS(MATCH("",$A:$A,-1),1,1,1)),$A13,$K$21:INDIRECT(ADDRESS(MATCH("",$B:$B,-1),11,1,1)),"미조치") -> 1 | L13: =COUNTIFS($A$21:INDIRECT(ADDRESS(MATCH("",$A:$A,-1),1,1,1)),$A13,$K$21:INDIRECT(ADDRESS(MATCH("",$B:$B,-1),11,1,1)),"위험수용") -> 0 | M13: =COUNTIFS($A$21:INDIRECT(ADDRESS(MATCH("",$A:$A,-1),1,1,1)),$A13,$K$21:INDIRECT(ADDRESS(MATCH("",$B:$B,-1),11,1,1)),"N/A") -> 0 | N13: =IFERROR($J13/($F13-(M13-G13)),"N/A") -> 1 | O13: =IF(OR($G13=$D13,$D13=$M13),"N/A",($T13/$U13)) -> 0.85714286 | R13: =SUMIF($A$21:INDIRECT(ADDRESS(MATCH("",$A:$A,-1),1,1,1)),$A13,$R$21:INDIRECT(ADDRESS(MATCH("",$A:$A,-1),18,1,1))) -> 14 | S13: =SUMIF($A$21:INDIRECT(ADDRESS(MATCH("",$A:$A,-1),1,1,1)),$A13,$S$21:INDIRECT(ADDRESS(MATCH("",$A:$A,-1),19,1,1))) -> 0 | T13: =SUMIF($A$21:INDIRECT(ADDRESS(MATCH("",$A:$A,-1),1,1,1)),$A13,$T$21:INDIRECT(ADDRESS(MATCH("",$A:$A,-1),20,1,1))) -> 12 | U13: =SUMIF($A$21:INDIRECT(ADDRESS(MATCH("",$A:$A,-1),2,1,1)),$A13&"*",$U$21:INDIRECT(ADDRESS(MATCH("",$A:$A,-1),21,1,1))) -> 14 | V13: =B13 -> 0 | X13: =H13 -> 0 | Y13: =O13 -> 0.85714286
A14: 패치 관리 | D14: =COUNTIF($A$21:INDIRECT(ADDRESS(MATCH("",$A:$A,-1),1,1,1)),$A14) -> 1 | E14: =COUNTIFS($A$21:INDIRECT(ADDRESS(MATCH("",$A:$A,-1),1,1,1)),$A14,$H$21:INDIRECT(ADDRESS(MATCH("",$A:$A,-1),8,1,1)),"Y")+COUNTIFS($A$21:INDIRECT(ADDRESS(MATCH("",$A:$A,-1),1,1,1)),$A14,$H$21:INDIRECT(ADDRESS(MATCH("",$A:$A,-1),8,1,1)),"Y(즉시조치)") -> 0 | F14: =COUNTIFS($A$21:INDIRECT(ADDRESS(MATCH("",$A:$A,-1),1,1,1)),$A14&"*",$H$21:INDIRECT(ADDRESS(MATCH("",$A:$A,-1),8,1,1)),"N") -> 1 | G14: =COUNTIFS($A$21:INDIRECT(ADDRESS(MATCH("",$A:$A,-1),1,1,1)),$A14&"*",$H$21:INDIRECT(ADDRESS(MATCH("",$A:$A,-1),8,1,1)),"N/A") -> 0 | H14: =IF($G14=$D14,"N/A",(S14/R14)) -> 0 | J14: =COUNTIFS($A$21:INDIRECT(ADDRESS(MATCH("",$A:$A,-1),1,1,1)),$A14,$K$21:INDIRECT(ADDRESS(MATCH("",$B:$B,-1),11,1,1)),"조치") -> 1 | K14: =COUNTIFS($A$21:INDIRECT(ADDRESS(MATCH("",$A:$A,-1),1,1,1)),$A14,$K$21:INDIRECT(ADDRESS(MATCH("",$B:$B,-1),11,1,1)),"미조치") -> 0 | L14: =COUNTIFS($A$21:INDIRECT(ADDRESS(MATCH("",$A:$A,-1),1,1,1)),$A14,$K$21:INDIRECT(ADDRESS(MATCH("",$B:$B,-1),11,1,1)),"위험수용") -> 0 | M14: =COUNTIFS($A$21:INDIRECT(ADDRESS(MATCH("",$A:$A,-1),1,1,1)),$A14,$K$21:INDIRECT(ADDRESS(MATCH("",$B:$B,-1),11,1,1)),"N/A") -> 0 | N14: =IFERROR($J14/($F14-(M14-G14)),"N/A") -> 1 | O14: =IF(OR($G14=$D14,$D14=$M14),"N/A",($T14/$U14)) -> 1 | R14: =SUMIF($A$21:INDIRECT(ADDRESS(MATCH("",$A:$A,-1),1,1,1)),$A14,$R$21:INDIRECT(ADDRESS(MATCH("",$A:$A,-1),18,1,1))) -> 3 | S14: =SUMIF($A$21:INDIRECT(ADDRESS(MATCH("",$A:$A,-1),1,1,1)),$A14,$S$21:INDIRECT(ADDRESS(MATCH("",$A:$A,-1),19,1,1))) -> 0 | T14: =SUMIF($A$21:INDIRECT(ADDRESS(MATCH("",$A:$A,-1),1,1,1)),$A14,$T$21:INDIRECT(ADDRESS(MATCH("",$A:$A,-1),20,1,1))) -> 3 | U14: =SUMIF($A$21:INDIRECT(ADDRESS(MATCH("",$A:$A,-1),2,1,1)),$A14&"*",$U$21:INDIRECT(ADDRESS(MATCH("",$A:$A,-1),21,1,1))) -> 3 | V14: =B14 -> 0 | X14: =H14 -> 0 | Y14: =O14 -> 1
A15: 로그 관리 | D15: =COUNTIF($A$21:INDIRECT(ADDRESS(MATCH("",$A:$A,-1),1,1,1)),$A15) -> 4 | E15: =COUNTIFS($A$21:INDIRECT(ADDRESS(MATCH("",$A:$A,-1),1,1,1)),$A15,$H$21:INDIRECT(ADDRESS(MATCH("",$A:$A,-1),8,1,1)),"Y")+COUNTIFS($A$21:INDIRECT(ADDRESS(MATCH("",$A:$A,-1),1,1,1)),$A15,$H$21:INDIRECT(ADDRESS(MATCH("",$A:$A,-1),8,1,1)),"Y(즉시조치)") -> 1 | F15: =COUNTIFS($A$21:INDIRECT(ADDRESS(MATCH("",$A:$A,-1),1,1,1)),$A15&"*",$H$21:INDIRECT(ADDRESS(MATCH("",$A:$A,-1),8,1,1)),"N") -> 2 | G15: =COUNTIFS($A$21:INDIRECT(ADDRESS(MATCH("",$A:$A,-1),1,1,1)),$A15&"*",$H$21:INDIRECT(ADDRESS(MATCH("",$A:$A,-1),8,1,1)),"N/A") -> 0 | H15: =IF($G15=$D15,"N/A",(S15/R15)) -> 0.14285714 | J15: =COUNTIFS($A$21:INDIRECT(ADDRESS(MATCH("",$A:$A,-1),1,1,1)),$A15,$K$21:INDIRECT(ADDRESS(MATCH("",$B:$B,-1),11,1,1)),"조치") -> 2 | K15: =COUNTIFS($A$21:INDIRECT(ADDRESS(MATCH("",$A:$A,-1),1,1,1)),$A15,$K$21:INDIRECT(ADDRESS(MATCH("",$B:$B,-1),11,1,1)),"미조치") -> 1 | L15: =COUNTIFS($A$21:INDIRECT(ADDRESS(MATCH("",$A:$A,-1),1,1,1)),$A15,$K$21:INDIRECT(ADDRESS(MATCH("",$B:$B,-1),11,1,1)),"위험수용") -> 0 | M15: =COUNTIFS($A$21:INDIRECT(ADDRESS(MATCH("",$A:$A,-1),1,1,1)),$A15,$K$21:INDIRECT(ADDRESS(MATCH("",$B:$B,-1),11,1,1)),"N/A") -> 0 | N15: =IFERROR($J15/($F15-(M15-G15)),"N/A") -> 1 | O15: =IF(OR($G15=$D15,$D15=$M15),"N/A",($T15/$U15)) -> 0.71428571 | R15: =SUMIF($A$21:INDIRECT(ADDRESS(MATCH("",$A:$A,-1),1,1,1)),$A15,$R$21:INDIRECT(ADDRESS(MATCH("",$A:$A,-1),18,1,1))) -> 7 | S15: =SUMIF($A$21:INDIRECT(ADDRESS(MATCH("",$A:$A,-1),1,1,1)),$A15,$S$21:INDIRECT(ADDRESS(MATCH("",$A:$A,-1),19,1,1))) -> 1 | T15: =SUMIF($A$21:INDIRECT(ADDRESS(MATCH("",$A:$A,-1),1,1,1)),$A15,$T$21:INDIRECT(ADDRESS(MATCH("",$A:$A,-1),20,1,1))) -> 5 | U15: =SUMIF($A$21:INDIRECT(ADDRESS(MATCH("",$A:$A,-1),2,1,1)),$A15&"*",$U$21:INDIRECT(ADDRESS(MATCH("",$A:$A,-1),21,1,1))) -> 7 | V15: =B15 -> 0 | X15: =H15 -> 0.14285714 | Y15: =O15 -> 0.71428571
A16: 기능 관리 | D16: =COUNTIF($A$21:INDIRECT(ADDRESS(MATCH("",$A:$A,-1),1,1,1)),$A16) -> 22 | E16: =COUNTIFS($A$21:INDIRECT(ADDRESS(MATCH("",$A:$A,-1),1,1,1)),$A16,$H$21:INDIRECT(ADDRESS(MATCH("",$A:$A,-1),8,1,1)),"Y")+COUNTIFS($A$21:INDIRECT(ADDRESS(MATCH("",$A:$A,-1),1,1,1)),$A16,$H$21:INDIRECT(ADDRESS(MATCH("",$A:$A,-1),8,1,1)),"Y(즉시조치)") -> 3 | F16: =COUNTIFS($A$21:INDIRECT(ADDRESS(MATCH("",$A:$A,-1),1,1,1)),$A16&"*",$H$21:INDIRECT(ADDRESS(MATCH("",$A:$A,-1),8,1,1)),"N") -> 19 | G16: =COUNTIFS($A$21:INDIRECT(ADDRESS(MATCH("",$A:$A,-1),1,1,1)),$A16&"*",$H$21:INDIRECT(ADDRESS(MATCH("",$A:$A,-1),8,1,1)),"N/A") -> 0 | H16: =IF($G16=$D16,"N/A",(S16/R16)) -> 0.17307692 | J16: =COUNTIFS($A$21:INDIRECT(ADDRESS(MATCH("",$A:$A,-1),1,1,1)),$A16,$K$21:INDIRECT(ADDRESS(MATCH("",$B:$B,-1),11,1,1)),"조치") -> 17 | K16: =COUNTIFS($A$21:INDIRECT(ADDRESS(MATCH("",$A:$A,-1),1,1,1)),$A16,$K$21:INDIRECT(ADDRESS(MATCH("",$B:$B,-1),11,1,1)),"미조치") -> 2 | L16: =COUNTIFS($A$21:INDIRECT(ADDRESS(MATCH("",$A:$A,-1),1,1,1)),$A16,$K$21:INDIRECT(ADDRESS(MATCH("",$B:$B,-1),11,1,1)),"위험수용") -> 0 | M16: =COUNTIFS($A$21:INDIRECT(ADDRESS(MATCH("",$A:$A,-1),1,1,1)),$A16,$K$21:INDIRECT(ADDRESS(MATCH("",$B:$B,-1),11,1,1)),"N/A") -> 0 | N16: =IFERROR($J16/($F16-(M16-G16)),"N/A") -> 0.89473684 | O16: =IF(OR($G16=$D16,$D16=$M16),"N/A",($T16/$U16)) -> 0.88461538 | R16: =SUMIF($A$21:INDIRECT(ADDRESS(MATCH("",$A:$A,-1),1,1,1)),$A16,$R$21:INDIRECT(ADDRESS(MATCH("",$A:$A,-1),18,1,1))) -> 52 | S16: =SUMIF($A$21:INDIRECT(ADDRESS(MATCH("",$A:$A,-1),1,1,1)),$A16,$S$21:INDIRECT(ADDRESS(MATCH("",$A:$A,-1),19,1,1))) -> 9 | T16: =SUMIF($A$21:INDIRECT(ADDRESS(MATCH("",$A:$A,-1),1,1,1)),$A16,$T$21:INDIRECT(ADDRESS(MATCH("",$A:$A,-1),20,1,1))) -> 46 | U16: =SUMIF($A$21:INDIRECT(ADDRESS(MATCH("",$A:$A,-1),2,1,1)),$A16&"*",$U$21:INDIRECT(ADDRESS(MATCH("",$A:$A,-1),21,1,1))) -> 52 | V16: =B16 -> 0 | X16: =H16 -> 0.17307692 | Y16: =O16 -> 0.88461538
A17: 전체 보안 수준 | D17: =SUM(D12:D16) -> 38 | E17: =SUM(E12:E16) -> 4 | F17: =SUM(F12:F16) -> 32 | G17: =SUM(G12:G16) -> 0 | H17: =IF($G17=$D17,"N/A",(S17/R17)) -> 0.11111111 | J17: =SUM(J12:J16) -> 30 | K17: =SUM(K12:K16) -> 4 | L17: =SUM(L12:L16) -> 0 | M17: =SUM(M12:M16) -> 0 | N17: =IF($O17="N/A","N/A",IFERROR($J17/($F17-(M17-G17)),"N/A")) -> 0.9375 | O17: =IF($G17=$D17,"N/A",IFERROR((T17/U17),"N/A")) -> 0.88888889 | R17: =SUM(R12:R16) -> 90 | S17: =SUM(S12:S16) -> 10 | T17: =SUM(T12:T16) -> 80 | U17: =SUM(U12:U16) -> 90 | V17: 전채 보안 수준 | X17: =H17 -> 0.11111111 | Y17: =O17 -> 0.88888889
A19: ② 상세 진단 현황 | R19: HIDDEN 필드입니다
A20: 분류 | C20: 진단 항목 | F20: 중요도 | H20: 진단 결과 | I20: 현황 및 문제점 | J20: 이행 결과 | K20: 이행여부 | L20: 조치 현황 | Q20: 개선방안 및 보호대책 | R20: 전체점수(이행전) | S20: 평가점수 (이행 전) | T20: 평가점수 (이행 후) | U20: 전체점수(이행 후) | V20: 이행 결과
A21: =ChkList!A5 -> 계정 관리 | B21: =ChkList!B5 -> N-01 | C21: =ChkList!C5 -> 비밀번호 설정 | F21: =ChkList!D5 -> H | G21: =ChkList!E5 -> 3 | H21: N | I21: 설정값이 없으므로 취약 콘솔/VTY 패스워드 설정 없음 | J21: Y | K21: =IF($J21="","",IF(OR($H21="Y",$H21="N/A",$H21="Y(즉시조치)"),$H21,IF(AND($H21="N",$J21="Y"),"조치",IF(AND($H21="N",$J21="N/A"),"N/A",IF(IFERROR(FIND("위험수용",$L21),0),"위험수용","미조치"))))) -> 조치 | L21: 관리자 모드 비밀번호 및 line 인터페이스(console, vty, aux) 비밀번호 설정되어있음 | Q21: =IF($J21="",IF(OR($H21="N",$H21="인터뷰"),ChkList!$F5,""),IF(OR($J21="N",$J21="인터뷰"),ChkList!$F5,"")) | R21: =IF($H21="N/A",0,VLOOKUP($F21,'parm(hidden)'!$B$8:$C$10,2,FALSE))*1 -> 3 | S21: =IFERROR(VLOOKUP($F21,'parm(hidden)'!$B$8:$C$10,2,FALSE)*VLOOKUP($H21,'parm(hidden)'!$B$15:$C$19,2,FALSE),0) -> 0 | T21: =IFERROR(VLOOKUP($F21,'parm(hidden)'!$B$8:$C$10,2,FALSE)*VLOOKUP($K21,$V$22:$W$27,2,FALSE),0) -> 3 | U21: =IF($J21="N/A",0,VLOOKUP($F21,'parm(hidden)'!$B$8:$C$10,2,FALSE))*1 -> 3 | V21: 결과 | W21: 점수
A22: =ChkList!A6 -> 계정 관리 | B22: =ChkList!B6 -> N-02 | C22: =ChkList!C6 -> 비밀번호 복잡성 설정 | F22: =ChkList!D6 -> H | G22: =ChkList!E6 -> 3 | H22: N | I22: 설정값이 없으므로 취약 패스워드 복잡성 설정 없음 | J22: Y | K22: =IF($J22="","",IF(OR($H22="Y",$H22="N/A",$H22="Y(즉시조치)"),$H22,IF(AND($H22="N",$J22="Y"),"조치",IF(AND($H22="N",$J22="N/A"),"N/A",IF(IFERROR(FIND("위험수용",$L22),0),"위험수용","미조치"))))) -> 조치 | L22: 비밀번호 복잡성 규칙에 맞게 설정함 | Q22: =IF($J22="",IF(OR($H22="N",$H22="인터뷰"),ChkList!$F6,""),IF(OR($J22="N",$J22="인터뷰"),ChkList!$F6,"")) | R22: =IF($H22="N/A",0,VLOOKUP($F22,'parm(hidden)'!$B$8:$C$10,2,FALSE))*1 -> 3 | S22: =IFERROR(VLOOKUP($F22,'parm(hidden)'!$B$8:$C$10,2,FALSE)*VLOOKUP($H22,'parm(hidden)'!$B$15:$C$19,2,FALSE),0) -> 0 | T22: =IFERROR(VLOOKUP($F22,'parm(hidden)'!$B$8:$C$10,2,FALSE)*VLOOKUP($K22,$V$22:$W$27,2,FALSE),0) -> 3 | U22: =IF($J22="N/A",0,VLOOKUP($F22,'parm(hidden)'!$B$8:$C$10,2,FALSE))*1 -> 3 | V22: 조치 | W22: 1
A23: =ChkList!A7 -> 계정 관리 | B23: =ChkList!B7 -> N-03 | C23: =ChkList!C7 -> 암호화된 비밀번호 사용 | F23: =ChkList!D7 -> H | G23: =ChkList!E7 -> 3 | H23: N | I23: 설정값이 없으므로 취약 service password-encryption 설정 없음 | J23: Y | K23: =IF($J23="","",IF(OR($H23="Y",$H23="N/A",$H23="Y(즉시조치)"),$H23,IF(AND($H23="N",$J23="Y"),"조치",IF(AND($H23="N",$J23="N/A"),"N/A",IF(IFERROR(FIND("위험수용",$L23),0),"위험수용","미조치"))))) -> 조치 | L23: enable secret 설정 사용 중임 username secret 설정 사용 중임 Password-Encryption 서비스 사용 중임 | Q23: =IF($J23="",IF(OR($H23="N",$H23="인터뷰"),ChkList!$F7,""),IF(OR($J23="N",$J23="인터뷰"),ChkList!$F7,"")) | R23: =IF($H23="N/A",0,VLOOKUP($F23,'parm(hidden)'!$B$8:$C$10,2,FALSE))*1 -> 3 | S23: =IFERROR(VLOOKUP($F23,'parm(hidden)'!$B$8:$C$10,2,FALSE)*VLOOKUP($H23,'parm(hidden)'!$B$15:$C$19,2,FALSE),0) -> 0 | T23: =IFERROR(VLOOKUP($F23,'parm(hidden)'!$B$8:$C$10,2,FALSE)*VLOOKUP($K23,$V$22:$W$27,2,FALSE),0) -> 3 | U23: =IF($J23="N/A",0,VLOOKUP($F23,'parm(hidden)'!$B$8:$C$10,2,FALSE))*1 -> 3 | V23: 미조치 | W23: 0
A24: =ChkList!A8 -> 계정 관리 | B24: =ChkList!B8 -> N-04 | C24: =ChkList!C8 -> 계정 잠금 임계값 설정 | F24: =ChkList!D8 -> H | G24: =ChkList!E8 -> 3 | H24: N | I24: privilege 권한 모든 사용자이므로 취약 privilege 레벨 15, 사용자 권한 미제한 | J24: Y | K24: =IF($J24="","",IF(OR($H24="Y",$H24="N/A",$H24="Y(즉시조치)"),$H24,IF(AND($H24="N",$J24="Y"),"조치",IF(AND($H24="N",$J24="N/A"),"N/A",IF(IFERROR(FIND("위험수용",$L24),0),"위험수용","미조치"))))) -> 조치 | L24: 사용자별로 권한 레벨 다르게 설정됨 팀장 15 부팀장 14 | Q24: =IF($J24="",IF(OR($H24="N",$H24="인터뷰"),ChkList!$F8,""),IF(OR($J24="N",$J24="인터뷰"),ChkList!$F8,"")) | R24: =IF($H24="N/A",0,VLOOKUP($F24,'parm(hidden)'!$B$8:$C$10,2,FALSE))*1 -> 3 | S24: =IFERROR(VLOOKUP($F24,'parm(hidden)'!$B$8:$C$10,2,FALSE)*VLOOKUP($H24,'parm(hidden)'!$B$15:$C$19,2,FALSE),0) -> 0 | T24: =IFERROR(VLOOKUP($F24,'parm(hidden)'!$B$8:$C$10,2,FALSE)*VLOOKUP($K24,$V$22:$W$27,2,FALSE),0) -> 3 | U24: =IF($J24="N/A",0,VLOOKUP($F24,'parm(hidden)'!$B$8:$C$10,2,FALSE))*1 -> 3 | V24: 위험수용 | W24: 0
A25: =ChkList!A9 -> 계정 관리 | B25: =ChkList!B9 -> N-05 | C25: =ChkList!C9 -> 사용자·명령어별 권한 설정 | F25: =ChkList!D9 -> M | G25: =ChkList!E9 -> 2 | H25: N | I25: 설정값이 없으므로 취약 access-class 설정 없음 | J25: Y | K25: =IF($J25="","",IF(OR($H25="Y",$H25="N/A",$H25="Y(즉시조치)"),$H25,IF(AND($H25="N",$J25="Y"),"조치",IF(AND($H25="N",$J25="N/A"),"N/A",IF(IFERROR(FIND("위험수용",$L25),0),"위험수용","미조치"))))) -> 조치 | L25: 전산팀 관리자 pc만 VTY 콘솔에 접속 허용하도록 ACL 설정 및 vty 인터페이스에 적용됨 | Q25: =IF($J25="",IF(OR($H25="N",$H25="인터뷰"),ChkList!$F9,""),IF(OR($J25="N",$J25="인터뷰"),ChkList!$F9,"")) | R25: =IF($H25="N/A",0,VLOOKUP($F25,'parm(hidden)'!$B$8:$C$10,2,FALSE))*1 -> 2 | S25: =IFERROR(VLOOKUP($F25,'parm(hidden)'!$B$8:$C$10,2,FALSE)*VLOOKUP($H25,'parm(hidden)'!$B$15:$C$19,2,FALSE),0) -> 0 | T25: =IFERROR(VLOOKUP($F25,'parm(hidden)'!$B$8:$C$10,2,FALSE)*VLOOKUP($K25,$V$22:$W$27,2,FALSE),0) -> 2 | U25: =IF($J25="N/A",0,VLOOKUP($F25,'parm(hidden)'!$B$8:$C$10,2,FALSE))*1 -> 2 | V25: N/A | W25: 0
A26: =ChkList!A10 -> 접근 관리 | B26: =ChkList!B10 -> N-06 | C26: =ChkList!C10 -> VTY 접근(ACL) 설정 | F26: =ChkList!D10 -> H | G26: =ChkList!E10 -> 3 | H26: N | I26: 설정값이 없으므로 취약 exec-timeout 설정 없음 | J26: Y | K26: =IF($J26="","",IF(OR($H26="Y",$H26="N/A",$H26="Y(즉시조치)"),$H26,IF(AND($H26="N",$J26="Y"),"조치",IF(AND($H26="N",$J26="N/A"),"N/A",IF(IFERROR(FIND("위험수용",$L26),0),"위험수용","미조치"))))) -> 조치 | L26: line 인터페이스(console, vty, aux)에 session timeout 설정 적용됨 | Q26: =IF($J26="",IF(OR($H26="N",$H26="인터뷰"),ChkList!$F10,""),IF(OR($J26="N",$J26="인터뷰"),ChkList!$F10,"")) | R26: =IF($H26="N/A",0,VLOOKUP($F26,'parm(hidden)'!$B$8:$C$10,2,FALSE))*1 -> 3 | S26: =IFERROR(VLOOKUP($F26,'parm(hidden)'!$B$8:$C$10,2,FALSE)*VLOOKUP($H26,'parm(hidden)'!$B$15:$C$19,2,FALSE),0) -> 0 | T26: =IFERROR(VLOOKUP($F26,'parm(hidden)'!$B$8:$C$10,2,FALSE)*VLOOKUP($K26,$V$22:$W$27,2,FALSE),0) -> 3 | U26: =IF($J26="N/A",0,VLOOKUP($F26,'parm(hidden)'!$B$8:$C$10,2,FALSE))*1 -> 3 | V26: Y | W26: 1
A27: =ChkList!A11 -> 접근 관리 | B27: =ChkList!B11 -> N-07 | C27: =ChkList!C11 -> Session Timeout 설정 | F27: =ChkList!D11 -> H | G27: =ChkList!E11 -> 3 | H27: N | I27: 설정값이 없으므로 취약 transport input ssh 미설정 | J27: Y | K27: =IF($J27="","",IF(OR($H27="Y",$H27="N/A",$H27="Y(즉시조치)"),$H27,IF(AND($H27="N",$J27="Y"),"조치",IF(AND($H27="N",$J27="N/A"),"N/A",IF(IFERROR(FIND("위험수용",$L27),0),"위험수용","미조치"))))) -> 조치 | L27: ssh 활성화됨, 원격 접속시 ssh로만 접속하도록 설정 | Q27: =IF($J27="",IF(OR($H27="N",$H27="인터뷰"),ChkList!$F11,""),IF(OR($J27="N",$J27="인터뷰"),ChkList!$F11,"")) | R27: =IF($H27="N/A",0,VLOOKUP($F27,'parm(hidden)'!$B$8:$C$10,2,FALSE))*1 -> 3 | S27: =IFERROR(VLOOKUP($F27,'parm(hidden)'!$B$8:$C$10,2,FALSE)*VLOOKUP($H27,'parm(hidden)'!$B$15:$C$19,2,FALSE),0) -> 0 | T27: =IFERROR(VLOOKUP($F27,'parm(hidden)'!$B$8:$C$10,2,FALSE)*VLOOKUP($K27,$V$22:$W$27,2,FALSE),0) -> 3 | U27: =IF($J27="N/A",0,VLOOKUP($F27,'parm(hidden)'!$B$8:$C$10,2,FALSE))*1 -> 3 | V27: Y(즉시조치) | W27: 1
A28: =ChkList!A12 -> 접근 관리 | B28: =ChkList!B12 -> N-08 | C28: =ChkList!C12 -> VTY 접속 시 안전한 프로토콜 사용 | F28: =ChkList!D12 -> M | G28: =ChkList!E12 -> 2 | H28: N | I28: 설정값이 없으므로 취약 AUX 포트에 설정 없음 | J28: Y | K28: =IF($J28="","",IF(OR($H28="Y",$H28="N/A",$H28="Y(즉시조치)"),$H28,IF(AND($H28="N",$J28="Y"),"조치",IF(AND($H28="N",$J28="N/A"),"N/A",IF(IFERROR(FIND("위험수용",$L28),0),"위험수용","미조치"))))) -> 조치 | L28: 사용자 접근 금지(no password) 및 입력 불가(transport input none), 명령 실행 불가 설정(no exec) 및 1 초 뒤 타임아웃(exec-timeout 0 1) 적용되어있음 | Q28: =IF($J28="",IF(OR($H28="N",$H28="인터뷰"),ChkList!$F12,""),IF(OR($J28="N",$J28="인터뷰"),ChkList!$F12,"")) | R28: =IF($H28="N/A",0,VLOOKUP($F28,'parm(hidden)'!$B$8:$C$10,2,FALSE))*1 -> 2 | S28: =IFERROR(VLOOKUP($F28,'parm(hidden)'!$B$8:$C$10,2,FALSE)*VLOOKUP($H28,'parm(hidden)'!$B$15:$C$19,2,FALSE),0) -> 0 | T28: =IFERROR(VLOOKUP($F28,'parm(hidden)'!$B$8:$C$10,2,FALSE)*VLOOKUP($K28,$V$22:$W$27,2,FALSE),0) -> 2 | U28: =IF($J28="N/A",0,VLOOKUP($F28,'parm(hidden)'!$B$8:$C$10,2,FALSE))*1 -> 2
A29: =ChkList!A13 -> 접근 관리 | B29: =ChkList!B13 -> N-09 | C29: =ChkList!C13 -> 불필요한 보조 입출력 포트 사용 금지 | F29: =ChkList!D13 -> M | G29: =ChkList!E13 -> 2 | H29: N | I29: 설정값이 없으므로 취약 banner exec 설정 없음 | J29: Y | K29: =IF($J29="","",IF(OR($H29="Y",$H29="N/A",$H29="Y(즉시조치)"),$H29,IF(AND($H29="N",$J29="Y"),"조치",IF(AND($H29="N",$J29="N/A"),"N/A",IF(IFERROR(FIND("위험수용",$L29),0),"위험수용","미조치"))))) -> 조치 | L29: banner 문구 설저되어있음 | Q29: =IF($J29="",IF(OR($H29="N",$H29="인터뷰"),ChkList!$F13,""),IF(OR($J29="N",$J29="인터뷰"),ChkList!$F13,"")) | R29: =IF($H29="N/A",0,VLOOKUP($F29,'parm(hidden)'!$B$8:$C$10,2,FALSE))*1 -> 2 | S29: =IFERROR(VLOOKUP($F29,'parm(hidden)'!$B$8:$C$10,2,FALSE)*VLOOKUP($H29,'parm(hidden)'!$B$15:$C$19,2,FALSE),0) -> 0 | T29: =IFERROR(VLOOKUP($F29,'parm(hidden)'!$B$8:$C$10,2,FALSE)*VLOOKUP($K29,$V$22:$W$27,2,FALSE),0) -> 2 | U29: =IF($J29="N/A",0,VLOOKUP($F29,'parm(hidden)'!$B$8:$C$10,2,FALSE))*1 -> 2
A30: =ChkList!A14 -> 접근 관리 | B30: =ChkList!B14 -> N-10 | C30: =ChkList!C14 -> 로그인 시 경고 메시지 설정 | F30: =ChkList!D14 -> M | G30: =ChkList!E14 -> 2 | H30: 인터뷰 | I30: 보안 패치 담당자와 상의해야하므로 인터뷰 최신 보안 패치 미적용(현재 12.2(37) 버전) | J30: 인터뷰 | K30: =IF($J30="","",IF(OR($H30="Y",$H30="N/A",$H30="Y(즉시조치)"),$H30,IF(AND($H30="N",$J30="Y"),"조치",IF(AND($H30="N",$J30="N/A"),"N/A",IF(IFERROR(FIND("위험수용",$L30),0),"위험수용","미조치"))))) -> 미조치 | L30: 담당자와 상의 후 조치 | Q30: =IF($J30="",IF(OR($H30="N",$H30="인터뷰"),ChkList!$F14,""),IF(OR($J30="N",$J30="인터뷰"),ChkList!$F14,"")) -> 네트워크 장비 접속 시 경고 메시지 설정 | R30: =IF($H30="N/A",0,VLOOKUP($F30,'parm(hidden)'!$B$8:$C$10,2,FALSE))*1 -> 2 | S30: =IFERROR(VLOOKUP($F30,'parm(hidden)'!$B$8:$C$10,2,FALSE)*VLOOKUP($H30,'parm(hidden)'!$B$15:$C$19,2,FALSE),0) -> 0 | T30: =IFERROR(VLOOKUP($F30,'parm(hidden)'!$B$8:$C$10,2,FALSE)*VLOOKUP($K30,$V$22:$W$27,2,FALSE),0) -> 0 | U30: =IF($J30="N/A",0,VLOOKUP($F30,'parm(hidden)'!$B$8:$C$10,2,FALSE))*1 -> 2
A31: =ChkList!A15 -> 접근 관리 | B31: =ChkList!B15 -> N-11 | C31: =ChkList!C15 -> 원격로그 서버 사용 | F31: =ChkList!D15 -> M | G31: =ChkList!E15 -> 2 | H31: N | I31: 설정값이 없으므로 취약 logging host 설정 없음 | J31: Y | K31: =IF($J31="","",IF(OR($H31="Y",$H31="N/A",$H31="Y(즉시조치)"),$H31,IF(AND($H31="N",$J31="Y"),"조치",IF(AND($H31="N",$J31="N/A"),"N/A",IF(IFERROR(FIND("위험수용",$L31),0),"위험수용","미조치"))))) -> 조치 | L31: 설정 완료상태이므로 양호 내부 서버의 로그서버를 통해 로그 관리 진행 | Q31: =IF($J31="",IF(OR($H31="N",$H31="인터뷰"),ChkList!$F15,""),IF(OR($J31="N",$J31="인터뷰"),ChkList!$F15,"")) | R31: =IF($H31="N/A",0,VLOOKUP($F31,'parm(hidden)'!$B$8:$C$10,2,FALSE))*1 -> 2 | S31: =IFERROR(VLOOKUP($F31,'parm(hidden)'!$B$8:$C$10,2,FALSE)*VLOOKUP($H31,'parm(hidden)'!$B$15:$C$19,2,FALSE),0) -> 0 | T31: =IFERROR(VLOOKUP($F31,'parm(hidden)'!$B$8:$C$10,2,FALSE)*VLOOKUP($K31,$V$22:$W$27,2,FALSE),0) -> 2 | U31: =IF($J31="N/A",0,VLOOKUP($F31,'parm(hidden)'!$B$8:$C$10,2,FALSE))*1 -> 2
A32: =ChkList!A16 -> 패치 관리 | B32: =ChkList!B16 -> N-12 | C32: =ChkList!C16 -> 주기적 보안 패치 및 벤더 권고사항 적용 | F32: =ChkList!D16 -> H | G32: =ChkList!E16 -> 3 | H32: N | I32: 설정값이 없으므로 취약 logging buffered 설정 없음 | J32: Y | K32: =IF($J32="","",IF(OR($H32="Y",$H32="N/A",$H32="Y(즉시조치)"),$H32,IF(AND($H32="N",$J32="Y"),"조치",IF(AND($H32="N",$J32="N/A"),"N/A",IF(IFERROR(FIND("위험수용",$L32),0),"위험수용","미조치"))))) -> 조치 | L32: 버퍼 크기 설정되어있음 | Q32: =IF($J32="",IF(OR($H32="N",$H32="인터뷰"),ChkList!$F16,""),IF(OR($J32="N",$J32="인터뷰"),ChkList!$F16,"")) | R32: =IF($H32="N/A",0,VLOOKUP($F32,'parm(hidden)'!$B$8:$C$10,2,FALSE))*1 -> 3 | S32: =IFERROR(VLOOKUP($F32,'parm(hidden)'!$B$8:$C$10,2,FALSE)*VLOOKUP($H32,'parm(hidden)'!$B$15:$C$19,2,FALSE),0) -> 0 | T32: =IFERROR(VLOOKUP($F32,'parm(hidden)'!$B$8:$C$10,2,FALSE)*VLOOKUP($K32,$V$22:$W$27,2,FALSE),0) -> 3 | U32: =IF($J32="N/A",0,VLOOKUP($F32,'parm(hidden)'!$B$8:$C$10,2,FALSE))*1 -> 3
A33: =ChkList!A17 -> 로그 관리 | B33: =ChkList!B17 -> N-13 | C33: =ChkList!C17 -> 로깅 버퍼 크기 설정 | F33: =ChkList!D17 -> M | G33: =ChkList!E17 -> 2 | H33: 인터뷰 | I33: 설정값이 없으므로 취약 logging trap, logging facility 등 미설정 | J33: 인터뷰 | K33: =IF($J33="","",IF(OR($H33="Y",$H33="N/A",$H33="Y(즉시조치)"),$H33,IF(AND($H33="N",$J33="Y"),"조치",IF(AND($H33="N",$J33="N/A"),"N/A",IF(IFERROR(FIND("위험수용",$L33),0),"위험수용","미조치"))))) -> 미조치 | L33: gns에서 확인 | Q33: =IF($J33="",IF(OR($H33="N",$H33="인터뷰"),ChkList!$F17,""),IF(OR($J33="N",$J33="인터뷰"),ChkList!$F17,"")) -> 로그에 대한 정보를 확인하여 장비 성능을 고려한 최대 버퍼 크기를 설정 | R33: =IF($H33="N/A",0,VLOOKUP($F33,'parm(hidden)'!$B$8:$C$10,2,FALSE))*1 -> 2 | S33: =IFERROR(VLOOKUP($F33,'parm(hidden)'!$B$8:$C$10,2,FALSE)*VLOOKUP($H33,'parm(hidden)'!$B$15:$C$19,2,FALSE),0) -> 0 | T33: =IFERROR(VLOOKUP($F33,'parm(hidden)'!$B$8:$C$10,2,FALSE)*VLOOKUP($K33,$V$22:$W$27,2,FALSE),0) -> 0 | U33: =IF($J33="N/A",0,VLOOKUP($F33,'parm(hidden)'!$B$8:$C$10,2,FALSE))*1 -> 2
A34: =ChkList!A18 -> 로그 관리 | B34: =ChkList!B18 -> N-14 | C34: =ChkList!C18 -> 정책에 따른 로깅 설정 | F34: =ChkList!D18 -> M | G34: =ChkList!E18 -> 2 | H34: N | I34: ntp sever 미사용이므로 양호 ntp server 미사용 | J34: Y | K34: =IF($J34="","",IF(OR($H34="Y",$H34="N/A",$H34="Y(즉시조치)"),$H34,IF(AND($H34="N",$J34="Y"),"조치",IF(AND($H34="N",$J34="N/A"),"N/A",IF(IFERROR(FIND("위험수용",$L34),0),"위험수용","미조치"))))) -> 조치 | L34: ntp 서버 ip 주소 설정되어있음 | Q34: =IF($J34="",IF(OR($H34="N",$H34="인터뷰"),ChkList!$F18,""),IF(OR($J34="N",$J34="인터뷰"),ChkList!$F18,"")) | R34: =IF($H34="N/A",0,VLOOKUP($F34,'parm(hidden)'!$B$8:$C$10,2,FALSE))*1 -> 2 | S34: =IFERROR(VLOOKUP($F34,'parm(hidden)'!$B$8:$C$10,2,FALSE)*VLOOKUP($H34,'parm(hidden)'!$B$15:$C$19,2,FALSE),0) -> 0 | T34: =IFERROR(VLOOKUP($F34,'parm(hidden)'!$B$8:$C$10,2,FALSE)*VLOOKUP($K34,$V$22:$W$27,2,FALSE),0) -> 2 | U34: =IF($J34="N/A",0,VLOOKUP($F34,'parm(hidden)'!$B$8:$C$10,2,FALSE))*1 -> 2
A35: =ChkList!A19 -> 로그 관리 | B35: =ChkList!B19 -> N-15 | C35: =ChkList!C19 -> NTP 및 시각 동기화 설정 | F35: =ChkList!D19 -> M | G35: =ChkList!E19 -> 2 | H35: N | I35: 설정값이 없으므로 취약 service timestamps log datetime msec 설정 없음 | J35: Y | K35: =IF($J35="","",IF(OR($H35="Y",$H35="N/A",$H35="Y(즉시조치)"),$H35,IF(AND($H35="N",$J35="Y"),"조치",IF(AND($H35="N",$J35="N/A"),"N/A",IF(IFERROR(FIND("위험수용",$L35),0),"위험수용","미조치"))))) -> 조치 | L35: 로그 시간 기록 설정 및 시간대 설정 되어있음 | Q35: =IF($J35="",IF(OR($H35="N",$H35="인터뷰"),ChkList!$F19,""),IF(OR($J35="N",$J35="인터뷰"),ChkList!$F19,"")) | R35: =IF($H35="N/A",0,VLOOKUP($F35,'parm(hidden)'!$B$8:$C$10,2,FALSE))*1 -> 2 | S35: =IFERROR(VLOOKUP($F35,'parm(hidden)'!$B$8:$C$10,2,FALSE)*VLOOKUP($H35,'parm(hidden)'!$B$15:$C$19,2,FALSE),0) -> 0 | T35: =IFERROR(VLOOKUP($F35,'parm(hidden)'!$B$8:$C$10,2,FALSE)*VLOOKUP($K35,$V$22:$W$27,2,FALSE),0) -> 2 | U35: =IF($J35="N/A",0,VLOOKUP($F35,'parm(hidden)'!$B$8:$C$10,2,FALSE))*1 -> 2
A36: =ChkList!A20 -> 로그 관리 | B36: =ChkList!B20 -> N-16 | C36: =ChkList!C20 -> Timestamp 로그 설정 | F36: =ChkList!D20 -> L | G36: =ChkList!E20 -> 1 | H36: Y | I36: SNMP 미사용이므로 양호 SNMP 사용 안함, 비활성화 | J36: Y | K36: =IF($J36="","",IF(OR($H36="Y",$H36="N/A",$H36="Y(즉시조치)"),$H36,IF(AND($H36="N",$J36="Y"),"조치",IF(AND($H36="N",$J36="N/A"),"N/A",IF(IFERROR(FIND("위험수용",$L36),0),"위험수용","미조치"))))) -> Y | L36: SNMP 미사용이므로 양호 SNMP 사용 안함, 비활성화 | Q36: =IF($J36="",IF(OR($H36="N",$H36="인터뷰"),ChkList!$F20,""),IF(OR($J36="N",$J36="인터뷰"),ChkList!$F20,"")) | R36: =IF($H36="N/A",0,VLOOKUP($F36,'parm(hidden)'!$B$8:$C$10,2,FALSE))*1 -> 1 | S36: =IFERROR(VLOOKUP($F36,'parm(hidden)'!$B$8:$C$10,2,FALSE)*VLOOKUP($H36,'parm(hidden)'!$B$15:$C$19,2,FALSE),0) -> 1 | T36: =IFERROR(VLOOKUP($F36,'parm(hidden)'!$B$8:$C$10,2,FALSE)*VLOOKUP($K36,$V$22:$W$27,2,FALSE),0) -> 1 | U36: =IF($J36="N/A",0,VLOOKUP($F36,'parm(hidden)'!$B$8:$C$10,2,FALSE))*1 -> 1
A37: =ChkList!A21 -> 기능 관리 | B37: =ChkList!B21 -> N-17 | C37: =ChkList!C21 -> SNMP 서비스 확인 | F37: =ChkList!D21 -> H | G37: =ChkList!E21 -> 3 | H37: Y | I37: SNMP 미사용이므로 양호 SNMP 사용 안함, 비활성화 | J37: Y | K37: =IF($J37="","",IF(OR($H37="Y",$H37="N/A",$H37="Y(즉시조치)"),$H37,IF(AND($H37="N",$J37="Y"),"조치",IF(AND($H37="N",$J37="N/A"),"N/A",IF(IFERROR(FIND("위험수용",$L37),0),"위험수용","미조치"))))) -> Y | L37: SNMP 미사용이므로 양호 SNMP 사용 안함, 비활성화 | Q37: =IF($J37="",IF(OR($H37="N",$H37="인터뷰"),ChkList!$F21,""),IF(OR($J37="N",$J37="인터뷰"),ChkList!$F21,"")) | R37: =IF($H37="N/A",0,VLOOKUP($F37,'parm(hidden)'!$B$8:$C$10,2,FALSE))*1 -> 3 | S37: =IFERROR(VLOOKUP($F37,'parm(hidden)'!$B$8:$C$10,2,FALSE)*VLOOKUP($H37,'parm(hidden)'!$B$15:$C$19,2,FALSE),0) -> 3 | T37: =IFERROR(VLOOKUP($F37,'parm(hidden)'!$B$8:$C$10,2,FALSE)*VLOOKUP($K37,$V$22:$W$27,2,FALSE),0) -> 3 | U37: =IF($J37="N/A",0,VLOOKUP($F37,'parm(hidden)'!$B$8:$C$10,2,FALSE))*1 -> 3
A38: =ChkList!A22 -> 기능 관리 | B38: =ChkList!B22 -> N-18 | C38: =ChkList!C22 -> SNMP Community String 복잡성 설정 | F38: =ChkList!D22 -> H | G38: =ChkList!E22 -> 3 | H38: Y | I38: SNMP 미사용이므로 양호 SNMP 미사용 상태 | J38: Y | K38: =IF($J38="","",IF(OR($H38="Y",$H38="N/A",$H38="Y(즉시조치)"),$H38,IF(AND($H38="N",$J38="Y"),"조치",IF(AND($H38="N",$J38="N/A"),"N/A",IF(IFERROR(FIND("위험수용",$L38),0),"위험수용","미조치"))))) -> Y | L38: SNMP 미사용이므로 양호 SNMP 미사용 상태 | Q38: =IF($J38="",IF(OR($H38="N",$H38="인터뷰"),ChkList!$F22,""),IF(OR($J38="N",$J38="인터뷰"),ChkList!$F22,"")) | R38: =IF($H38="N/A",0,VLOOKUP($F38,'parm(hidden)'!$B$8:$C$10,2,FALSE))*1 -> 3 | S38: =IFERROR(VLOOKUP($F38,'parm(hidden)'!$B$8:$C$10,2,FALSE)*VLOOKUP($H38,'parm(hidden)'!$B$15:$C$19,2,FALSE),0) -> 3 | T38: =IFERROR(VLOOKUP($F38,'parm(hidden)'!$B$8:$C$10,2,FALSE)*VLOOKUP($K38,$V$22:$W$27,2,FALSE),0) -> 3 | U38: =IF($J38="N/A",0,VLOOKUP($F38,'parm(hidden)'!$B$8:$C$10,2,FALSE))*1 -> 3
A39: =ChkList!A23 -> 기능 관리 | B39: =ChkList!B23 -> N-19 | C39: =ChkList!C23 -> SNMP ACL 설정 | F39: =ChkList!D23 -> H | G39: =ChkList!E23 -> 3 | H39: Y | I39: SNMP 미사용이므로 양호 SNMP 미사용 상태 | J39: Y | K39: =IF($J39="","",IF(OR($H39="Y",$H39="N/A",$H39="Y(즉시조치)"),$H39,IF(AND($H39="N",$J39="Y"),"조치",IF(AND($H39="N",$J39="N/A"),"N/A",IF(IFERROR(FIND("위험수용",$L39),0),"위험수용","미조치"))))) -> Y | L39: SNMP 미사용이므로 양호 SNMP 미사용 상태 | Q39: =IF($J39="",IF(OR($H39="N",$H39="인터뷰"),ChkList!$F23,""),IF(OR($J39="N",$J39="인터뷰"),ChkList!$F23,"")) | R39: =IF($H39="N/A",0,VLOOKUP($F39,'parm(hidden)'!$B$8:$C$10,2,FALSE))*1 -> 3 | S39: =IFERROR(VLOOKUP($F39,'parm(hidden)'!$B$8:$C$10,2,FALSE)*VLOOKUP($H39,'parm(hidden)'!$B$15:$C$19,2,FALSE),0) -> 3 | T39: =IFERROR(VLOOKUP($F39,'parm(hidden)'!$B$8:$C$10,2,FALSE)*VLOOKUP($K39,$V$22:$W$27,2,FALSE),0) -> 3 | U39: =IF($J39="N/A",0,VLOOKUP($F39,'parm(hidden)'!$B$8:$C$10,2,FALSE))*1 -> 3
... A58: =ChkList!A42 -> 기능 관리 | B58: =ChkList!B42 -> N-38 | C58: =ChkList!C42 -> mask-reply 차단 | F58: =ChkList!D42 -> M | G58: =ChkList!E42 -> 2 | H58: N | I58: 스위치 포트 보안, SPAN 설정 미적용 | J58: Y | K58: =IF($J58="","",IF(OR($H58="Y",$H58="N/A",$H58="Y(즉시조치)"),$H58,IF(AND($H58="N",$J58="Y"),"조치",IF(AND($H58="N",$J58="N/A"),"N/A",IF(IFERROR(FIND("위험수용",$L58),0),"위험수용","미조치"))))) -> 조치 | L58: 허용할 MAC 주소 수동 등록됨 sticky 설정 적용되어있음 보안 침해시 로깅 메시지 발생되도록 port-security violation restirct 설정 되어있음 | Q58: =IF($J58="",IF(OR($H58="N",$H58="인터뷰"),ChkList!$F42,""),IF(OR($J58="N",$J58="인터뷰"),ChkList!$F42,"")) | R58: =IF($H58="N/A",0,VLOOKUP($F58,'parm(hidden)'!$B$8:$C$10,2,FALSE))*1 -> 2 | S58: =IFERROR(VLOOKUP($F58,'parm(hidden)'!$B$8:$C$10,2,FALSE)*VLOOKUP($H58,'parm(hidden)'!$B$15:$C$19,2,FALSE),0) -> 0 | T58: =IFERROR(VLOOKUP($F58,'parm(hidden)'!$B$8:$C$10,2,FALSE)*VLOOKUP($K58,$V$22:$W$27,2,FALSE),0) -> 2 | U58: =IF($J58="N/A",0,VLOOKUP($F58,'parm(hidden)'!$B$8:$C$10,2,FALSE))*1 -> 2

Sheet BR_L3_1
A1: ="■ "&$B$4&" 상세 진단결과" -> ■ BR_L3_1 상세 진단결과
A3: 1) 시스템 현황 | R3: ※ 자산 평가
A4: HostName | B4: =REPLACE(CELL("filename",A1),1,FIND("]",CELL("filename",A1)),"") -> BR_L3_1 | D4: 운영자산 명 | F4: =IFERROR(VLOOKUP($B$4,자산목록!$B$1:$Q$834,8,FALSE),"N/A") -> L3 스위치 | R4: 기밀성 | S4: =IFERROR(VLOOKUP($B$4,자산목록!$B$1:$Q$834,13,FALSE),"N/A") -> 0 | T4: 자산등급 | U4: =IFERROR(VLOOKUP($B$4,자산목록!$B$1:$Q$834,16,FALSE),"N/A") -> L
A5: OS 종류 및 버전 | B5: =IFERROR(VLOOKUP($B$4,자산목록!$B$1:$Q$834,6,FALSE)&" "&VLOOKUP($B$4,자산목록!$B$1:$Q$834,7,FALSE),"N/A") -> Cisco IOS Software, C3560 Software (C3560-ADVIPSERVICESK9-M) Version 12.2(37)SE1 | D5: IP Address | F5: =IFERROR(VLOOKUP($B$4,자산목록!$B$1:$Q$834,2,FALSE),"N/A") -> 10.0.35.18 | R5: 무결성 | S5: =IFERROR(VLOOKUP($B$4,자산목록!$B$1:$Q$834,14,FALSE),"N/A") -> 0
A6: 담당자 | B6: =IFERROR(VLOOKUP($B$4,자산목록!$B$1:$Q$834,11,FALSE),"N/A") -> 김철수 | D6: 설치 위치 | F6: =IFERROR(VLOOKUP($B$4,자산목록!$B$1:$Q$834,9,FALSE),"N/A") -> 지사 사내망 | R6: 가용성 | S6: =IFERROR(VLOOKUP($B$4,자산목록!$B$1:$Q$834,15,FALSE),"N/A") -> 0
A8: 2) 진단 결과
A9: ① 부분별 진단 결과
A10: 분류 | D10: 본진단 결과 (이행 전) | I10: 영역별 수준 그래프 | J10: 이행 결과 | R10: 결과 점수 | V10: 영역별 수준 그래프
D11: 전체 | E11: 양호 | F11: 취약 | G11: N/A | H11: 수준 | J11: 조치 | K11: 미조치 | L11: 위험수용 | M11: N/A | N11: 이행율 | O11: 수준 | R11: 전체점수(이행 전) | S11: 평가점수 (이행 전) | T11: 평가점수 (이행 후) | U11: 전체점수(이행 후) | V11: 분류 | X11: 본진단 결과 (이행 전) | Y11: 이행 결과
A12: 계정 관리 | D12: =COUNTIF($A$21:INDIRECT(ADDRESS(MATCH("",$A:$A,-1),1,1,1)),$A12) -> 5 | E12: =COUNTIFS($A$21:INDIRECT(ADDRESS(MATCH("",$A:$A,-1),1,1,1)),$A12,$H$21:INDIRECT(ADDRESS(MATCH("",$A:$A,-1),8,1,1)),"Y")+COUNTIFS($A$21:INDIRECT(ADDRESS(MATCH("",$A:$A,-1),1,1,1)),$A12,$H$21:INDIRECT(ADDRESS(MATCH("",$A:$A,-1),8,1,1)),"Y(즉시조치)") -> 0 | F12: =COUNTIFS($A$21:INDIRECT(ADDRESS(MATCH("",$A:$A,-1),1,1,1)),$A12&"*",$H$21:INDIRECT(ADDRESS(MATCH("",$A:$A,-1),8,1,1)),"N") -> 5 | G12: =COUNTIFS($A$21:INDIRECT(ADDRESS(MATCH("",$A:$A,-1),1,1,1)),$A12&"*",$H$21:INDIRECT(ADDRESS(MATCH("",$A:$A,-1),8,1,1)),"N/A") -> 0 | H12: =IF($G12=$D12,"N/A",(S12/R12)) -> 0 | J12: =COUNTIFS($A$21:INDIRECT(ADDRESS(MATCH("",$A:$A,-1),1,1,1)),$A12,$K$21:INDIRECT(ADDRESS(MATCH("",$B:$B,-1),11,1,1)),"조치") -> 5 | K12: =COUNTIFS($A$21:INDIRECT(ADDRESS(MATCH("",$A:$A,-1),1,1,1)),$A12,$K$21:INDIRECT(ADDRESS(MATCH("",$B:$B,-1),11,1,1)),"미조치") -> 0 | L12: =COUNTIFS($A$21:INDIRECT(ADDRESS(MATCH("",$A:$A,-1),1,1,1)),$A12,$K$21:INDIRECT(ADDRESS(MATCH("",$B:$B,-1),11,1,1)),"위험수용") -> 0 | M12: =COUNTIFS($A$21:INDIRECT(ADDRESS(MATCH("",$A:$A,-1),1,1,1)),$A12,$K$21:INDIRECT(ADDRESS(MATCH("",$B:$B,-1),11,1,1)),"N/A") -> 0 | N12: =IFERROR($J12/($F12-(M12-G12)),"N/A") -> 1 | O12: =IF(OR($G12=$D12,$D12=$M12),"N/A",($T12/$U12)) -> 1 | R12: =SUMIF($A$21:INDIRECT(ADDRESS(MATCH("",$A:$A,-1),1,1,1)),$A12,$R$21:INDIRECT(ADDRESS(MATCH("",$A:$A,-1),18,1,1))) -> 14 | S12: =SUMIF($A$21:INDIRECT(ADDRESS(MATCH("",$A:$A,-1),1,1,1)),$A12,$S$21:INDIRECT(ADDRESS(MATCH("",$A:$A,-1),19,1,1))) -> 0 | T12: =SUMIF($A$21:INDIRECT(ADDRESS(MATCH("",$A:$A,-1),1,1,1)),$A12,$T$21:INDIRECT(ADDRESS(MATCH("",$A:$A,-1),20,1,1))) -> 14 | U12: =SUMIF($A$21:INDIRECT(ADDRESS(MATCH("",$A:$A,-1),2,1,1)),$A12&"*",$U$21:INDIRECT(ADDRESS(MATCH("",$A:$A,-1),21,1,1))) -> 14 | V12: =B12 -> 0 | X12: =H12 -> 0 | Y12: =O12 -> 1
A13: 접근 관리 | D13: =COUNTIF($A$21:INDIRECT(ADDRESS(MATCH("",$A:$A,-1),1,1,1)),$A13) -> 6 | E13: =COUNTIFS($A$21:INDIRECT(ADDRESS(MATCH("",$A:$A,-1),1,1,1)),$A13,$H$21:INDIRECT(ADDRESS(MATCH("",$A:$A,-1),8,1,1)),"Y")+COUNTIFS($A$21:INDIRECT(ADDRESS(MATCH("",$A:$A,-1),1,1,1)),$A13,$H$21:INDIRECT(ADDRESS(MATCH("",$A:$A,-1),8,1,1)),"Y(즉시조치)") -> 0 | F13: =COUNTIFS($A$21:INDIRECT(ADDRESS(MATCH("",$A:$A,-1),1,1,1)),$A13&"*",$H$21:INDIRECT(ADDRESS(MATCH("",$A:$A,-1),8,1,1)),"N") -> 5 | G13: =COUNTIFS($A$21:INDIRECT(ADDRESS(MATCH("",$A:$A,-1),1,1,1)),$A13&"*",$H$21:INDIRECT(ADDRESS(MATCH("",$A:$A,-1),8,1,1)),"N/A") -> 0 | H13: =IF($G13=$D13,"N/A",(S13/R13)) -> 0 | J13: =COUNTIFS($A$21:INDIRECT(ADDRESS(MATCH("",$A:$A,-1),1,1,1)),$A13,$K$21:INDIRECT(ADDRESS(MATCH("",$B:$B,-1),11,1,1)),"조치") -> 5 | K13: =COUNTIFS($A$21:INDIRECT(ADDRESS(MATCH("",$A:$A,-1),1,1,1)),$A13,$K$21:INDIRECT(ADDRESS(MATCH("",$B:$B,-1),11,1,1)),"미조치") -> 1 | L13: =COUNTIFS($A$21:INDIRECT(ADDRESS(MATCH("",$A:$A,-1),1,1,1)),$A13,$K$21:INDIRECT(ADDRESS(MATCH("",$B:$B,-1),11,1,1)),"위험수용") -> 0 | M13: =COUNTIFS($A$21:INDIRECT(ADDRESS(MATCH("",$A:$A,-1),1,1,1)),$A13,$K$21:INDIRECT(ADDRESS(MATCH("",$B:$B,-1),11,1,1)),"N/A") -> 0 | N13: =IFERROR($J13/($F13-(M13-G13)),"N/A") -> 1 | O13: =IF(OR($G13=$D13,$D13=$M13),"N/A",($T13/$U13)) -> 0.85714286 | R13: =SUMIF($A$21:INDIRECT(ADDRESS(MATCH("",$A:$A,-1),1,1,1)),$A13,$R$21:INDIRECT(ADDRESS(MATCH("",$A:$A,-1),18,1,1))) -> 14 | S13: =SUMIF($A$21:INDIRECT(ADDRESS(MATCH("",$A:$A,-1),1,1,1)),$A13,$S$21:INDIRECT(ADDRESS(MATCH("",$A:$A,-1),19,1,1))) -> 0 | T13: =SUMIF($A$21:INDIRECT(ADDRESS(MATCH("",$A:$A,-1),1,1,1)),$A13,$T$21:INDIRECT(ADDRESS(MATCH("",$A:$A,-1),20,1,1))) -> 12 | U13: =SUMIF($A$21:INDIRECT(ADDRESS(MATCH("",$A:$A,-1),2,1,1)),$A13&"*",$U$21:INDIRECT(ADDRESS(MATCH("",$A:$A,-1),21,1,1))) -> 14 | V13: =B13 -> 0 | X13: =H13 -> 0 | Y13: =O13 -> 0.85714286
A14: 패치 관리 | D14: =COUNTIF($A$21:INDIRECT(ADDRESS(MATCH("",$A:$A,-1),1,1,1)),$A14) -> 1 | E14: =COUNTIFS($A$21:INDIRECT(ADDRESS(MATCH("",$A:$A,-1),1,1,1)),$A14,$H$21:INDIRECT(ADDRESS(MATCH("",$A:$A,-1),8,1,1)),"Y")+COUNTIFS($A$21:INDIRECT(ADDRESS(MATCH("",$A:$A,-1),1,1,1)),$A14,$H$21:INDIRECT(ADDRESS(MATCH("",$A:$A,-1),8,1,1)),"Y(즉시조치)") -> 0 | F14: =COUNTIFS($A$21:INDIRECT(ADDRESS(MATCH("",$A:$A,-1),1,1,1)),$A14&"*",$H$21:INDIRECT(ADDRESS(MATCH("",$A:$A,-1),8,1,1)),"N") -> 1 | G14: =COUNTIFS($A$21:INDIRECT(ADDRESS(MATCH("",$A:$A,-1),1,1,1)),$A14&"*",$H$21:INDIRECT(ADDRESS(MATCH("",$A:$A,-1),8,1,1)),"N/A") -> 0 | H14: =IF($G14=$D14,"N/A",(S14/R14)) -> 0 | J14: =COUNTIFS($A$21:INDIRECT(ADDRESS(MATCH("",$A:$A,-1),1,1,1)),$A14,$K$21:INDIRECT(ADDRESS(MATCH("",$B:$B,-1),11,1,1)),"조치") -> 1 | K14: =COUNTIFS($A$21:INDIRECT(ADDRESS(MATCH("",$A:$A,-1),1,1,1)),$A14,$K$21:INDIRECT(ADDRESS(MATCH("",$B:$B,-1),11,1,1)),"미조치") -> 0 | L14: =COUNTIFS($A$21:INDIRECT(ADDRESS(MATCH("",$A:$A,-1),1,1,1)),$A14,$K$21:INDIRECT(ADDRESS(MATCH("",$B:$B,-1),11,1,1)),"위험수용") -> 0 | M14: =COUNTIFS($A$21:INDIRECT(ADDRESS(MATCH("",$A:$A,-1),1,1,1)),$A14,$K$21:INDIRECT(ADDRESS(MATCH("",$B:$B,-1),11,1,1)),"N/A") -> 0 | N14: =IFERROR($J14/($F14-(M14-G14)),"N/A") -> 1 | O14: =IF(OR($G14=$D14,$D14=$M14),"N/A",($T14/$U14)) -> 1 | R14: =SUMIF($A$21:INDIRECT(ADDRESS(MATCH("",$A:$A,-1),1,1,1)),$A14,$R$21:INDIRECT(ADDRESS(MATCH("",$A:$A,-1),18,1,1))) -> 3 | S14: =SUMIF($A$21:INDIRECT(ADDRESS(MATCH("",$A:$A,-1),1,1,1)),$A14,$S$21:INDIRECT(ADDRESS(MATCH("",$A:$A,-1),19,1,1))) -> 0 | T14: =SUMIF($A$21:INDIRECT(ADDRESS(MATCH("",$A:$A,-1),1,1,1)),$A14,$T$21:INDIRECT(ADDRESS(MATCH("",$A:$A,-1),20,1,1))) -> 3 | U14: =SUMIF($A$21:INDIRECT(ADDRESS(MATCH("",$A:$A,-1),2,1,1)),$A14&"*",$U$21:INDIRECT(ADDRESS(MATCH("",$A:$A,-1),21,1,1))) -> 3 | V14: =B14 -> 0 | X14: =H14 -> 0 | Y14: =O14 -> 1
A15: 로그 관리 | D15: =COUNTIF($A$21:INDIRECT(ADDRESS(MATCH("",$A:$A,-1),1,1,1)),$A15) -> 4 | E15: =COUNTIFS($A$21:INDIRECT(ADDRESS(MATCH("",$A:$A,-1),1,1,1)),$A15,$H$21:INDIRECT(ADDRESS(MATCH("",$A:$A,-1),8,1,1)),"Y")+COUNTIFS($A$21:INDIRECT(ADDRESS(MATCH("",$A:$A,-1),1,1,1)),$A15,$H$21:INDIRECT(ADDRESS(MATCH("",$A:$A,-1),8,1,1)),"Y(즉시조치)") -> 1 | F15: =COUNTIFS($A$21:INDIRECT(ADDRESS(MATCH("",$A:$A,-1),1,1,1)),$A15&"*",$H$21:INDIRECT(ADDRESS(MATCH("",$A:$A,-1),8,1,1)),"N") -> 2 | G15: =COUNTIFS($A$21:INDIRECT(ADDRESS(MATCH("",$A:$A,-1),1,1,1)),$A15&"*",$H$21:INDIRECT(ADDRESS(MATCH("",$A:$A,-1),8,1,1)),"N/A") -> 0 | H15: =IF($G15=$D15,"N/A",(S15/R15)) -> 0.14285714 | J15: =COUNTIFS($A$21:INDIRECT(ADDRESS(MATCH("",$A:$A,-1),1,1,1)),$A15,$K$21:INDIRECT(ADDRESS(MATCH("",$B:$B,-1),11,1,1)),"조치") -> 2 | K15: =COUNTIFS($A$21:INDIRECT(ADDRESS(MATCH("",$A:$A,-1),1,1,1)),$A15,$K$21:INDIRECT(ADDRESS(MATCH("",$B:$B,-1),11,1,1)),"미조치") -> 1 | L15: =COUNTIFS($A$21:INDIRECT(ADDRESS(MATCH("",$A:$A,-1),1,1,1)),$A15,$K$21:INDIRECT(ADDRESS(MATCH("",$B:$B,-1),11,1,1)),"위험수용") -> 0 | M15: =COUNTIFS($A$21:INDIRECT(ADDRESS(MATCH("",$A:$A,-1),1,1,1)),$A15,$K$21:INDIRECT(ADDRESS(MATCH("",$B:$B,-1),11,1,1)),"N/A") -> 0 | N15: =IFERROR($J15/($F15-(M15-G15)),"N/A") -> 1 | O15: =IF(OR($G15=$D15,$D15=$M15),"N/A",($T15/$U15)) -> 0.71428571 | R15: =SUMIF($A$21:INDIRECT(ADDRESS(MATCH("",$A:$A,-1),1,1,1)),$A15,$R$21:INDIRECT(ADDRESS(MATCH("",$A:$A,-1),18,1,1))) -> 7 | S15: =SUMIF($A$21:INDIRECT(ADDRESS(MATCH("",$A:$A,-1),1,1,1)),$A15,$S$21:INDIRECT(ADDRESS(MATCH("",$A:$A,-1),19,1,1))) -> 1 | T15: =SUMIF($A$21:INDIRECT(ADDRESS(MATCH("",$A:$A,-1),1,1,1)),$A15,$T$21:INDIRECT(ADDRESS(MATCH("",$A:$A,-1),20,1,1))) -> 5 | U15: =SUMIF($A$21:INDIRECT(ADDRESS(MATCH("",$A:$A,-1),2,1,1)),$A15&"*",$U$21:INDIRECT(ADDRESS(MATCH("",$A:$A,-1),21,1,1))) -> 7 | V15: =B15 -> 0 | X15: =H15 -> 0.14285714 | Y15: =O15 -> 0.71428571
A16: 기능 관리 | D16: =COUNTIF($A$21:INDIRECT(ADDRESS(MATCH("",$A:$A,-1),1,1,1)),$A16) -> 22 | E16: =COUNTIFS($A$21:INDIRECT(ADDRESS(MATCH("",$A:$A,-1),1,1,1)),$A16,$H$21:INDIRECT(ADDRESS(MATCH("",$A:$A,-1),8,1,1)),"Y")+COUNTIFS($A$21:INDIRECT(ADDRESS(MATCH("",$A:$A,-1),1,1,1)),$A16,$H$21:INDIRECT(ADDRESS(MATCH("",$A:$A,-1),8,1,1)),"Y(즉시조치)") -> 3 | F16: =COUNTIFS($A$21:INDIRECT(ADDRESS(MATCH("",$A:$A,-1),1,1,1)),$A16&"*",$H$21:INDIRECT(ADDRESS(MATCH("",$A:$A,-1),8,1,1)),"N") -> 19 | G16: =COUNTIFS($A$21:INDIRECT(ADDRESS(MATCH("",$A:$A,-1),1,1,1)),$A16&"*",$H$21:INDIRECT(ADDRESS(MATCH("",$A:$A,-1),8,1,1)),"N/A") -> 0 | H16: =IF($G16=$D16,"N/A",(S16/R16)) -> 0.17307692 | J16: =COUNTIFS($A$21:INDIRECT(ADDRESS(MATCH("",$A:$A,-1),1,1,1)),$A16,$K$21:INDIRECT(ADDRESS(MATCH("",$B:$B,-1),11,1,1)),"조치") -> 17 | K16: =COUNTIFS($A$21:INDIRECT(ADDRESS(MATCH("",$A:$A,-1),1,1,1)),$A16,$K$21:INDIRECT(ADDRESS(MATCH("",$B:$B,-1),11,1,1)),"미조치") -> 2 | L16: =COUNTIFS($A$21:INDIRECT(ADDRESS(MATCH("",$A:$A,-1),1,1,1)),$A16,$K$21:INDIRECT(ADDRESS(MATCH("",$B:$B,-1),11,1,1)),"위험수용") -> 0 | M16: =COUNTIFS($A$21:INDIRECT(ADDRESS(MATCH("",$A:$A,-1),1,1,1)),$A16,$K$21:INDIRECT(ADDRESS(MATCH("",$B:$B,-1),11,1,1)),"N/A") -> 0 | N16: =IFERROR($J16/($F16-(M16-G16)),"N/A") -> 0.89473684 | O16: =IF(OR($G16=$D16,$D16=$M16),"N/A",($T16/$U16)) -> 0.88461538 | R16: =SUMIF($A$21:INDIRECT(ADDRESS(MATCH("",$A:$A,-1),1,1,1)),$A16,$R$21:INDIRECT(ADDRESS(MATCH("",$A:$A,-1),18,1,1))) -> 52 | S16: =SUMIF($A$21:INDIRECT(ADDRESS(MATCH("",$A:$A,-1),1,1,1)),$A16,$S$21:INDIRECT(ADDRESS(MATCH("",$A:$A,-1),19,1,1))) -> 9 | T16: =SUMIF($A$21:INDIRECT(ADDRESS(MATCH("",$A:$A,-1),1,1,1)),$A16,$T$21:INDIRECT(ADDRESS(MATCH("",$A:$A,-1),20,1,1))) -> 46 | U16: =SUMIF($A$21:INDIRECT(ADDRESS(MATCH("",$A:$A,-1),2,1,1)),$A16&"*",$U$21:INDIRECT(ADDRESS(MATCH("",$A:$A,-1),21,1,1))) -> 52 | V16: =B16 -> 0 | X16: =H16 -> 0.17307692 | Y16: =O16 -> 0.88461538
A17: 전체 보안 수준 | D17: =SUM(D12:D16) -> 38 | E17: =SUM(E12:E16) -> 4 | F17: =SUM(F12:F16) -> 32 | G17: =SUM(G12:G16) -> 0 | H17: =IF($G17=$D17,"N/A",(S17/R17)) -> 0.11111111 | J17: =SUM(J12:J16) -> 30 | K17: =SUM(K12:K16) -> 4 | L17: =SUM(L12:L16) -> 0 | M17: =SUM(M12:M16) -> 0 | N17: =IF($O17="N/A","N/A",IFERROR($J17/($F17-(M17-G17)),"N/A")) -> 0.9375 | O17: =IF($G17=$D17,"N/A",IFERROR((T17/U17),"N/A")) -> 0.88888889 | R17: =SUM(R12:R16) -> 90 | S17: =SUM(S12:S16) -> 10 | T17: =SUM(T12:T16) -> 80 | U17: =SUM(U12:U16) -> 90 | V17: 전채 보안 수준 | X17: =H17 -> 0.11111111 | Y17: =O17 -> 0.88888889
A19: ② 상세 진단 현황 | R19: HIDDEN 필드입니다
A20: 분류 | C20: 진단 항목 | F20: 중요도 | H20: 진단 결과 | I20: 현황 및 문제점 | J20: 이행 결과 | K20: 이행여부 | L20: 조치 현황 | Q20: 개선방안 및 보호대책 | R20: 전체점수(이행전) | S20: 평가점수 (이행 전) | T20: 평가점수 (이행 후) | U20: 전체점수(이행 후) | V20: 이행 결과
A21: =ChkList!A5 -> 계정 관리 | B21: =ChkList!B5 -> N-01 | C21: =ChkList!C5 -> 비밀번호 설정 | F21: =ChkList!D5 -> H | G21: =ChkList!E5 -> 3 | H21: N | I21: 설정값이 없으므로 취약 콘솔/VTY 패스워드 설정 없음 | J21: Y | K21: =IF($J28="","",IF(OR($H21="Y",$H21="N/A",$H21="Y(즉시조치)"),$H21,IF(AND($H21="N",$J21="Y"),"조치",IF(AND($H21="N",$J21="N/A"),"N/A",IF(IFERROR(FIND("위험수용",$L21),0),"위험수용","미조치"))))) -> 조치 | L21: 관리자 모드 비밀번호 및 line 인터페이스(console, vty, aux) 비밀번호 설정되어있음 | Q21: =IF($J21="",IF(OR($H21="N",$H21="인터뷰"),ChkList!$F5,""),IF(OR($J21="N",$J21="인터뷰"),ChkList!$F5,"")) | R21: =IF($H21="N/A",0,VLOOKUP($F21,'parm(hidden)'!$B$8:$C$10,2,FALSE))*1 -> 3 | S21: =IFERROR(VLOOKUP($F21,'parm(hidden)'!$B$8:$C$10,2,FALSE)*VLOOKUP($H21,'parm(hidden)'!$B$15:$C$19,2,FALSE),0) -> 0 | T21: =IFERROR(VLOOKUP($F21,'parm(hidden)'!$B$8:$C$10,2,FALSE)*VLOOKUP($K21,$V$22:$W$27,2,FALSE),0) -> 3 | U21: =IF($J21="N/A",0,VLOOKUP($F21,'parm(hidden)'!$B$8:$C$10,2,FALSE))*1 -> 3 | V21: 결과 | W21: 점수
A22: =ChkList!A6 -> 계정 관리 | B22: =ChkList!B6 -> N-02 | C22: =ChkList!C6 -> 비밀번호 복잡성 설정 | F22: =ChkList!D6 -> H | G22: =ChkList!E6 -> 3 | H22: N | I22: 설정값이 없으므로 취약 패스워드 복잡성 설정 없음 | J22: Y | K22: =IF($J29="","",IF(OR($H22="Y",$H22="N/A",$H22="Y(즉시조치)"),$H22,IF(AND($H22="N",$J22="Y"),"조치",IF(AND($H22="N",$J22="N/A"),"N/A",IF(IFERROR(FIND("위험수용",$L22),0),"위험수용","미조치"))))) -> 조치 | L22: 비밀번호 복잡성 규칙에 맞게 설정함 | Q22: =IF($J22="",IF(OR($H22="N",$H22="인터뷰"),ChkList!$F6,""),IF(OR($J22="N",$J22="인터뷰"),ChkList!$F6,"")) | R22: =IF($H22="N/A",0,VLOOKUP($F22,'parm(hidden)'!$B$8:$C$10,2,FALSE))*1 -> 3 | S22: =IFERROR(VLOOKUP($F22,'parm(hidden)'!$B$8:$C$10,2,FALSE)*VLOOKUP($H22,'parm(hidden)'!$B$15:$C$19,2,FALSE),0) -> 0 | T22: =IFERROR(VLOOKUP($F22,'parm(hidden)'!$B$8:$C$10,2,FALSE)*VLOOKUP($K22,$V$22:$W$27,2,FALSE),0) -> 3 | U22: =IF($J22="N/A",0,VLOOKUP($F22,'parm(hidden)'!$B$8:$C$10,2,FALSE))*1 -> 3 | V22: 조치 | W22: 1
A23: =ChkList!A7 -> 계정 관리 | B23: =ChkList!B7 -> N-03 | C23: =ChkList!C7 -> 암호화된 비밀번호 사용 | F23: =ChkList!D7 -> H | G23: =ChkList!E7 -> 3 | H23: N | I23: 설정값이 없으므로 취약 service password-encryption 설정 없음 | J23: Y | K23: =IF($J30="","",IF(OR($H23="Y",$H23="N/A",$H23="Y(즉시조치)"),$H23,IF(AND($H23="N",$J23="Y"),"조치",IF(AND($H23="N",$J23="N/A"),"N/A",IF(IFERROR(FIND("위험수용",$L23),0),"위험수용","미조치"))))) -> 조치 | L23: enable secret 설정 사용 중임 username secret 설정 사용 중임 Password-Encryption 서비스 사용 중임 | Q23: =IF($J23="",IF(OR($H23="N",$H23="인터뷰"),ChkList!$F7,""),IF(OR($J23="N",$J23="인터뷰"),ChkList!$F7,"")) | R23: =IF($H23="N/A",0,VLOOKUP($F23,'parm(hidden)'!$B$8:$C$10,2,FALSE))*1 -> 3 | S23: =IFERROR(VLOOKUP($F23,'parm(hidden)'!$B$8:$C$10,2,FALSE)*VLOOKUP($H23,'parm(hidden)'!$B$15:$C$19,2,FALSE),0) -> 0 | T23: =IFERROR(VLOOKUP($F23,'parm(hidden)'!$B$8:$C$10,2,FALSE)*VLOOKUP($K23,$V$22:$W$27,2,FALSE),0) -> 3 | U23: =IF($J23="N/A",0,VLOOKUP($F23,'parm(hidden)'!$B$8:$C$10,2,FALSE))*1 -> 3 | V23: 미조치 | W23: 0
A24: =ChkList!A8 -> 계정 관리 | B24: =ChkList!B8 -> N-04 | C24: =ChkList!C8 -> 계정 잠금 임계값 설정 | F24: =ChkList!D8 -> H | G24: =ChkList!E8 -> 3 | H24: N | I24: privilege 권한 모든 사용자이므로 취약 privilege 레벨 15, 사용자 권한 미제한 | J24: Y | K24: =IF($J31="","",IF(OR($H24="Y",$H24="N/A",$H24="Y(즉시조치)"),$H24,IF(AND($H24="N",$J24="Y"),"조치",IF(AND($H24="N",$J24="N/A"),"N/A",IF(IFERROR(FIND("위험수용",$L24),0),"위험수용","미조치"))))) -> 조치 | L24: 사용자별로 권한 레벨 다르게 설정됨 팀장 15 부팀장 14 | Q24: =IF($J24="",IF(OR($H24="N",$H24="인터뷰"),ChkList!$F8,""),IF(OR($J24="N",$J24="인터뷰"),ChkList!$F8,"")) | R24: =IF($H24="N/A",0,VLOOKUP($F24,'parm(hidden)'!$B$8:$C$10,2,FALSE))*1 -> 3 | S24: =IFERROR(VLOOKUP($F24,'parm(hidden)'!$B$8:$C$10,2,FALSE)*VLOOKUP($H24,'parm(hidden)'!$B$15:$C$19,2,FALSE),0) -> 0 | T24: =IFERROR(VLOOKUP($F24,'parm(hidden)'!$B$8:$C$10,2,FALSE)*VLOOKUP($K24,$V$22:$W$27,2,FALSE),0) -> 3 | U24: =IF($J24="N/A",0,VLOOKUP($F24,'parm(hidden)'!$B$8:$C$10,2,FALSE))*1 -> 3 | V24: 위험수용 | W24: 0
A25: =ChkList!A9 -> 계정 관리 | B25: =ChkList!B9 -> N-05 | C25: =ChkList!C9 -> 사용자·명령어별 권한 설정 | F25: =ChkList!D9 -> M | G25: =ChkList!E9 -> 2 | H25: N | I25: 설정값이 없으므로 취약 access-class 설정 없음 | J25: Y | K25: =IF($J32="","",IF(OR($H25="Y",$H25="N/A",$H25="Y(즉시조치)"),$H25,IF(AND($H25="N",$J25="Y"),"조치",IF(AND($H25="N",$J25="N/A"),"N/A",IF(IFERROR(FIND("위험수용",$L25),0),"위험수용","미조치"))))) -> 조치 | L25: 전산팀 관리자 pc만 VTY 콘솔에 접속 허용하도록 ACL 설정 및 vty 인터페이스에 적용됨 | Q25: =IF($J25="",IF(OR($H25="N",$H25="인터뷰"),ChkList!$F9,""),IF(OR($J25="N",$J25="인터뷰"),ChkList!$F9,"")) | R25: =IF($H25="N/A",0,VLOOKUP($F25,'parm(hidden)'!$B$8:$C$10,2,FALSE))*1 -> 2 | S25: =IFERROR(VLOOKUP($F25,'parm(hidden)'!$B$8:$C$10,2,FALSE)*VLOOKUP($H25,'parm(hidden)'!$B$15:$C$19,2,FALSE),0) -> 0 | T25: =IFERROR(VLOOKUP($F25,'parm(hidden)'!$B$8:$C$10,2,FALSE)*VLOOKUP($K25,$V$22:$W$27,2,FALSE),0) -> 2 | U25: =IF($J25="N/A",0,VLOOKUP($F25,'parm(hidden)'!$B$8:$C$10,2,FALSE))*1 -> 2 | V25: N/A | W25: 0
A26: =ChkList!A10 -> 접근 관리 | B26: =ChkList!B10 -> N-06 | C26: =ChkList!C10 -> VTY 접근(ACL) 설정 | F26: =ChkList!D10 -> H | G26: =ChkList!E10 -> 3 | H26: N | I26: 설정값이 없으므로 취약 exec-timeout 설정 없음 | J26: Y | K26: =IF($J33="","",IF(OR($H26="Y",$H26="N/A",$H26="Y(즉시조치)"),$H26,IF(AND($H26="N",$J26="Y"),"조치",IF(AND($H26="N",$J26="N/A"),"N/A",IF(IFERROR(FIND("위험수용",$L26),0),"위험수용","미조치"))))) -> 조치 | L26: line 인터페이스(console, vty, aux)에 session timeout 설정 적용됨 | Q26: =IF($J26="",IF(OR($H26="N",$H26="인터뷰"),ChkList!$F10,""),IF(OR($J26="N",$J26="인터뷰"),ChkList!$F10,"")) | R26: =IF($H26="N/A",0,VLOOKUP($F26,'parm(hidden)'!$B$8:$C$10,2,FALSE))*1 -> 3 | S26: =IFERROR(VLOOKUP($F26,'parm(hidden)'!$B$8:$C$10,2,FALSE)*VLOOKUP($H26,'parm(hidden)'!$B$15:$C$19,2,FALSE),0) -> 0 | T26: =IFERROR(VLOOKUP($F26,'parm(hidden)'!$B$8:$C$10,2,FALSE)*VLOOKUP($K26,$V$22:$W$27,2,FALSE),0) -> 3 | U26: =IF($J26="N/A",0,VLOOKUP($F26,'parm(hidden)'!$B$8:$C$10,2,FALSE))*1 -> 3 | V26: Y | W26: 1
A27: =ChkList!A11 -> 접근 관리 | B27: =ChkList!B11 -> N-07 | C27: =ChkList!C11 -> Session Timeout 설정 | F27: =ChkList!D11 -> H | G27: =ChkList!E11 -> 3 | H27: N | I27: 설정값이 없으므로 취약 transport input ssh 미설정 | J27: Y | K27: =IF($J34="","",IF(OR($H27="Y",$H27="N/A",$H27="Y(즉시조치)"),$H27,IF(AND($H27="N",$J27="Y"),"조치",IF(AND($H27="N",$J27="N/A"),"N/A",IF(IFERROR(FIND("위험수용",$L27),0),"위험수용","미조치"))))) -> 조치 | L27: ssh 활성화됨, 원격 접속시 ssh로만 접속하도록 설정 | Q27: =IF($J27="",IF(OR($H27="N",$H27="인터뷰"),ChkList!$F11,""),IF(OR($J27="N",$J27="인터뷰"),ChkList!$F11,"")) | R27: =IF($H27="N/A",0,VLOOKUP($F27,'parm(hidden)'!$B$8:$C$10,2,FALSE))*1 -> 3 | S27: =IFERROR(VLOOKUP($F27,'parm(hidden)'!$B$8:$C$10,2,FALSE)*VLOOKUP($H27,'parm(hidden)'!$B$15:$C$19,2,FALSE),0) -> 0 | T27: =IFERROR(VLOOKUP($F27,'parm(hidden)'!$B$8:$C$10,2,FALSE)*VLOOKUP($K27,$V$22:$W$27,2,FALSE),0) -> 3 | U27: =IF($J27="N/A",0,VLOOKUP($F27,'parm(hidden)'!$B$8:$C$10,2,FALSE))*1 -> 3 | V27: Y(즉시조치) | W27: 1
A28: =ChkList!A12 -> 접근 관리 | B28: =ChkList!B12 -> N-08 | C28: =ChkList!C12 -> VTY 접속 시 안전한 프로토콜 사용 | F28: =ChkList!D12 -> M | G28: =ChkList!E12 -> 2 | H28: N | I28: 설정값이 없으므로 취약 AUX 포트에 설정 없음 | J28: Y | K28: =IF($J35="","",IF(OR($H28="Y",$H28="N/A",$H28="Y(즉시조치)"),$H28,IF(AND($H28="N",$J28="Y"),"조치",IF(AND($H28="N",$J28="N/A"),"N/A",IF(IFERROR(FIND("위험수용",$L28),0),"위험수용","미조치"))))) -> 조치 | L28: 사용자 접근 금지(no password) 및 입력 불가(transport input none), 명령 실행 불가 설정(no exec) 및 1 초 뒤 타임아웃(exec-timeout 0 1) 적용되어있음 | Q28: =IF($J28="",IF(OR($H28="N",$H28="인터뷰"),ChkList!$F12,""),IF(OR($J28="N",$J28="인터뷰"),ChkList!$F12,"")) | R28: =IF($H28="N/A",0,VLOOKUP($F28,'parm(hidden)'!$B$8:$C$10,2,FALSE))*1 -> 2 | S28: =IFERROR(VLOOKUP($F28,'parm(hidden)'!$B$8:$C$10,2,FALSE)*VLOOKUP($H28,'parm(hidden)'!$B$15:$C$19,2,FALSE),0) -> 0 | T28: =IFERROR(VLOOKUP($F28,'parm(hidden)'!$B$8:$C$10,2,FALSE)*VLOOKUP($K28,$V$22:$W$27,2,FALSE),0) -> 2 | U28: =IF($J28="N/A",0,VLOOKUP($F28,'parm(hidden)'!$B$8:$C$10,2,FALSE))*1 -> 2
A29: =ChkList!A13 -> 접근 관리 | B29: =ChkList!B13 -> N-09 | C29: =ChkList!C13 -> 불필요한 보조 입출력 포트 사용 금지 | F29: =ChkList!D13 -> M | G29: =ChkList!E13 -> 2 | H29: N | I29: 설정값이 없으므로 취약 banner exec 설정 없음 | J29: Y | K29: =IF($J36="","",IF(OR($H29="Y",$H29="N/A",$H29="Y(즉시조치)"),$H29,IF(AND($H29="N",$J29="Y"),"조치",IF(AND($H29="N",$J29="N/A"),"N/A",IF(IFERROR(FIND("위험수용",$L29),0),"위험수용","미조치"))))) -> 조치 | L29: banner 문구 설저되어있음 | Q29: =IF($J29="",IF(OR($H29="N",$H29="인터뷰"),ChkList!$F13,""),IF(OR($J29="N",$J29="인터뷰"),ChkList!$F13,"")) | R29: =IF($H29="N/A",0,VLOOKUP($F29,'parm(hidden)'!$B$8:$C$10,2,FALSE))*1 -> 2 | S29: =IFERROR(VLOOKUP($F29,'parm(hidden)'!$B$8:$C$10,2,FALSE)*VLOOKUP($H29,'parm(hidden)'!$B$15:$C$19,2,FALSE),0) -> 0 | T29: =IFERROR(VLOOKUP($F29,'parm(hidden)'!$B$8:$C$10,2,FALSE)*VLOOKUP($K29,$V$22:$W$27,2,FALSE),0) -> 2 | U29: =IF($J29="N/A",0,VLOOKUP($F29,'parm(hidden)'!$B$8:$C$10,2,FALSE))*1 -> 2
A30: =ChkList!A14 -> 접근 관리 | B30: =ChkList!B14 -> N-10 | C30: =ChkList!C14 -> 로그인 시 경고 메시지 설정 | F30: =ChkList!D14 -> M | G30: =ChkList!E14 -> 2 | H30: 인터뷰 | I30: 보안 패치 담당자와 상의해야하므로 인터뷰 최신 보안 패치 미적용(현재 12.2(37) 버전) | J30: 인터뷰 | K30: =IF($J37="","",IF(OR($H30="Y",$H30="N/A",$H30="Y(즉시조치)"),$H30,IF(AND($H30="N",$J30="Y"),"조치",IF(AND($H30="N",$J30="N/A"),"N/A",IF(IFERROR(FIND("위험수용",$L30),0),"위험수용","미조치"))))) -> 미조치 | L30: 담당자와 상의 후 조치 | Q30: =IF($J30="",IF(OR($H30="N",$H30="인터뷰"),ChkList!$F14,""),IF(OR($J30="N",$J30="인터뷰"),ChkList!$F14,"")) -> 네트워크 장비 접속 시 경고 메시지 설정 | R30: =IF($H30="N/A",0,VLOOKUP($F30,'parm(hidden)'!$B$8:$C$10,2,FALSE))*1 -> 2 | S30: =IFERROR(VLOOKUP($F30,'parm(hidden)'!$B$8:$C$10,2,FALSE)*VLOOKUP($H30,'parm(hidden)'!$B$15:$C$19,2,FALSE),0) -> 0 | T30: =IFERROR(VLOOKUP($F30,'parm(hidden)'!$B$8:$C$10,2,FALSE)*VLOOKUP($K30,$V$22:$W$27,2,FALSE),0) -> 0 | U30: =IF($J30="N/A",0,VLOOKUP($F30,'parm(hidden)'!$B$8:$C$10,2,FALSE))*1 -> 2
A31: =ChkList!A15 -> 접근 관리 | B31: =ChkList!B15 -> N-11 | C31: =ChkList!C15 -> 원격로그 서버 사용 | F31: =ChkList!D15 -> M | G31: =ChkList!E15 -> 2 | H31: N | I31: 설정값이 없으므로 취약 logging host 설정 없음 | J31: Y | K31: =IF($J38="","",IF(OR($H31="Y",$H31="N/A",$H31="Y(즉시조치)"),$H31,IF(AND($H31="N",$J31="Y"),"조치",IF(AND($H31="N",$J31="N/A"),"N/A",IF(IFERROR(FIND("위험수용",$L31),0),"위험수용","미조치"))))) -> 조치 | L31: 설정 완료상태이므로 양호 내부 서버의 로그서버를 통해 로그 관리 진행 | Q31: =IF($J31="",IF(OR($H31="N",$H31="인터뷰"),ChkList!$F15,""),IF(OR($J31="N",$J31="인터뷰"),ChkList!$F15,"")) | R31: =IF($H31="N/A",0,VLOOKUP($F31,'parm(hidden)'!$B$8:$C$10,2,FALSE))*1 -> 2 | S31: =IFERROR(VLOOKUP($F31,'parm(hidden)'!$B$8:$C$10,2,FALSE)*VLOOKUP($H31,'parm(hidden)'!$B$15:$C$19,2,FALSE),0) -> 0 | T31: =IFERROR(VLOOKUP($F31,'parm(hidden)'!$B$8:$C$10,2,FALSE)*VLOOKUP($K31,$V$22:$W$27,2,FALSE),0) -> 2 | U31: =IF($J31="N/A",0,VLOOKUP($F31,'parm(hidden)'!$B$8:$C$10,2,FALSE))*1 -> 2
A32: =ChkList!A16 -> 패치 관리 | B32: =ChkList!B16 -> N-12 | C32: =ChkList!C16 -> 주기적 보안 패치 및 벤더 권고사항 적용 | F32: =ChkList!D16 -> H | G32: =ChkList!E16 -> 3 | H32: N | I32: 설정값이 없으므로 취약 logging buffered 설정 없음 | J32: Y | K32: =IF($J39="","",IF(OR($H32="Y",$H32="N/A",$H32="Y(즉시조치)"),$H32,IF(AND($H32="N",$J32="Y"),"조치",IF(AND($H32="N",$J32="N/A"),"N/A",IF(IFERROR(FIND("위험수용",$L32),0),"위험수용","미조치"))))) -> 조치 | L32: 버퍼 크기 설정되어있음 | Q32: =IF($J32="",IF(OR($H32="N",$H32="인터뷰"),ChkList!$F16,""),IF(OR($J32="N",$J32="인터뷰"),ChkList!$F16,"")) | R32: =IF($H32="N/A",0,VLOOKUP($F32,'parm(hidden)'!$B$8:$C$10,2,FALSE))*1 -> 3 | S32: =IFERROR(VLOOKUP($F32,'parm(hidden)'!$B$8:$C$10,2,FALSE)*VLOOKUP($H32,'parm(hidden)'!$B$15:$C$19,2,FALSE),0) -> 0 | T32: =IFERROR(VLOOKUP($F32,'parm(hidden)'!$B$8:$C$10,2,FALSE)*VLOOKUP($K32,$V$22:$W$27,2,FALSE),0) -> 3 | U32: =IF($J32="N/A",0,VLOOKUP($F32,'parm(hidden)'!$B$8:$C$10,2,FALSE))*1 -> 3
A33: =ChkList!A17 -> 로그 관리 | B33: =ChkList!B17 -> N-13 | C33: =ChkList!C17 -> 로깅 버퍼 크기 설정 | F33: =ChkList!D17 -> M | G33: =ChkList!E17 -> 2 | H33: 인터뷰 | I33: 설정값이 없으므로 취약 logging trap, logging facility 등 미설정 | J33: 인터뷰 | K33: =IF($J40="","",IF(OR($H33="Y",$H33="N/A",$H33="Y(즉시조치)"),$H33,IF(AND($H33="N",$J33="Y"),"조치",IF(AND($H33="N",$J33="N/A"),"N/A",IF(IFERROR(FIND("위험수용",$L33),0),"위험수용","미조치"))))) -> 미조치 | L33: gns에서 확인 | Q33: =IF($J33="",IF(OR($H33="N",$H33="인터뷰"),ChkList!$F17,""),IF(OR($J33="N",$J33="인터뷰"),ChkList!$F17,"")) -> 로그에 대한 정보를 확인하여 장비 성능을 고려한 최대 버퍼 크기를 설정 | R33: =IF($H33="N/A",0,VLOOKUP($F33,'parm(hidden)'!$B$8:$C$10,2,FALSE))*1 -> 2 | S33: =IFERROR(VLOOKUP($F33,'parm(hidden)'!$B$8:$C$10,2,FALSE)*VLOOKUP($H33,'parm(hidden)'!$B$15:$C$19,2,FALSE),0) -> 0 | T33: =IFERROR(VLOOKUP($F33,'parm(hidden)'!$B$8:$C$10,2,FALSE)*VLOOKUP($K33,$V$22:$W$27,2,FALSE),0) -> 0 | U33: =IF($J33="N/A",0,VLOOKUP($F33,'parm(hidden)'!$B$8:$C$10,2,FALSE))*1 -> 2
A34: =ChkList!A18 -> 로그 관리 | B34: =ChkList!B18 -> N-14 | C34: =ChkList!C18 -> 정책에 따른 로깅 설정 | F34: =ChkList!D18 -> M | G34: =ChkList!E18 -> 2 | H34: N | I34: ntp sever 미사용이므로 양호 ntp server 미사용 | J34: Y | K34: =IF($J41="","",IF(OR($H34="Y",$H34="N/A",$H34="Y(즉시조치)"),$H34,IF(AND($H34="N",$J34="Y"),"조치",IF(AND($H34="N",$J34="N/A"),"N/A",IF(IFERROR(FIND("위험수용",$L34),0),"위험수용","미조치"))))) -> 조치 | L34: ntp 서버 ip 주소 설정되어있음 | Q34: =IF($J34="",IF(OR($H34="N",$H34="인터뷰"),ChkList!$F18,""),IF(OR($J34="N",$J34="인터뷰"),ChkList!$F18,"")) | R34: =IF($H34="N/A",0,VLOOKUP($F34,'parm(hidden)'!$B$8:$C$10,2,FALSE))*1 -> 2 | S34: =IFERROR(VLOOKUP($F34,'parm(hidden)'!$B$8:$C$10,2,FALSE)*VLOOKUP($H34,'parm(hidden)'!$B$15:$C$19,2,FALSE),0) -> 0 | T34: =IFERROR(VLOOKUP($F34,'parm(hidden)'!$B$8:$C$10,2,FALSE)*VLOOKUP($K34,$V$22:$W$27,2,FALSE),0) -> 2 | U34: =IF($J34="N/A",0,VLOOKUP($F34,'parm(hidden)'!$B$8:$C$10,2,FALSE))*1 -> 2
A35: =ChkList!A19 -> 로그 관리 | B35: =ChkList!B19 -> N-15 | C35: =ChkList!C19 -> NTP 및 시각 동기화 설정 | F35: =ChkList!D19 -> M | G35: =ChkList!E19 -> 2 | H35: N | I35: 설정값이 없으므로 취약 service timestamps log datetime msec 설정 없음 | J35: Y | K35: =IF($J42="","",IF(OR($H35="Y",$H35="N/A",$H35="Y(즉시조치)"),$H35,IF(AND($H35="N",$J35="Y"),"조치",IF(AND($H35="N",$J35="N/A"),"N/A",IF(IFERROR(FIND("위험수용",$L35),0),"위험수용","미조치"))))) -> 조치 | L35: 로그 시간 기록 설정 및 시간대 설정 되어있음 | Q35: =IF($J35="",IF(OR($H35="N",$H35="인터뷰"),ChkList!$F19,""),IF(OR($J35="N",$J35="인터뷰"),ChkList!$F19,"")) | R35: =IF($H35="N/A",0,VLOOKUP($F35,'parm(hidden)'!$B$8:$C$10,2,FALSE))*1 -> 2 | S35: =IFERROR(VLOOKUP($F35,'parm(hidden)'!$B$8:$C$10,2,FALSE)*VLOOKUP($H35,'parm(hidden)'!$B$15:$C$19,2,FALSE),0) -> 0 | T35: =IFERROR(VLOOKUP($F35,'parm(hidden)'!$B$8:$C$10,2,FALSE)*VLOOKUP($K35,$V$22:$W$27,2,FALSE),0) -> 2 | U35: =IF($J35="N/A",0,VLOOKUP($F35,'parm(hidden)'!$B$8:$C$10,2,FALSE))*1 -> 2
A36: =ChkList!A20 -> 로그 관리 | B36: =ChkList!B20 -> N-16 | C36: =ChkList!C20 -> Timestamp 로그 설정 | F36: =ChkList!D20 -> L | G36: =ChkList!E20 -> 1 | H36: Y | I36: SNMP 미사용이므로 양호 SNMP 사용 안함, 비활성화 | J36: Y | K36: =IF($J43="","",IF(OR($H36="Y",$H36="N/A",$H36="Y(즉시조치)"),$H36,IF(AND($H36="N",$J36="Y"),"조치",IF(AND($H36="N",$J36="N/A"),"N/A",IF(IFERROR(FIND("위험수용",$L36),0),"위험수용","미조치"))))) -> Y | L36: SNMP 미사용이므로 양호 SNMP 사용 안함, 비활성화 | Q36: =IF($J36="",IF(OR($H36="N",$H36="인터뷰"),ChkList!$F20,""),IF(OR($J36="N",$J36="인터뷰"),ChkList!$F20,"")) | R36: =IF($H36="N/A",0,VLOOKUP($F36,'parm(hidden)'!$B$8:$C$10,2,FALSE))*1 -> 1 | S36: =IFERROR(VLOOKUP($F36,'parm(hidden)'!$B$8:$C$10,2,FALSE)*VLOOKUP($H36,'parm(hidden)'!$B$15:$C$19,2,FALSE),0) -> 1 | T36: =IFERROR(VLOOKUP($F36,'parm(hidden)'!$B$8:$C$10,2,FALSE)*VLOOKUP($K36,$V$22:$W$27,2,FALSE),0) -> 1 | U36: =IF($J36="N/A",0,VLOOKUP($F36,'parm(hidden)'!$B$8:$C$10,2,FALSE))*1 -> 1
A37: =ChkList!A21 -> 기능 관리 | B37: =ChkList!B21 -> N-17 | C37: =ChkList!C21 -> SNMP 서비스 확인 | F37: =ChkList!D21 -> H | G37: =ChkList!E21 -> 3 | H37: Y | I37: SNMP 미사용이므로 양호 SNMP 사용 안함, 비활성화 | J37: Y | K37: =IF($J44="","",IF(OR($H37="Y",$H37="N/A",$H37="Y(즉시조치)"),$H37,IF(AND($H37="N",$J37="Y"),"조치",IF(AND($H37="N",$J37="N/A"),"N/A",IF(IFERROR(FIND("위험수용",$L37),0),"위험수용","미조치"))))) -> Y | L37: SNMP 미사용이므로 양호 SNMP 사용 안함, 비활성화 | Q37: =IF($J37="",IF(OR($H37="N",$H37="인터뷰"),ChkList!$F21,""),IF(OR($J37="N",$J37="인터뷰"),ChkList!$F21,"")) | R37: =IF($H37="N/A",0,VLOOKUP($F37,'parm(hidden)'!$B$8:$C$10,2,FALSE))*1 -> 3 | S37: =IFERROR(VLOOKUP($F37,'parm(hidden)'!$B$8:$C$10,2,FALSE)*VLOOKUP($H37,'parm(hidden)'!$B$15:$C$19,2,FALSE),0) -> 3 | T37: =IFERROR(VLOOKUP($F37,'parm(hidden)'!$B$8:$C$10,2,FALSE)*VLOOKUP($K37,$V$22:$W$27,2,FALSE),0) -> 3 | U37: =IF($J37="N/A",0,VLOOKUP($F37,'parm(hidden)'!$B$8:$C$10,2,FALSE))*1 -> 3
A38: =ChkList!A22 -> 기능 관리 | B38: =ChkList!B22 -> N-18 | C38: =ChkList!C22 -> SNMP Community String 복잡성 설정 | F38: =ChkList!D22 -> H | G38: =ChkList!E22 -> 3 | H38: Y | I38: SNMP 미사용이므로 양호 SNMP 미사용 상태 | J38: Y | K38: =IF($J45="","",IF(OR($H38="Y",$H38="N/A",$H38="Y(즉시조치)"),$H38,IF(AND($H38="N",$J38="Y"),"조치",IF(AND($H38="N",$J38="N/A"),"N/A",IF(IFERROR(FIND("위험수용",$L38),0),"위험수용","미조치"))))) -> Y | L38: SNMP 미사용이므로 양호 SNMP 미사용 상태 | Q38: =IF($J38="",IF(OR($H38="N",$H38="인터뷰"),ChkList!$F22,""),IF(OR($J38="N",$J38="인터뷰"),ChkList!$F22,"")) | R38: =IF($H38="N/A",0,VLOOKUP($F38,'parm(hidden)'!$B$8:$C$10,2,FALSE))*1 -> 3 | S38: =IFERROR(VLOOKUP($F38,'parm(hidden)'!$B$8:$C$10,2,FALSE)*VLOOKUP($H38,'parm(hidden)'!$B$15:$C$19,2,FALSE),0) -> 3 | T38: =IFERROR(VLOOKUP($F38,'parm(hidden)'!$B$8:$C$10,2,FALSE)*VLOOKUP($K38,$V$22:$W$27,2,FALSE),0) -> 3 | U38: =IF($J38="N/A",0,VLOOKUP($F38,'parm(hidden)'!$B$8:$C$10,2,FALSE))*1 -> 3
A39: =ChkList!A23 -> 기능 관리 | B39: =ChkList!B23 -> N-19 | C39: =ChkList!C23 -> SNMP ACL 설정 | F39: =ChkList!D23 -> H | G39: =ChkList!E23 -> 3 | H39: Y | I39: SNMP 미사용이므로 양호 SNMP 미사용 상태 | J39: Y | K39: =IF($J46="","",IF(OR($H39="Y",$H39="N/A",$H39="Y(즉시조치)"),$H39,IF(AND($H39="N",$J39="Y"),"조치",IF(AND($H39="N",$J39="N/A"),"N/A",IF(IFERROR(FIND("위험수용",$L39),0),"위험수용","미조치"))))) -> Y | L39: SNMP 미사용이므로 양호 SNMP 미사용 상태 | Q39: =IF($J39="",IF(OR($H39="N",$H39="인터뷰"),ChkList!$F23,""),IF(OR($J39="N",$J39="인터뷰"),ChkList!$F23,"")) | R39: =IF($H39="N/A",0,VLOOKUP($F39,'parm(hidden)'!$B$8:$C$10,2,FALSE))*1 -> 3 | S39: =IFERROR(VLOOKUP($F39,'parm(hidden)'!$B$8:$C$10,2,FALSE)*VLOOKUP($H39,'parm(hidden)'!$B$15:$C$19,2,FALSE),0) -> 3 | T39: =IFERROR(VLOOKUP($F39,'parm(hidden)'!$B$8:$C$10,2,FALSE)*VLOOKUP($K39,$V$22:$W$27,2,FALSE),0) -> 3 | U39: =IF($J39="N/A",0,VLOOKUP($F39,'parm(hidden)'!$B$8:$C$10,2,FALSE))*1 -> 3
... A50: =ChkList!A34 -> 기능 관리 | B50: =ChkList!B34 -> N-30 | C50: =ChkList!C34 -> CDP 서비스 차단 | F50: =ChkList!D34 -> M | G50: =ChkList!E34 -> 2 | H50: N | I50: 지원안함, 기본값 차단된 상태, Cisco는 Smurf 공격 때문에 오래 전부터 기본값을 차단으로 변경했음. | J50: Y | K50: =IF($J57="","",IF(OR($H50="Y",$H50="N/A",$H50="Y(즉시조치)"),$H50,IF(AND($H50="N",$J50="Y"),"조치",IF(AND($H50="N",$J50="N/A"),"N/A",IF(IFERROR(FIND("위험수용",$L50),0),"위험수용","미조치"))))) -> 조치 | L50: 설정 완료상태이므로 양호 directed-broadcast 차단 | Q50: =IF($J50="",IF(OR($H50="N",$H50="인터뷰"),ChkList!$F34,""),IF(OR($J50="N",$J50="인터뷰"),ChkList!$F34,"")) | R50: =IF($H50="N/A",0,VLOOKUP($F50,'parm(hidden)'!$B$8:$C$10,2,FALSE))*1 -> 2 | S50: =IFERROR(VLOOKUP($F50,'parm(hidden)'!$B$8:$C$10,2,FALSE)*VLOOKUP($H50,'parm(hidden)'!$B$15:$C$19,2,FALSE),0) -> 0 | T50: =IFERROR(VLOOKUP($F50,'parm(hidden)'!$B$8:$C$10,2,FALSE)*VLOOKUP($K50,$V$22:$W$27,2,FALSE),0) -> 2 | U50: =IF($J50="N/A",0,VLOOKUP($F50,'parm(hidden)'!$B$8:$C$10,2,FALSE))*1 -> 2
A51: =ChkList!A35 -> 기능 관리 | B51: =ChkList!B35 -> N-31 | C51: =ChkList!C35 -> Directed-broadcast 차단 | F51: =ChkList!D35 -> M | G51: =ChkList!E35 -> 2 | H51: N | I51: 지원하지 않음, Cisco 라우터는 기본값(Default) 이 `no ip source-route`, 소스 라우팅 차단(Disable) 상태입니다. | J51: Y | K51: =IF($J52="","",IF(OR($H52="Y",$H52="N/A",$H52="Y(즉시조치)"),$H52,IF(AND($H52="N",$J52="Y"),"조치",IF(AND($H52="N",$J52="N/A"),"N/A",IF(IFERROR(FIND("위험수용",$L52),0),"위험수용","미조치"))))) -> 조치 | L51: 설정 완료상태이므로 양호 Source 라우팅 차단 완료 | Q51: =IF($J51="",IF(OR($H51="N",$H51="인터뷰"),ChkList!$F35,""),IF(OR($J51="N",$J51="인터뷰"),ChkList!$F35,"")) | R51: =IF($H51="N/A",0,VLOOKUP($F51,'parm(hidden)'!$B$8:$C$10,2,FALSE))*1 -> 2 | S51: =IFERROR(VLOOKUP($F51,'parm(hidden)'!$B$8:$C$10,2,FALSE)*VLOOKUP($H51,'parm(hidden)'!$B$15:$C$19,2,FALSE),0) -> 0 | T51: =IFERROR(VLOOKUP($F51,'parm(hidden)'!$B$8:$C$10,2,FALSE)*VLOOKUP($K51,$V$22:$W$27,2,FALSE),0) -> 2 | U51: =IF($J51="N/A",0,VLOOKUP($F51,'parm(hidden)'!$B$8:$C$10,2,FALSE))*1 -> 2
A52: =ChkList!A36 -> 기능 관리 | B52: =ChkList!B36 -> N-32 | C52: =ChkList!C36 -> Source Routing 차단 | F52: =ChkList!D36 -> M | G52: =ChkList!E36 -> 2 | H52: N | I52: 지원 안함 | J52: Y | K52: =IF($J52="","",IF(OR($H52="Y",$H52="N/A",$H52="Y(즉시조치)"),$H52,IF(AND($H52="N",$J52="Y"),"조치",IF(AND($H52="N",$J52="N/A"),"N/A",IF(IFERROR(FIND("위험수용",$L52),0),"위험수용","미조치"))))) -> 조치 | L52: 설정 완료상태이므로 양호 Proxy ARP 차단 완료 | Q52: =IF($J52="",IF(OR($H52="N",$H52="인터뷰"),ChkList!$F36,""),IF(OR($J52="N",$J52="인터뷰"),ChkList!$F36,"")) | R52: =IF($H52="N/A",0,VLOOKUP($F52,'parm(hidden)'!$B$8:$C$10,2,FALSE))*1 -> 2 | S52: =IFERROR(VLOOKUP($F52,'parm(hidden)'!$B$8:$C$10,2,FALSE)*VLOOKUP($H52,'parm(hidden)'!$B$15:$C$19,2,FALSE),0) -> 0 | T52: =IFERROR(VLOOKUP($F52,'parm(hidden)'!$B$8:$C$10,2,FALSE)*VLOOKUP($K52,$V$22:$W$27,2,FALSE),0) -> 2 | U52: =IF($J52="N/A",0,VLOOKUP($F52,'parm(hidden)'!$B$8:$C$10,2,FALSE))*1 -> 2
A53: =ChkList!A37 -> 기능 관리 | B53: =ChkList!B37 -> N-33 | C53: =ChkList!C37 -> Proxy ARP 차단 | F53: =ChkList!D37 -> M | G53: =ChkList!E37 -> 2 | H53: N | I53: 지원 안함 | J53: Y | K53: =IF($J53="","",IF(OR($H53="Y",$H53="N/A",$H53="Y(즉시조치)"),$H53,IF(AND($H53="N",$J53="Y"),"조치",IF(AND($H53="N",$J53="N/A"),"N/A",IF(IFERROR(FIND("위험수용",$L53),0),"위험수용","미조치"))))) -> 조치 | L53: 설정 완료 상태이므로 양호 ICMP unreachable과 Redirect 차단 | Q53: =IF($J53="",IF(OR($H53="N",$H53="인터뷰"),ChkList!$F37,""),IF(OR($J53="N",$J53="인터뷰"),ChkList!$F37,"")) | R53: =IF($H53="N/A",0,VLOOKUP($F53,'parm(hidden)'!$B$8:$C$10,2,FALSE))*1 -> 2 | S53: =IFERROR(VLOOKUP($F53,'parm(hidden)'!$B$8:$C$10,2,FALSE)*VLOOKUP($H53,'parm(hidden)'!$B$15:$C$19,2,FALSE),0) -> 0 | T53: =IFERROR(VLOOKUP($F53,'parm(hidden)'!$B$8:$C$10,2,FALSE)*VLOOKUP($K53,$V$22:$W$27,2,FALSE),0) -> 2 | U53: =IF($J53="N/A",0,VLOOKUP($F53,'parm(hidden)'!$B$8:$C$10,2,FALSE))*1 -> 2
A54: =ChkList!A38 -> 기능 관리 | B54: =ChkList!B38 -> N-34 | C54: =ChkList!C38 -> ICMP unreachable, redirect 차단 | F54: =ChkList!D38 -> M | G54: =ChkList!E38 -> 2 | H54: N | I54: 지원 안함 | J54: Y | K54: =IF($J54="","",IF(OR($H54="Y",$H54="N/A",$H54="Y(즉시조치)"),$H54,IF(AND($H54="N",$J54="Y"),"조치",IF(AND($H54="N",$J54="N/A"),"N/A",IF(IFERROR(FIND("위험수용",$L54),0),"위험수용","미조치"))))) -> 조치 | L54: 설정 완료상태이므로 양호 identd 서비스 차단 | Q54: =IF($J54="",IF(OR($H54="N",$H54="인터뷰"),ChkList!$F38,""),IF(OR($J54="N",$J54="인터뷰"),ChkList!$F38,"")) | R54: =IF($H54="N/A",0,VLOOKUP($F54,'parm(hidden)'!$B$8:$C$10,2,FALSE))*1 -> 2 | S54: =IFERROR(VLOOKUP($F54,'parm(hidden)'!$B$8:$C$10,2,FALSE)*VLOOKUP($H54,'parm(hidden)'!$B$15:$C$19,2,FALSE),0) -> 0 | T54: =IFERROR(VLOOKUP($F54,'parm(hidden)'!$B$8:$C$10,2,FALSE)*VLOOKUP($K54,$V$22:$W$27,2,FALSE),0) -> 2 | U54: =IF($J54="N/A",0,VLOOKUP($F54,'parm(hidden)'!$B$8:$C$10,2,FALSE))*1 -> 2
A55: =ChkList!A39 -> 기능 관리 | B55: =ChkList!B39 -> N-35 | C55: =ChkList!C39 -> identd 서비스 차단 | F55: =ChkList!D39 -> M | G55: =ChkList!E39 -> 2 | H55: N | I55: 설정값이 없으므로 취약 no ip domain-lookup 설정 없음 | J55: Y | K55: =IF($J55="","",IF(OR($H55="Y",$H55="N/A",$H55="Y(즉시조치)"),$H55,IF(AND($H55="N",$J55="Y"),"조치",IF(AND($H55="N",$J55="N/A"),"N/A",IF(IFERROR(FIND("위험수용",$L55),0),"위험수용","미조치"))))) -> 조치 | L55: domain lookup 비활성화 되어있음 | Q55: =IF($J55="",IF(OR($H55="N",$H55="인터뷰"),ChkList!$F39,""),IF(OR($J55="N",$J55="인터뷰"),ChkList!$F39,"")) | R55: =IF($H55="N/A",0,VLOOKUP($F55,'parm(hidden)'!$B$8:$C$10,2,FALSE))*1 -> 2 | S55: =IFERROR(VLOOKUP($F55,'parm(hidden)'!$B$8:$C$10,2,FALSE)*VLOOKUP($H55,'parm(hidden)'!$B$15:$C$19,2,FALSE),0) -> 0 | T55: =IFERROR(VLOOKUP($F55,'parm(hidden)'!$B$8:$C$10,2,FALSE)*VLOOKUP($K55,$V$22:$W$27,2,FALSE),0) -> 2 | U55: =IF($J55="N/A",0,VLOOKUP($F55,'parm(hidden)'!$B$8:$C$10,2,FALSE))*1 -> 2
A56: =ChkList!A40 -> 기능 관리 | B56: =ChkList!B40 -> N-36 | C56: =ChkList!C40 -> Domain Lookup 차단 | F56: =ChkList!D40 -> M | G56: =ChkList!E40 -> 2 | H56: N | I56: 지원 안함 | J56: Y | K56: =IF($J56="","",IF(OR($H56="Y",$H56="N/A",$H56="Y(즉시조치)"),$H56,IF(AND($H56="N",$J56="Y"),"조치",IF(AND($H56="N",$J56="N/A"),"N/A",IF(IFERROR(FIND("위험수용",$L56),0),"위험수용","미조치"))))) -> 조치 | L56: 설정 완료상태이므로 양호 pad 서비스 차단 | Q56: =IF($J56="",IF(OR($H56="N",$H56="인터뷰"),ChkList!$F40,""),IF(OR($J56="N",$J56="인터뷰"),ChkList!$F40,"")) | R56: =IF($H56="N/A",0,VLOOKUP($F56,'parm(hidden)'!$B$8:$C$10,2,FALSE))*1 -> 2 | S56: =IFERROR(VLOOKUP($F56,'parm(hidden)'!$B$8:$C$10,2,FALSE)*VLOOKUP($H56,'parm(hidden)'!$B$15:$C$19,2,FALSE),0) -> 0 | T56: =IFERROR(VLOOKUP($F56,'parm(hidden)'!$B$8:$C$10,2,FALSE)*VLOOKUP($K56,$V$22:$W$27,2,FALSE),0) -> 2 | U56: =IF($J56="N/A",0,VLOOKUP($F56,'parm(hidden)'!$B$8:$C$10,2,FALSE))*1 -> 2
