Workbook
Name _10월_변동내역_메모_확인: #REF!
Name _10월_변동내역_메모_확인: #REF!
Name _10월_변동내역_메모_확인: #REF!
Name _Order1: 255
Name _Order2: 255
Name asd: #REF!
Name asd: #REF!
Name asd: #REF!
Name HTML_CodePage: 949
Name HTML_Control: {"'손익현황'!$A$1:$J$29"}
Name HTML_Description: ""
Name HTML_Email: ""
Name HTML_Header: "손익현황"
Name HTML_LastUpdate: "99-04-13"
Name HTML_LineAfter: FALSE
Name HTML_LineBefore: FALSE
Name HTML_Name: "윤찬영"
Name HTML_OBDlg2: TRUE
Name HTML_OBDlg4: TRUE
Name HTML_OS: 0
Name HTML_PathFile: "C:\d7100\MyHTML.htm"
Name HTML_Title: "결산요약보고3월"
Name MPLS: #REF!
Name MPLS: #REF!
Name MPLS: #REF!
Name MPLS2: #REF!
Name MPLS2: #REF!
Name MPLS2: #REF!
Name MPLSLine: #REF!
Name MPLSLine: #REF!
Name MPLSLine: #REF!
Name N_A: #REF!
Name N_A: #REF!
Name N_A: #REF!
Name O: #REF!
Name O: #REF!
Name O: #REF!
Name P: #REF!
Name P: #REF!
Name P: #REF!
Name PC: [1]목록!$T$7:$T$9
Name X: #REF!
Name X: #REF!
Name X: #REF!
Name 건물: {"'손익현황'!$A$1:$J$29"}
Name 건물임.: {"'손익현황'!$A$1:$J$29"}
Name 공: {"'손익현황'!$A$1:$J$29"}
Name 공구: {"'손익현황'!$A$1:$J$29"}
Name 공구기구: {"'손익현황'!$A$1:$J$29"}
Name 구: {"'손익현황'!$A$1:$J$29"}
Name 구축물: {"'손익현황'!$A$1:$J$29"}
Name 구축물임: {"'손익현황'!$A$1:$J$29"}
Name 기계장치: {"'손익현황'!$A$1:$J$29"}
Name 기술2팀: #REF!
Name 기술2팀: #REF!
Name 기술2팀: #REF!
Name 기준반영: #REF!
Name 기준반영: #REF!
Name 기준반영: #REF!
Name 네트워크: [1]목록!$R$7:$R$9

Sheet 표지
F11: 46219

Sheet 자산목록
A1: ■ 자산목록
A3: No. | B3: 호스트명 | C3: IP | D3: 제조업체 | E3: 구분 | F3: 모델명 | G3: OS/SW | H3: 버전 | I3: 자산명/용도 | J3: 설치위치 | K3: 부서 | L3: 담당자 | M3: 비고 | N3: 자산 평가
N4: 기밀성 | O4: 무결성 | P4: 가용성 | Q4: 등급 | R4: 점수(Hidden)
A5: 1 | B5: DB_HQ_Rocky | C5: 10.10.40.18 | D5: Oracle | E5: DB | F5: - | G5: MySQL Server | H5: 8.0.43 | I5: DB / 딩동독 서비스 MySQL | J5: 본사 내부 서버망 | K5: 개발팀 | L5: 이지훈 | M5: - | N5: 3 | O5: 3 | P5: 3 | Q5: =IF(R5>=7,"H",IF(R5>=5,"M","L")) -> H | R5: =SUM(N5:P5) -> 9
A6: 2 | B6: DB_BR_Rocky | C6: 10.200.40.18 | D6: MariaDB Corporation | E6: DB | F6: - | G6: MariaDB Server | H6: 10.3.39 | I6: DB / php 서비스 Maria | J6: 지사 내부 서버망 | K6: 개발팀 | L6: 김승우 | M6: - | N6: 3 | O6: 3 | P6: 3 | Q6: =IF(R6>=7,"H",IF(R6>=5,"M","L")) -> H | R6: =SUM(N6:P6) -> 9
A7: 1 | B7: BDB_HQ_Rocky | C7: 10.10.40.33 | D7: Oracle | E7: DB | F7: - | G7: MySQL Server | H7: 8.0.43 | I7: 지사 DB 데이터 백업 | J7: 본사 백업 서버망 | K7: 개발팀 | L7: 이지훈 | M7: - | N7: 3 | O7: 3 | P7: 3 | Q7: =IF(R7>=7,"H",IF(R7>=5,"M","L")) -> H | R7: =SUM(N7:P7) -> 9
A8: 2 | B8: BDB_BR_Rocky | C8: 10.200.40.33 | D8: MariaDB Corporation | E8: DB | F8: - | G8: MariaDB Server | H8: 10.3.39 | I8: 본사 DB 데이터 백업 | J8: 지사 백업 서버망 | K8: 개발팀 | L8: 김승우 | M8: - | N8: 3 | O8: 3 | P8: 3 | Q8: =IF(R8>=7,"H",IF(R8>=5,"M","L")) -> H | R8: =SUM(N8:P8) -> 9

Sheet parm(hidden)
B2: 1. 분류 Code
B3: Code
B4: NW
B6: 2. 중요도, 자산등급, 위협도 점수
B7: 중요도 | C7: 점수
B8: H | C8: 3
B9: M | C9: 2
B10: L | C10: 1
B12: 3. 점검결과 점수
B13: 점검 결과 | C13: 점수
C14: 취약점 진단 | D14: 위험평가
B15: Y | C15: 1 | D15: 0
B16: N | C16: 0 | D16: 3 | F16: P | G16: 0.5 | H16: 0.5
B17: N/A | C17: 0 | D17: 0
B18: R/A | C18: 0 | D18: 0
B19: Y(즉시조치) | C19: 1 | D19: 0
B21: 4. DoA
B22: DoA
B23: 21
B25: 5. 자산등급 점수 범위 | F25: 8_2. 위험평가 방법론
B26: 위험 등급 | C26: 점수 범위
C27: 최저 | D27: 최고
B28: H | C28: 7 | D28: 9
B29: M | C29: 5 | D29: 6
B30: L | C30: 3 | D30: 4
B32: 6. 위협도 점수 범위
B33: 위험 등급 | C33: 점수 범위
C34: 최저 | D34: 최고
B35: H | C35: 5 | D35: 6
B36: M | C36: 4 | D36: 4
B37: L | C37: 2 | D37: 3
B39: 7. 위험도 점수 범위
B40: 위험 등급 | C40: 점수 범위
C41: 최저 | D41: 최고
B42: H | C42: =$B$23 -> 21 | D42: 30
B43: M | C43: 11 | D43: =$C$42-1 -> 20
B44: L | C44: 1 | D44: =$C$43-1 -> 10
B46: 8. 위험도 평가표
B47: 8_1. 위험도 평가표
B48: V' | C48: 보호대책 | D48: Y=0(보호대책 있음) | M48: N=1(보호대책 없음)
C49: 취약점(Vulnerability) | D49: L | G49: M | J49: H | M49: L | P49: M | S49: H
B50: 위협(Threats) | D50: L | E50: M | F50: H | G50: L | H50: M | I50: H | J50: L | K50: M | L50: H | M50: L | N50: M | O50: H | P50: L | Q50: M | R50: H | S50: L | T50: M | U50: H
B51: 자산 | C51: L | D51: =VLOOKUP($C51,$B$8:$C$10,2,FALSE)*(1+VLOOKUP($D$49,$B$8:$C$10,2,FALSE)*0*VLOOKUP(D$50,$B$8:$C$10,2,FALSE)) -> 1 | E51: =VLOOKUP($C51,$B$8:$C$10,2,FALSE)*(1+VLOOKUP($D$49,$B$8:$C$10,2,FALSE)*0*VLOOKUP(E$50,$B$8:$C$10,2,FALSE)) -> 1 | F51: =VLOOKUP($C51,$B$8:$C$10,2,FALSE)*(1+VLOOKUP($D$49,$B$8:$C$10,2,FALSE)*0*VLOOKUP(F$50,$B$8:$C$10,2,FALSE)) -> 1 | G51: =VLOOKUP($C51,$B$8:$C$10,2,FALSE)*(1+VLOOKUP($G$49,$B$8:$C$10,2,FALSE)*0*VLOOKUP(G$50,$B$8:$C$10,2,FALSE)) -> 1 | H51: =VLOOKUP($C51,$B$8:$C$10,2,FALSE)*(1+VLOOKUP($G$49,$B$8:$C$10,2,FALSE)*0*VLOOKUP(H$50,$B$8:$C$10,2,FALSE)) -> 1 | I51: =VLOOKUP($C51,$B$8:$C$10,2,FALSE)*(1+VLOOKUP($G$49,$B$8:$C$10,2,FALSE)*0*VLOOKUP(I$50,$B$8:$C$10,2,FALSE)) -> 1 | J51: =VLOOKUP($C51,$B$8:$C$10,2,FALSE)*(1+VLOOKUP($J$49,$B$8:$C$10,2,FALSE)*0*VLOOKUP(J$50,$B$8:$C$10,2,FALSE)) -> 1 | K51: =VLOOKUP($C51,$B$8:$C$10,2,FALSE)*(1+VLOOKUP($J$49,$B$8:$C$10,2,FALSE)*0*VLOOKUP(K$50,$B$8:$C$10,2,FALSE)) -> 1 | L51: =VLOOKUP($C51,$B$8:$C$10,2,FALSE)*(1+VLOOKUP($J$49,$B$8:$C$10,2,FALSE)*0*VLOOKUP(L$50,$B$8:$C$10,2,FALSE)) -> 1 | M51: =VLOOKUP($C51,$B$8:$C$10,2,FALSE)*(1+VLOOKUP($M$49,$B$8:$C$10,2,FALSE)*1*VLOOKUP(M$50,$B$8:$C$10,2,FALSE)) -> 2 | N51: =VLOOKUP($C51,$B$8:$C$10,2,FALSE)*(1+VLOOKUP($M$49,$B$8:$C$10,2,FALSE)*1*VLOOKUP(N$50,$B$8:$C$10,2,FALSE)) -> 3 | O51: =VLOOKUP($C51,$B$8:$C$10,2,FALSE)*(1+VLOOKUP($M$49,$B$8:$C$10,2,FALSE)*1*VLOOKUP(O$50,$B$8:$C$10,2,FALSE)) -> 4 | P51: =VLOOKUP($C51,$B$8:$C$10,2,FALSE)*(1+VLOOKUP($P$49,$B$8:$C$10,2,FALSE)*1*VLOOKUP(P$50,$B$8:$C$10,2,FALSE)) -> 3 | Q51: =VLOOKUP($C51,$B$8:$C$10,2,FALSE)*(1+VLOOKUP($P$49,$B$8:$C$10,2,FALSE)*1*VLOOKUP(Q$50,$B$8:$C$10,2,FALSE)) -> 5 | R51: =VLOOKUP($C51,$B$8:$C$10,2,FALSE)*(1+VLOOKUP($P$49,$B$8:$C$10,2,FALSE)*1*VLOOKUP(R$50,$B$8:$C$10,2,FALSE)) -> 7 | S51: =VLOOKUP($C51,$B$8:$C$10,2,FALSE)*(1+VLOOKUP($S$49,$B$8:$C$10,2,FALSE)*1*VLOOKUP(S$50,$B$8:$C$10,2,FALSE)) -> 4 | T51: =VLOOKUP($C51,$B$8:$C$10,2,FALSE)*(1+VLOOKUP($S$49,$B$8:$C$10,2,FALSE)*1*VLOOKUP(T$50,$B$8:$C$10,2,FALSE)) -> 7 | U51: =VLOOKUP($C51,$B$8:$C$10,2,FALSE)*(1+VLOOKUP($S$49,$B$8:$C$10,2,FALSE)*1*VLOOKUP(U$50,$B$8:$C$10,2,FALSE)) -> 10
C52: M | D52: =VLOOKUP($C52,$B$8:$C$10,2,FALSE)*(1+VLOOKUP($D$49,$B$8:$C$10,2,FALSE)*0*VLOOKUP(D$50,$B$8:$C$10,2,FALSE)) -> 2 | E52: =VLOOKUP($C52,$B$8:$C$10,2,FALSE)*(1+VLOOKUP($D$49,$B$8:$C$10,2,FALSE)*0*VLOOKUP(E$50,$B$8:$C$10,2,FALSE)) -> 2 | F52: =VLOOKUP($C52,$B$8:$C$10,2,FALSE)*(1+VLOOKUP($D$49,$B$8:$C$10,2,FALSE)*0*VLOOKUP(F$50,$B$8:$C$10,2,FALSE)) -> 2 | G52: =VLOOKUP($C52,$B$8:$C$10,2,FALSE)*(1+VLOOKUP($G$49,$B$8:$C$10,2,FALSE)*0*VLOOKUP(G$50,$B$8:$C$10,2,FALSE)) -> 2 | H52: =VLOOKUP($C52,$B$8:$C$10,2,FALSE)*(1+VLOOKUP($G$49,$B$8:$C$10,2,FALSE)*0*VLOOKUP(H$50,$B$8:$C$10,2,FALSE)) -> 2 | I52: =VLOOKUP($C52,$B$8:$C$10,2,FALSE)*(1+VLOOKUP($G$49,$B$8:$C$10,2,FALSE)*0*VLOOKUP(I$50,$B$8:$C$10,2,FALSE)) -> 2 | J52: =VLOOKUP($C52,$B$8:$C$10,2,FALSE)*(1+VLOOKUP($J$49,$B$8:$C$10,2,FALSE)*0*VLOOKUP(J$50,$B$8:$C$10,2,FALSE)) -> 2 | K52: =VLOOKUP($C52,$B$8:$C$10,2,FALSE)*(1+VLOOKUP($J$49,$B$8:$C$10,2,FALSE)*0*VLOOKUP(K$50,$B$8:$C$10,2,FALSE)) -> 2 | L52: =VLOOKUP($C52,$B$8:$C$10,2,FALSE)*(1+VLOOKUP($J$49,$B$8:$C$10,2,FALSE)*0*VLOOKUP(L$50,$B$8:$C$10,2,FALSE)) -> 2 | M52: =VLOOKUP($C52,$B$8:$C$10,2,FALSE)*(1+VLOOKUP($M$49,$B$8:$C$10,2,FALSE)*1*VLOOKUP(M$50,$B$8:$C$10,2,FALSE)) -> 4 | N52: =VLOOKUP($C52,$B$8:$C$10,2,FALSE)*(1+VLOOKUP($M$49,$B$8:$C$10,2,FALSE)*1*VLOOKUP(N$50,$B$8:$C$10,2,FALSE)) -> 6 | O52: =VLOOKUP($C52,$B$8:$C$10,2,FALSE)*(1+VLOOKUP($M$49,$B$8:$C$10,2,FALSE)*1*VLOOKUP(O$50,$B$8:$C$10,2,FALSE)) -> 8 | P52: =VLOOKUP($C52,$B$8:$C$10,2,FALSE)*(1+VLOOKUP($P$49,$B$8:$C$10,2,FALSE)*1*VLOOKUP(P$50,$B$8:$C$10,2,FALSE)) -> 6 | Q52: =VLOOKUP($C52,$B$8:$C$10,2,FALSE)*(1+VLOOKUP($P$49,$B$8:$C$10,2,FALSE)*1*VLOOKUP(Q$50,$B$8:$C$10,2,FALSE)) -> 10 | R52: =VLOOKUP($C52,$B$8:$C$10,2,FALSE)*(1+VLOOKUP($P$49,$B$8:$C$10,2,FALSE)*1*VLOOKUP(R$50,$B$8:$C$10,2,FALSE)) -> 14 | S52: =VLOOKUP($C52,$B$8:$C$10,2,FALSE)*(1+VLOOKUP($S$49,$B$8:$C$10,2,FALSE)*1*VLOOKUP(S$50,$B$8:$C$10,2,FALSE)) -> 8 | T52: =VLOOKUP($C52,$B$8:$C$10,2,FALSE)*(1+VLOOKUP($S$49,$B$8:$C$10,2,FALSE)*1*VLOOKUP(T$50,$B$8:$C$10,2,FALSE)) -> 14 | U52: =VLOOKUP($C52,$B$8:$C$10,2,FALSE)*(1+VLOOKUP($S$49,$B$8:$C$10,2,FALSE)*1*VLOOKUP(U$50,$B$8:$C$10,2,FALSE)) -> 20
C53: H | D53: =VLOOKUP($C53,$B$8:$C$10,2,FALSE)*(1+VLOOKUP($D$49,$B$8:$C$10,2,FALSE)*0*VLOOKUP(D$50,$B$8:$C$10,2,FALSE)) -> 3 | E53: =VLOOKUP($C53,$B$8:$C$10,2,FALSE)*(1+VLOOKUP($D$49,$B$8:$C$10,2,FALSE)*0*VLOOKUP(E$50,$B$8:$C$10,2,FALSE)) -> 3 | F53: =VLOOKUP($C53,$B$8:$C$10,2,FALSE)*(1+VLOOKUP($D$49,$B$8:$C$10,2,FALSE)*0*VLOOKUP(F$50,$B$8:$C$10,2,FALSE)) -> 3 | G53: =VLOOKUP($C53,$B$8:$C$10,2,FALSE)*(1+VLOOKUP($G$49,$B$8:$C$10,2,FALSE)*0*VLOOKUP(G$50,$B$8:$C$10,2,FALSE)) -> 3 | H53: =VLOOKUP($C53,$B$8:$C$10,2,FALSE)*(1+VLOOKUP($G$49,$B$8:$C$10,2,FALSE)*0*VLOOKUP(H$50,$B$8:$C$10,2,FALSE)) -> 3 | I53: =VLOOKUP($C53,$B$8:$C$10,2,FALSE)*(1+VLOOKUP($G$49,$B$8:$C$10,2,FALSE)*0*VLOOKUP(I$50,$B$8:$C$10,2,FALSE)) -> 3 | J53: =VLOOKUP($C53,$B$8:$C$10,2,FALSE)*(1+VLOOKUP($J$49,$B$8:$C$10,2,FALSE)*0*VLOOKUP(J$50,$B$8:$C$10,2,FALSE)) -> 3 | K53: =VLOOKUP($C53,$B$8:$C$10,2,FALSE)*(1+VLOOKUP($J$49,$B$8:$C$10,2,FALSE)*0*VLOOKUP(K$50,$B$8:$C$10,2,FALSE)) -> 3 | L53: =VLOOKUP($C53,$B$8:$C$10,2,FALSE)*(1+VLOOKUP($J$49,$B$8:$C$10,2,FALSE)*0*VLOOKUP(L$50,$B$8:$C$10,2,FALSE)) -> 3 | M53: =VLOOKUP($C53,$B$8:$C$10,2,FALSE)*(1+VLOOKUP($M$49,$B$8:$C$10,2,FALSE)*1*VLOOKUP(M$50,$B$8:$C$10,2,FALSE)) -> 6 | N53: =VLOOKUP($C53,$B$8:$C$10,2,FALSE)*(1+VLOOKUP($M$49,$B$8:$C$10,2,FALSE)*1*VLOOKUP(N$50,$B$8:$C$10,2,FALSE)) -> 9 | O53: =VLOOKUP($C53,$B$8:$C$10,2,FALSE)*(1+VLOOKUP($M$49,$B$8:$C$10,2,FALSE)*1*VLOOKUP(O$50,$B$8:$C$10,2,FALSE)) -> 12 | P53: =VLOOKUP($C53,$B$8:$C$10,2,FALSE)*(1+VLOOKUP($P$49,$B$8:$C$10,2,FALSE)*1*VLOOKUP(P$50,$B$8:$C$10,2,FALSE)) -> 9 | Q53: =VLOOKUP($C53,$B$8:$C$10,2,FALSE)*(1+VLOOKUP($P$49,$B$8:$C$10,2,FALSE)*1*VLOOKUP(Q$50,$B$8:$C$10,2,FALSE)) -> 15 | R53: =VLOOKUP($C53,$B$8:$C$10,2,FALSE)*(1+VLOOKUP($P$49,$B$8:$C$10,2,FALSE)*1*VLOOKUP(R$50,$B$8:$C$10,2,FALSE)) -> 21 | S53: =VLOOKUP($C53,$B$8:$C$10,2,FALSE)*(1+VLOOKUP($S$49,$B$8:$C$10,2,FALSE)*1*VLOOKUP(S$50,$B$8:$C$10,2,FALSE)) -> 12 | T53: =VLOOKUP($C53,$B$8:$C$10,2,FALSE)*(1+VLOOKUP($S$49,$B$8:$C$10,2,FALSE)*1*VLOOKUP(T$50,$B$8:$C$10,2,FALSE)) -> 21 | U53: =VLOOKUP($C53,$B$8:$C$10,2,FALSE)*(1+VLOOKUP($S$49,$B$8:$C$10,2,FALSE)*1*VLOOKUP(U$50,$B$8:$C$10,2,FALSE)) -> 30

Sheet ChkList
A1: ■ Check List
A3: 취약점 진단항목 | F3: 개선방안 및 보호대책
A4: 분류 | C4: 진단항목 | D4: 중요도 | E4: 위험도 | F4: DBMS
A5: 계정 관리 | B5: D-01 | C5: 기본 계정의 비밀번호, 정책 등을 변경하여 사용 | D5: H | E5: 3 | F5: 기본(관리자) 계정의 초기 비밀번호 및 권한 정책 변경
A6: 계정 관리 | B6: D-02 | C6: 데이터베이스의 불필요 계정을 제거하거나, 잠금설정 후 사용 | D6: H | E6: 3 | F6: 계정별 용도를 파악한 후 불필요한 계정 삭제
A7: 계정 관리 | B7: D-03 | C7: 비밀번호 사용 기간 및 복잡도를 기관의 정책에 맞도록 설정 | D7: H | E7: 3 | F7: 기관 정책에 맞게 비밀번호 사용 기간 및 복잡도 정책 설정
A8: 계정 관리 | B8: D-04 | C8: 데이터베이스 관리자 권한을 꼭 필요한 계정 및 그룹에 대해서만 허용 | D8: H | E8: 3 | F8: 관리자 권한이 필요한 계정 및 그룹에만 관리자 권한 부여
A9: 계정 관리 | B9: D-05 | C9: 비밀번호 재사용에 대한 제약 설정 | D9: M | E9: 2 | F9: 비밀번호 재사용 제한 정책을 설정하여 동일 비밀번호의 반복 사용 제한
A10: 계정 관리 | B10: D-06 | C10: DB 사용자 계정을 개별적으로 부여하여 사용 | D10: M | E10: 2 | F10: DB 사용자 계정을 공동 사용하지 않고 사용자별로 개별 부여
A11: 계정 관리 | B11: D-07 | C11: root 권한으로 서비스 구동 제한 | D11: M | E11: 2 | F11: DBMS 서비스를 root 권한이 아닌 별도 서비스 계정으로 구동
A12: 계정 관리 | B12: D-08 | C12: 안전한 암호화 알고리즘 사용 | D12: H | E12: 3 | F12: 안전한 암호화 알고리즘을 사용하도록 설정
A13: 계정 관리 | B13: D-09 | C13: 일정 횟수의 로그인 실패 시 이에 대한 잠금정책 설정 | D13: M | E13: 2 | F13: 일정 횟수 이상 로그인 실패 시 계정 잠금 정책 설정
A14: 접근 관리 | B14: D-10 | C14: 원격에서 DB 서버로의 접속 제한 | D14: H | E14: 3 | F14: 원격에서 DB 서버로의 접속을 허용된 IP 또는 사용자로 제한
A15: 접근 관리 | B15: D-11 | C15: DBA 이외의 인가되지 않은 사용자가 시스템 테이블에 접근할 수 없도록 설정 | D15: H | E15: 3 | F15: DBA 이외의 인가되지 않은 사용자의 시스템 테이블 접근 권한 제한
A16: 접근 관리 | B16: D-12 | C16: 안전한 리스너 비밀번호 설정 및 사용 | D16: H | E16: 3 | F16: 리스너에 안전한 비밀번호를 설정하고 권한 없는 접근 제한
... A30: 패치 관리 | B30: D-26 | C30: 데이터베이스의 접근, 변경, 삭제 등의 감사 기록이 기관의 감사 기록 정책에 적합하도록 설정 | D30: H | E30: 3 | F30: DBMS에 대한 감사 로그 저장 정책 수립, 적용

Sheet 취약점 진단 통계
A1: ■ 영역별/장비별 보안수준 통계
A3: 1) 영역별 보안수준
A4: 분류 | E4: 진단 결과 | J4: 중요도점수
E5: 전체항목 | F5: 진단항목 | G5: 양호 | H5: 취약 | I5: 해당없음 | J5: 전체점수 | K5: 평가점수 | L5: 보안수준
A6: 계정 관리 | E6: =SUMIF('취약점 진단 항목별 통계'!$A:$A,$A6&"*",'취약점 진단 항목별 통계'!$F:$F) -> 36 | F6: =E6-I6 -> 28 | G6: =SUMIF('취약점 진단 항목별 통계'!$A:$A,$A6&"*",'취약점 진단 항목별 통계'!$G:$G)+SUMIF('취약점 진단 항목별 통계'!$A:$A,$A6&"*",'취약점 진단 항목별 통계'!$H:$H) -> 19 | H6: =SUMIF('취약점 진단 항목별 통계'!$A:$A,$A6&"*",'취약점 진단 항목별 통계'!$I:$I) -> 4 | I6: =SUMIF('취약점 진단 항목별 통계'!$A:$A,$A6&"*",'취약점 진단 항목별 통계'!$J:$J) -> 8 | J6: =SUMIF('취약점 진단 항목별 통계'!$A:$A,$A6&"*",'취약점 진단 항목별 통계'!$K:$K) -> 76 | K6: =SUMIF('취약점 진단 항목별 통계'!$A:$A,$A6&"*",'취약점 진단 항목별 통계'!$L:$L) -> 53 | L6: =IF($I6=$E6, "N/A", (K6/J6)) -> 0.69736842
A7: 접근 관리 | E7: =SUMIF('취약점 진단 항목별 통계'!$A:$A,$A7&"*",'취약점 진단 항목별 통계'!$F:$F) -> 28 | F7: =E7-I7 -> 10 | G7: =SUMIF('취약점 진단 항목별 통계'!$A:$A,$A7&"*",'취약점 진단 항목별 통계'!$G:$G)+SUMIF('취약점 진단 항목별 통계'!$A:$A,$A7&"*",'취약점 진단 항목별 통계'!$H:$H) -> 10 | H7: =SUMIF('취약점 진단 항목별 통계'!$A:$A,$A7&"*",'취약점 진단 항목별 통계'!$I:$I) -> 0 | I7: =SUMIF('취약점 진단 항목별 통계'!$A:$A,$A7&"*",'취약점 진단 항목별 통계'!$J:$J) -> 18 | J7: =SUMIF('취약점 진단 항목별 통계'!$A:$A,$A7&"*",'취약점 진단 항목별 통계'!$K:$K) -> 26 | K7: =SUMIF('취약점 진단 항목별 통계'!$A:$A,$A7&"*",'취약점 진단 항목별 통계'!$L:$L) -> 26 | L7: =IF($I7=$E7, "N/A", (K7/J7)) -> 1
A8: 옵션 관리 | E8: =SUMIF('취약점 진단 항목별 통계'!$A:$A,$A8&"*",'취약점 진단 항목별 통계'!$F:$F) -> 32 | F8: =E8-I8 -> 6 | G8: =SUMIF('취약점 진단 항목별 통계'!$A:$A,$A8&"*",'취약점 진단 항목별 통계'!$G:$G)+SUMIF('취약점 진단 항목별 통계'!$A:$A,$A8&"*",'취약점 진단 항목별 통계'!$H:$H) -> 3 | H8: =SUMIF('취약점 진단 항목별 통계'!$A:$A,$A8&"*",'취약점 진단 항목별 통계'!$I:$I) -> 0 | I8: =SUMIF('취약점 진단 항목별 통계'!$A:$A,$A8&"*",'취약점 진단 항목별 통계'!$J:$J) -> 26 | J8: =SUMIF('취약점 진단 항목별 통계'!$A:$A,$A8&"*",'취약점 진단 항목별 통계'!$K:$K) -> 16 | K8: =SUMIF('취약점 진단 항목별 통계'!$A:$A,$A8&"*",'취약점 진단 항목별 통계'!$L:$L) -> 9 | L8: =IF($I8=$E8, "N/A", (K8/J8)) -> 0.5625
A9: 패치 관리 | E9: =SUMIF('취약점 진단 항목별 통계'!$A:$A,$A9&"*",'취약점 진단 항목별 통계'!$F:$F) -> 8 | F9: =E9-I9 -> 6 | G9: =SUMIF('취약점 진단 항목별 통계'!$A:$A,$A9&"*",'취약점 진단 항목별 통계'!$G:$G)+SUMIF('취약점 진단 항목별 통계'!$A:$A,$A9&"*",'취약점 진단 항목별 통계'!$H:$H) -> 2 | H9: =SUMIF('취약점 진단 항목별 통계'!$A:$A,$A9&"*",'취약점 진단 항목별 통계'!$I:$I) -> 0 | I9: =SUMIF('취약점 진단 항목별 통계'!$A:$A,$A9&"*",'취약점 진단 항목별 통계'!$J:$J) -> 2 | J9: =SUMIF('취약점 진단 항목별 통계'!$A:$A,$A9&"*",'취약점 진단 항목별 통계'!$K:$K) -> 18 | K9: =SUMIF('취약점 진단 항목별 통계'!$A:$A,$A9&"*",'취약점 진단 항목별 통계'!$L:$L) -> 6 | L9: =IF($I9=$E9, "N/A", (K9/J9)) -> 0.33333333
A10: 로그 관리 | E10: =SUMIF('취약점 진단 항목별 통계'!$A:$A,$A10&"*",'취약점 진단 항목별 통계'!$F:$F) -> 0 | F10: =E10-I10 -> 0 | G10: =SUMIF('취약점 진단 항목별 통계'!$A:$A,$A10&"*",'취약점 진단 항목별 통계'!$G:$G)+SUMIF('취약점 진단 항목별 통계'!$A:$A,$A10&"*",'취약점 진단 항목별 통계'!$H:$H) -> 0 | H10: =SUMIF('취약점 진단 항목별 통계'!$A:$A,$A10&"*",'취약점 진단 항목별 통계'!$I:$I) -> 0 | I10: =SUMIF('취약점 진단 항목별 통계'!$A:$A,$A10&"*",'취약점 진단 항목별 통계'!$J:$J) -> 0 | J10: =SUMIF('취약점 진단 항목별 통계'!$A:$A,$A10&"*",'취약점 진단 항목별 통계'!$K:$K) -> 0 | K10: =SUMIF('취약점 진단 항목별 통계'!$A:$A,$A10&"*",'취약점 진단 항목별 통계'!$L:$L) -> 0 | L10: =IF($I10=$E10, "N/A", (K10/J10)) -> N/A
A11: 계 | E11: =SUM(E6:E10) -> 104 | F11: =SUM(F6:F10) -> 50 | G11: =SUM(G6:G10) -> 34 | H11: =SUM(H6:H10) -> 4 | I11: =SUM(I6:I10) -> 54 | J11: =SUM(J6:J10) -> 136 | K11: =SUM(K6:K10) -> 94 | L11: =IFERROR(K11/J11, 0) -> 0.69117647
A39: 2) 장비별 보안수준
A40: 장비 구분 | E40: 진단 결과 | J40: 중요도점수
E41: 전체항목 | F41: 진단항목 | G41: 양호 | H41: 취약 | I41: 해당없음 | J41: 전체점수 | K41: 평가점수 | L41: 보안수준
A42: =HYPERLINK("[" & MID(CELL("filename"),SEARCH("[",CELL("filename"))+1, SEARCH("]",CELL("filename"))-SEARCH("[",CELL("filename"))-1) & "]" & INDIRECT(ADDRESS(ROW()-37,2,1,TRUE,"자산목록")) & "!A1",INDIRECT(ADDRESS(ROW()-37,2,1,TRUE,"자산목록"))) -> DB_HQ_Rocky | C42: =IFERROR(VLOOKUP($A42,자산목록!$B$1:$M$832,6,FALSE),"-") -> MySQL Server | E42: =IFERROR(INDIRECT(ADDRESS(17, 4, 1,TRUE,$A42)),0) -> 26 | F42: =E42-I42 -> 11 | G42: =IFERROR(INDIRECT(ADDRESS(17, 5, 1,TRUE,$A42)),0) -> 7 | H42: =IFERROR(INDIRECT(ADDRESS(17, 6, 1,TRUE,$A42)),0) -> 2 | I42: =IFERROR(INDIRECT(ADDRESS(17, 7, 1,TRUE,$A42)),0) -> 15 | J42: =IFERROR(INDIRECT(ADDRESS(17, 18, 1,TRUE,$A42)),0) -> 27 | K42: =IFERROR(INDIRECT(ADDRESS(17, 19, 1,TRUE,$A42)),0) -> 17 | L42: =IFERROR(INDIRECT(ADDRESS(17,8, 1,TRUE,$A42)),0) -> 0.62962963
A43: =HYPERLINK("[" & MID(CELL("filename"),SEARCH("[",CELL("filename"))+1, SEARCH("]",CELL("filename"))-SEARCH("[",CELL("filename"))-1) & "]" & INDIRECT(ADDRESS(ROW()-37,2,1,TRUE,"자산목록")) & "!A1",INDIRECT(ADDRESS(ROW()-37,2,1,TRUE,"자산목록"))) -> DB_BR_Rocky | C43: =IFERROR(VLOOKUP($A43,자산목록!$B$1:$M$832,6,FALSE),"-") -> MariaDB Server | E43: =IFERROR(INDIRECT(ADDRESS(17, 4, 1,TRUE,$A43)),0) -> 26 | F43: =E43-I43 -> 11 | G43: =IFERROR(INDIRECT(ADDRESS(17, 5, 1,TRUE,$A43)),0) -> 7 | H43: =IFERROR(INDIRECT(ADDRESS(17, 6, 1,TRUE,$A43)),0) -> 2 | I43: =IFERROR(INDIRECT(ADDRESS(17, 7, 1,TRUE,$A43)),0) -> 15 | J43: =IFERROR(INDIRECT(ADDRESS(17, 18, 1,TRUE,$A43)),0) -> 27 | K43: =IFERROR(INDIRECT(ADDRESS(17, 19, 1,TRUE,$A43)),0) -> 17 | L43: =IFERROR(INDIRECT(ADDRESS(17,8, 1,TRUE,$A43)),0) -> 0.62962963
A44: =HYPERLINK("[" & MID(CELL("filename"),SEARCH("[",CELL("filename"))+1, SEARCH("]",CELL("filename"))-SEARCH("[",CELL("filename"))-1) & "]" & INDIRECT(ADDRESS(ROW()-37,2,1,TRUE,"자산목록")) & "!A1",INDIRECT(ADDRESS(ROW()-37,2,1,TRUE,"자산목록"))) -> BDB_HQ_Rocky | C44: =IFERROR(VLOOKUP($A44,자산목록!$B$1:$M$832,6,FALSE),"-") -> MySQL Server | E44: =IFERROR(INDIRECT(ADDRESS(17, 4, 1,TRUE,$A44)),0) -> 26 | F44: =E44-I44 -> 14 | G44: =IFERROR(INDIRECT(ADDRESS(17, 5, 1,TRUE,$A44)),0) -> 9 | H44: =IFERROR(INDIRECT(ADDRESS(17, 6, 1,TRUE,$A44)),0) -> 0 | I44: =IFERROR(INDIRECT(ADDRESS(17, 7, 1,TRUE,$A44)),0) -> 12 | J44: =IFERROR(INDIRECT(ADDRESS(17, 18, 1,TRUE,$A44)),0) -> 32 | K44: =IFERROR(INDIRECT(ADDRESS(17, 19, 1,TRUE,$A44)),0) -> 24 | L44: =IFERROR(INDIRECT(ADDRESS(17,8, 1,TRUE,$A44)),0) -> 0.75
A45: =HYPERLINK("[" & MID(CELL("filename"),SEARCH("[",CELL("filename"))+1, SEARCH("]",CELL("filename"))-SEARCH("[",CELL("filename"))-1) & "]" & INDIRECT(ADDRESS(ROW()-37,2,1,TRUE,"자산목록")) & "!A1",INDIRECT(ADDRESS(ROW()-37,2,1,TRUE,"자산목록"))) -> BDB_BR_Rocky | C45: =IFERROR(VLOOKUP($A45,자산목록!$B$1:$M$832,6,FALSE),"-") -> MariaDB Server | E45: =IFERROR(INDIRECT(ADDRESS(17, 4, 1,TRUE,$A45)),0) -> 26 | F45: =E45-I45 -> 14 | G45: =IFERROR(INDIRECT(ADDRESS(17, 5, 1,TRUE,$A45)),0) -> 11 | H45: =IFERROR(INDIRECT(ADDRESS(17, 6, 1,TRUE,$A45)),0) -> 0 | I45: =IFERROR(INDIRECT(ADDRESS(17, 7, 1,TRUE,$A45)),0) -> 12 | J45: =IFERROR(INDIRECT(ADDRESS(17, 18, 1,TRUE,$A45)),0) -> 32 | K45: =IFERROR(INDIRECT(ADDRESS(17, 19, 1,TRUE,$A45)),0) -> 27 | L45: =IFERROR(INDIRECT(ADDRESS(17,8, 1,TRUE,$A45)),0) -> 0.84375
A46: 계 | E46: =SUM(E42:E42) -> 26 | F46: =SUM(F42:F42) -> 11 | G46: =SUM(G42:G42) -> 7 | H46: =SUM(H42:H42) -> 2 | I46: =SUM(I42:I42) -> 15 | J46: =SUM(J42:J42) -> 27 | K46: =SUM(K42:K42) -> 17 | L46: =IFERROR(K46/J46, 0) -> 0.62962963

Sheet 취약점 진단 항목별 통계
A1: ■ 취약점 진단 항목별 통계
A3: =ChkList!A4 -> 분류 | C3: =ChkList!C4 -> 진단항목 | D3: =ChkList!D4 -> 중요도 | F3: 진단 통계 | K3: 중요도 점수 | M3: 진단결과 | N3: 진단결과 | O3: 진단결과 | P3: 진단결과
F4: 전체 | G4: 양호 | H4: 즉시조치 | I4: 취약 | J4: N/A | K4: 전체 | L4: 평가 | M4: =HYPERLINK("[" & MID(CELL("filename"),SEARCH("[",CELL("filename"))+1, SEARCH("]",CELL("filename"))-SEARCH("[",CELL("filename"))-1) & "]" & INDIRECT(ADDRESS(COLUMN()-8,2,1,TRUE,"자산목록")) & "!A1",INDIRECT(ADDRESS(COLUMN()-8,2,1,TRUE,"자산목록"))) -> DB_HQ_Rocky | N4: =HYPERLINK("[" & MID(CELL("filename"),SEARCH("[",CELL("filename"))+1, SEARCH("]",CELL("filename"))-SEARCH("[",CELL("filename"))-1) & "]" & INDIRECT(ADDRESS(COLUMN()-8,2,1,TRUE,"자산목록")) & "!A1",INDIRECT(ADDRESS(COLUMN()-8,2,1,TRUE,"자산목록"))) -> DB_BR_Rocky | O4: =HYPERLINK("[" & MID(CELL("filename"),SEARCH("[",CELL("filename"))+1, SEARCH("]",CELL("filename"))-SEARCH("[",CELL("filename"))-1) & "]" & INDIRECT(ADDRESS(COLUMN()-8,2,1,TRUE,"자산목록")) & "!A1",INDIRECT(ADDRESS(COLUMN()-8,2,1,TRUE,"자산목록"))) -> BDB_HQ_Rocky | P4: =HYPERLINK("[" & MID(CELL("filename"),SEARCH("[",CELL("filename"))+1, SEARCH("]",CELL("filename"))-SEARCH("[",CELL("filename"))-1) & "]" & INDIRECT(ADDRESS(COLUMN()-8,2,1,TRUE,"자산목록")) & "!A1",INDIRECT(ADDRESS(COLUMN()-8,2,1,TRUE,"자산목록"))) -> BDB_BR_Rocky
A5: =ChkList!A5 -> 계정 관리 | B5: =ChkList!$B5 -> D-01 | C5: =ChkList!$C5 -> 기본 계정의 비밀번호, 정책 등을 변경하여 사용 | D5: =ChkList!$D5 -> H | E5: =IF(TRIM(D5)="H", "3", IF(TRIM(D5)="M", "2", IF(TRIM(D5)="L", "1", ""))) -> 3 | F5: =COUNTA($M5:INDIRECT(ADDRESS(ROW(),MATCH("",$4:$4,-1),1,1))) -> 4 | G5: =COUNTIF($M5:INDIRECT(ADDRESS(ROW(),MATCH("",$4:$4,-1),1,1)),"조치완료(Y)")+COUNTIF($M5:INDIRECT(ADDRESS(ROW(),MATCH("",$4:$4,-1),1,1)),"Y") -> 4 | H5: =COUNTIF($M5:INDIRECT(ADDRESS(ROW(),MATCH("",$4:$4,-1),1,1)),"Y(즉시조치)")+COUNTIF($M5:INDIRECT(ADDRESS(ROW(),MATCH("",$4:$4,-1),1,1)),"조치완료(즉시조치)") -> 0 | I5: =COUNTIF($M5:INDIRECT(ADDRESS(ROW(),MATCH("",$4:$4,-1),1,1)),"N") -> 0 | J5: =COUNTIF($M5:INDIRECT(ADDRESS(ROW(),MATCH("",$4:$4,-1),1,1)),"N/A")+COUNTIF($M5:INDIRECT(ADDRESS(ROW(),MATCH("",$4:$4,-1),1,1)),"조치완료(N/A)") -> 0 | K5: =VLOOKUP($D5,'parm(hidden)'!$B$8:$C$10,2,FALSE)*($F5-$J5) -> 12 | L5: =VLOOKUP($D5,'parm(hidden)'!$B$8:$C$10,2,FALSE)*($G5+$H5) -> 12 | M5: =HYPERLINK("[" & MID(CELL("filename"),SEARCH("[",CELL("filename"))+1, SEARCH("]",CELL("filename"))-SEARCH("[",CELL("filename"))-1) & "]" & ADDRESS(ROW()+16,8,1,TRUE,M$4),INDIRECT(ADDRESS(ROW()+16,8,1,TRUE,M$4))) -> Y | N5: =HYPERLINK("[" & MID(CELL("filename"),SEARCH("[",CELL("filename"))+1, SEARCH("]",CELL("filename"))-SEARCH("[",CELL("filename"))-1) & "]" & ADDRESS(ROW()+16,8,1,TRUE,N$4),INDIRECT(ADDRESS(ROW()+16,8,1,TRUE,N$4))) -> Y | O5: =HYPERLINK("[" & MID(CELL("filename"),SEARCH("[",CELL("filename"))+1, SEARCH("]",CELL("filename"))-SEARCH("[",CELL("filename"))-1) & "]" & ADDRESS(ROW()+16,8,1,TRUE,O$4),INDIRECT(ADDRESS(ROW()+16,8,1,TRUE,O$4))) -> Y | P5: =HYPERLINK("[" & MID(CELL("filename"),SEARCH("[",CELL("filename"))+1, SEARCH("]",CELL("filename"))-SEARCH("[",CELL("filename"))-1) & "]" & ADDRESS(ROW()+16,8,1,TRUE,P$4),INDIRECT(ADDRESS(ROW()+16,8,1,TRUE,P$4))) -> Y
A6: =ChkList!A6 -> 계정 관리 | B6: =ChkList!$B6 -> D-02 | C6: =ChkList!$C6 -> 데이터베이스의 불필요 계정을 제거하거나, 잠금설정 후 사용 | D6: =ChkList!$D6 -> H | E6: =IF(TRIM(D6)="H", "3", IF(TRIM(D6)="M", "2", IF(TRIM(D6)="L", "1", ""))) -> 3 | F6: =COUNTA($M6:INDIRECT(ADDRESS(ROW(),MATCH("",$4:$4,-1),1,1))) -> 4 | G6: =COUNTIF($M6:INDIRECT(ADDRESS(ROW(),MATCH("",$4:$4,-1),1,1)),"조치완료(Y)")+COUNTIF($M6:INDIRECT(ADDRESS(ROW(),MATCH("",$4:$4,-1),1,1)),"Y") -> 4 | H6: =COUNTIF($M6:INDIRECT(ADDRESS(ROW(),MATCH("",$4:$4,-1),1,1)),"Y(즉시조치)")+COUNTIF($M6:INDIRECT(ADDRESS(ROW(),MATCH("",$4:$4,-1),1,1)),"조치완료(즉시조치)") -> 0 | I6: =COUNTIF($M6:INDIRECT(ADDRESS(ROW(),MATCH("",$4:$4,-1),1,1)),"N") -> 0 | J6: =COUNTIF($M6:INDIRECT(ADDRESS(ROW(),MATCH("",$4:$4,-1),1,1)),"N/A")+COUNTIF($M6:INDIRECT(ADDRESS(ROW(),MATCH("",$4:$4,-1),1,1)),"조치완료(N/A)") -> 0 | K6: =VLOOKUP($D6,'parm(hidden)'!$B$8:$C$10,2,FALSE)*($F6-$J6) -> 12 | L6: =VLOOKUP($D6,'parm(hidden)'!$B$8:$C$10,2,FALSE)*($G6+$H6) -> 12 | M6: =HYPERLINK("[" & MID(CELL("filename"),SEARCH("[",CELL("filename"))+1, SEARCH("]",CELL("filename"))-SEARCH("[",CELL("filename"))-1) & "]" & ADDRESS(ROW()+16,8,1,TRUE,M$4),INDIRECT(ADDRESS(ROW()+16,8,1,TRUE,M$4))) -> Y | N6: =HYPERLINK("[" & MID(CELL("filename"),SEARCH("[",CELL("filename"))+1, SEARCH("]",CELL("filename"))-SEARCH("[",CELL("filename"))-1) & "]" & ADDRESS(ROW()+16,8,1,TRUE,N$4),INDIRECT(ADDRESS(ROW()+16,8,1,TRUE,N$4))) -> Y | O6: =HYPERLINK("[" & MID(CELL("filename"),SEARCH("[",CELL("filename"))+1, SEARCH("]",CELL("filename"))-SEARCH("[",CELL("filename"))-1) & "]" & ADDRESS(ROW()+16,8,1,TRUE,O$4),INDIRECT(ADDRESS(ROW()+16,8,1,TRUE,O$4))) -> Y | P6: =HYPERLINK("[" & MID(CELL("filename"),SEARCH("[",CELL("filename"))+1, SEARCH("]",CELL("filename"))-SEARCH("[",CELL("filename"))-1) & "]" & ADDRESS(ROW()+16,8,1,TRUE,P$4),INDIRECT(ADDRESS(ROW()+16,8,1,TRUE,P$4))) -> Y
A7: =ChkList!A7 -> 계정 관리 | B7: =ChkList!$B7 -> D-03 | C7: =ChkList!$C7 -> 비밀번호 사용 기간 및 복잡도를 기관의 정책에 맞도록 설정 | D7: =ChkList!$D7 -> H | E7: =IF(TRIM(D7)="H", "3", IF(TRIM(D7)="M", "2", IF(TRIM(D7)="L", "1", ""))) -> 3 | F7: =COUNTA($M7:INDIRECT(ADDRESS(ROW(),MATCH("",$4:$4,-1),1,1))) -> 4 | G7: =COUNTIF($M7:INDIRECT(ADDRESS(ROW(),MATCH("",$4:$4,-1),1,1)),"조치완료(Y)")+COUNTIF($M7:INDIRECT(ADDRESS(ROW(),MATCH("",$4:$4,-1),1,1)),"Y") -> 1 | H7: =COUNTIF($M7:INDIRECT(ADDRESS(ROW(),MATCH("",$4:$4,-1),1,1)),"Y(즉시조치)")+COUNTIF($M7:INDIRECT(ADDRESS(ROW(),MATCH("",$4:$4,-1),1,1)),"조치완료(즉시조치)") -> 0 | I7: =COUNTIF($M7:INDIRECT(ADDRESS(ROW(),MATCH("",$4:$4,-1),1,1)),"N") -> 0 | J7: =COUNTIF($M7:INDIRECT(ADDRESS(ROW(),MATCH("",$4:$4,-1),1,1)),"N/A")+COUNTIF($M7:INDIRECT(ADDRESS(ROW(),MATCH("",$4:$4,-1),1,1)),"조치완료(N/A)") -> 0 | K7: =VLOOKUP($D7,'parm(hidden)'!$B$8:$C$10,2,FALSE)*($F7-$J7) -> 12 | L7: =VLOOKUP($D7,'parm(hidden)'!$B$8:$C$10,2,FALSE)*($G7+$H7) -> 3 | M7: =HYPERLINK("[" & MID(CELL("filename"),SEARCH("[",CELL("filename"))+1, SEARCH("]",CELL("filename"))-SEARCH("[",CELL("filename"))-1) & "]" & ADDRESS(ROW()+16,8,1,TRUE,M$4),INDIRECT(ADDRESS(ROW()+16,8,1,TRUE,M$4))) -> 인터뷰 | N7: =HYPERLINK("[" & MID(CELL("filename"),SEARCH("[",CELL("filename"))+1, SEARCH("]",CELL("filename"))-SEARCH("[",CELL("filename"))-1) & "]" & ADDRESS(ROW()+16,8,1,TRUE,N$4),INDIRECT(ADDRESS(ROW()+16,8,1,TRUE,N$4))) -> 인터뷰 | O7: =HYPERLINK("[" & MID(CELL("filename"),SEARCH("[",CELL("filename"))+1, SEARCH("]",CELL("filename"))-SEARCH("[",CELL("filename"))-1) & "]" & ADDRESS(ROW()+16,8,1,TRUE,O$4),INDIRECT(ADDRESS(ROW()+16,8,1,TRUE,O$4))) -> 인터뷰 | P7: =HYPERLINK("[" & MID(CELL("filename"),SEARCH("[",CELL("filename"))+1, SEARCH("]",CELL("filename"))-SEARCH("[",CELL("filename"))-1) & "]" & ADDRESS(ROW()+16,8,1,TRUE,P$4),INDIRECT(ADDRESS(ROW()+16,8,1,TRUE,P$4))) -> Y
A8: =ChkList!A8 -> 계정 관리 | B8: =ChkList!$B8 -> D-04 | C8: =ChkList!$C8 -> 데이터베이스 관리자 권한을 꼭 필요한 계정 및 그룹에 대해서만 허용 | D8: =ChkList!$D8 -> H | E8: =IF(TRIM(D8)="H", "3", IF(TRIM(D8)="M", "2", IF(TRIM(D8)="L", "1", ""))) -> 3 | F8: =COUNTA($M8:INDIRECT(ADDRESS(ROW(),MATCH("",$4:$4,-1),1,1))) -> 4 | G8: =COUNTIF($M8:INDIRECT(ADDRESS(ROW(),MATCH("",$4:$4,-1),1,1)),"조치완료(Y)")+COUNTIF($M8:INDIRECT(ADDRESS(ROW(),MATCH("",$4:$4,-1),1,1)),"Y") -> 4 | H8: =COUNTIF($M8:INDIRECT(ADDRESS(ROW(),MATCH("",$4:$4,-1),1,1)),"Y(즉시조치)")+COUNTIF($M8:INDIRECT(ADDRESS(ROW(),MATCH("",$4:$4,-1),1,1)),"조치완료(즉시조치)") -> 0 | I8: =COUNTIF($M8:INDIRECT(ADDRESS(ROW(),MATCH("",$4:$4,-1),1,1)),"N") -> 0 | J8: =COUNTIF($M8:INDIRECT(ADDRESS(ROW(),MATCH("",$4:$4,-1),1,1)),"N/A")+COUNTIF($M8:INDIRECT(ADDRESS(ROW(),MATCH("",$4:$4,-1),1,1)),"조치완료(N/A)") -> 0 | K8: =VLOOKUP($D8,'parm(hidden)'!$B$8:$C$10,2,FALSE)*($F8-$J8) -> 12 | L8: =VLOOKUP($D8,'parm(hidden)'!$B$8:$C$10,2,FALSE)*($G8+$H8) -> 12 | M8: =HYPERLINK("[" & MID(CELL("filename"),SEARCH("[",CELL("filename"))+1, SEARCH("]",CELL("filename"))-SEARCH("[",CELL("filename"))-1) & "]" & ADDRESS(ROW()+16,8,1,TRUE,M$4),INDIRECT(ADDRESS(ROW()+16,8,1,TRUE,M$4))) -> Y | N8: =HYPERLINK("[" & MID(CELL("filename"),SEARCH("[",CELL("filename"))+1, SEARCH("]",CELL("filename"))-SEARCH("[",CELL("filename"))-1) & "]" & ADDRESS(ROW()+16,8,1,TRUE,N$4),INDIRECT(ADDRESS(ROW()+16,8,1,TRUE,N$4))) -> Y | O8: =HYPERLINK("[" & MID(CELL("filename"),SEARCH("[",CELL("filename"))+1, SEARCH("]",CELL("filename"))-SEARCH("[",CELL("filename"))-1) & "]" & ADDRESS(ROW()+16,8,1,TRUE,O$4),INDIRECT(ADDRESS(ROW()+16,8,1,TRUE,O$4))) -> Y | P8: =HYPERLINK("[" & MID(CELL("filename"),SEARCH("[",CELL("filename"))+1, SEARCH("]",CELL("filename"))-SEARCH("[",CELL("filename"))-1) & "]" & ADDRESS(ROW()+16,8,1,TRUE,P$4),INDIRECT(ADDRESS(ROW()+16,8,1,TRUE,P$4))) -> Y
A9: =ChkList!A9 -> 계정 관리 | B9: =ChkList!$B9 -> D-05 | C9: =ChkList!$C9 -> 비밀번호 재사용에 대한 제약 설정 | D9: =ChkList!$D9 -> M | E9: =IF(TRIM(D9)="H", "3", IF(TRIM(D9)="M", "2", IF(TRIM(D9)="L", "1", ""))) -> 2 | F9: =COUNTA($M9:INDIRECT(ADDRESS(ROW(),MATCH("",$4:$4,-1),1,1))) -> 4 | G9: =COUNTIF($M9:INDIRECT(ADDRESS(ROW(),MATCH("",$4:$4,-1),1,1)),"조치완료(Y)")+COUNTIF($M9:INDIRECT(ADDRESS(ROW(),MATCH("",$4:$4,-1),1,1)),"Y") -> 0 | H9: =COUNTIF($M9:INDIRECT(ADDRESS(ROW(),MATCH("",$4:$4,-1),1,1)),"Y(즉시조치)")+COUNTIF($M9:INDIRECT(ADDRESS(ROW(),MATCH("",$4:$4,-1),1,1)),"조치완료(즉시조치)") -> 0 | I9: =COUNTIF($M9:INDIRECT(ADDRESS(ROW(),MATCH("",$4:$4,-1),1,1)),"N") -> 0 | J9: =COUNTIF($M9:INDIRECT(ADDRESS(ROW(),MATCH("",$4:$4,-1),1,1)),"N/A")+COUNTIF($M9:INDIRECT(ADDRESS(ROW(),MATCH("",$4:$4,-1),1,1)),"조치완료(N/A)") -> 4 | K9: =VLOOKUP($D9,'parm(hidden)'!$B$8:$C$10,2,FALSE)*($F9-$J9) -> 0 | L9: =VLOOKUP($D9,'parm(hidden)'!$B$8:$C$10,2,FALSE)*($G9+$H9) -> 0 | M9: =HYPERLINK("[" & MID(CELL("filename"),SEARCH("[",CELL("filename"))+1, SEARCH("]",CELL("filename"))-SEARCH("[",CELL("filename"))-1) & "]" & ADDRESS(ROW()+16,8,1,TRUE,M$4),INDIRECT(ADDRESS(ROW()+16,8,1,TRUE,M$4))) -> N/A | N9: =HYPERLINK("[" & MID(CELL("filename"),SEARCH("[",CELL("filename"))+1, SEARCH("]",CELL("filename"))-SEARCH("[",CELL("filename"))-1) & "]" & ADDRESS(ROW()+16,8,1,TRUE,N$4),INDIRECT(ADDRESS(ROW()+16,8,1,TRUE,N$4))) -> N/A | O9: =HYPERLINK("[" & MID(CELL("filename"),SEARCH("[",CELL("filename"))+1, SEARCH("]",CELL("filename"))-SEARCH("[",CELL("filename"))-1) & "]" & ADDRESS(ROW()+16,8,1,TRUE,O$4),INDIRECT(ADDRESS(ROW()+16,8,1,TRUE,O$4))) -> N/A | P9: =HYPERLINK("[" & MID(CELL("filename"),SEARCH("[",CELL("filename"))+1, SEARCH("]",CELL("filename"))-SEARCH("[",CELL("filename"))-1) & "]" & ADDRESS(ROW()+16,8,1,TRUE,P$4),INDIRECT(ADDRESS(ROW()+16,8,1,TRUE,P$4))) -> N/A
A10: =ChkList!A10 -> 계정 관리 | B10: =ChkList!$B10 -> D-06 | C10: =ChkList!$C10 -> DB 사용자 계정을 개별적으로 부여하여 사용 | D10: =ChkList!$D10 -> M | E10: =IF(TRIM(D10)="H", "3", IF(TRIM(D10)="M", "2", IF(TRIM(D10)="L", "1", ""))) -> 2 | F10: =COUNTA($M10:INDIRECT(ADDRESS(ROW(),MATCH("",$4:$4,-1),1,1))) -> 4 | G10: =COUNTIF($M10:INDIRECT(ADDRESS(ROW(),MATCH("",$4:$4,-1),1,1)),"조치완료(Y)")+COUNTIF($M10:INDIRECT(ADDRESS(ROW(),MATCH("",$4:$4,-1),1,1)),"Y") -> 2 | H10: =COUNTIF($M10:INDIRECT(ADDRESS(ROW(),MATCH("",$4:$4,-1),1,1)),"Y(즉시조치)")+COUNTIF($M10:INDIRECT(ADDRESS(ROW(),MATCH("",$4:$4,-1),1,1)),"조치완료(즉시조치)") -> 0 | I10: =COUNTIF($M10:INDIRECT(ADDRESS(ROW(),MATCH("",$4:$4,-1),1,1)),"N") -> 2 | J10: =COUNTIF($M10:INDIRECT(ADDRESS(ROW(),MATCH("",$4:$4,-1),1,1)),"N/A")+COUNTIF($M10:INDIRECT(ADDRESS(ROW(),MATCH("",$4:$4,-1),1,1)),"조치완료(N/A)") -> 0 | K10: =VLOOKUP($D10,'parm(hidden)'!$B$8:$C$10,2,FALSE)*($F10-$J10) -> 8 | L10: =VLOOKUP($D10,'parm(hidden)'!$B$8:$C$10,2,FALSE)*($G10+$H10) -> 4 | M10: =HYPERLINK("[" & MID(CELL("filename"),SEARCH("[",CELL("filename"))+1, SEARCH("]",CELL("filename"))-SEARCH("[",CELL("filename"))-1) & "]" & ADDRESS(ROW()+16,8,1,TRUE,M$4),INDIRECT(ADDRESS(ROW()+16,8,1,TRUE,M$4))) -> N | N10: =HYPERLINK("[" & MID(CELL("filename"),SEARCH("[",CELL("filename"))+1, SEARCH("]",CELL("filename"))-SEARCH("[",CELL("filename"))-1) & "]" & ADDRESS(ROW()+16,8,1,TRUE,N$4),INDIRECT(ADDRESS(ROW()+16,8,1,TRUE,N$4))) -> N | O10: =HYPERLINK("[" & MID(CELL("filename"),SEARCH("[",CELL("filename"))+1, SEARCH("]",CELL("filename"))-SEARCH("[",CELL("filename"))-1) & "]" & ADDRESS(ROW()+16,8,1,TRUE,O$4),INDIRECT(ADDRESS(ROW()+16,8,1,TRUE,O$4))) -> Y | P10: =HYPERLINK("[" & MID(CELL("filename"),SEARCH("[",CELL("filename"))+1, SEARCH("]",CELL("filename"))-SEARCH("[",CELL("filename"))-1) & "]" & ADDRESS(ROW()+16,8,1,TRUE,P$4),INDIRECT(ADDRESS(ROW()+16,8,1,TRUE,P$4))) -> Y
A11: =ChkList!A11 -> 계정 관리 | B11: =ChkList!$B11 -> D-07 | C11: =ChkList!$C11 -> root 권한으로 서비스 구동 제한 | D11: =ChkList!$D11 -> M | E11: =IF(TRIM(D11)="H", "3", IF(TRIM(D11)="M", "2", IF(TRIM(D11)="L", "1", ""))) -> 2 | F11: =COUNTA($M11:INDIRECT(ADDRESS(ROW(),MATCH("",$4:$4,-1),1,1))) -> 4 | G11: =COUNTIF($M11:INDIRECT(ADDRESS(ROW(),MATCH("",$4:$4,-1),1,1)),"조치완료(Y)")+COUNTIF($M11:INDIRECT(ADDRESS(ROW(),MATCH("",$4:$4,-1),1,1)),"Y") -> 2 | H11: =COUNTIF($M11:INDIRECT(ADDRESS(ROW(),MATCH("",$4:$4,-1),1,1)),"Y(즉시조치)")+COUNTIF($M11:INDIRECT(ADDRESS(ROW(),MATCH("",$4:$4,-1),1,1)),"조치완료(즉시조치)") -> 0 | I11: =COUNTIF($M11:INDIRECT(ADDRESS(ROW(),MATCH("",$4:$4,-1),1,1)),"N") -> 0 | J11: =COUNTIF($M11:INDIRECT(ADDRESS(ROW(),MATCH("",$4:$4,-1),1,1)),"N/A")+COUNTIF($M11:INDIRECT(ADDRESS(ROW(),MATCH("",$4:$4,-1),1,1)),"조치완료(N/A)") -> 0 | K11: =VLOOKUP($D11,'parm(hidden)'!$B$8:$C$10,2,FALSE)*($F11-$J11) -> 8 | L11: =VLOOKUP($D11,'parm(hidden)'!$B$8:$C$10,2,FALSE)*($G11+$H11) -> 4 | M11: =HYPERLINK("[" & MID(CELL("filename"),SEARCH("[",CELL("filename"))+1, SEARCH("]",CELL("filename"))-SEARCH("[",CELL("filename"))-1) & "]" & ADDRESS(ROW()+16,8,1,TRUE,M$4),INDIRECT(ADDRESS(ROW()+16,8,1,TRUE,M$4))) -> 인터뷰 | N11: =HYPERLINK("[" & MID(CELL("filename"),SEARCH("[",CELL("filename"))+1, SEARCH("]",CELL("filename"))-SEARCH("[",CELL("filename"))-1) & "]" & ADDRESS(ROW()+16,8,1,TRUE,N$4),INDIRECT(ADDRESS(ROW()+16,8,1,TRUE,N$4))) -> 인터뷰 | O11: =HYPERLINK("[" & MID(CELL("filename"),SEARCH("[",CELL("filename"))+1, SEARCH("]",CELL("filename"))-SEARCH("[",CELL("filename"))-1) & "]" & ADDRESS(ROW()+16,8,1,TRUE,O$4),INDIRECT(ADDRESS(ROW()+16,8,1,TRUE,O$4))) -> Y | P11: =HYPERLINK("[" & MID(CELL("filename"),SEARCH("[",CELL("filename"))+1, SEARCH("]",CELL("filename"))-SEARCH("[",CELL("filename"))-1) & "]" & ADDRESS(ROW()+16,8,1,TRUE,P$4),INDIRECT(ADDRESS(ROW()+16,8,1,TRUE,P$4))) -> Y
A12: =ChkList!A12 -> 계정 관리 | B12: =ChkList!$B12 -> D-08 | C12: =ChkList!$C12 -> 안전한 암호화 알고리즘 사용 | D12: =ChkList!$D12 -> H | E12: =IF(TRIM(D12)="H", "3", IF(TRIM(D12)="M", "2", IF(TRIM(D12)="L", "1", ""))) -> 3 | F12: =COUNTA($M12:INDIRECT(ADDRESS(ROW(),MATCH("",$4:$4,-1),1,1))) -> 4 | G12: =COUNTIF($M12:INDIRECT(ADDRESS(ROW(),MATCH("",$4:$4,-1),1,1)),"조치완료(Y)")+COUNTIF($M12:INDIRECT(ADDRESS(ROW(),MATCH("",$4:$4,-1),1,1)),"Y") -> 2 | H12: =COUNTIF($M12:INDIRECT(ADDRESS(ROW(),MATCH("",$4:$4,-1),1,1)),"Y(즉시조치)")+COUNTIF($M12:INDIRECT(ADDRESS(ROW(),MATCH("",$4:$4,-1),1,1)),"조치완료(즉시조치)") -> 0 | I12: =COUNTIF($M12:INDIRECT(ADDRESS(ROW(),MATCH("",$4:$4,-1),1,1)),"N") -> 2 | J12: =COUNTIF($M12:INDIRECT(ADDRESS(ROW(),MATCH("",$4:$4,-1),1,1)),"N/A")+COUNTIF($M12:INDIRECT(ADDRESS(ROW(),MATCH("",$4:$4,-1),1,1)),"조치완료(N/A)") -> 0 | K12: =VLOOKUP($D12,'parm(hidden)'!$B$8:$C$10,2,FALSE)*($F12-$J12) -> 12 | L12: =VLOOKUP($D12,'parm(hidden)'!$B$8:$C$10,2,FALSE)*($G12+$H12) -> 6 | M12: =HYPERLINK("[" & MID(CELL("filename"),SEARCH("[",CELL("filename"))+1, SEARCH("]",CELL("filename"))-SEARCH("[",CELL("filename"))-1) & "]" & ADDRESS(ROW()+16,8,1,TRUE,M$4),INDIRECT(ADDRESS(ROW()+16,8,1,TRUE,M$4))) -> N | N12: =HYPERLINK("[" & MID(CELL("filename"),SEARCH("[",CELL("filename"))+1, SEARCH("]",CELL("filename"))-SEARCH("[",CELL("filename"))-1) & "]" & ADDRESS(ROW()+16,8,1,TRUE,N$4),INDIRECT(ADDRESS(ROW()+16,8,1,TRUE,N$4))) -> N | O12: =HYPERLINK("[" & MID(CELL("filename"),SEARCH("[",CELL("filename"))+1, SEARCH("]",CELL("filename"))-SEARCH("[",CELL("filename"))-1) & "]" & ADDRESS(ROW()+16,8,1,TRUE,O$4),INDIRECT(ADDRESS(ROW()+16,8,1,TRUE,O$4))) -> Y | P12: =HYPERLINK("[" & MID(CELL("filename"),SEARCH("[",CELL("filename"))+1, SEARCH("]",CELL("filename"))-SEARCH("[",CELL("filename"))-1) & "]" & ADDRESS(ROW()+16,8,1,TRUE,P$4),INDIRECT(ADDRESS(ROW()+16,8,1,TRUE,P$4))) -> Y
A13: =ChkList!A13 -> 계정 관리 | B13: =ChkList!$B13 -> D-09 | C13: =ChkList!$C13 -> 일정 횟수의 로그인 실패 시 이에 대한 잠금정책 설정 | D13: =ChkList!$D13 -> M | E13: =IF(TRIM(D13)="H", "3", IF(TRIM(D13)="M", "2", IF(TRIM(D13)="L", "1", ""))) -> 2 | F13: =COUNTA($M13:INDIRECT(ADDRESS(ROW(),MATCH("",$4:$4,-1),1,1))) -> 4 | G13: =COUNTIF($M13:INDIRECT(ADDRESS(ROW(),MATCH("",$4:$4,-1),1,1)),"조치완료(Y)")+COUNTIF($M13:INDIRECT(ADDRESS(ROW(),MATCH("",$4:$4,-1),1,1)),"Y") -> 0 | H13: =COUNTIF($M13:INDIRECT(ADDRESS(ROW(),MATCH("",$4:$4,-1),1,1)),"Y(즉시조치)")+COUNTIF($M13:INDIRECT(ADDRESS(ROW(),MATCH("",$4:$4,-1),1,1)),"조치완료(즉시조치)") -> 0 | I13: =COUNTIF($M13:INDIRECT(ADDRESS(ROW(),MATCH("",$4:$4,-1),1,1)),"N") -> 0 | J13: =COUNTIF($M13:INDIRECT(ADDRESS(ROW(),MATCH("",$4:$4,-1),1,1)),"N/A")+COUNTIF($M13:INDIRECT(ADDRESS(ROW(),MATCH("",$4:$4,-1),1,1)),"조치완료(N/A)") -> 4 | K13: =VLOOKUP($D13,'parm(hidden)'!$B$8:$C$10,2,FALSE)*($F13-$J13) -> 0 | L13: =VLOOKUP($D13,'parm(hidden)'!$B$8:$C$10,2,FALSE)*($G13+$H13) -> 0 | M13: =HYPERLINK("[" & MID(CELL("filename"),SEARCH("[",CELL("filename"))+1, SEARCH("]",CELL("filename"))-SEARCH("[",CELL("filename"))-1) & "]" & ADDRESS(ROW()+16,8,1,TRUE,M$4),INDIRECT(ADDRESS(ROW()+16,8,1,TRUE,M$4))) -> N/A | N13: =HYPERLINK("[" & MID(CELL("filename"),SEARCH("[",CELL("filename"))+1, SEARCH("]",CELL("filename"))-SEARCH("[",CELL("filename"))-1) & "]" & ADDRESS(ROW()+16,8,1,TRUE,N$4),INDIRECT(ADDRESS(ROW()+16,8,1,TRUE,N$4))) -> N/A | O13: =HYPERLINK("[" & MID(CELL("filename"),SEARCH("[",CELL("filename"))+1, SEARCH("]",CELL("filename"))-SEARCH("[",CELL("filename"))-1) & "]" & ADDRESS(ROW()+16,8,1,TRUE,O$4),INDIRECT(ADDRESS(ROW()+16,8,1,TRUE,O$4))) -> N/A | P13: =HYPERLINK("[" & MID(CELL("filename"),SEARCH("[",CELL("filename"))+1, SEARCH("]",CELL("filename"))-SEARCH("[",CELL("filename"))-1) & "]" & ADDRESS(ROW()+16,8,1,TRUE,P$4),INDIRECT(ADDRESS(ROW()+16,8,1,TRUE,P$4))) -> N/A
A14: =ChkList!A14 -> 접근 관리 | B14: =ChkList!$B14 -> D-10 | C14: =ChkList!$C14 -> 원격에서 DB 서버로의 접속 제한 | D14: =ChkList!$D14 -> H | E14: =IF(TRIM(D14)="H", "3", IF(TRIM(D14)="M", "2", IF(TRIM(D14)="L", "1", ""))) -> 3 | F14: =COUNTA($M14:INDIRECT(ADDRESS(ROW(),MATCH("",$4:$4,-1),1,1))) -> 4 | G14: =COUNTIF($M14:INDIRECT(ADDRESS(ROW(),MATCH("",$4:$4,-1),1,1)),"조치완료(Y)")+COUNTIF($M14:INDIRECT(ADDRESS(ROW(),MATCH("",$4:$4,-1),1,1)),"Y") -> 2 | H14: =COUNTIF($M14:INDIRECT(ADDRESS(ROW(),MATCH("",$4:$4,-1),1,1)),"Y(즉시조치)")+COUNTIF($M14:INDIRECT(ADDRESS(ROW(),MATCH("",$4:$4,-1),1,1)),"조치완료(즉시조치)") -> 0 | I14: =COUNTIF($M14:INDIRECT(ADDRESS(ROW(),MATCH("",$4:$4,-1),1,1)),"N") -> 0 | J14: =COUNTIF($M14:INDIRECT(ADDRESS(ROW(),MATCH("",$4:$4,-1),1,1)),"N/A")+COUNTIF($M14:INDIRECT(ADDRESS(ROW(),MATCH("",$4:$4,-1),1,1)),"조치완료(N/A)") -> 2 | K14: =VLOOKUP($D14,'parm(hidden)'!$B$8:$C$10,2,FALSE)*($F14-$J14) -> 6 | L14: =VLOOKUP($D14,'parm(hidden)'!$B$8:$C$10,2,FALSE)*($G14+$H14) -> 6 | M14: =HYPERLINK("[" & MID(CELL("filename"),SEARCH("[",CELL("filename"))+1, SEARCH("]",CELL("filename"))-SEARCH("[",CELL("filename"))-1) & "]" & ADDRESS(ROW()+16,8,1,TRUE,M$4),INDIRECT(ADDRESS(ROW()+16,8,1,TRUE,M$4))) -> Y | N14: =HYPERLINK("[" & MID(CELL("filename"),SEARCH("[",CELL("filename"))+1, SEARCH("]",CELL("filename"))-SEARCH("[",CELL("filename"))-1) & "]" & ADDRESS(ROW()+16,8,1,TRUE,N$4),INDIRECT(ADDRESS(ROW()+16,8,1,TRUE,N$4))) -> Y | O14: =HYPERLINK("[" & MID(CELL("filename"),SEARCH("[",CELL("filename"))+1, SEARCH("]",CELL("filename"))-SEARCH("[",CELL("filename"))-1) & "]" & ADDRESS(ROW()+16,8,1,TRUE,O$4),INDIRECT(ADDRESS(ROW()+16,8,1,TRUE,O$4))) -> N/A | P14: =HYPERLINK("[" & MID(CELL("filename"),SEARCH("[",CELL("filename"))+1, SEARCH("]",CELL("filename"))-SEARCH("[",CELL("filename"))-1) & "]" & ADDRESS(ROW()+16,8,1,TRUE,P$4),INDIRECT(ADDRESS(ROW()+16,8,1,TRUE,P$4))) -> N/A
A15: =ChkList!A15 -> 접근 관리 | B15: =ChkList!$B15 -> D-11 | C15: =ChkList!$C15 -> DBA 이외의 인가되지 않은 사용자가 시스템 테이블에 접근할 수 없도록 설정 | D15: =ChkList!$D15 -> H | E15: =IF(TRIM(D15)="H", "3", IF(TRIM(D15)="M", "2", IF(TRIM(D15)="L", "1", ""))) -> 3 | F15: =COUNTA($M15:INDIRECT(ADDRESS(ROW(),MATCH("",$4:$4,-1),1,1))) -> 4 | G15: =COUNTIF($M15:INDIRECT(ADDRESS(ROW(),MATCH("",$4:$4,-1),1,1)),"조치완료(Y)")+COUNTIF($M15:INDIRECT(ADDRESS(ROW(),MATCH("",$4:$4,-1),1,1)),"Y") -> 2 | H15: =COUNTIF($M15:INDIRECT(ADDRESS(ROW(),MATCH("",$4:$4,-1),1,1)),"Y(즉시조치)")+COUNTIF($M15:INDIRECT(ADDRESS(ROW(),MATCH("",$4:$4,-1),1,1)),"조치완료(즉시조치)") -> 0 | I15: =COUNTIF($M15:INDIRECT(ADDRESS(ROW(),MATCH("",$4:$4,-1),1,1)),"N") -> 0 | J15: =COUNTIF($M15:INDIRECT(ADDRESS(ROW(),MATCH("",$4:$4,-1),1,1)),"N/A")+COUNTIF($M15:INDIRECT(ADDRESS(ROW(),MATCH("",$4:$4,-1),1,1)),"조치완료(N/A)") -> 2 | K15: =VLOOKUP($D15,'parm(hidden)'!$B$8:$C$10,2,FALSE)*($F15-$J15) -> 6 | L15: =VLOOKUP($D15,'parm(hidden)'!$B$8:$C$10,2,FALSE)*($G15+$H15) -> 6 | M15: =HYPERLINK("[" & MID(CELL("filename"),SEARCH("[",CELL("filename"))+1, SEARCH("]",CELL("filename"))-SEARCH("[",CELL("filename"))-1) & "]" & ADDRESS(ROW()+16,8,1,TRUE,M$4),INDIRECT(ADDRESS(ROW()+16,8,1,TRUE,M$4))) -> Y | N15: =HYPERLINK("[" & MID(CELL("filename"),SEARCH("[",CELL("filename"))+1, SEARCH("]",CELL("filename"))-SEARCH("[",CELL("filename"))-1) & "]" & ADDRESS(ROW()+16,8,1,TRUE,N$4),INDIRECT(ADDRESS(ROW()+16,8,1,TRUE,N$4))) -> Y | O15: =HYPERLINK("[" & MID(CELL("filename"),SEARCH("[",CELL("filename"))+1, SEARCH("]",CELL("filename"))-SEARCH("[",CELL("filename"))-1) & "]" & ADDRESS(ROW()+16,8,1,TRUE,O$4),INDIRECT(ADDRESS(ROW()+16,8,1,TRUE,O$4))) -> N/A | P15: =HYPERLINK("[" & MID(CELL("filename"),SEARCH("[",CELL("filename"))+1, SEARCH("]",CELL("filename"))-SEARCH("[",CELL("filename"))-1) & "]" & ADDRESS(ROW()+16,8,1,TRUE,P$4),INDIRECT(ADDRESS(ROW()+16,8,1,TRUE,P$4))) -> N/A
A16: =ChkList!A16 -> 접근 관리 | B16: =ChkList!$B16 -> D-12 | C16: =ChkList!$C16 -> 안전한 리스너 비밀번호 설정 및 사용 | D16: =ChkList!$D16 -> H | E16: =IF(TRIM(D16)="H", "3", IF(TRIM(D16)="M", "2", IF(TRIM(D16)="L", "1", ""))) -> 3 | F16: =COUNTA($M16:INDIRECT(ADDRESS(ROW(),MATCH("",$4:$4,-1),1,1))) -> 4 | G16: =COUNTIF($M16:INDIRECT(ADDRESS(ROW(),MATCH("",$4:$4,-1),1,1)),"조치완료(Y)")+COUNTIF($M16:INDIRECT(ADDRESS(ROW(),MATCH("",$4:$4,-1),1,1)),"Y") -> 2 | H16: =COUNTIF($M16:INDIRECT(ADDRESS(ROW(),MATCH("",$4:$4,-1),1,1)),"Y(즉시조치)")+COUNTIF($M16:INDIRECT(ADDRESS(ROW(),MATCH("",$4:$4,-1),1,1)),"조치완료(즉시조치)") -> 0 | I16: =COUNTIF($M16:INDIRECT(ADDRESS(ROW(),MATCH("",$4:$4,-1),1,1)),"N") -> 0 | J16: =COUNTIF($M16:INDIRECT(ADDRESS(ROW(),MATCH("",$4:$4,-1),1,1)),"N/A")+COUNTIF($M16:INDIRECT(ADDRESS(ROW(),MATCH("",$4:$4,-1),1,1)),"조치완료(N/A)") -> 2 | K16: =VLOOKUP($D16,'parm(hidden)'!$B$8:$C$10,2,FALSE)*($F16-$J16) -> 6 | L16: =VLOOKUP($D16,'parm(hidden)'!$B$8:$C$10,2,FALSE)*($G16+$H16) -> 6 | M16: =HYPERLINK("[" & MID(CELL("filename"),SEARCH("[",CELL("filename"))+1, SEARCH("]",CELL("filename"))-SEARCH("[",CELL("filename"))-1) & "]" & ADDRESS(ROW()+16,8,1,TRUE,M$4),INDIRECT(ADDRESS(ROW()+16,8,1,TRUE,M$4))) -> N/A | N16: =HYPERLINK("[" & MID(CELL("filename"),SEARCH("[",CELL("filename"))+1, SEARCH("]",CELL("filename"))-SEARCH("[",CELL("filename"))-1) & "]" & ADDRESS(ROW()+16,8,1,TRUE,N$4),INDIRECT(ADDRESS(ROW()+16,8,1,TRUE,N$4))) -> N/A | O16: =HYPERLINK("[" & MID(CELL("filename"),SEARCH("[",CELL("filename"))+1, SEARCH("]",CELL("filename"))-SEARCH("[",CELL("filename"))-1) & "]" & ADDRESS(ROW()+16,8,1,TRUE,O$4),INDIRECT(ADDRESS(ROW()+16,8,1,TRUE,O$4))) -> Y | P16: =HYPERLINK("[" & MID(CELL("filename"),SEARCH("[",CELL("filename"))+1, SEARCH("]",CELL("filename"))-SEARCH("[",CELL("filename"))-1) & "]" & ADDRESS(ROW()+16,8,1,TRUE,P$4),INDIRECT(ADDRESS(ROW()+16,8,1,TRUE,P$4))) -> Y
... A30: =ChkList!A30 -> 패치 관리 | B30: =ChkList!$B30 -> D-26 | C30: =ChkList!$C30 -> 데이터베이스의 접근, 변경, 삭제 등의 감사 기록이 기관의 감사 기록 정책에 적합하도록 설정 | D30: =ChkList!$D30 -> H | E30: =IF(TRIM(D30)="H", "3", IF(TRIM(D30)="M", "2", IF(TRIM(D30)="L", "1", ""))) -> 3 | F30: =COUNTA($M30:INDIRECT(ADDRESS(ROW(),MATCH("",$4:$4,-1),1,1))) -> 4 | G30: =COUNTIF($M30:INDIRECT(ADDRESS(ROW(),MATCH("",$4:$4,-1),1,1)),"조치완료(Y)")+COUNTIF($M30:INDIRECT(ADDRESS(ROW(),MATCH("",$4:$4,-1),1,1)),"Y") -> 0 | H30: =COUNTIF($M30:INDIRECT(ADDRESS(ROW(),MATCH("",$4:$4,-1),1,1)),"Y(즉시조치)")+COUNTIF($M30:INDIRECT(ADDRESS(ROW(),MATCH("",$4:$4,-1),1,1)),"조치완료(즉시조치)") -> 0 | I30: =COUNTIF($M30:INDIRECT(ADDRESS(ROW(),MATCH("",$4:$4,-1),1,1)),"N") -> 0 | J30: =COUNTIF($M30:INDIRECT(ADDRESS(ROW(),MATCH("",$4:$4,-1),1,1)),"N/A")+COUNTIF($M30:INDIRECT(ADDRESS(ROW(),MATCH("",$4:$4,-1),1,1)),"조치완료(N/A)") -> 2 | K30: =VLOOKUP($D30,'parm(hidden)'!$B$8:$C$10,2,FALSE)*($F30-$J30) -> 6 | L30: =VLOOKUP($D30,'parm(hidden)'!$B$8:$C$10,2,FALSE)*($G30+$H30) -> 0 | M30: =HYPERLINK("[" & MID(CELL("filename"),SEARCH("[",CELL("filename"))+1, SEARCH("]",CELL("filename"))-SEARCH("[",CELL("filename"))-1) & "]" & ADDRESS(ROW()+16,8,1,TRUE,M$4),INDIRECT(ADDRESS(ROW()+16,8,1,TRUE,M$4))) -> N/A | N30: =HYPERLINK("[" & MID(CELL("filename"),SEARCH("[",CELL("filename"))+1, SEARCH("]",CELL("filename"))-SEARCH("[",CELL("filename"))-1) & "]" & ADDRESS(ROW()+16,8,1,TRUE,N$4),INDIRECT(ADDRESS(ROW()+16,8,1,TRUE,N$4))) -> N/A | O30: =HYPERLINK("[" & MID(CELL("filename"),SEARCH("[",CELL("filename"))+1, SEARCH("]",CELL("filename"))-SEARCH("[",CELL("filename"))-1) & "]" & ADDRESS(ROW()+16,8,1,TRUE,O$4),INDIRECT(ADDRESS(ROW()+16,8,1,TRUE,O$4))) -> 0 | P30: =HYPERLINK("[" & MID(CELL("filename"),SEARCH("[",CELL("filename"))+1, SEARCH("]",CELL("filename"))-SEARCH("[",CELL("filename"))-1) & "]" & ADDRESS(ROW()+16,8,1,TRUE,P$4),INDIRECT(ADDRESS(ROW()+16,8,1,TRUE,P$4))) -> 0
F31: =SUM(F5:F30) -> 104 | G31: =SUM(G5:G30) -> 34 | H31: =SUM(H5:H30) -> 0 | I31: =SUM(I5:I30) -> 4 | J31: =SUM(J5:J30) -> 54 | K31: =SUM(K5:K30) -> 136 | L31: =SUM(L5:L30) -> 94 | M31: =SUM(M5:M30) -> 0 | N31: =COUNTIFS(N$5:N$30,"<>",N$5:N$30,"<>0") -> 26 | O31: =COUNTIFS(O$5:O$30,"<>",O$5:O$30,"<>0") -> 24 | P31: =COUNTIFS(P$5:P$30,"<>",P$5:P$30,"<>0") -> 24

Sheet 취약점 진단 통계 (이행)
A1: ■ 영역별/장비별 보안수준 통계
A3: 1) 영역별 보안수준
A4: 분류 | E4: 진단 결과 | J4: 이행 결과 | O4: 중요도점수
E5: 전체항목 | F5: 진단항목 | G5: 양호 | H5: 취약 | I5: 해당없음 | J5: 조치 | K5: 미조치 | L5: 위험수용 | M5: 해당없음 | N5: 잔여취약점 (미조치+위험수용) | O5: 전체점수 (이행전) | P5: 전체점수 (이행후) | Q5: 평가점수 (이행전) | R5: 평가점수 (이행후) | S5: 이행율 | T5: 보안수준 (이행 전) | U5: 보안수준 (이행 후)
A6: 계정 관리 | E6: =SUMIF('취약점 진단 항목별 통계 (이행)'!$A:$A,$A6&"*",'취약점 진단 항목별 통계 (이행)'!$F:$F) -> 36 | F6: =E6-I6 -> 28 | G6: =SUMIF('취약점 진단 항목별 통계'!$A:$A,$A6&"*",'취약점 진단 항목별 통계'!$G:$G)+SUMIF('취약점 진단 항목별 통계'!$A:$A,$A6&"*",'취약점 진단 항목별 통계'!$H:$H) -> 19 | H6: =SUMIF('취약점 진단 항목별 통계'!$A:$A,$A6&"*",'취약점 진단 항목별 통계'!$I:$I) -> 4 | I6: =SUMIF('취약점 진단 항목별 통계'!$A:$A,$A6&"*",'취약점 진단 항목별 통계'!$J:$J) -> 8 | J6: =SUMIF('취약점 진단 항목별 통계 (이행)'!$A:$A,$A6&"*",'취약점 진단 항목별 통계 (이행)'!$K:$K) -> 4 | K6: =SUMIF('취약점 진단 항목별 통계 (이행)'!$A:$A,$A6&"*",'취약점 진단 항목별 통계 (이행)'!$L:$L) -> 4 | L6: =SUMIF('취약점 진단 항목별 통계 (이행)'!$A:$A,$A6&"*",'취약점 진단 항목별 통계 (이행)'!$M:$M) -> 0 | M6: =SUMIF('취약점 진단 항목별 통계 (이행)'!$A:$A,$A6&"*",'취약점 진단 항목별 통계 (이행)'!$N:$N) -> 4 | N6: =K6+L6 -> 4 | O6: =SUMIF('취약점 진단 항목별 통계 (이행)'!$A:$A,$A6&"*",'취약점 진단 항목별 통계 (이행)'!$O:$O) -> 76 | P6: =SUMIF('취약점 진단 항목별 통계 (이행)'!$A:$A,$A6&"*",'취약점 진단 항목별 통계 (이행)'!$P:$P) -> 84 | Q6: =SUMIF('취약점 진단 항목별 통계 (이행)'!$A:$A,$A6&"*",'취약점 진단 항목별 통계 (이행)'!$Q:$Q) -> 53 | R6: =SUMIF('취약점 진단 항목별 통계 (이행)'!$A:$A,$A6&"*",'취약점 진단 항목별 통계 (이행)'!$R:$R) -> 63 | S6: =IFERROR($J6/($H6-(M6-I6)),"N/A") -> 0.5 | T6: =IF($I6=$E6, "N/A", (Q6/O6)) -> 0.69736842 | U6: =IF(OR($I6=$E6,$E6=$M6),"N/A", ($R6/$P6)) -> 0.75
A7: 접근 관리 | E7: =SUMIF('취약점 진단 항목별 통계 (이행)'!$A:$A,$A7&"*",'취약점 진단 항목별 통계 (이행)'!$F:$F) -> 28 | F7: =E7-I7 -> 10 | G7: =SUMIF('취약점 진단 항목별 통계'!$A:$A,$A7&"*",'취약점 진단 항목별 통계'!$G:$G)+SUMIF('취약점 진단 항목별 통계'!$A:$A,$A7&"*",'취약점 진단 항목별 통계'!$H:$H) -> 10 | H7: =SUMIF('취약점 진단 항목별 통계'!$A:$A,$A7&"*",'취약점 진단 항목별 통계'!$I:$I) -> 0 | I7: =SUMIF('취약점 진단 항목별 통계'!$A:$A,$A7&"*",'취약점 진단 항목별 통계'!$J:$J) -> 18 | J7: =SUMIF('취약점 진단 항목별 통계 (이행)'!$A:$A,$A7&"*",'취약점 진단 항목별 통계 (이행)'!$K:$K) -> 0 | K7: =SUMIF('취약점 진단 항목별 통계 (이행)'!$A:$A,$A7&"*",'취약점 진단 항목별 통계 (이행)'!$L:$L) -> 0 | L7: =SUMIF('취약점 진단 항목별 통계 (이행)'!$A:$A,$A7&"*",'취약점 진단 항목별 통계 (이행)'!$M:$M) -> 0 | M7: =SUMIF('취약점 진단 항목별 통계 (이행)'!$A:$A,$A7&"*",'취약점 진단 항목별 통계 (이행)'!$N:$N) -> 8 | N7: =K7+L7 -> 0 | O7: =SUMIF('취약점 진단 항목별 통계 (이행)'!$A:$A,$A7&"*",'취약점 진단 항목별 통계 (이행)'!$O:$O) -> 26 | P7: =SUMIF('취약점 진단 항목별 통계 (이행)'!$A:$A,$A7&"*",'취약점 진단 항목별 통계 (이행)'!$P:$P) -> 46 | Q7: =SUMIF('취약점 진단 항목별 통계 (이행)'!$A:$A,$A7&"*",'취약점 진단 항목별 통계 (이행)'!$Q:$Q) -> 26 | R7: =SUMIF('취약점 진단 항목별 통계 (이행)'!$A:$A,$A7&"*",'취약점 진단 항목별 통계 (이행)'!$R:$R) -> 26 | S7: =IFERROR($J7/($H7-(M7-I7)),"N/A") -> 0 | T7: =IF($I7=$E7, "N/A", (Q7/O7)) -> 1 | U7: =IF(OR($I7=$E7,$E7=$M7),"N/A", ($R7/$P7)) -> 0.56521739
A8: 옵션 관리 | E8: =SUMIF('취약점 진단 항목별 통계 (이행)'!$A:$A,$A8&"*",'취약점 진단 항목별 통계 (이행)'!$F:$F) -> 32 | F8: =E8-I8 -> 6 | G8: =SUMIF('취약점 진단 항목별 통계'!$A:$A,$A8&"*",'취약점 진단 항목별 통계'!$G:$G)+SUMIF('취약점 진단 항목별 통계'!$A:$A,$A8&"*",'취약점 진단 항목별 통계'!$H:$H) -> 3 | H8: =SUMIF('취약점 진단 항목별 통계'!$A:$A,$A8&"*",'취약점 진단 항목별 통계'!$I:$I) -> 0 | I8: =SUMIF('취약점 진단 항목별 통계'!$A:$A,$A8&"*",'취약점 진단 항목별 통계'!$J:$J) -> 26 | J8: =SUMIF('취약점 진단 항목별 통계 (이행)'!$A:$A,$A8&"*",'취약점 진단 항목별 통계 (이행)'!$K:$K) -> 0 | K8: =SUMIF('취약점 진단 항목별 통계 (이행)'!$A:$A,$A8&"*",'취약점 진단 항목별 통계 (이행)'!$L:$L) -> 0 | L8: =SUMIF('취약점 진단 항목별 통계 (이행)'!$A:$A,$A8&"*",'취약점 진단 항목별 통계 (이행)'!$M:$M) -> 0 | M8: =SUMIF('취약점 진단 항목별 통계 (이행)'!$A:$A,$A8&"*",'취약점 진단 항목별 통계 (이행)'!$N:$N) -> 16 | N8: =K8+L8 -> 0 | O8: =SUMIF('취약점 진단 항목별 통계 (이행)'!$A:$A,$A8&"*",'취약점 진단 항목별 통계 (이행)'!$O:$O) -> 16 | P8: =SUMIF('취약점 진단 항목별 통계 (이행)'!$A:$A,$A8&"*",'취약점 진단 항목별 통계 (이행)'!$P:$P) -> 34 | Q8: =SUMIF('취약점 진단 항목별 통계 (이행)'!$A:$A,$A8&"*",'취약점 진단 항목별 통계 (이행)'!$Q:$Q) -> 9 | R8: =SUMIF('취약점 진단 항목별 통계 (이행)'!$A:$A,$A8&"*",'취약점 진단 항목별 통계 (이행)'!$R:$R) -> 9 | S8: =IFERROR($J8/($H8-(M8-I8)),"N/A") -> 0 | T8: =IF($I8=$E8, "N/A", (Q8/O8)) -> 0.5625 | U8: =IF(OR($I8=$E8,$E8=$M8),"N/A", ($R8/$P8)) -> 0.26470588
A9: 패치 관리 | E9: =SUMIF('취약점 진단 항목별 통계 (이행)'!$A:$A,$A9&"*",'취약점 진단 항목별 통계 (이행)'!$F:$F) -> 8 | F9: =E9-I9 -> 6 | G9: =SUMIF('취약점 진단 항목별 통계'!$A:$A,$A9&"*",'취약점 진단 항목별 통계'!$G:$G)+SUMIF('취약점 진단 항목별 통계'!$A:$A,$A9&"*",'취약점 진단 항목별 통계'!$H:$H) -> 2 | H9: =SUMIF('취약점 진단 항목별 통계'!$A:$A,$A9&"*",'취약점 진단 항목별 통계'!$I:$I) -> 0 | I9: =SUMIF('취약점 진단 항목별 통계'!$A:$A,$A9&"*",'취약점 진단 항목별 통계'!$J:$J) -> 2 | J9: =SUMIF('취약점 진단 항목별 통계 (이행)'!$A:$A,$A9&"*",'취약점 진단 항목별 통계 (이행)'!$K:$K) -> 0 | K9: =SUMIF('취약점 진단 항목별 통계 (이행)'!$A:$A,$A9&"*",'취약점 진단 항목별 통계 (이행)'!$L:$L) -> 0 | L9: =SUMIF('취약점 진단 항목별 통계 (이행)'!$A:$A,$A9&"*",'취약점 진단 항목별 통계 (이행)'!$M:$M) -> 0 | M9: =SUMIF('취약점 진단 항목별 통계 (이행)'!$A:$A,$A9&"*",'취약점 진단 항목별 통계 (이행)'!$N:$N) -> 1 | N9: =K9+L9 -> 0 | O9: =SUMIF('취약점 진단 항목별 통계 (이행)'!$A:$A,$A9&"*",'취약점 진단 항목별 통계 (이행)'!$O:$O) -> 18 | P9: =SUMIF('취약점 진단 항목별 통계 (이행)'!$A:$A,$A9&"*",'취약점 진단 항목별 통계 (이행)'!$P:$P) -> 21 | Q9: =SUMIF('취약점 진단 항목별 통계 (이행)'!$A:$A,$A9&"*",'취약점 진단 항목별 통계 (이행)'!$Q:$Q) -> 6 | R9: =SUMIF('취약점 진단 항목별 통계 (이행)'!$A:$A,$A9&"*",'취약점 진단 항목별 통계 (이행)'!$R:$R) -> 6 | S9: =IFERROR($J9/($H9-(M9-I9)),"N/A") -> 0 | T9: =IF($I9=$E9, "N/A", (Q9/O9)) -> 0.33333333 | U9: =IF(OR($I9=$E9,$E9=$M9),"N/A", ($R9/$P9)) -> 0.28571429
A10: 로그 관리 | E10: =SUMIF('취약점 진단 항목별 통계 (이행)'!$A:$A,$A10&"*",'취약점 진단 항목별 통계 (이행)'!$F:$F) -> 0 | F10: =E10-I10 -> 0 | G10: =SUMIF('취약점 진단 항목별 통계'!$A:$A,$A10&"*",'취약점 진단 항목별 통계'!$G:$G)+SUMIF('취약점 진단 항목별 통계'!$A:$A,$A10&"*",'취약점 진단 항목별 통계'!$H:$H) -> 0 | H10: =SUMIF('취약점 진단 항목별 통계'!$A:$A,$A10&"*",'취약점 진단 항목별 통계'!$I:$I) -> 0 | I10: =SUMIF('취약점 진단 항목별 통계'!$A:$A,$A10&"*",'취약점 진단 항목별 통계'!$J:$J) -> 0 | J10: =SUMIF('취약점 진단 항목별 통계 (이행)'!$A:$A,$A10&"*",'취약점 진단 항목별 통계 (이행)'!$K:$K) -> 0 | K10: =SUMIF('취약점 진단 항목별 통계 (이행)'!$A:$A,$A10&"*",'취약점 진단 항목별 통계 (이행)'!$L:$L) -> 0 | L10: =SUMIF('취약점 진단 항목별 통계 (이행)'!$A:$A,$A10&"*",'취약점 진단 항목별 통계 (이행)'!$M:$M) -> 0 | M10: =SUMIF('취약점 진단 항목별 통계 (이행)'!$A:$A,$A10&"*",'취약점 진단 항목별 통계 (이행)'!$N:$N) -> 0 | N10: =K10+L10 -> 0 | O10: =SUMIF('취약점 진단 항목별 통계 (이행)'!$A:$A,$A10&"*",'취약점 진단 항목별 통계 (이행)'!$O:$O) -> 0 | P10: =SUMIF('취약점 진단 항목별 통계 (이행)'!$A:$A,$A10&"*",'취약점 진단 항목별 통계 (이행)'!$P:$P) -> 0 | Q10: =SUMIF('취약점 진단 항목별 통계 (이행)'!$A:$A,$A10&"*",'취약점 진단 항목별 통계 (이행)'!$Q:$Q) -> 0 | R10: =SUMIF('취약점 진단 항목별 통계 (이행)'!$A:$A,$A10&"*",'취약점 진단 항목별 통계 (이행)'!$R:$R) -> 0 | S10: =IFERROR($J10/($H10-(M10-I10)),"N/A") -> N/A | T10: =IF($I10=$E10, "N/A", (Q10/O10)) -> N/A | U10: =IF(OR($I10=$E10,$E10=$M10),"N/A", ($R10/$P10)) -> N/A
A11: 계 | E11: =SUM(E6:E10) -> 104 | F11: =SUM(F6:F10) -> 50 | G11: =SUM(G6:G10) -> 34 | H11: =SUM(H6:H10) -> 4 | I11: =SUM(I6:I10) -> 54 | J11: =SUM(J6:J10) -> 4 | K11: =SUM(K6:K10) -> 4 | L11: =SUM(L6:L10) -> 0 | ... R11: =SUM(R6:R10) -> 104 | S11: =IFERROR($J11/($H11-(M11-I11)),"N/A") -> 0.13793103 | T11: =IF($I11=$E11, "N/A", (Q11/O11)) -> 0.69117647 | U11: =IF(OR($I11=$E11,$E11=$M11),"N/A", ($R11/$P11)) -> 0.56216216
A39: 2) 장비별 보안수준
A40: 장비 구분 | E40: 진단 결과 | J40: 이행 결과 | O40: 중요도점수
E41: 전체항목 | F41: 진단항목 | G41: 양호 | H41: 취약 | I41: 해당없음 | J41: 조치 | K41: 미조치 | L41: 위험수용 | M41: 해당없음 | N41: 잔여취약점 (미조치+위험수용) | O41: 전체점수 (이행전) | P41: 전체점수 (이행후) | Q41: 평가점수 (이행전) | R41: 평가점수 (이행후) | S41: 이행율 | T41: 보안수준 (이행 전) | U41: 보안수준 (이행 후)
A42: =HYPERLINK("[" & MID(CELL("filename"),SEARCH("[",CELL("filename"))+1, SEARCH("]",CELL("filename"))-SEARCH("[",CELL("filename"))-1) & "]" & INDIRECT(ADDRESS(ROW()-37,2,1,TRUE,"자산목록")) & "!A1",INDIRECT(ADDRESS(ROW()-37,2,1,TRUE,"자산목록"))) -> DB_HQ_Rocky | C42: =IFERROR(VLOOKUP($A42,자산목록!$B$1:$M$832,6,FALSE),"-") -> MySQL Server | E42: =IFERROR(INDIRECT(ADDRESS(17, 4, 1,TRUE,$A42)),0) -> 26 | F42: =E42-I42 -> 11 | G42: =IFERROR(INDIRECT(ADDRESS(17,5, 1,TRUE,$A42)),0) -> 7 | H42: =IFERROR(INDIRECT(ADDRESS(17,6, 1,TRUE,$A42)),0) -> 2 | I42: =IFERROR(INDIRECT(ADDRESS(17,7, 1,TRUE,$A42)),0) -> 15 | J42: =IFERROR(INDIRECT(ADDRESS(17,10, 1,TRUE,$A42)),0) -> 2 | K42: =IFERROR(INDIRECT(ADDRESS(17,11, 1,TRUE,$A42)),0) -> 2 | L42: =IFERROR(INDIRECT(ADDRESS(17,12, 1,TRUE,$A42)),0) -> 0 | M42: =IFERROR(INDIRECT(ADDRESS(17,13, 1,TRUE,$A42)),0) -> 15 | N42: =K42+L42 -> 2 | O42: =IFERROR(INDIRECT(ADDRESS(17,18, 1,TRUE,$A42)),0) -> 27 | P42: =IFERROR(INDIRECT(ADDRESS(17,21, 1,TRUE,$A42)),0) -> 32 | Q42: =IFERROR(INDIRECT(ADDRESS(17,19, 1,TRUE,$A42)),0) -> 17 | R42: =IFERROR(INDIRECT(ADDRESS(17,20, 1,TRUE,$A42)),0) -> 22 | S42: =IFERROR(INDIRECT(ADDRESS(17,14, 1,TRUE,$A42)),0) -> 1 | T42: =IFERROR(INDIRECT(ADDRESS(17,8, 1,TRUE,$A42)),0) -> 0.62962963 | U42: =IFERROR(INDIRECT(ADDRESS(17,15, 1,TRUE,$A42)),0) -> 0.6875
A43: =HYPERLINK("[" & MID(CELL("filename"),SEARCH("[",CELL("filename"))+1, SEARCH("]",CELL("filename"))-SEARCH("[",CELL("filename"))-1) & "]" & INDIRECT(ADDRESS(ROW()-37,2,1,TRUE,"자산목록")) & "!A1",INDIRECT(ADDRESS(ROW()-37,2,1,TRUE,"자산목록"))) -> DB_BR_Rocky | C43: =IFERROR(VLOOKUP($A43,자산목록!$B$1:$M$832,6,FALSE),"-") -> MariaDB Server | E43: =IFERROR(INDIRECT(ADDRESS(17, 4, 1,TRUE,$A43)),0) -> 26 | F43: =E43-I43 -> 11 | G43: =IFERROR(INDIRECT(ADDRESS(17,5, 1,TRUE,$A43)),0) -> 7 | H43: =IFERROR(INDIRECT(ADDRESS(17,6, 1,TRUE,$A43)),0) -> 2 | I43: =IFERROR(INDIRECT(ADDRESS(17,7, 1,TRUE,$A43)),0) -> 15 | J43: =IFERROR(INDIRECT(ADDRESS(17,10, 1,TRUE,$A43)),0) -> 2 | K43: =IFERROR(INDIRECT(ADDRESS(17,11, 1,TRUE,$A43)),0) -> 2 | L43: =IFERROR(INDIRECT(ADDRESS(17,12, 1,TRUE,$A43)),0) -> 0 | M43: =IFERROR(INDIRECT(ADDRESS(17,13, 1,TRUE,$A43)),0) -> 14 | N43: =K43+L43 -> 2 | O43: =IFERROR(INDIRECT(ADDRESS(17,18, 1,TRUE,$A43)),0) -> 27 | P43: =IFERROR(INDIRECT(ADDRESS(17,21, 1,TRUE,$A43)),0) -> 32 | Q43: =IFERROR(INDIRECT(ADDRESS(17,19, 1,TRUE,$A43)),0) -> 17 | R43: =IFERROR(INDIRECT(ADDRESS(17,20, 1,TRUE,$A43)),0) -> 22 | S43: =IFERROR(INDIRECT(ADDRESS(17,14, 1,TRUE,$A43)),0) -> 0.66666667 | T43: =IFERROR(INDIRECT(ADDRESS(17,8, 1,TRUE,$A43)),0) -> 0.62962963 | U43: =IFERROR(INDIRECT(ADDRESS(17,15, 1,TRUE,$A43)),0) -> 0.6875
A44: =HYPERLINK("[" & MID(CELL("filename"),SEARCH("[",CELL("filename"))+1, SEARCH("]",CELL("filename"))-SEARCH("[",CELL("filename"))-1) & "]" & INDIRECT(ADDRESS(ROW()-37,2,1,TRUE,"자산목록")) & "!A1",INDIRECT(ADDRESS(ROW()-37,2,1,TRUE,"자산목록"))) -> BDB_HQ_Rocky | C44: =IFERROR(VLOOKUP($A44,자산목록!$B$1:$M$832,6,FALSE),"-") -> MySQL Server | E44: =IFERROR(INDIRECT(ADDRESS(17, 4, 1,TRUE,$A44)),0) -> 26 | F44: =E44-I44 -> 14 | G44: =IFERROR(INDIRECT(ADDRESS(17,5, 1,TRUE,$A44)),0) -> 9 | H44: =IFERROR(INDIRECT(ADDRESS(17,6, 1,TRUE,$A44)),0) -> 0 | I44: =IFERROR(INDIRECT(ADDRESS(17,7, 1,TRUE,$A44)),0) -> 12 | J44: =IFERROR(INDIRECT(ADDRESS(17,10, 1,TRUE,$A44)),0) -> 0 | K44: =IFERROR(INDIRECT(ADDRESS(17,11, 1,TRUE,$A44)),0) -> 0 | L44: =IFERROR(INDIRECT(ADDRESS(17,12, 1,TRUE,$A44)),0) -> 0 | M44: =IFERROR(INDIRECT(ADDRESS(17,13, 1,TRUE,$A44)),0) -> 0 | N44: =K44+L44 -> 0 | O44: =IFERROR(INDIRECT(ADDRESS(17,18, 1,TRUE,$A44)),0) -> 32 | P44: =IFERROR(INDIRECT(ADDRESS(17,21, 1,TRUE,$A44)),0) -> 55 | Q44: =IFERROR(INDIRECT(ADDRESS(17,19, 1,TRUE,$A44)),0) -> 24 | R44: =IFERROR(INDIRECT(ADDRESS(17,20, 1,TRUE,$A44)),0) -> 0 | S44: =IFERROR(INDIRECT(ADDRESS(17,14, 1,TRUE,$A44)),0) -> 0 | T44: =IFERROR(INDIRECT(ADDRESS(17,8, 1,TRUE,$A44)),0) -> 0.75
A45: =HYPERLINK("[" & MID(CELL("filename"),SEARCH("[",CELL("filename"))+1, SEARCH("]",CELL("filename"))-SEARCH("[",CELL("filename"))-1) & "]" & INDIRECT(ADDRESS(ROW()-37,2,1,TRUE,"자산목록")) & "!A1",INDIRECT(ADDRESS(ROW()-37,2,1,TRUE,"자산목록"))) -> BDB_BR_Rocky | C45: =IFERROR(VLOOKUP($A45,자산목록!$B$1:$M$832,6,FALSE),"-") -> MariaDB Server | E45: =IFERROR(INDIRECT(ADDRESS(17, 4, 1,TRUE,$A45)),0) -> 26 | F45: =E45-I45 -> 14 | G45: =IFERROR(INDIRECT(ADDRESS(17,5, 1,TRUE,$A45)),0) -> 11 | H45: =IFERROR(INDIRECT(ADDRESS(17,6, 1,TRUE,$A45)),0) -> 0 | I45: =IFERROR(INDIRECT(ADDRESS(17,7, 1,TRUE,$A45)),0) -> 12 | J45: =IFERROR(INDIRECT(ADDRESS(17,10, 1,TRUE,$A45)),0) -> 0 | K45: =IFERROR(INDIRECT(ADDRESS(17,11, 1,TRUE,$A45)),0) -> 0 | L45: =IFERROR(INDIRECT(ADDRESS(17,12, 1,TRUE,$A45)),0) -> 0 | M45: =IFERROR(INDIRECT(ADDRESS(17,13, 1,TRUE,$A45)),0) -> 0 | N45: =K45+L45 -> 0 | O45: =IFERROR(INDIRECT(ADDRESS(17,18, 1,TRUE,$A45)),0) -> 32 | P45: =IFERROR(INDIRECT(ADDRESS(17,21, 1,TRUE,$A45)),0) -> 55 | Q45: =IFERROR(INDIRECT(ADDRESS(17,19, 1,TRUE,$A45)),0) -> 27 | R45: =IFERROR(INDIRECT(ADDRESS(17,20, 1,TRUE,$A45)),0) -> 0 | S45: =IFERROR(INDIRECT(ADDRESS(17,14, 1,TRUE,$A45)),0) -> 0 | T45: =IFERROR(INDIRECT(ADDRESS(17,8, 1,TRUE,$A45)),0) -> 0.84375 | U45: =IFERROR(INDIRECT(ADDRESS(17,15, 1,TRUE,$A45)),0) -> 0
A46: 계 | E46: =SUM(E42:E45) -> 104 | F46: =SUM(F42:F45) -> 50 | G46: =SUM(G42:G45) -> 34 | H46: =SUM(H42:H45) -> 4 | I46: =SUM(I42:I45) -> 54 | J46: =SUM(J42:J45) -> 4 | K46: =SUM(K42:K45) -> 4 | L46: =SUM(L42:L45) -> 0 | ... R46: =SUM(R42:R45) -> 44 | S46: =IFERROR($J46/($H46-(M46-I46)),"N/A") -> 0.13793103 | T46: =IF($I46=$E46, "N/A", (Q46/O46)) -> 0.72033898 | U46: =IF(OR($I46=$E46,$E46=$M46),"N/A", ($R46/$P46)) -> 0.25287356

Sheet 취약점 진단 항목별 통계 (이행)
A1: ■ 취약점 진단 항목별 통계
A3: =ChkList!A4 -> 분류 | C3: =ChkList!C4 -> 진단항목 | D3: =ChkList!D4 -> 중요도 | F3: 진단 통계 | K3: 이행 진단 통계 | O3: 중요도 점수 | S3: 진단결과 | T3: 진단결과 | U3: 진단결과 | V3: 진단결과
F4: 전체 | G4: 양호 | H4: 즉시조치 | I4: 취약 | J4: N/A | K4: 조치 | L4: 미조치 | M4: 위험수용 | N4: N/A | O4: 전체이행전 | P4: 전체이행후 | Q4: 평가이행전 | R4: 평가이행후 | S4: =HYPERLINK("[" & MID(CELL("filename"),SEARCH("[",CELL("filename"))+1, SEARCH("]",CELL("filename"))-SEARCH("[",CELL("filename"))-1) & "]" & INDIRECT(ADDRESS(COLUMN()-14,2,1,TRUE,"자산목록")) & "!A1",INDIRECT(ADDRESS(COLUMN()-14,2,1,TRUE,"자산목록"))) -> DB_HQ_Rocky | T4: =HYPERLINK("[" & MID(CELL("filename"),SEARCH("[",CELL("filename"))+1, SEARCH("]",CELL("filename"))-SEARCH("[",CELL("filename"))-1) & "]" & INDIRECT(ADDRESS(COLUMN()-14,2,1,TRUE,"자산목록")) & "!A1",INDIRECT(ADDRESS(COLUMN()-14,2,1,TRUE,"자산목록"))) -> DB_BR_Rocky | U4: =HYPERLINK("[" & MID(CELL("filename"),SEARCH("[",CELL("filename"))+1, SEARCH("]",CELL("filename"))-SEARCH("[",CELL("filename"))-1) & "]" & INDIRECT(ADDRESS(COLUMN()-14,2,1,TRUE,"자산목록")) & "!A1",INDIRECT(ADDRESS(COLUMN()-14,2,1,TRUE,"자산목록"))) -> BDB_HQ_Rocky | V4: =HYPERLINK("[" & MID(CELL("filename"),SEARCH("[",CELL("filename"))+1, SEARCH("]",CELL("filename"))-SEARCH("[",CELL("filename"))-1) & "]" & INDIRECT(ADDRESS(COLUMN()-14,2,1,TRUE,"자산목록")) & "!A1",INDIRECT(ADDRESS(COLUMN()-14,2,1,TRUE,"자산목록"))) -> BDB_BR_Rocky
A5: =ChkList!A5 -> 계정 관리 | B5: =ChkList!$B5 -> D-01 | C5: =ChkList!$C5 -> 기본 계정의 비밀번호, 정책 등을 변경하여 사용 | D5: =ChkList!$D5 -> H | E5: =ChkList!E5 -> 3 | F5: =COUNTA($S5:INDIRECT(ADDRESS(ROW(),MATCH("",$4:$4,-1),1,1))) -> 4 | G5: ='취약점 진단 항목별 통계'!G5 -> 4 | H5: ='취약점 진단 항목별 통계'!H5 -> 0 | I5: ='취약점 진단 항목별 통계'!I5 -> 0 | J5: ='취약점 진단 항목별 통계'!J5 -> 0 | K5: =COUNTIF($S5:INDIRECT(ADDRESS(ROW(),MATCH("",$4:$4,-1),1,1)),"조치") -> 0 | L5: =COUNTIF($S5:INDIRECT(ADDRESS(ROW(),MATCH("",$4:$4,-1),1,1)),"미조치") -> 0 | M5: =COUNTIF($S5:INDIRECT(ADDRESS(ROW(),MATCH("",$4:$4,-1),1,1)),"위험수용") -> 0 | N5: =COUNTIF($S5:INDIRECT(ADDRESS(ROW(),MATCH("",$4:$4,-1),1,1)),"N/A") -> 0 | O5: =VLOOKUP($D5,'parm(hidden)'!$B$8:$C$10,2,FALSE)*($F5-$J5) -> 12 | P5: =VLOOKUP($D5,'parm(hidden)'!$B$8:$C$10,2,FALSE)*($F5-$N5) -> 12 | Q5: =VLOOKUP($D5,'parm(hidden)'!$B$8:$C$10,2,FALSE)*($G5+$H5) -> 12 | R5: =VLOOKUP($D5,'parm(hidden)'!$B$8:$C$10,2,FALSE)*($G5+$H5+$K5) -> 12 | S5: =HYPERLINK("[" & MID(CELL("filename"),SEARCH("[",CELL("filename"))+1, SEARCH("]",CELL("filename"))-SEARCH("[",CELL("filename"))-1) & "]" & ADDRESS(ROW()+16,11,1,TRUE,S$4),INDIRECT(ADDRESS(ROW()+16,11,1,TRUE,S$4))) -> Y | T5: =HYPERLINK("[" & MID(CELL("filename"),SEARCH("[",CELL("filename"))+1, SEARCH("]",CELL("filename"))-SEARCH("[",CELL("filename"))-1) & "]" & ADDRESS(ROW()+16,11,1,TRUE,T$4),INDIRECT(ADDRESS(ROW()+16,11,1,TRUE,T$4))) -> Y | U5: =HYPERLINK("[" & MID(CELL("filename"),SEARCH("[",CELL("filename"))+1, SEARCH("]",CELL("filename"))-SEARCH("[",CELL("filename"))-1) & "]" & ADDRESS(ROW()+16,11,1,TRUE,U$4),INDIRECT(ADDRESS(ROW()+16,11,1,TRUE,U$4))) | V5: =HYPERLINK("[" & MID(CELL("filename"),SEARCH("[",CELL("filename"))+1, SEARCH("]",CELL("filename"))-SEARCH("[",CELL("filename"))-1) & "]" & ADDRESS(ROW()+16,11,1,TRUE,V$4),INDIRECT(ADDRESS(ROW()+16,11,1,TRUE,V$4)))
A6: =ChkList!A6 -> 계정 관리 | B6: =ChkList!$B6 -> D-02 | C6: =ChkList!$C6 -> 데이터베이스의 불필요 계정을 제거하거나, 잠금설정 후 사용 | D6: =ChkList!$D6 -> H | E6: =ChkList!E6 -> 3 | F6: =COUNTA($S6:INDIRECT(ADDRESS(ROW(),MATCH("",$4:$4,-1),1,1))) -> 4 | G6: ='취약점 진단 항목별 통계'!G6 -> 4 | H6: ='취약점 진단 항목별 통계'!H6 -> 0 | I6: ='취약점 진단 항목별 통계'!I6 -> 0 | J6: ='취약점 진단 항목별 통계'!J6 -> 0 | K6: =COUNTIF($S6:INDIRECT(ADDRESS(ROW(),MATCH("",$4:$4,-1),1,1)),"조치") -> 0 | L6: =COUNTIF($S6:INDIRECT(ADDRESS(ROW(),MATCH("",$4:$4,-1),1,1)),"미조치") -> 0 | M6: =COUNTIF($S6:INDIRECT(ADDRESS(ROW(),MATCH("",$4:$4,-1),1,1)),"위험수용") -> 0 | N6: =COUNTIF($S6:INDIRECT(ADDRESS(ROW(),MATCH("",$4:$4,-1),1,1)),"N/A") -> 0 | O6: =VLOOKUP($D6,'parm(hidden)'!$B$8:$C$10,2,FALSE)*($F6-$J6) -> 12 | P6: =VLOOKUP($D6,'parm(hidden)'!$B$8:$C$10,2,FALSE)*($F6-$N6) -> 12 | Q6: =VLOOKUP($D6,'parm(hidden)'!$B$8:$C$10,2,FALSE)*($G6+$H6) -> 12 | R6: =VLOOKUP($D6,'parm(hidden)'!$B$8:$C$10,2,FALSE)*($G6+$H6+$K6) -> 12 | S6: =HYPERLINK("[" & MID(CELL("filename"),SEARCH("[",CELL("filename"))+1, SEARCH("]",CELL("filename"))-SEARCH("[",CELL("filename"))-1) & "]" & ADDRESS(ROW()+16,11,1,TRUE,S$4),INDIRECT(ADDRESS(ROW()+16,11,1,TRUE,S$4))) -> Y | T6: =HYPERLINK("[" & MID(CELL("filename"),SEARCH("[",CELL("filename"))+1, SEARCH("]",CELL("filename"))-SEARCH("[",CELL("filename"))-1) & "]" & ADDRESS(ROW()+16,11,1,TRUE,T$4),INDIRECT(ADDRESS(ROW()+16,11,1,TRUE,T$4))) -> Y | U6: =HYPERLINK("[" & MID(CELL("filename"),SEARCH("[",CELL("filename"))+1, SEARCH("]",CELL("filename"))-SEARCH("[",CELL("filename"))-1) & "]" & ADDRESS(ROW()+16,11,1,TRUE,U$4),INDIRECT(ADDRESS(ROW()+16,11,1,TRUE,U$4))) | V6: =HYPERLINK("[" & MID(CELL("filename"),SEARCH("[",CELL("filename"))+1, SEARCH("]",CELL("filename"))-SEARCH("[",CELL("filename"))-1) & "]" & ADDRESS(ROW()+16,11,1,TRUE,V$4),INDIRECT(ADDRESS(ROW()+16,11,1,TRUE,V$4)))
A7: =ChkList!A7 -> 계정 관리 | B7: =ChkList!$B7 -> D-03 | C7: =ChkList!$C7 -> 비밀번호 사용 기간 및 복잡도를 기관의 정책에 맞도록 설정 | D7: =ChkList!$D7 -> H | E7: =ChkList!E7 -> 3 | F7: =COUNTA($S7:INDIRECT(ADDRESS(ROW(),MATCH("",$4:$4,-1),1,1))) -> 4 | G7: ='취약점 진단 항목별 통계'!G7 -> 1 | H7: ='취약점 진단 항목별 통계'!H7 -> 0 | I7: ='취약점 진단 항목별 통계'!I7 -> 0 | J7: ='취약점 진단 항목별 통계'!J7 -> 0 | K7: =COUNTIF($S7:INDIRECT(ADDRESS(ROW(),MATCH("",$4:$4,-1),1,1)),"조치") -> 0 | L7: =COUNTIF($S7:INDIRECT(ADDRESS(ROW(),MATCH("",$4:$4,-1),1,1)),"미조치") -> 2 | M7: =COUNTIF($S7:INDIRECT(ADDRESS(ROW(),MATCH("",$4:$4,-1),1,1)),"위험수용") -> 0 | N7: =COUNTIF($S7:INDIRECT(ADDRESS(ROW(),MATCH("",$4:$4,-1),1,1)),"N/A") -> 0 | O7: =VLOOKUP($D7,'parm(hidden)'!$B$8:$C$10,2,FALSE)*($F7-$J7) -> 12 | P7: =VLOOKUP($D7,'parm(hidden)'!$B$8:$C$10,2,FALSE)*($F7-$N7) -> 12 | Q7: =VLOOKUP($D7,'parm(hidden)'!$B$8:$C$10,2,FALSE)*($G7+$H7) -> 3 | R7: =VLOOKUP($D7,'parm(hidden)'!$B$8:$C$10,2,FALSE)*($G7+$H7+$K7) -> 3 | S7: =HYPERLINK("[" & MID(CELL("filename"),SEARCH("[",CELL("filename"))+1, SEARCH("]",CELL("filename"))-SEARCH("[",CELL("filename"))-1) & "]" & ADDRESS(ROW()+16,11,1,TRUE,S$4),INDIRECT(ADDRESS(ROW()+16,11,1,TRUE,S$4))) -> 미조치 | T7: =HYPERLINK("[" & MID(CELL("filename"),SEARCH("[",CELL("filename"))+1, SEARCH("]",CELL("filename"))-SEARCH("[",CELL("filename"))-1) & "]" & ADDRESS(ROW()+16,11,1,TRUE,T$4),INDIRECT(ADDRESS(ROW()+16,11,1,TRUE,T$4))) -> 미조치 | U7: =HYPERLINK("[" & MID(CELL("filename"),SEARCH("[",CELL("filename"))+1, SEARCH("]",CELL("filename"))-SEARCH("[",CELL("filename"))-1) & "]" & ADDRESS(ROW()+16,11,1,TRUE,U$4),INDIRECT(ADDRESS(ROW()+16,11,1,TRUE,U$4))) | V7: =HYPERLINK("[" & MID(CELL("filename"),SEARCH("[",CELL("filename"))+1, SEARCH("]",CELL("filename"))-SEARCH("[",CELL("filename"))-1) & "]" & ADDRESS(ROW()+16,11,1,TRUE,V$4),INDIRECT(ADDRESS(ROW()+16,11,1,TRUE,V$4)))
A8: =ChkList!A8 -> 계정 관리 | B8: =ChkList!$B8 -> D-04 | C8: =ChkList!$C8 -> 데이터베이스 관리자 권한을 꼭 필요한 계정 및 그룹에 대해서만 허용 | D8: =ChkList!$D8 -> H | E8: =ChkList!E8 -> 3 | F8: =COUNTA($S8:INDIRECT(ADDRESS(ROW(),MATCH("",$4:$4,-1),1,1))) -> 4 | G8: ='취약점 진단 항목별 통계'!G8 -> 4 | H8: ='취약점 진단 항목별 통계'!H8 -> 0 | I8: ='취약점 진단 항목별 통계'!I8 -> 0 | J8: ='취약점 진단 항목별 통계'!J8 -> 0 | K8: =COUNTIF($S8:INDIRECT(ADDRESS(ROW(),MATCH("",$4:$4,-1),1,1)),"조치") -> 0 | L8: =COUNTIF($S8:INDIRECT(ADDRESS(ROW(),MATCH("",$4:$4,-1),1,1)),"미조치") -> 0 | M8: =COUNTIF($S8:INDIRECT(ADDRESS(ROW(),MATCH("",$4:$4,-1),1,1)),"위험수용") -> 0 | N8: =COUNTIF($S8:INDIRECT(ADDRESS(ROW(),MATCH("",$4:$4,-1),1,1)),"N/A") -> 0 | O8: =VLOOKUP($D8,'parm(hidden)'!$B$8:$C$10,2,FALSE)*($F8-$J8) -> 12 | P8: =VLOOKUP($D8,'parm(hidden)'!$B$8:$C$10,2,FALSE)*($F8-$N8) -> 12 | Q8: =VLOOKUP($D8,'parm(hidden)'!$B$8:$C$10,2,FALSE)*($G8+$H8) -> 12 | R8: =VLOOKUP($D8,'parm(hidden)'!$B$8:$C$10,2,FALSE)*($G8+$H8+$K8) -> 12 | S8: =HYPERLINK("[" & MID(CELL("filename"),SEARCH("[",CELL("filename"))+1, SEARCH("]",CELL("filename"))-SEARCH("[",CELL("filename"))-1) & "]" & ADDRESS(ROW()+16,11,1,TRUE,S$4),INDIRECT(ADDRESS(ROW()+16,11,1,TRUE,S$4))) -> Y | T8: =HYPERLINK("[" & MID(CELL("filename"),SEARCH("[",CELL("filename"))+1, SEARCH("]",CELL("filename"))-SEARCH("[",CELL("filename"))-1) & "]" & ADDRESS(ROW()+16,11,1,TRUE,T$4),INDIRECT(ADDRESS(ROW()+16,11,1,TRUE,T$4))) -> Y | U8: =HYPERLINK("[" & MID(CELL("filename"),SEARCH("[",CELL("filename"))+1, SEARCH("]",CELL("filename"))-SEARCH("[",CELL("filename"))-1) & "]" & ADDRESS(ROW()+16,11,1,TRUE,U$4),INDIRECT(ADDRESS(ROW()+16,11,1,TRUE,U$4))) | V8: =HYPERLINK("[" & MID(CELL("filename"),SEARCH("[",CELL("filename"))+1, SEARCH("]",CELL("filename"))-SEARCH("[",CELL("filename"))-1) & "]" & ADDRESS(ROW()+16,11,1,TRUE,V$4),INDIRECT(ADDRESS(ROW()+16,11,1,TRUE,V$4)))
A9: =ChkList!A9 -> 계정 관리 | B9: =ChkList!$B9 -> D-05 | C9: =ChkList!$C9 -> 비밀번호 재사용에 대한 제약 설정 | D9: =ChkList!$D9 -> M | E9: =ChkList!E9 -> 2 | F9: =COUNTA($S9:INDIRECT(ADDRESS(ROW(),MATCH("",$4:$4,-1),1,1))) -> 4 | G9: ='취약점 진단 항목별 통계'!G9 -> 0 | H9: ='취약점 진단 항목별 통계'!H9 -> 0 | I9: ='취약점 진단 항목별 통계'!I9 -> 0 | J9: ='취약점 진단 항목별 통계'!J9 -> 4 | K9: =COUNTIF($S9:INDIRECT(ADDRESS(ROW(),MATCH("",$4:$4,-1),1,1)),"조치") -> 0 | L9: =COUNTIF($S9:INDIRECT(ADDRESS(ROW(),MATCH("",$4:$4,-1),1,1)),"미조치") -> 0 | M9: =COUNTIF($S9:INDIRECT(ADDRESS(ROW(),MATCH("",$4:$4,-1),1,1)),"위험수용") -> 0 | N9: =COUNTIF($S9:INDIRECT(ADDRESS(ROW(),MATCH("",$4:$4,-1),1,1)),"N/A") -> 2 | O9: =VLOOKUP($D9,'parm(hidden)'!$B$8:$C$10,2,FALSE)*($F9-$J9) -> 0 | P9: =VLOOKUP($D9,'parm(hidden)'!$B$8:$C$10,2,FALSE)*($F9-$N9) -> 4 | Q9: =VLOOKUP($D9,'parm(hidden)'!$B$8:$C$10,2,FALSE)*($G9+$H9) -> 0 | R9: =VLOOKUP($D9,'parm(hidden)'!$B$8:$C$10,2,FALSE)*($G9+$H9+$K9) -> 0 | S9: =HYPERLINK("[" & MID(CELL("filename"),SEARCH("[",CELL("filename"))+1, SEARCH("]",CELL("filename"))-SEARCH("[",CELL("filename"))-1) & "]" & ADDRESS(ROW()+16,11,1,TRUE,S$4),INDIRECT(ADDRESS(ROW()+16,11,1,TRUE,S$4))) -> N/A | T9: =HYPERLINK("[" & MID(CELL("filename"),SEARCH("[",CELL("filename"))+1, SEARCH("]",CELL("filename"))-SEARCH("[",CELL("filename"))-1) & "]" & ADDRESS(ROW()+16,11,1,TRUE,T$4),INDIRECT(ADDRESS(ROW()+16,11,1,TRUE,T$4))) -> N/A | U9: =HYPERLINK("[" & MID(CELL("filename"),SEARCH("[",CELL("filename"))+1, SEARCH("]",CELL("filename"))-SEARCH("[",CELL("filename"))-1) & "]" & ADDRESS(ROW()+16,11,1,TRUE,U$4),INDIRECT(ADDRESS(ROW()+16,11,1,TRUE,U$4))) | V9: =HYPERLINK("[" & MID(CELL("filename"),SEARCH("[",CELL("filename"))+1, SEARCH("]",CELL("filename"))-SEARCH("[",CELL("filename"))-1) & "]" & ADDRESS(ROW()+16,11,1,TRUE,V$4),INDIRECT(ADDRESS(ROW()+16,11,1,TRUE,V$4)))
A10: =ChkList!A10 -> 계정 관리 | B10: =ChkList!$B10 -> D-06 | C10: =ChkList!$C10 -> DB 사용자 계정을 개별적으로 부여하여 사용 | D10: =ChkList!$D10 -> M | E10: =ChkList!E10 -> 2 | F10: =COUNTA($S10:INDIRECT(ADDRESS(ROW(),MATCH("",$4:$4,-1),1,1))) -> 4 | G10: ='취약점 진단 항목별 통계'!G10 -> 2 | H10: ='취약점 진단 항목별 통계'!H10 -> 0 | I10: ='취약점 진단 항목별 통계'!I10 -> 2 | J10: ='취약점 진단 항목별 통계'!J10 -> 0 | K10: =COUNTIF($S10:INDIRECT(ADDRESS(ROW(),MATCH("",$4:$4,-1),1,1)),"조치") -> 2 | L10: =COUNTIF($S10:INDIRECT(ADDRESS(ROW(),MATCH("",$4:$4,-1),1,1)),"미조치") -> 0 | M10: =COUNTIF($S10:INDIRECT(ADDRESS(ROW(),MATCH("",$4:$4,-1),1,1)),"위험수용") -> 0 | N10: =COUNTIF($S10:INDIRECT(ADDRESS(ROW(),MATCH("",$4:$4,-1),1,1)),"N/A") -> 0 | O10: =VLOOKUP($D10,'parm(hidden)'!$B$8:$C$10,2,FALSE)*($F10-$J10) -> 8 | P10: =VLOOKUP($D10,'parm(hidden)'!$B$8:$C$10,2,FALSE)*($F10-$N10) -> 8 | Q10: =VLOOKUP($D10,'parm(hidden)'!$B$8:$C$10,2,FALSE)*($G10+$H10) -> 4 | R10: =VLOOKUP($D10,'parm(hidden)'!$B$8:$C$10,2,FALSE)*($G10+$H10+$K10) -> 8 | S10: =HYPERLINK("[" & MID(CELL("filename"),SEARCH("[",CELL("filename"))+1, SEARCH("]",CELL("filename"))-SEARCH("[",CELL("filename"))-1) & "]" & ADDRESS(ROW()+16,11,1,TRUE,S$4),INDIRECT(ADDRESS(ROW()+16,11,1,TRUE,S$4))) -> 조치 | T10: =HYPERLINK("[" & MID(CELL("filename"),SEARCH("[",CELL("filename"))+1, SEARCH("]",CELL("filename"))-SEARCH("[",CELL("filename"))-1) & "]" & ADDRESS(ROW()+16,11,1,TRUE,T$4),INDIRECT(ADDRESS(ROW()+16,11,1,TRUE,T$4))) -> 조치 | U10: =HYPERLINK("[" & MID(CELL("filename"),SEARCH("[",CELL("filename"))+1, SEARCH("]",CELL("filename"))-SEARCH("[",CELL("filename"))-1) & "]" & ADDRESS(ROW()+16,11,1,TRUE,U$4),INDIRECT(ADDRESS(ROW()+16,11,1,TRUE,U$4))) | V10: =HYPERLINK("[" & MID(CELL("filename"),SEARCH("[",CELL("filename"))+1, SEARCH("]",CELL("filename"))-SEARCH("[",CELL("filename"))-1) & "]" & ADDRESS(ROW()+16,11,1,TRUE,V$4),INDIRECT(ADDRESS(ROW()+16,11,1,TRUE,V$4)))
A11: =ChkList!A11 -> 계정 관리 | B11: =ChkList!$B11 -> D-07 | C11: =ChkList!$C11 -> root 권한으로 서비스 구동 제한 | D11: =ChkList!$D11 -> M | E11: =ChkList!E11 -> 2 | F11: =COUNTA($S11:INDIRECT(ADDRESS(ROW(),MATCH("",$4:$4,-1),1,1))) -> 4 | G11: ='취약점 진단 항목별 통계'!G11 -> 2 | H11: ='취약점 진단 항목별 통계'!H11 -> 0 | I11: ='취약점 진단 항목별 통계'!I11 -> 0 | J11: ='취약점 진단 항목별 통계'!J11 -> 0 | K11: =COUNTIF($S11:INDIRECT(ADDRESS(ROW(),MATCH("",$4:$4,-1),1,1)),"조치") -> 0 | L11: =COUNTIF($S11:INDIRECT(ADDRESS(ROW(),MATCH("",$4:$4,-1),1,1)),"미조치") -> 2 | M11: =COUNTIF($S11:INDIRECT(ADDRESS(ROW(),MATCH("",$4:$4,-1),1,1)),"위험수용") -> 0 | N11: =COUNTIF($S11:INDIRECT(ADDRESS(ROW(),MATCH("",$4:$4,-1),1,1)),"N/A") -> 0 | O11: =VLOOKUP($D11,'parm(hidden)'!$B$8:$C$10,2,FALSE)*($F11-$J11) -> 8 | P11: =VLOOKUP($D11,'parm(hidden)'!$B$8:$C$10,2,FALSE)*($F11-$N11) -> 8 | Q11: =VLOOKUP($D11,'parm(hidden)'!$B$8:$C$10,2,FALSE)*($G11+$H11) -> 4 | R11: =VLOOKUP($D11,'parm(hidden)'!$B$8:$C$10,2,FALSE)*($G11+$H11+$K11) -> 4 | S11: =HYPERLINK("[" & MID(CELL("filename"),SEARCH("[",CELL("filename"))+1, SEARCH("]",CELL("filename"))-SEARCH("[",CELL("filename"))-1) & "]" & ADDRESS(ROW()+16,11,1,TRUE,S$4),INDIRECT(ADDRESS(ROW()+16,11,1,TRUE,S$4))) -> 미조치 | T11: =HYPERLINK("[" & MID(CELL("filename"),SEARCH("[",CELL("filename"))+1, SEARCH("]",CELL("filename"))-SEARCH("[",CELL("filename"))-1) & "]" & ADDRESS(ROW()+16,11,1,TRUE,T$4),INDIRECT(ADDRESS(ROW()+16,11,1,TRUE,T$4))) -> 미조치 | U11: =HYPERLINK("[" & MID(CELL("filename"),SEARCH("[",CELL("filename"))+1, SEARCH("]",CELL("filename"))-SEARCH("[",CELL("filename"))-1) & "]" & ADDRESS(ROW()+16,11,1,TRUE,U$4),INDIRECT(ADDRESS(ROW()+16,11,1,TRUE,U$4))) | V11: =HYPERLINK("[" & MID(CELL("filename"),SEARCH("[",CELL("filename"))+1, SEARCH("]",CELL("filename"))-SEARCH("[",CELL("filename"))-1) & "]" & ADDRESS(ROW()+16,11,1,TRUE,V$4),INDIRECT(ADDRESS(ROW()+16,11,1,TRUE,V$4)))
A12: =ChkList!A12 -> 계정 관리 | B12: =ChkList!$B12 -> D-08 | C12: =ChkList!$C12 -> 안전한 암호화 알고리즘 사용 | D12: =ChkList!$D12 -> H | E12: =ChkList!E12 -> 3 | F12: =COUNTA($S12:INDIRECT(ADDRESS(ROW(),MATCH("",$4:$4,-1),1,1))) -> 4 | G12: ='취약점 진단 항목별 통계'!G12 -> 2 | H12: ='취약점 진단 항목별 통계'!H12 -> 0 | I12: ='취약점 진단 항목별 통계'!I12 -> 2 | J12: ='취약점 진단 항목별 통계'!J12 -> 0 | K12: =COUNTIF($S12:INDIRECT(ADDRESS(ROW(),MATCH("",$4:$4,-1),1,1)),"조치") -> 2 | L12: =COUNTIF($S12:INDIRECT(ADDRESS(ROW(),MATCH("",$4:$4,-1),1,1)),"미조치") -> 0 | M12: =COUNTIF($S12:INDIRECT(ADDRESS(ROW(),MATCH("",$4:$4,-1),1,1)),"위험수용") -> 0 | N12: =COUNTIF($S12:INDIRECT(ADDRESS(ROW(),MATCH("",$4:$4,-1),1,1)),"N/A") -> 0 | O12: =VLOOKUP($D12,'parm(hidden)'!$B$8:$C$10,2,FALSE)*($F12-$J12) -> 12 | P12: =VLOOKUP($D12,'parm(hidden)'!$B$8:$C$10,2,FALSE)*($F12-$N12) -> 12 | Q12: =VLOOKUP($D12,'parm(hidden)'!$B$8:$C$10,2,FALSE)*($G12+$H12) -> 6 | R12: =VLOOKUP($D12,'parm(hidden)'!$B$8:$C$10,2,FALSE)*($G12+$H12+$K12) -> 12 | S12: =HYPERLINK("[" & MID(CELL("filename"),SEARCH("[",CELL("filename"))+1, SEARCH("]",CELL("filename"))-SEARCH("[",CELL("filename"))-1) & "]" & ADDRESS(ROW()+16,11,1,TRUE,S$4),INDIRECT(ADDRESS(ROW()+16,11,1,TRUE,S$4))) -> 조치 | T12: =HYPERLINK("[" & MID(CELL("filename"),SEARCH("[",CELL("filename"))+1, SEARCH("]",CELL("filename"))-SEARCH("[",CELL("filename"))-1) & "]" & ADDRESS(ROW()+16,11,1,TRUE,T$4),INDIRECT(ADDRESS(ROW()+16,11,1,TRUE,T$4))) -> 조치 | U12: =HYPERLINK("[" & MID(CELL("filename"),SEARCH("[",CELL("filename"))+1, SEARCH("]",CELL("filename"))-SEARCH("[",CELL("filename"))-1) & "]" & ADDRESS(ROW()+16,11,1,TRUE,U$4),INDIRECT(ADDRESS(ROW()+16,11,1,TRUE,U$4))) | V12: =HYPERLINK("[" & MID(CELL("filename"),SEARCH("[",CELL("filename"))+1, SEARCH("]",CELL("filename"))-SEARCH("[",CELL("filename"))-1) & "]" & ADDRESS(ROW()+16,11,1,TRUE,V$4),INDIRECT(ADDRESS(ROW()+16,11,1,TRUE,V$4)))
A13: =ChkList!A13 -> 계정 관리 | B13: =ChkList!$B13 -> D-09 | C13: =ChkList!$C13 -> 일정 횟수의 로그인 실패 시 이에 대한 잠금정책 설정 | D13: =ChkList!$D13 -> M | E13: =ChkList!E13 -> 2 | F13: =COUNTA($S13:INDIRECT(ADDRESS(ROW(),MATCH("",$4:$4,-1),1,1))) -> 4 | G13: ='취약점 진단 항목별 통계'!G13 -> 0 | H13: ='취약점 진단 항목별 통계'!H13 -> 0 | I13: ='취약점 진단 항목별 통계'!I13 -> 0 | J13: ='취약점 진단 항목별 통계'!J13 -> 4 | K13: =COUNTIF($S13:INDIRECT(ADDRESS(ROW(),MATCH("",$4:$4,-1),1,1)),"조치") -> 0 | L13: =COUNTIF($S13:INDIRECT(ADDRESS(ROW(),MATCH("",$4:$4,-1),1,1)),"미조치") -> 0 | M13: =COUNTIF($S13:INDIRECT(ADDRESS(ROW(),MATCH("",$4:$4,-1),1,1)),"위험수용") -> 0 | N13: =COUNTIF($S13:INDIRECT(ADDRESS(ROW(),MATCH("",$4:$4,-1),1,1)),"N/A") -> 2 | O13: =VLOOKUP($D13,'parm(hidden)'!$B$8:$C$10,2,FALSE)*($F13-$J13) -> 0 | P13: =VLOOKUP($D13,'parm(hidden)'!$B$8:$C$10,2,FALSE)*($F13-$N13) -> 4 | Q13: =VLOOKUP($D13,'parm(hidden)'!$B$8:$C$10,2,FALSE)*($G13+$H13) -> 0 | R13: =VLOOKUP($D13,'parm(hidden)'!$B$8:$C$10,2,FALSE)*($G13+$H13+$K13) -> 0 | S13: =HYPERLINK("[" & MID(CELL("filename"),SEARCH("[",CELL("filename"))+1, SEARCH("]",CELL("filename"))-SEARCH("[",CELL("filename"))-1) & "]" & ADDRESS(ROW()+16,11,1,TRUE,S$4),INDIRECT(ADDRESS(ROW()+16,11,1,TRUE,S$4))) -> N/A | T13: =HYPERLINK("[" & MID(CELL("filename"),SEARCH("[",CELL("filename"))+1, SEARCH("]",CELL("filename"))-SEARCH("[",CELL("filename"))-1) & "]" & ADDRESS(ROW()+16,11,1,TRUE,T$4),INDIRECT(ADDRESS(ROW()+16,11,1,TRUE,T$4))) -> N/A | U13: =HYPERLINK("[" & MID(CELL("filename"),SEARCH("[",CELL("filename"))+1, SEARCH("]",CELL("filename"))-SEARCH("[",CELL("filename"))-1) & "]" & ADDRESS(ROW()+16,11,1,TRUE,U$4),INDIRECT(ADDRESS(ROW()+16,11,1,TRUE,U$4))) | V13: =HYPERLINK("[" & MID(CELL("filename"),SEARCH("[",CELL("filename"))+1, SEARCH("]",CELL("filename"))-SEARCH("[",CELL("filename"))-1) & "]" & ADDRESS(ROW()+16,11,1,TRUE,V$4),INDIRECT(ADDRESS(ROW()+16,11,1,TRUE,V$4)))
A14: =ChkList!A14 -> 접근 관리 | B14: =ChkList!$B14 -> D-10 | C14: =ChkList!$C14 -> 원격에서 DB 서버로의 접속 제한 | D14: =ChkList!$D14 -> H | E14: =ChkList!E14 -> 3 | F14: =COUNTA($S14:INDIRECT(ADDRESS(ROW(),MATCH("",$4:$4,-1),1,1))) -> 4 | G14: ='취약점 진단 항목별 통계'!G14 -> 2 | H14: ='취약점 진단 항목별 통계'!H14 -> 0 | I14: ='취약점 진단 항목별 통계'!I14 -> 0 | J14: ='취약점 진단 항목별 통계'!J14 -> 2 | K14: =COUNTIF($S14:INDIRECT(ADDRESS(ROW(),MATCH("",$4:$4,-1),1,1)),"조치") -> 0 | L14: =COUNTIF($S14:INDIRECT(ADDRESS(ROW(),MATCH("",$4:$4,-1),1,1)),"미조치") -> 0 | M14: =COUNTIF($S14:INDIRECT(ADDRESS(ROW(),MATCH("",$4:$4,-1),1,1)),"위험수용") -> 0 | N14: =COUNTIF($S14:INDIRECT(ADDRESS(ROW(),MATCH("",$4:$4,-1),1,1)),"N/A") -> 0 | O14: =VLOOKUP($D14,'parm(hidden)'!$B$8:$C$10,2,FALSE)*($F14-$J14) -> 6 | P14: =VLOOKUP($D14,'parm(hidden)'!$B$8:$C$10,2,FALSE)*($F14-$N14) -> 12 | Q14: =VLOOKUP($D14,'parm(hidden)'!$B$8:$C$10,2,FALSE)*($G14+$H14) -> 6 | R14: =VLOOKUP($D14,'parm(hidden)'!$B$8:$C$10,2,FALSE)*($G14+$H14+$K14) -> 6 | S14: =HYPERLINK("[" & MID(CELL("filename"),SEARCH("[",CELL("filename"))+1, SEARCH("]",CELL("filename"))-SEARCH("[",CELL("filename"))-1) & "]" & ADDRESS(ROW()+16,11,1,TRUE,S$4),INDIRECT(ADDRESS(ROW()+16,11,1,TRUE,S$4))) -> Y | T14: =HYPERLINK("[" & MID(CELL("filename"),SEARCH("[",CELL("filename"))+1, SEARCH("]",CELL("filename"))-SEARCH("[",CELL("filename"))-1) & "]" & ADDRESS(ROW()+16,11,1,TRUE,T$4),INDIRECT(ADDRESS(ROW()+16,11,1,TRUE,T$4))) -> Y | U14: =HYPERLINK("[" & MID(CELL("filename"),SEARCH("[",CELL("filename"))+1, SEARCH("]",CELL("filename"))-SEARCH("[",CELL("filename"))-1) & "]" & ADDRESS(ROW()+16,11,1,TRUE,U$4),INDIRECT(ADDRESS(ROW()+16,11,1,TRUE,U$4))) | V14: =HYPERLINK("[" & MID(CELL("filename"),SEARCH("[",CELL("filename"))+1, SEARCH("]",CELL("filename"))-SEARCH("[",CELL("filename"))-1) & "]" & ADDRESS(ROW()+16,11,1,TRUE,V$4),INDIRECT(ADDRESS(ROW()+16,11,1,TRUE,V$4)))
A15: =ChkList!A15 -> 접근 관리 | B15: =ChkList!$B15 -> D-11 | C15: =ChkList!$C15 -> DBA 이외의 인가되지 않은 사용자가 시스템 테이블에 접근할 수 없도록 설정 | D15: =ChkList!$D15 -> H | E15: =ChkList!E15 -> 3 | F15: =COUNTA($S15:INDIRECT(ADDRESS(ROW(),MATCH("",$4:$4,-1),1,1))) -> 4 | G15: ='취약점 진단 항목별 통계'!G15 -> 2 | H15: ='취약점 진단 항목별 통계'!H15 -> 0 | I15: ='취약점 진단 항목별 통계'!I15 -> 0 | J15: ='취약점 진단 항목별 통계'!J15 -> 2 | K15: =COUNTIF($S15:INDIRECT(ADDRESS(ROW(),MATCH("",$4:$4,-1),1,1)),"조치") -> 0 | L15: =COUNTIF($S15:INDIRECT(ADDRESS(ROW(),MATCH("",$4:$4,-1),1,1)),"미조치") -> 0 | M15: =COUNTIF($S15:INDIRECT(ADDRESS(ROW(),MATCH("",$4:$4,-1),1,1)),"위험수용") -> 0 | N15: =COUNTIF($S15:INDIRECT(ADDRESS(ROW(),MATCH("",$4:$4,-1),1,1)),"N/A") -> 0 | O15: =VLOOKUP($D15,'parm(hidden)'!$B$8:$C$10,2,FALSE)*($F15-$J15) -> 6 | P15: =VLOOKUP($D15,'parm(hidden)'!$B$8:$C$10,2,FALSE)*($F15-$N15) -> 12 | Q15: =VLOOKUP($D15,'parm(hidden)'!$B$8:$C$10,2,FALSE)*($G15+$H15) -> 6 | R15: =VLOOKUP($D15,'parm(hidden)'!$B$8:$C$10,2,FALSE)*($G15+$H15+$K15) -> 6 | S15: =HYPERLINK("[" & MID(CELL("filename"),SEARCH("[",CELL("filename"))+1, SEARCH("]",CELL("filename"))-SEARCH("[",CELL("filename"))-1) & "]" & ADDRESS(ROW()+16,11,1,TRUE,S$4),INDIRECT(ADDRESS(ROW()+16,11,1,TRUE,S$4))) -> Y | T15: =HYPERLINK("[" & MID(CELL("filename"),SEARCH("[",CELL("filename"))+1, SEARCH("]",CELL("filename"))-SEARCH("[",CELL("filename"))-1) & "]" & ADDRESS(ROW()+16,11,1,TRUE,T$4),INDIRECT(ADDRESS(ROW()+16,11,1,TRUE,T$4))) -> Y | U15: =HYPERLINK("[" & MID(CELL("filename"),SEARCH("[",CELL("filename"))+1, SEARCH("]",CELL("filename"))-SEARCH("[",CELL("filename"))-1) & "]" & ADDRESS(ROW()+16,11,1,TRUE,U$4),INDIRECT(ADDRESS(ROW()+16,11,1,TRUE,U$4))) | V15: =HYPERLINK("[" & MID(CELL("filename"),SEARCH("[",CELL("filename"))+1, SEARCH("]",CELL("filename"))-SEARCH("[",CELL("filename"))-1) & "]" & ADDRESS(ROW()+16,11,1,TRUE,V$4),INDIRECT(ADDRESS(ROW()+16,11,1,TRUE,V$4)))
A16: =ChkList!A16 -> 접근 관리 | B16: =ChkList!$B16 -> D-12 | C16: =ChkList!$C16 -> 안전한 리스너 비밀번호 설정 및 사용 | D16: =ChkList!$D16 -> H | E16: =ChkList!E16 -> 3 | F16: =COUNTA($S16:INDIRECT(ADDRESS(ROW(),MATCH("",$4:$4,-1),1,1))) -> 4 | G16: ='취약점 진단 항목별 통계'!G16 -> 2 | H16: ='취약점 진단 항목별 통계'!H16 -> 0 | I16: ='취약점 진단 항목별 통계'!I16 -> 0 | J16: ='취약점 진단 항목별 통계'!J16 -> 2 | K16: =COUNTIF($S16:INDIRECT(ADDRESS(ROW(),MATCH("",$4:$4,-1),1,1)),"조치") -> 0 | L16: =COUNTIF($S16:INDIRECT(ADDRESS(ROW(),MATCH("",$4:$4,-1),1,1)),"미조치") -> 0 | M16: =COUNTIF($S16:INDIRECT(ADDRESS(ROW(),MATCH("",$4:$4,-1),1,1)),"위험수용") -> 0 | N16: =COUNTIF($S16:INDIRECT(ADDRESS(ROW(),MATCH("",$4:$4,-1),1,1)),"N/A") -> 2 | O16: =VLOOKUP($D16,'parm(hidden)'!$B$8:$C$10,2,FALSE)*($F16-$J16) -> 6 | P16: =VLOOKUP($D16,'parm(hidden)'!$B$8:$C$10,2,FALSE)*($F16-$N16) -> 6 | Q16: =VLOOKUP($D16,'parm(hidden)'!$B$8:$C$10,2,FALSE)*($G16+$H16) -> 6 | R16: =VLOOKUP($D16,'parm(hidden)'!$B$8:$C$10,2,FALSE)*($G16+$H16+$K16) -> 6 | S16: =HYPERLINK("[" & MID(CELL("filename"),SEARCH("[",CELL("filename"))+1, SEARCH("]",CELL("filename"))-SEARCH("[",CELL("filename"))-1) & "]" & ADDRESS(ROW()+16,11,1,TRUE,S$4),INDIRECT(ADDRESS(ROW()+16,11,1,TRUE,S$4))) -> N/A | T16: =HYPERLINK("[" & MID(CELL("filename"),SEARCH("[",CELL("filename"))+1, SEARCH("]",CELL("filename"))-SEARCH("[",CELL("filename"))-1) & "]" & ADDRESS(ROW()+16,11,1,TRUE,T$4),INDIRECT(ADDRESS(ROW()+16,11,1,TRUE,T$4))) -> N/A | U16: =HYPERLINK("[" & MID(CELL("filename"),SEARCH("[",CELL("filename"))+1, SEARCH("]",CELL("filename"))-SEARCH("[",CELL("filename"))-1) & "]" & ADDRESS(ROW()+16,11,1,TRUE,U$4),INDIRECT(ADDRESS(ROW()+16,11,1,TRUE,U$4))) | V16: =HYPERLINK("[" & MID(CELL("filename"),SEARCH("[",CELL("filename"))+1, SEARCH("]",CELL("filename"))-SEARCH("[",CELL("filename"))-1) & "]" & ADDRESS(ROW()+16,11,1,TRUE,V$4),INDIRECT(ADDRESS(ROW()+16,11,1,TRUE,V$4)))
... A30: =ChkList!A30 -> 패치 관리 | B30: =ChkList!$B30 -> D-26 | C30: =ChkList!$C30 -> 데이터베이스의 접근, 변경, 삭제 등의 감사 기록이 기관의 감사 기록 정책에 적합하도록 설정 | D30: =ChkList!$D30 -> H | E30: =ChkList!E30 -> 3 | F30: =COUNTA($S30:INDIRECT(ADDRESS(ROW(),MATCH("",$4:$4,-1),1,1))) -> 4 | G30: ='취약점 진단 항목별 통계'!G30 -> 0 | H30: ='취약점 진단 항목별 통계'!H30 -> 0 | I30: ='취약점 진단 항목별 통계'!I30 -> 0 | J30: ='취약점 진단 항목별 통계'!J30 -> 2 | K30: =COUNTIF($S30:INDIRECT(ADDRESS(ROW(),MATCH("",$4:$4,-1),1,1)),"조치") -> 0 | L30: =COUNTIF($S30:INDIRECT(ADDRESS(ROW(),MATCH("",$4:$4,-1),1,1)),"미조치") -> 0 | M30: =COUNTIF($S30:INDIRECT(ADDRESS(ROW(),MATCH("",$4:$4,-1),1,1)),"위험수용") -> 0 | N30: =COUNTIF($S30:INDIRECT(ADDRESS(ROW(),MATCH("",$4:$4,-1),1,1)),"N/A") -> 1 | O30: =VLOOKUP($D30,'parm(hidden)'!$B$8:$C$10,2,FALSE)*($F30-$J30) -> 6 | P30: =VLOOKUP($D30,'parm(hidden)'!$B$8:$C$10,2,FALSE)*($F30-$N30) -> 9 | Q30: =VLOOKUP($D30,'parm(hidden)'!$B$8:$C$10,2,FALSE)*($G30+$H30) -> 0 | R30: =VLOOKUP($D30,'parm(hidden)'!$B$8:$C$10,2,FALSE)*($G30+$H30+$K30) -> 0 | S30: =HYPERLINK("[" & MID(CELL("filename"),SEARCH("[",CELL("filename"))+1, SEARCH("]",CELL("filename"))-SEARCH("[",CELL("filename"))-1) & "]" & ADDRESS(ROW()+16,11,1,TRUE,S$4),INDIRECT(ADDRESS(ROW()+16,11,1,TRUE,S$4))) -> N/A | T30: =HYPERLINK("[" & MID(CELL("filename"),SEARCH("[",CELL("filename"))+1, SEARCH("]",CELL("filename"))-SEARCH("[",CELL("filename"))-1) & "]" & ADDRESS(ROW()+16,11,1,TRUE,T$4),INDIRECT(ADDRESS(ROW()+16,11,1,TRUE,T$4))) -> 0 | U30: =HYPERLINK("[" & MID(CELL("filename"),SEARCH("[",CELL("filename"))+1, SEARCH("]",CELL("filename"))-SEARCH("[",CELL("filename"))-1) & "]" & ADDRESS(ROW()+16,11,1,TRUE,U$4),INDIRECT(ADDRESS(ROW()+16,11,1,TRUE,U$4))) -> 0 | V30: =HYPERLINK("[" & MID(CELL("filename"),SEARCH("[",CELL("filename"))+1, SEARCH("]",CELL("filename"))-SEARCH("[",CELL("filename"))-1) & "]" & ADDRESS(ROW()+16,11,1,TRUE,V$4),INDIRECT(ADDRESS(ROW()+16,11,1,TRUE,V$4))) -> 0
F31: =SUM(F5:F30) -> 104 | G31: =SUM(G5:G30) -> 34 | H31: =SUM(H5:H30) -> 0 | I31: =SUM(I5:I30) -> 4 | J31: =SUM(J5:J30) -> 54 | K31: =SUM(K5:K30) -> 4 | L31: =SUM(L5:L30) -> 4 | M31: =SUM(M5:M30) -> 0 | ... R31: =SUM(R5:R30) -> 104 | S31: =COUNTIFS(S$5:S$30,"<>",S$5:S$30,"<>0") -> 26 | T31: =COUNTIFS(T$5:T$30,"<>",T$5:T$30,"<>0") -> 24 | U31: =COUNTIFS(U$5:U$30,"<>",U$5:U$30,"<>0") -> 24 | V31: =COUNTIFS(V$5:V$30,"<>",V$5:V$30,"<>0") -> 24

Sheet DB_HQ_Rocky
A1: ="■ " & $B$4 & " 상세 진단결과" -> ■ DB_HQ_Rocky 상세 진단결과
A3: 1) 시스템 현황 | R3: ※ 자산 평가
A4: HostName | B4: =REPLACE(CELL("filename",A1),1,FIND("]",CELL("filename",A1)),"") -> DB_HQ_Rocky | D4: 운영자산 명 | F4: =IFERROR(VLOOKUP($B$4,자산목록!$B$1:$Q$832,8,FALSE),"N/A") -> DB / 딩동독 서비스 MySQL | R4: 기밀성 | S4: =IFERROR(VLOOKUP($B$4,자산목록!$B$1:$Q$832,13,FALSE),"N/A") -> 3 | T4: 자산등급 | U4: =IFERROR(VLOOKUP($B$4,자산목록!$B$1:$Q$832,16,FALSE),"N/A") -> H
A5: OS 종류 및 버전 | B5: =IFERROR(VLOOKUP($B$4,자산목록!$B$1:$Q$832,6,FALSE)&" "&VLOOKUP($B$4,자산목록!$B$1:$Q$832,7,FALSE),"N/A") -> MySQL Server 8.0.43 | D5: IP Address | F5: =IFERROR(VLOOKUP($B$4,자산목록!$B$1:$Q$832,2,FALSE),"N/A") -> 10.10.40.18 | R5: 무결성 | S5: =IFERROR(VLOOKUP($B$4,자산목록!$B$1:$Q$832,14,FALSE),"N/A") -> 3
A6: 담당자 | B6: =IFERROR(VLOOKUP($B$4,자산목록!$B$1:$Q$832,11,FALSE),"N/A") -> 이지훈 | D6: 설치 위치 | F6: =IFERROR(VLOOKUP($B$4,자산목록!$B$1:$Q$832,9,FALSE),"N/A") -> 본사 내부 서버망 | R6: 가용성 | S6: =IFERROR(VLOOKUP($B$4,자산목록!$B$1:$Q$832,15,FALSE),"N/A") -> 3
A8: 2) 진단 결과
A9: ① 부분별 진단 결과
A10: 분류 | D10: 본진단 결과 (이행 전) | I10: 영역별 수준 그래프 | J10: 이행 결과 | R10: 결과 점수 | V10: 영역별 수준 그래프
D11: 전체 | E11: 양호 | F11: 취약 | G11: N/A | H11: 수준 | J11: 조치 | K11: 미조치 | L11: 위험수용 | M11: N/A | N11: 이행율 | O11: 수준 | R11: 전체점수(이행 전) | S11: 평가점수 (이행 전) | T11: 평가점수 (이행 후) | U11: 전체점수(이행 후) | V11: 분류 | X11: 본진단 결과 (이행 전) | Y11: 이행 결과
A12: 계정 관리 | D12: =COUNTIF($A$21:INDIRECT(ADDRESS(MATCH("",$A:$A,-1),1,1,1)),$A12) -> 9 | E12: =COUNTIFS($A$21:INDIRECT(ADDRESS(MATCH("",$A:$A,-1),1,1,1)),$A12,$H$21:INDIRECT(ADDRESS(MATCH("",$A:$A,-1),8,1,1)),"Y")+COUNTIFS($A$21:INDIRECT(ADDRESS(MATCH("",$A:$A,-1),1,1,1)),$A12,$H$21:INDIRECT(ADDRESS(MATCH("",$A:$A,-1),8,1,1)),"Y(즉시조치)") -> 3 | F12: =COUNTIFS($A$21:INDIRECT(ADDRESS(MATCH("",$A:$A,-1),1,1,1)),$A12&"*",$H$21:INDIRECT(ADDRESS(MATCH("",$A:$A,-1),8,1,1)),"N") -> 2 | G12: =COUNTIFS($A$21:INDIRECT(ADDRESS(MATCH("",$A:$A,-1),1,1,1)),$A12&"*",$H$21:INDIRECT(ADDRESS(MATCH("",$A:$A,-1),8,1,1)),"N/A") -> 2 | H12: =IF($G12=$D12, "N/A", (S12/R12)) -> 0.47368421 | J12: =COUNTIFS($A$21:INDIRECT(ADDRESS(MATCH("",$A:$A,-1),1,1,1)),$A12,$K$21:INDIRECT(ADDRESS(MATCH("",$B:$B,-1),11,1,1)),"조치") -> 2 | K12: =COUNTIFS($A$21:INDIRECT(ADDRESS(MATCH("",$A:$A,-1),1,1,1)),$A12,$K$21:INDIRECT(ADDRESS(MATCH("",$B:$B,-1),11,1,1)),"미조치") -> 2 | L12: =COUNTIFS($A$21:INDIRECT(ADDRESS(MATCH("",$A:$A,-1),1,1,1)),$A12,$K$21:INDIRECT(ADDRESS(MATCH("",$B:$B,-1),11,1,1)),"위험수용") -> 0 | M12: =COUNTIFS($A$21:INDIRECT(ADDRESS(MATCH("",$A:$A,-1),1,1,1)),$A12,$K$21:INDIRECT(ADDRESS(MATCH("",$B:$B,-1),11,1,1)),"N/A") -> 2 | N12: =IFERROR($J12/($F12-(M12-G12)),"N/A") -> 1 | O12: =IF(OR($G12=$D12,$D12=$M12),"N/A", ($T12/$U12)) -> 0.73684211 | R12: =SUMIF($A$21:INDIRECT(ADDRESS(MATCH("",$A:$A,-1),1,1,1)),$A12,$R$21:INDIRECT(ADDRESS(MATCH("",$A:$A,-1),18,1,1))) -> 19 | S12: =SUMIF($A$21:INDIRECT(ADDRESS(MATCH("",$A:$A,-1),1,1,1)),$A12,$S$21:INDIRECT(ADDRESS(MATCH("",$A:$A,-1),19,1,1))) -> 9 | T12: =SUMIF($A$21:INDIRECT(ADDRESS(MATCH("",$A:$A,-1),1,1,1)),$A12,$T$21:INDIRECT(ADDRESS(MATCH("",$A:$A,-1),20,1,1))) -> 14 | U12: =SUMIF($A$21:INDIRECT(ADDRESS(MATCH("",$A:$A,-1),2,1,1)),$A12&"*",$U$21:INDIRECT(ADDRESS(MATCH("",$A:$A,-1),21,1,1))) -> 19 | V12: =B12 -> 0 | X12: =H12 -> 0.47368421 | Y12: =O12 -> 0.73684211
A13: 접근 관리 | D13: =COUNTIF($A$21:INDIRECT(ADDRESS(MATCH("",$A:$A,-1),1,1,1)),$A13) -> 7 | E13: =COUNTIFS($A$21:INDIRECT(ADDRESS(MATCH("",$A:$A,-1),1,1,1)),$A13,$H$21:INDIRECT(ADDRESS(MATCH("",$A:$A,-1),8,1,1)),"Y")+COUNTIFS($A$21:INDIRECT(ADDRESS(MATCH("",$A:$A,-1),1,1,1)),$A13,$H$21:INDIRECT(ADDRESS(MATCH("",$A:$A,-1),8,1,1)),"Y(즉시조치)") -> 3 | F13: =COUNTIFS($A$21:INDIRECT(ADDRESS(MATCH("",$A:$A,-1),1,1,1)),$A13&"*",$H$21:INDIRECT(ADDRESS(MATCH("",$A:$A,-1),8,1,1)),"N") -> 0 | G13: =COUNTIFS($A$21:INDIRECT(ADDRESS(MATCH("",$A:$A,-1),1,1,1)),$A13&"*",$H$21:INDIRECT(ADDRESS(MATCH("",$A:$A,-1),8,1,1)),"N/A") -> 4 | H13: =IF($G13=$D13, "N/A", (S13/R13)) -> 1 | J13: =COUNTIFS($A$21:INDIRECT(ADDRESS(MATCH("",$A:$A,-1),1,1,1)),$A13,$K$21:INDIRECT(ADDRESS(MATCH("",$B:$B,-1),11,1,1)),"조치") -> 0 | K13: =COUNTIFS($A$21:INDIRECT(ADDRESS(MATCH("",$A:$A,-1),1,1,1)),$A13,$K$21:INDIRECT(ADDRESS(MATCH("",$B:$B,-1),11,1,1)),"미조치") -> 0 | L13: =COUNTIFS($A$21:INDIRECT(ADDRESS(MATCH("",$A:$A,-1),1,1,1)),$A13,$K$21:INDIRECT(ADDRESS(MATCH("",$B:$B,-1),11,1,1)),"위험수용") -> 0 | M13: =COUNTIFS($A$21:INDIRECT(ADDRESS(MATCH("",$A:$A,-1),1,1,1)),$A13,$K$21:INDIRECT(ADDRESS(MATCH("",$B:$B,-1),11,1,1)),"N/A") -> 4 | N13: =IFERROR($J13/($F13-(M13-G13)),"N/A") -> N/A | O13: =IF(OR($G13=$D13,$D13=$M13),"N/A", ($T13/$U13)) -> 1.6 | R13: =SUMIF($A$21:INDIRECT(ADDRESS(MATCH("",$A:$A,-1),1,1,1)),$A13,$R$21:INDIRECT(ADDRESS(MATCH("",$A:$A,-1),18,1,1))) -> 8 | S13: =SUMIF($A$21:INDIRECT(ADDRESS(MATCH("",$A:$A,-1),1,1,1)),$A13,$S$21:INDIRECT(ADDRESS(MATCH("",$A:$A,-1),19,1,1))) -> 8 | T13: =SUMIF($A$21:INDIRECT(ADDRESS(MATCH("",$A:$A,-1),1,1,1)),$A13,$T$21:INDIRECT(ADDRESS(MATCH("",$A:$A,-1),20,1,1))) -> 8 | U13: =SUMIF($A$21:INDIRECT(ADDRESS(MATCH("",$A:$A,-1),2,1,1)),$A13&"*",$U$21:INDIRECT(ADDRESS(MATCH("",$A:$A,-1),21,1,1))) -> 5 | V13: =B13 -> 0 | X13: =H13 -> 1 | Y13: =O13 -> 1.6
A14: 옵션 관리 | D14: =COUNTIF($A$21:INDIRECT(ADDRESS(MATCH("",$A:$A,-1),1,1,1)),$A14) -> 8 | E14: =COUNTIFS($A$21:INDIRECT(ADDRESS(MATCH("",$A:$A,-1),1,1,1)),$A14,$H$21:INDIRECT(ADDRESS(MATCH("",$A:$A,-1),8,1,1)),"Y")+COUNTIFS($A$21:INDIRECT(ADDRESS(MATCH("",$A:$A,-1),1,1,1)),$A14,$H$21:INDIRECT(ADDRESS(MATCH("",$A:$A,-1),8,1,1)),"Y(즉시조치)") -> 0 | F14: =COUNTIFS($A$21:INDIRECT(ADDRESS(MATCH("",$A:$A,-1),1,1,1)),$A14&"*",$H$21:INDIRECT(ADDRESS(MATCH("",$A:$A,-1),8,1,1)),"N") -> 0 | G14: =COUNTIFS($A$21:INDIRECT(ADDRESS(MATCH("",$A:$A,-1),1,1,1)),$A14&"*",$H$21:INDIRECT(ADDRESS(MATCH("",$A:$A,-1),8,1,1)),"N/A") -> 8 | H14: =IF($G14=$D14, "N/A", (S14/R14)) -> N/A | J14: =COUNTIFS($A$21:INDIRECT(ADDRESS(MATCH("",$A:$A,-1),1,1,1)),$A14,$K$21:INDIRECT(ADDRESS(MATCH("",$B:$B,-1),11,1,1)),"조치") -> 0 | K14: =COUNTIFS($A$21:INDIRECT(ADDRESS(MATCH("",$A:$A,-1),1,1,1)),$A14,$K$21:INDIRECT(ADDRESS(MATCH("",$B:$B,-1),11,1,1)),"미조치") -> 0 | L14: =COUNTIFS($A$21:INDIRECT(ADDRESS(MATCH("",$A:$A,-1),1,1,1)),$A14,$K$21:INDIRECT(ADDRESS(MATCH("",$B:$B,-1),11,1,1)),"위험수용") -> 0 | M14: =COUNTIFS($A$21:INDIRECT(ADDRESS(MATCH("",$A:$A,-1),1,1,1)),$A14,$K$21:INDIRECT(ADDRESS(MATCH("",$B:$B,-1),11,1,1)),"N/A") -> 8 | N14: =IFERROR($J14/($F14-(M14-G14)),"N/A") -> N/A | O14: =IF(OR($G14=$D14,$D14=$M14),"N/A", ($T14/$U14)) -> N/A | R14: =SUMIF($A$21:INDIRECT(ADDRESS(MATCH("",$A:$A,-1),1,1,1)),$A14,$R$21:INDIRECT(ADDRESS(MATCH("",$A:$A,-1),18,1,1))) -> 0 | S14: =SUMIF($A$21:INDIRECT(ADDRESS(MATCH("",$A:$A,-1),1,1,1)),$A14,$S$21:INDIRECT(ADDRESS(MATCH("",$A:$A,-1),19,1,1))) -> 0 | T14: =SUMIF($A$21:INDIRECT(ADDRESS(MATCH("",$A:$A,-1),1,1,1)),$A14,$T$21:INDIRECT(ADDRESS(MATCH("",$A:$A,-1),20,1,1))) -> 0 | U14: =SUMIF($A$21:INDIRECT(ADDRESS(MATCH("",$A:$A,-1),2,1,1)),$A14&"*",$U$21:INDIRECT(ADDRESS(MATCH("",$A:$A,-1),21,1,1))) -> 8 | V14: =B14 -> 0 | X14: =H14 -> N/A | Y14: =O14 -> N/A
A15: 패치 관리 | D15: =COUNTIF($A$21:INDIRECT(ADDRESS(MATCH("",$A:$A,-1),1,1,1)),$A15) -> 2 | E15: =COUNTIFS($A$21:INDIRECT(ADDRESS(MATCH("",$A:$A,-1),1,1,1)),$A15,$H$21:INDIRECT(ADDRESS(MATCH("",$A:$A,-1),8,1,1)),"Y")+COUNTIFS($A$21:INDIRECT(ADDRESS(MATCH("",$A:$A,-1),1,1,1)),$A15,$H$21:INDIRECT(ADDRESS(MATCH("",$A:$A,-1),8,1,1)),"Y(즉시조치)") -> 1 | F15: =COUNTIFS($A$21:INDIRECT(ADDRESS(MATCH("",$A:$A,-1),1,1,1)),$A15&"*",$H$21:INDIRECT(ADDRESS(MATCH("",$A:$A,-1),8,1,1)),"N") -> 0 | G15: =COUNTIFS($A$21:INDIRECT(ADDRESS(MATCH("",$A:$A,-1),1,1,1)),$A15&"*",$H$21:INDIRECT(ADDRESS(MATCH("",$A:$A,-1),8,1,1)),"N/A") -> 1 | H15: =IF($G15=$D15, "N/A", (S15/R15)) -> #DIV/0! | J15: =COUNTIFS($A$21:INDIRECT(ADDRESS(MATCH("",$A:$A,-1),1,1,1)),$A15,$K$21:INDIRECT(ADDRESS(MATCH("",$B:$B,-1),11,1,1)),"조치") -> 0 | K15: =COUNTIFS($A$21:INDIRECT(ADDRESS(MATCH("",$A:$A,-1),1,1,1)),$A15,$K$21:INDIRECT(ADDRESS(MATCH("",$B:$B,-1),11,1,1)),"미조치") -> 0 | L15: =COUNTIFS($A$21:INDIRECT(ADDRESS(MATCH("",$A:$A,-1),1,1,1)),$A15,$K$21:INDIRECT(ADDRESS(MATCH("",$B:$B,-1),11,1,1)),"위험수용") -> 0 | M15: =COUNTIFS($A$21:INDIRECT(ADDRESS(MATCH("",$A:$A,-1),1,1,1)),$A15,$K$21:INDIRECT(ADDRESS(MATCH("",$B:$B,-1),11,1,1)),"N/A") -> 1 | N15: =IFERROR($J15/($F15-(M15-G15)),"N/A") -> N/A | O15: =IF(OR($G15=$D15,$D15=$M15),"N/A", ($T15/$U15)) -> #DIV/0! | R15: =SUMIF($A$21:INDIRECT(ADDRESS(MATCH("",$A:$A,-1),1,1,1)),$A15,$R$21:INDIRECT(ADDRESS(MATCH("",$A:$A,-1),18,1,1))) -> 0 | S15: =SUMIF($A$21:INDIRECT(ADDRESS(MATCH("",$A:$A,-1),1,1,1)),$A15,$S$21:INDIRECT(ADDRESS(MATCH("",$A:$A,-1),19,1,1))) -> 0 | T15: =SUMIF($A$21:INDIRECT(ADDRESS(MATCH("",$A:$A,-1),1,1,1)),$A15,$T$21:INDIRECT(ADDRESS(MATCH("",$A:$A,-1),20,1,1))) -> 0 | U15: =SUMIF($A$21:INDIRECT(ADDRESS(MATCH("",$A:$A,-1),2,1,1)),$A15&"*",$U$21:INDIRECT(ADDRESS(MATCH("",$A:$A,-1),21,1,1))) -> 0 | V15: =B15 -> 0 | X15: =H15 -> #DIV/0! | Y15: =O15 -> #DIV/0!
A16: 로그 관리 | D16: =COUNTIF($A$21:INDIRECT(ADDRESS(MATCH("",$A:$A,-1),1,1,1)),$A16) -> 0 | E16: =COUNTIFS($A$21:INDIRECT(ADDRESS(MATCH("",$A:$A,-1),1,1,1)),$A16,$H$21:INDIRECT(ADDRESS(MATCH("",$A:$A,-1),8,1,1)),"Y")+COUNTIFS($A$21:INDIRECT(ADDRESS(MATCH("",$A:$A,-1),1,1,1)),$A16,$H$21:INDIRECT(ADDRESS(MATCH("",$A:$A,-1),8,1,1)),"Y(즉시조치)") -> 0 | F16: =COUNTIFS($A$21:INDIRECT(ADDRESS(MATCH("",$A:$A,-1),1,1,1)),$A16&"*",$H$21:INDIRECT(ADDRESS(MATCH("",$A:$A,-1),8,1,1)),"N") -> 0 | G16: =COUNTIFS($A$21:INDIRECT(ADDRESS(MATCH("",$A:$A,-1),1,1,1)),$A16&"*",$H$21:INDIRECT(ADDRESS(MATCH("",$A:$A,-1),8,1,1)),"N/A") -> 0 | H16: =IF($G16=$D16, "N/A", (S16/R16)) -> N/A | J16: =COUNTIFS($A$21:INDIRECT(ADDRESS(MATCH("",$A:$A,-1),1,1,1)),$A16,$K$21:INDIRECT(ADDRESS(MATCH("",$B:$B,-1),11,1,1)),"조치") -> 0 | K16: =COUNTIFS($A$21:INDIRECT(ADDRESS(MATCH("",$A:$A,-1),1,1,1)),$A16,$K$21:INDIRECT(ADDRESS(MATCH("",$B:$B,-1),11,1,1)),"미조치") -> 0 | L16: =COUNTIFS($A$21:INDIRECT(ADDRESS(MATCH("",$A:$A,-1),1,1,1)),$A16,$K$21:INDIRECT(ADDRESS(MATCH("",$B:$B,-1),11,1,1)),"위험수용") -> 0 | M16: =COUNTIFS($A$21:INDIRECT(ADDRESS(MATCH("",$A:$A,-1),1,1,1)),$A16,$K$21:INDIRECT(ADDRESS(MATCH("",$B:$B,-1),11,1,1)),"N/A") -> 0 | N16: =IFERROR($J16/($F16-(M16-G16)),"N/A") -> N/A | O16: =IF(OR($G16=$D16,$D16=$M16),"N/A", ($T16/$U16)) -> N/A | R16: =SUMIF($A$21:INDIRECT(ADDRESS(MATCH("",$A:$A,-1),1,1,1)),$A16,$R$21:INDIRECT(ADDRESS(MATCH("",$A:$A,-1),18,1,1))) -> 0 | S16: =SUMIF($A$21:INDIRECT(ADDRESS(MATCH("",$A:$A,-1),1,1,1)),$A16,$S$21:INDIRECT(ADDRESS(MATCH("",$A:$A,-1),19,1,1))) -> 0 | T16: =SUMIF($A$21:INDIRECT(ADDRESS(MATCH("",$A:$A,-1),1,1,1)),$A16,$T$21:INDIRECT(ADDRESS(MATCH("",$A:$A,-1),20,1,1))) -> 0 | U16: =SUMIF($A$21:INDIRECT(ADDRESS(MATCH("",$A:$A,-1),2,1,1)),$A16&"*",$U$21:INDIRECT(ADDRESS(MATCH("",$A:$A,-1),21,1,1))) -> 0 | V16: =B16 -> 0 | X16: =H16 -> N/A | Y16: =O16 -> N/A
A17: 전체 보안 수준 | D17: =SUM(D12:D16) -> 26 | E17: =SUM(E12:E16) -> 7 | F17: =SUM(F12:F16) -> 2 | G17: =SUM(G12:G16) -> 15 | H17: =IF($G17=$D17, "N/A", (S17/R17)) -> 0.62962963 | J17: =SUM(J12:J16) -> 2 | K17: =SUM(K12:K16) -> 2 | L17: =SUM(L12:L16) -> 0 | M17: =SUM(M12:M16) -> 15 | N17: =IF($O17="N/A","N/A",IFERROR($J17/($F17-(M17-G17)),"N/A")) -> 1 | O17: =IF($G17=$D17, "N/A", IFERROR((T17/U17),"N/A")) -> 0.6875 | R17: =SUM(R12:R16) -> 27 | S17: =SUM(S12:S16) -> 17 | T17: =SUM(T12:T16) -> 22 | U17: =SUM(U12:U16) -> 32 | V17: 전채 보안 수준 | X17: =H17 -> 0.62962963 | Y17: =O17 -> 0.6875
A19: ② 상세 진단 현황 | R19: HIDDEN 필드입니다
A20: 분류 | C20: 진단 항목 | F20: 중요도 | H20: 진단 결과 | I20: 현황 및 문제점 | J20: 이행 결과 | K20: 이행여부 | L20: 조치 현황 | Q20: 개선방안 및 보호대책 | R20: 전체점수(이행전) | S20: 평가점수 (이행 전) | T20: 평가점수 (이행 후) | U20: 전체점수(이행 후) | V20: 이행 결과
A21: =ChkList!A5 -> 계정 관리 | B21: =ChkList!B5 -> D-01 | C21: =ChkList!C5 -> 기본 계정의 비밀번호, 정책 등을 변경하여 사용 | F21: =ChkList!D5 -> H | G21: =ChkList!E5 -> 3 | H21: Y | I21: 기본 계정인 root의 패스워드를 설정하여 양호함 기본 계정의 초기 비밀번호를 변경 | J21: Y | K21: =IF($J21="", "", IF(OR($H21="Y", $H21="N/A",$H21="Y(즉시조치)"), $H21, IF(AND($H21="N", $J21="Y"), "조치", IF(AND($H21="N",$J21="N/A"), "N/A", IF(IFERROR(FIND("위험수용", $L21), 0), "위험수용", "미조치"))))) -> Y | L21: 디폴트 패스워드 변경됨, root 계정으로 비밀번호 없이 로그인 불가능 | Q21: =IF($J21="",IF(OR($H21="N",$H21="인터뷰"), ChkList!$F5, ""), IF(OR($J21="N",$J21="인터뷰"), ChkList!$F5, "")) | R21: =IF($H21="N/A",0,VLOOKUP($F21,'parm(hidden)'!$B$8:$C$10,2,FALSE))*1 -> 3 | S21: =IFERROR(VLOOKUP($F21,'parm(hidden)'!$B$8:$C$10,2,FALSE)*VLOOKUP($H21,'parm(hidden)'!$B$15:$C$19,2,FALSE),0) -> 3 | T21: =IFERROR(VLOOKUP($F21,'parm(hidden)'!$B$8:$C$10,2,FALSE)*VLOOKUP($K21,$V$22:$W$27,2,FALSE),0) -> 3 | U21: =IF($J21="N/A",0,VLOOKUP($F21,'parm(hidden)'!$B$8:$C$10,2,FALSE))*1 -> 3 | V21: 결과 | W21: 점수
A22: =ChkList!A6 -> 계정 관리 | B22: =ChkList!B6 -> D-02 | C22: =ChkList!C6 -> 데이터베이스의 불필요 계정을 제거하거나, 잠금설정 후 사용 | F22: =ChkList!D6 -> H | G22: =ChkList!E6 -> 3 | H22: Y | I22: 불필요한 계정이 없으므로 양호함 | J22: Y | K22: =IF($J22="", "", IF(OR($H22="Y", $H22="N/A",$H22="Y(즉시조치)"), $H22, IF(AND($H22="N", $J22="Y"), "조치", IF(AND($H22="N",$J22="N/A"), "N/A", IF(IFERROR(FIND("위험수용", $L22), 0), "위험수용", "미조치"))))) -> Y | L22: 기본 계정, 직원용 계정 외 미사용 계정 없으므로 양호 | Q22: =IF($J22="",IF(OR($H22="N",$H22="인터뷰"), ChkList!$F6, ""), IF(OR($J22="N",$J22="인터뷰"), ChkList!$F6, "")) | R22: =IF($H22="N/A",0,VLOOKUP($F22,'parm(hidden)'!$B$8:$C$10,2,FALSE))*1 -> 3 | S22: =IFERROR(VLOOKUP($F22,'parm(hidden)'!$B$8:$C$10,2,FALSE)*VLOOKUP($H22,'parm(hidden)'!$B$15:$C$19,2,FALSE),0) -> 3 | T22: =IFERROR(VLOOKUP($F22,'parm(hidden)'!$B$8:$C$10,2,FALSE)*VLOOKUP($K22,$V$22:$W$27,2,FALSE),0) -> 3 | U22: =IF($J22="N/A",0,VLOOKUP($F22,'parm(hidden)'!$B$8:$C$10,2,FALSE))*1 -> 3 | V22: 조치 | W22: 1
A23: =ChkList!A7 -> 계정 관리 | B23: =ChkList!B7 -> D-03 | C23: =ChkList!C7 -> 비밀번호 사용 기간 및 복잡도를 기관의 정책에 맞도록 설정 | F23: =ChkList!D7 -> H | G23: =ChkList!E7 -> 3 | H23: 인터뷰 | I23: 비밀번호 복잡도, 사용기간 설정되어있지 않으므로 취약 기관 정책에 맞게 비밀번호 사용 기간 및 복잡도 정책 설정 필요 | J23: Y | K23: =IF($J23="", "", IF(OR($H23="Y", $H23="N/A",$H23="Y(즉시조치)"), $H23, IF(AND($H23="N", $J23="Y"), "조치", IF(AND($H23="N",$J23="N/A"), "N/A", IF(IFERROR(FIND("위험수용", $L23), 0), "위험수용", "미조치"))))) -> 미조치 | L23: 8자리 이상, 숫자 포함, 특수문자 포함, 대소문자 조합을 만족하도록 복잡성 설정됨, 패스워드 사용기간 설정됨 | Q23: =IF($J23="",IF(OR($H23="N",$H23="인터뷰"), ChkList!$F7, ""), IF(OR($J23="N",$J23="인터뷰"), ChkList!$F7, "")) | R23: =IF($H23="N/A",0,VLOOKUP($F23,'parm(hidden)'!$B$8:$C$10,2,FALSE))*1 -> 3 | S23: =IFERROR(VLOOKUP($F23,'parm(hidden)'!$B$8:$C$10,2,FALSE)*VLOOKUP($H23,'parm(hidden)'!$B$15:$C$19,2,FALSE),0) -> 0 | T23: =IFERROR(VLOOKUP($F23,'parm(hidden)'!$B$8:$C$10,2,FALSE)*VLOOKUP($K23,$V$22:$W$27,2,FALSE),0) -> 0 | U23: =IF($J23="N/A",0,VLOOKUP($F23,'parm(hidden)'!$B$8:$C$10,2,FALSE))*1 -> 3 | V23: 미조치 | W23: 0
A24: =ChkList!A8 -> 계정 관리 | B24: =ChkList!B8 -> D-04 | C24: =ChkList!C8 -> 데이터베이스 관리자 권한을 꼭 필요한 계정 및 그룹에 대해서만 허용 | F24: =ChkList!D8 -> H | G24: =ChkList!E8 -> 3 | H24: Y | I24: 관리자 권한이 필요한 계정 및 그룹에만 관리자 권한이 부여되어있어 양호 root 계정 외에 부여된 계정 없음 | J24: Y | K24: =IF($J24="", "", IF(OR($H24="Y", $H24="N/A",$H24="Y(즉시조치)"), $H24, IF(AND($H24="N", $J24="Y"), "조치", IF(AND($H24="N",$J24="N/A"), "N/A", IF(IFERROR(FIND("위험수용", $L24), 0), "위험수용", "미조치"))))) -> Y | L24: 일반 사용자 계정에 관리자 권한 부여하지 않음 | Q24: =IF($J24="",IF(OR($H24="N",$H24="인터뷰"), ChkList!$F8, ""), IF(OR($J24="N",$J24="인터뷰"), ChkList!$F8, "")) | R24: =IF($H24="N/A",0,VLOOKUP($F24,'parm(hidden)'!$B$8:$C$10,2,FALSE))*1 -> 3 | S24: =IFERROR(VLOOKUP($F24,'parm(hidden)'!$B$8:$C$10,2,FALSE)*VLOOKUP($H24,'parm(hidden)'!$B$15:$C$19,2,FALSE),0) -> 3 | T24: =IFERROR(VLOOKUP($F24,'parm(hidden)'!$B$8:$C$10,2,FALSE)*VLOOKUP($K24,$V$22:$W$27,2,FALSE),0) -> 3 | U24: =IF($J24="N/A",0,VLOOKUP($F24,'parm(hidden)'!$B$8:$C$10,2,FALSE))*1 -> 3 | V24: 위험수용 | W24: 0
A25: =ChkList!A9 -> 계정 관리 | B25: =ChkList!B9 -> D-05 | C25: =ChkList!C9 -> 비밀번호 재사용에 대한 제약 설정 | F25: =ChkList!D9 -> M | G25: =ChkList!E9 -> 2 | H25: N/A | I25: 해당사항 없음 | J25: N/A | K25: =IF($J25="", "", IF(OR($H25="Y", $H25="N/A",$H25="Y(즉시조치)"), $H25, IF(AND($H25="N", $J25="Y"), "조치", IF(AND($H25="N",$J25="N/A"), "N/A", IF(IFERROR(FIND("위험수용", $L25), 0), "위험수용", "미조치"))))) -> N/A | L25: 해당사항 없음 | Q25: =IF($J25="",IF(OR($H25="N",$H25="인터뷰"), ChkList!$F9, ""), IF(OR($J25="N",$J25="인터뷰"), ChkList!$F9, "")) | R25: =IF($H25="N/A",0,VLOOKUP($F25,'parm(hidden)'!$B$8:$C$10,2,FALSE))*1 -> 0 | S25: =IFERROR(VLOOKUP($F25,'parm(hidden)'!$B$8:$C$10,2,FALSE)*VLOOKUP($H25,'parm(hidden)'!$B$15:$C$19,2,FALSE),0) -> 0 | T25: =IFERROR(VLOOKUP($F25,'parm(hidden)'!$B$8:$C$10,2,FALSE)*VLOOKUP($K25,$V$22:$W$27,2,FALSE),0) -> 0 | U25: =IF($J25="N/A",0,VLOOKUP($F25,'parm(hidden)'!$B$8:$C$10,2,FALSE))*1 -> 0 | V25: N/A | W25: 0
A26: =ChkList!A10 -> 계정 관리 | B26: =ChkList!B10 -> D-06 | C26: =ChkList!C10 -> DB 사용자 계정을 개별적으로 부여하여 사용 | F26: =ChkList!D10 -> M | G26: =ChkList!E10 -> 2 | H26: N | I26: 하나의 공용 계정 사용 중이므로 취약함 | J26: Y | K26: =IF($J26="", "", IF(OR($H26="Y", $H26="N/A",$H26="Y(즉시조치)"), $H26, IF(AND($H26="N", $J26="Y"), "조치", IF(AND($H26="N",$J26="N/A"), "N/A", IF(IFERROR(FIND("위험수용", $L26), 0), "위험수용", "미조치"))))) -> 조치 | L26: 여러 사용자에게 공통 적용되는 role을 제외하면 사용자별로 다른 계정을 사용 중이므로 양호 | Q26: =IF($J26="",IF(OR($H26="N",$H26="인터뷰"), ChkList!$F10, ""), IF(OR($J26="N",$J26="인터뷰"), ChkList!$F10, "")) | R26: =IF($H26="N/A",0,VLOOKUP($F26,'parm(hidden)'!$B$8:$C$10,2,FALSE))*1 -> 2 | S26: =IFERROR(VLOOKUP($F26,'parm(hidden)'!$B$8:$C$10,2,FALSE)*VLOOKUP($H26,'parm(hidden)'!$B$15:$C$19,2,FALSE),0) -> 0 | T26: =IFERROR(VLOOKUP($F26,'parm(hidden)'!$B$8:$C$10,2,FALSE)*VLOOKUP($K26,$V$22:$W$27,2,FALSE),0) -> 2 | U26: =IF($J26="N/A",0,VLOOKUP($F26,'parm(hidden)'!$B$8:$C$10,2,FALSE))*1 -> 2 | V26: Y | W26: 1
A27: =ChkList!A11 -> 계정 관리 | B27: =ChkList!B11 -> D-07 | C27: =ChkList!C11 -> root 권한으로 서비스 구동 제한 | F27: =ChkList!D11 -> M | G27: =ChkList!E11 -> 2 | H27: 인터뷰 | I27: DBMS가 root 계정 또는 root 권한으로 구동되고 있는지 확인 필요 | J27: Y | K27: =IF($J27="", "", IF(OR($H27="Y", $H27="N/A",$H27="Y(즉시조치)"), $H27, IF(AND($H27="N", $J27="Y"), "조치", IF(AND($H27="N",$J27="N/A"), "N/A", IF(IFERROR(FIND("위험수용", $L27), 0), "위험수용", "미조치"))))) -> 미조치 | L27: 원격에서의 DB 서버 접속 제한함 | Q27: =IF($J27="",IF(OR($H27="N",$H27="인터뷰"), ChkList!$F11, ""), IF(OR($J27="N",$J27="인터뷰"), ChkList!$F11, "")) | R27: =IF($H27="N/A",0,VLOOKUP($F27,'parm(hidden)'!$B$8:$C$10,2,FALSE))*1 -> 2 | S27: =IFERROR(VLOOKUP($F27,'parm(hidden)'!$B$8:$C$10,2,FALSE)*VLOOKUP($H27,'parm(hidden)'!$B$15:$C$19,2,FALSE),0) -> 0 | T27: =IFERROR(VLOOKUP($F27,'parm(hidden)'!$B$8:$C$10,2,FALSE)*VLOOKUP($K27,$V$22:$W$27,2,FALSE),0) -> 0 | U27: =IF($J27="N/A",0,VLOOKUP($F27,'parm(hidden)'!$B$8:$C$10,2,FALSE))*1 -> 2 | V27: Y(즉시조치) | W27: 1
A28: =ChkList!A12 -> 계정 관리 | B28: =ChkList!B12 -> D-08 | C28: =ChkList!C12 -> 안전한 암호화 알고리즘 사용 | F28: =ChkList!D12 -> H | G28: =ChkList!E12 -> 3 | H28: N | I28: 암호화 알고리즘 사용하지 않으므로 취약함 | J28: Y | K28: =IF($J28="", "", IF(OR($H28="Y", $H28="N/A",$H28="Y(즉시조치)"), $H28, IF(AND($H28="N", $J28="Y"), "조치", IF(AND($H28="N",$J28="N/A"), "N/A", IF(IFERROR(FIND("위험수용", $L28), 0), "위험수용", "미조치"))))) -> 조치 | L28: 전역 권한을 갖는 admin, root를 제외하면 사용자 계정 중 시스템 계정에 권한을 가진 계정 없음으므로 양호 | Q28: =IF($J28="",IF(OR($H28="N",$H28="인터뷰"), ChkList!$F12, ""), IF(OR($J28="N",$J28="인터뷰"), ChkList!$F12, "")) | R28: =IF($H28="N/A",0,VLOOKUP($F28,'parm(hidden)'!$B$8:$C$10,2,FALSE))*1 -> 3 | S28: =IFERROR(VLOOKUP($F28,'parm(hidden)'!$B$8:$C$10,2,FALSE)*VLOOKUP($H28,'parm(hidden)'!$B$15:$C$19,2,FALSE),0) -> 0 | T28: =IFERROR(VLOOKUP($F28,'parm(hidden)'!$B$8:$C$10,2,FALSE)*VLOOKUP($K28,$V$22:$W$27,2,FALSE),0) -> 3 | U28: =IF($J28="N/A",0,VLOOKUP($F28,'parm(hidden)'!$B$8:$C$10,2,FALSE))*1 -> 3
A29: =ChkList!A13 -> 계정 관리 | B29: =ChkList!B13 -> D-09 | C29: =ChkList!C13 -> 일정 횟수의 로그인 실패 시 이에 대한 잠금정책 설정 | F29: =ChkList!D13 -> M | G29: =ChkList!E13 -> 2 | H29: N/A | I29: 해당사항 없음 | J29: N/A | K29: =IF($J29="", "", IF(OR($H29="Y", $H29="N/A",$H29="Y(즉시조치)"), $H29, IF(AND($H29="N", $J29="Y"), "조치", IF(AND($H29="N",$J29="N/A"), "N/A", IF(IFERROR(FIND("위험수용", $L29), 0), "위험수용", "미조치"))))) -> N/A | L29: 해당사항 없음 | Q29: =IF($J29="",IF(OR($H29="N",$H29="인터뷰"), ChkList!$F13, ""), IF(OR($J29="N",$J29="인터뷰"), ChkList!$F13, "")) | R29: =IF($H29="N/A",0,VLOOKUP($F29,'parm(hidden)'!$B$8:$C$10,2,FALSE))*1 -> 0 | S29: =IFERROR(VLOOKUP($F29,'parm(hidden)'!$B$8:$C$10,2,FALSE)*VLOOKUP($H29,'parm(hidden)'!$B$15:$C$19,2,FALSE),0) -> 0 | T29: =IFERROR(VLOOKUP($F29,'parm(hidden)'!$B$8:$C$10,2,FALSE)*VLOOKUP($K29,$V$22:$W$27,2,FALSE),0) -> 0 | U29: =IF($J29="N/A",0,VLOOKUP($F29,'parm(hidden)'!$B$8:$C$10,2,FALSE))*1 -> 0
A30: =ChkList!A14 -> 접근 관리 | B30: =ChkList!B14 -> D-10 | C30: =ChkList!C14 -> 원격에서 DB 서버로의 접속 제한 | F30: =ChkList!D14 -> H | G30: =ChkList!E14 -> 3 | H30: Y | I30: DB 서버에 지정된 IP주소에서만 접근 가능하도록 제한되어있어 양호함 | J30: N/A | K30: =IF($J30="", "", IF(OR($H30="Y", $H30="N/A",$H30="Y(즉시조치)"), $H30, IF(AND($H30="N", $J30="Y"), "조치", IF(AND($H30="N",$J30="N/A"), "N/A", IF(IFERROR(FIND("위험수용", $L30), 0), "위험수용", "미조치"))))) -> Y | L30: 리눅스 운영체제 사용 중이므로 해당사항 없음 | Q30: =IF($J30="",IF(OR($H30="N",$H30="인터뷰"), ChkList!$F14, ""), IF(OR($J30="N",$J30="인터뷰"), ChkList!$F14, "")) | R30: =IF($H30="N/A",0,VLOOKUP($F30,'parm(hidden)'!$B$8:$C$10,2,FALSE))*1 -> 3 | S30: =IFERROR(VLOOKUP($F30,'parm(hidden)'!$B$8:$C$10,2,FALSE)*VLOOKUP($H30,'parm(hidden)'!$B$15:$C$19,2,FALSE),0) -> 3 | T30: =IFERROR(VLOOKUP($F30,'parm(hidden)'!$B$8:$C$10,2,FALSE)*VLOOKUP($K30,$V$22:$W$27,2,FALSE),0) -> 3 | U30: =IF($J30="N/A",0,VLOOKUP($F30,'parm(hidden)'!$B$8:$C$10,2,FALSE))*1 -> 0
A31: =ChkList!A15 -> 접근 관리 | B31: =ChkList!B15 -> D-11 | C31: =ChkList!C15 -> DBA 이외의 인가되지 않은 사용자가 시스템 테이블에 접근할 수 없도록 설정 | F31: =ChkList!D15 -> H | G31: =ChkList!E15 -> 3 | H31: Y | I31: 회사에서 사용하는 데이터베이스의 테이블에만 접근 가능하도록 설정되어있어 양호함 | J31: N/A | K31: =IF($J31="", "", IF(OR($H31="Y", $H31="N/A",$H31="Y(즉시조치)"), $H31, IF(AND($H31="N", $J31="Y"), "조치", IF(AND($H31="N",$J31="N/A"), "N/A", IF(IFERROR(FIND("위험수용", $L31), 0), "위험수용", "미조치"))))) -> Y | L31: 해당사항 없음 | Q31: =IF($J31="",IF(OR($H31="N",$H31="인터뷰"), ChkList!$F15, ""), IF(OR($J31="N",$J31="인터뷰"), ChkList!$F15, "")) | R31: =IF($H31="N/A",0,VLOOKUP($F31,'parm(hidden)'!$B$8:$C$10,2,FALSE))*1 -> 3 | S31: =IFERROR(VLOOKUP($F31,'parm(hidden)'!$B$8:$C$10,2,FALSE)*VLOOKUP($H31,'parm(hidden)'!$B$15:$C$19,2,FALSE),0) -> 3 | T31: =IFERROR(VLOOKUP($F31,'parm(hidden)'!$B$8:$C$10,2,FALSE)*VLOOKUP($K31,$V$22:$W$27,2,FALSE),0) -> 3 | U31: =IF($J31="N/A",0,VLOOKUP($F31,'parm(hidden)'!$B$8:$C$10,2,FALSE))*1 -> 0
A32: =ChkList!A16 -> 접근 관리 | B32: =ChkList!B16 -> D-12 | C32: =ChkList!C16 -> 안전한 리스너 비밀번호 설정 및 사용 | F32: =ChkList!D16 -> H | G32: =ChkList!E16 -> 3 | H32: N/A | I32: 해당사항 없음 | J32: Y | K32: =IF($J32="", "", IF(OR($H32="Y", $H32="N/A",$H32="Y(즉시조치)"), $H32, IF(AND($H32="N", $J32="Y"), "조치", IF(AND($H32="N",$J32="N/A"), "N/A", IF(IFERROR(FIND("위험수용", $L32), 0), "위험수용", "미조치"))))) -> N/A | L32: umask가 022 이상으로 설정되어 있으므로 양호 | Q32: =IF($J32="",IF(OR($H32="N",$H32="인터뷰"), ChkList!$F16, ""), IF(OR($J32="N",$J32="인터뷰"), ChkList!$F16, "")) | R32: =IF($H32="N/A",0,VLOOKUP($F32,'parm(hidden)'!$B$8:$C$10,2,FALSE))*1 -> 0 | S32: =IFERROR(VLOOKUP($F32,'parm(hidden)'!$B$8:$C$10,2,FALSE)*VLOOKUP(#REF!,'parm(hidden)'!$B$15:$C$19,2,FALSE),0) -> 0 | T32: =IFERROR(VLOOKUP($F32,'parm(hidden)'!$B$8:$C$10,2,FALSE)*VLOOKUP($K32,$V$22:$W$27,2,FALSE),0) -> 0 | U32: =IF($J32="N/A",0,VLOOKUP($F32,'parm(hidden)'!$B$8:$C$10,2,FALSE))*1 -> 3
A33: =ChkList!A17 -> 접근 관리 | B33: =ChkList!B17 -> D-13 | C33: =ChkList!C17 -> 불필요한 ODBC/OLE-DB 데이터 소스와 드라이브를 제거하여 사용 | F33: =ChkList!D17 -> M | G33: =ChkList!E17 -> 2 | H33: N/A | I33: 해당사항 없음 | J33: Y | K33: =IF($J33="", "", IF(OR($H33="Y", $H33="N/A",$H33="Y(즉시조치)"), $H33, IF(AND($H33="N", $J33="Y"), "조치", IF(AND($H33="N",$J33="N/A"), "N/A", IF(IFERROR(FIND("위험수용", $L33), 0), "위험수용", "미조치"))))) -> N/A | L33: root만 주요 파일의 수정 권한을 가지도록 설정함 | Q33: =IF($J33="",IF(OR($H33="N",$H33="인터뷰"), ChkList!$F17, ""), IF(OR($J33="N",$J33="인터뷰"), ChkList!$F17, "")) | R33: =IF($H33="N/A",0,VLOOKUP($F33,'parm(hidden)'!$B$8:$C$10,2,FALSE))*1 -> 0 | S33: =IFERROR(VLOOKUP($F33,'parm(hidden)'!$B$8:$C$10,2,FALSE)*VLOOKUP($H32,'parm(hidden)'!$B$15:$C$19,2,FALSE),0) -> 0 | T33: =IFERROR(VLOOKUP($F33,'parm(hidden)'!$B$8:$C$10,2,FALSE)*VLOOKUP($K33,$V$22:$W$27,2,FALSE),0) -> 0 | U33: =IF($J33="N/A",0,VLOOKUP($F33,'parm(hidden)'!$B$8:$C$10,2,FALSE))*1 -> 2
A34: =ChkList!A18 -> 접근 관리 | B34: =ChkList!B18 -> D-14 | C34: =ChkList!C18 -> 데이터베이스의 주요 설정파일, 비밀번호 파일 등과 같은 주요 파일들의 접근 권한이 적절하게 설정 | F34: =ChkList!D18 -> M | G34: =ChkList!E18 -> 2 | H34: Y | I34: 주요 설정 파일 및 디렉터리의 권한 설정 시 일반 사용자의 수정 권한을 제거하여 양호함 my.cnf 설정 파일 접근권한을 600으로 설정 | J34: N/A | K34: =IF($J34="", "", IF(OR($H34="Y", $H34="N/A",$H34="Y(즉시조치)"), $H34, IF(AND($H34="N", $J34="Y"), "조치", IF(AND($H34="N",$J34="N/A"), "N/A", IF(IFERROR(FIND("위험수용", $L34), 0), "위험수용", "미조치"))))) -> Y | L34: 해당사항 없음 | Q34: =IF($J34="",IF(OR($H34="N",$H34="인터뷰"), ChkList!$F18, ""), IF(OR($J34="N",$J34="인터뷰"), ChkList!$F18, "")) | R34: =IF($H34="N/A",0,VLOOKUP($F34,'parm(hidden)'!$B$8:$C$10,2,FALSE))*1 -> 2 | S34: =IFERROR(VLOOKUP($F34,'parm(hidden)'!$B$8:$C$10,2,FALSE)*VLOOKUP($H34,'parm(hidden)'!$B$15:$C$19,2,FALSE),0) -> 2 | T34: =IFERROR(VLOOKUP($F34,'parm(hidden)'!$B$8:$C$10,2,FALSE)*VLOOKUP($K34,$V$22:$W$27,2,FALSE),0) -> 2 | U34: =IF($J34="N/A",0,VLOOKUP($F34,'parm(hidden)'!$B$8:$C$10,2,FALSE))*1 -> 0
A35: =ChkList!A19 -> 접근 관리 | B35: =ChkList!B19 -> D-15 | C35: =ChkList!C19 -> 관리자 이외의 사용자가 오라클 리스너의 접속을 통해 리스너 로그 및 trace 파일에 대한 변경 제한 | F35: =ChkList!D19 -> L | G35: =ChkList!E19 -> 1 | H35: N/A | I35: 해당사항 없음 | J35: N/A | K35: =IF($J35="", "", IF(OR($H35="Y", $H35="N/A",$H35="Y(즉시조치)"), $H35, IF(AND($H35="N", $J35="Y"), "조치", IF(AND($H35="N",$J35="N/A"), "N/A", IF(IFERROR(FIND("위험수용", $L35), 0), "위험수용", "미조치"))))) -> N/A | L35: 해당사항 없음 | Q35: =IF($J35="",IF(OR($H35="N",$H35="인터뷰"), ChkList!$F19, ""), IF(OR($J35="N",$J35="인터뷰"), ChkList!$F19, "")) | R35: =IF($H35="N/A",0,VLOOKUP($F35,'parm(hidden)'!$B$8:$C$10,2,FALSE))*1 -> 0 | S35: =IFERROR(VLOOKUP($F35,'parm(hidden)'!$B$8:$C$10,2,FALSE)*VLOOKUP($H35,'parm(hidden)'!$B$15:$C$19,2,FALSE),0) -> 0 | T35: =IFERROR(VLOOKUP($F35,'parm(hidden)'!$B$8:$C$10,2,FALSE)*VLOOKUP($K35,$V$22:$W$27,2,FALSE),0) -> 0 | U35: =IF($J35="N/A",0,VLOOKUP($F35,'parm(hidden)'!$B$8:$C$10,2,FALSE))*1 -> 0
A36: =ChkList!A20 -> 접근 관리 | B36: =ChkList!B20 -> D-16 | C36: =ChkList!C20 -> Windows 인증 모드 사용 | F36: =ChkList!D20 -> L | G36: =ChkList!E20 -> 1 | H36: N/A | I36: 해당사항 없음 | J36: N/A | K36: =IF($J36="", "", IF(OR($H36="Y", $H36="N/A",$H36="Y(즉시조치)"), $H36, IF(AND($H36="N", $J36="Y"), "조치", IF(AND($H36="N",$J36="N/A"), "N/A", IF(IFERROR(FIND("위험수용", $L36), 0), "위험수용", "미조치"))))) -> N/A | L36: 해당사항 없음 | Q36: =IF($J36="",IF(OR($H36="N",$H36="인터뷰"), ChkList!$F20, ""), IF(OR($J36="N",$J36="인터뷰"), ChkList!$F20, "")) | R36: =IF($H36="N/A",0,VLOOKUP($F36,'parm(hidden)'!$B$8:$C$10,2,FALSE))*1 -> 0 | S36: =IFERROR(VLOOKUP($F36,'parm(hidden)'!$B$8:$C$10,2,FALSE)*VLOOKUP($H36,'parm(hidden)'!$B$15:$C$19,2,FALSE),0) -> 0 | T36: =IFERROR(VLOOKUP($F36,'parm(hidden)'!$B$8:$C$10,2,FALSE)*VLOOKUP($K36,$V$22:$W$27,2,FALSE),0) -> 0 | U36: =IF($J36="N/A",0,VLOOKUP($F36,'parm(hidden)'!$B$8:$C$10,2,FALSE))*1 -> 0
A37: =ChkList!A21 -> 옵션 관리 | B37: =ChkList!B21 -> D-17 | C37: =ChkList!C21 -> Audit Table은 데이터베이스 관리자 계정에 접근하도록 제한 | F37: =ChkList!D21 -> L | G37: =ChkList!E21 -> 1 | H37: N/A | I37: 해당사항 없음 | J37: N/A | K37: =IF($J37="", "", IF(OR($H37="Y", $H37="N/A",$H37="Y(즉시조치)"), $H37, IF(AND($H37="N", $J37="Y"), "조치", IF(AND($H37="N",$J37="N/A"), "N/A", IF(IFERROR(FIND("위험수용", $L37), 0), "위험수용", "미조치"))))) -> N/A | L37: 해당사항 없음 | Q37: =IF($J37="",IF(OR($H37="N",$H37="인터뷰"), ChkList!$F21, ""), IF(OR($J37="N",$J37="인터뷰"), ChkList!$F21, "")) | R37: =IF($H37="N/A",0,VLOOKUP($F37,'parm(hidden)'!$B$8:$C$10,2,FALSE))*1 -> 0 | S37: =IFERROR(VLOOKUP($F37,'parm(hidden)'!$B$8:$C$10,2,FALSE)*VLOOKUP($H37,'parm(hidden)'!$B$15:$C$19,2,FALSE),0) -> 0 | T37: =IFERROR(VLOOKUP($F37,'parm(hidden)'!$B$8:$C$10,2,FALSE)*VLOOKUP($K37,$V$22:$W$27,2,FALSE),0) -> 0 | U37: =IF($J37="N/A",0,VLOOKUP($F37,'parm(hidden)'!$B$8:$C$10,2,FALSE))*1 -> 0
A38: =ChkList!A22 -> 옵션 관리 | B38: =ChkList!B22 -> D-18 | C38: =ChkList!C22 -> 응용프로그램 또는 DBA 계정의 Role이 Public으로 설정되지 않도록 조정 | F38: =ChkList!D22 -> H | G38: =ChkList!E22 -> 3 | H38: N/A | I38: 해당사항 없음 | J38: N/A | K38: =IF($J38="", "", IF(OR($H38="Y", $H38="N/A",$H38="Y(즉시조치)"), $H38, IF(AND($H38="N", $J38="Y"), "조치", IF(AND($H38="N",$J38="N/A"), "N/A", IF(IFERROR(FIND("위험수용", $L38), 0), "위험수용", "미조치"))))) -> N/A | L38: 해당사항 없음 | Q38: =IF($J38="",IF(OR($H38="N",$H38="인터뷰"), ChkList!$F22, ""), IF(OR($J38="N",$J38="인터뷰"), ChkList!$F22, "")) | R38: =IF($H38="N/A",0,VLOOKUP($F38,'parm(hidden)'!$B$8:$C$10,2,FALSE))*1 -> 0 | S38: =IFERROR(VLOOKUP($F38,'parm(hidden)'!$B$8:$C$10,2,FALSE)*VLOOKUP($H38,'parm(hidden)'!$B$15:$C$19,2,FALSE),0) -> 0 | T38: =IFERROR(VLOOKUP($F38,'parm(hidden)'!$B$8:$C$10,2,FALSE)*VLOOKUP($K38,$V$22:$W$27,2,FALSE),0) -> 0 | U38: =IF($J38="N/A",0,VLOOKUP($F38,'parm(hidden)'!$B$8:$C$10,2,FALSE))*1 -> 0
A39: =ChkList!A23 -> 옵션 관리 | B39: =ChkList!B23 -> D-19 | C39: =ChkList!C23 -> OS_ROLES, REMOTE_OS_AUTHENTICATION, REMOTE_OS_ROLES를 FALSE로 설정 | F39: =ChkList!D23 -> H | G39: =ChkList!E23 -> 3 | H39: N/A | I39: 해당사항 없음 | J39: Y | K39: =IF($J39="", "", IF(OR($H39="Y", $H39="N/A",$H39="Y(즉시조치)"), $H39, IF(AND($H39="N", $J39="Y"), "조치", IF(AND($H39="N",$J39="N/A"), "N/A", IF(IFERROR(FIND("위험수용", $L39), 0), "위험수용", "미조치"))))) -> N/A | L39: grant_priv 권한이 있는 일반 사용자 계정 없으므로 양호 | Q39: =IF($J39="",IF(OR($H39="N",$H39="인터뷰"), ChkList!$F23, ""), IF(OR($J39="N",$J39="인터뷰"), ChkList!$F23, "")) | R39: =IF($H39="N/A",0,VLOOKUP($F39,'parm(hidden)'!$B$8:$C$10,2,FALSE))*1 -> 0 | S39: =IFERROR(VLOOKUP($F39,'parm(hidden)'!$B$8:$C$10,2,FALSE)*VLOOKUP($H39,'parm(hidden)'!$B$15:$C$19,2,FALSE),0) -> 0 | T39: =IFERROR(VLOOKUP($F39,'parm(hidden)'!$B$8:$C$10,2,FALSE)*VLOOKUP($K39,$V$22:$W$27,2,FALSE),0) -> 0 | U39: =IF($J39="N/A",0,VLOOKUP($F39,'parm(hidden)'!$B$8:$C$10,2,FALSE))*1 -> 3
A40: =ChkList!A24 -> 옵션 관리 | B40: =ChkList!B24 -> D-20 | C40: =ChkList!C24 -> 인가되지 않은 Object Owner의 제한 | F40: =ChkList!D24 -> L | G40: =ChkList!E24 -> 1 | H40: N/A | I40: 해당사항 없음 | J40: N/A | K40: =IF($J40="", "", IF(OR($H40="Y", $H40="N/A",$H40="Y(즉시조치)"), $H40, IF(AND($H40="N", $J40="Y"), "조치", IF(AND($H40="N",$J40="N/A"), "N/A", IF(IFERROR(FIND("위험수용", $L40), 0), "위험수용", "미조치"))))) -> N/A | L40: 해당사항 없음 | Q40: =IF($J40="",IF(OR($H40="N",$H40="인터뷰"), ChkList!$F24, ""), IF(OR($J40="N",$J40="인터뷰"), ChkList!$F24, "")) | R40: =IF($H40="N/A",0,VLOOKUP($F40,'parm(hidden)'!$B$8:$C$10,2,FALSE))*1 -> 0 | S40: =IFERROR(VLOOKUP($F40,'parm(hidden)'!$B$8:$C$10,2,FALSE)*VLOOKUP($H40,'parm(hidden)'!$B$15:$C$19,2,FALSE),0) -> 0 | T40: =IFERROR(VLOOKUP($F40,'parm(hidden)'!$B$8:$C$10,2,FALSE)*VLOOKUP($K40,$V$22:$W$27,2,FALSE),0) -> 0 | U40: =IF($J40="N/A",0,VLOOKUP($F40,'parm(hidden)'!$B$8:$C$10,2,FALSE))*1 -> 0
A41: =ChkList!A25 -> 옵션 관리 | B41: =ChkList!B25 -> D-21 | C41: =ChkList!C25 -> 인가되지 않은 GRANT OPTION 사용 제한 | F41: =ChkList!D25 -> M | G41: =ChkList!E25 -> 2 | H41: N/A | I41: 해당사항 없음 | J41: 인터뷰 | K41: =IF($J41="", "", IF(OR($H41="Y", $H41="N/A",$H41="Y(즉시조치)"), $H41, IF(AND($H41="N", $J41="Y"), "조치", IF(AND($H41="N",$J41="N/A"), "N/A", IF(IFERROR(FIND("위험수용", $L41), 0), "위험수용", "미조치"))))) -> N/A | L41: 현재 8.0.43 버전 사용 중이고 상위 버전(8.0.45)이 릴리즈된 상태임 | Q41: =IF($J41="",IF(OR($H41="N",$H41="인터뷰"), ChkList!$F25, ""), IF(OR($J41="N",$J41="인터뷰"), ChkList!$F25, "")) -> WITH_GRANT_OPTION이 ROLE에 의하여 설정되도록 변경 | R41: =IF($H41="N/A",0,VLOOKUP($F41,'parm(hidden)'!$B$8:$C$10,2,FALSE))*1 -> 0 | S41: =IFERROR(VLOOKUP($F41,'parm(hidden)'!$B$8:$C$10,2,FALSE)*VLOOKUP($H41,'parm(hidden)'!$B$15:$C$19,2,FALSE),0) -> 0 | T41: =IFERROR(VLOOKUP($F41,'parm(hidden)'!$B$8:$C$10,2,FALSE)*VLOOKUP($K41,$V$22:$W$27,2,FALSE),0) -> 0 | U41: =IF($J41="N/A",0,VLOOKUP($F41,'parm(hidden)'!$B$8:$C$10,2,FALSE))*1 -> 2
A42: =ChkList!A26 -> 옵션 관리 | B42: =ChkList!B26 -> D-22 | C42: =ChkList!C26 -> 데이터베이스의 자원 제한 기능을 TRUE로 설정 | F42: =ChkList!D26 -> L | G42: =ChkList!E26 -> 1 | H42: N/A | I42: 해당사항 없음 | J42: N/A | K42: =IF($J42="", "", IF(OR($H42="Y", $H42="N/A",$H42="Y(즉시조치)"), $H42, IF(AND($H42="N", $J42="Y"), "조치", IF(AND($H42="N",$J42="N/A"), "N/A", IF(IFERROR(FIND("위험수용", $L42), 0), "위험수용", "미조치"))))) -> N/A | L42: community edition을 직접 설치하여 사용 중이며 감사 기능 없음 | Q42: =IF($J42="",IF(OR($H42="N",$H42="인터뷰"), ChkList!$F26, ""), IF(OR($J42="N",$J42="인터뷰"), ChkList!$F26, "")) | R42: =IF($H42="N/A",0,VLOOKUP($F42,'parm(hidden)'!$B$8:$C$10,2,FALSE))*1 -> 0 | S42: =IFERROR(VLOOKUP($F42,'parm(hidden)'!$B$8:$C$10,2,FALSE)*VLOOKUP($H42,'parm(hidden)'!$B$15:$C$19,2,FALSE),0) -> 0 | T42: =IFERROR(VLOOKUP($F42,'parm(hidden)'!$B$8:$C$10,2,FALSE)*VLOOKUP($K42,$V$22:$W$27,2,FALSE),0) -> 0 | U42: =IF($J42="N/A",0,VLOOKUP($F42,'parm(hidden)'!$B$8:$C$10,2,FALSE))*1 -> 0
A43: =ChkList!A27 -> 옵션 관리 | B43: =ChkList!B27 -> D-23 | C43: =ChkList!C27 -> xp_cmdshell 사용 제한 | F43: =ChkList!D27 -> H | G43: =ChkList!E27 -> 3 | H43: N/A | I43: 해당사항 없음 | J43: Y | K43: =IF($J43="", "", IF(OR($H43="Y", $H43="N/A",$H43="Y(즉시조치)"), $H43, IF(AND($H43="N", $J43="Y"), "조치", IF(AND($H43="N",$J43="N/A"), "N/A", IF(IFERROR(FIND("위험수용", $L43), 0), "위험수용", "미조치"))))) -> N/A | L43: 현재 8.0.43 버전 사용 중, 다수 취약점이 해결되었다는 릴리즈 노트 내용이 있으므로 양호 | Q43: =IF($J43="",IF(OR($H43="N",$H43="인터뷰"), ChkList!$F27, ""), IF(OR($J43="N",$J43="인터뷰"), ChkList!$F27, "")) | R43: =IF($H43="N/A",0,VLOOKUP($F43,'parm(hidden)'!$B$8:$C$10,2,FALSE))*1 -> 0 | S43: =IFERROR(VLOOKUP($F43,'parm(hidden)'!$B$8:$C$10,2,FALSE)*VLOOKUP($H43,'parm(hidden)'!$B$15:$C$19,2,FALSE),0) -> 0 | T43: =IFERROR(VLOOKUP($F43,'parm(hidden)'!$B$8:$C$10,2,FALSE)*VLOOKUP($K43,$V$22:$W$27,2,FALSE),0) -> 0 | U43: =IF($J43="N/A",0,VLOOKUP($F43,'parm(hidden)'!$B$8:$C$10,2,FALSE))*1 -> 3
A44: =ChkList!A28 -> 옵션 관리 | B44: =ChkList!B28 -> D-24 | C44: =ChkList!C28 -> Registry Procedure 권한 제한 | F44: =ChkList!D28 -> H | G44: =ChkList!E28 -> 3 | H44: N/A | I44: 해당사항 없음 | J44: N/A | K44: =IF($J44="", "", IF(OR($H44="Y", $H44="N/A",$H44="Y(즉시조치)"), $H44, IF(AND($H44="N", $J44="Y"), "조치", IF(AND($H44="N",$J44="N/A"), "N/A", IF(IFERROR(FIND("위험수용", $L44), 0), "위험수용", "미조치"))))) -> N/A | L44: Audit 기능 없음 | Q44: =IF($J44="",IF(OR($H44="N",$H44="인터뷰"), ChkList!$F28, ""), IF(OR($J44="N",$J44="인터뷰"), ChkList!$F28, "")) | R44: =IF($H44="N/A",0,VLOOKUP($F44,'parm(hidden)'!$B$8:$C$10,2,FALSE))*1 -> 0 | S44: =IFERROR(VLOOKUP($F44,'parm(hidden)'!$B$8:$C$10,2,FALSE)*VLOOKUP($H44,'parm(hidden)'!$B$15:$C$19,2,FALSE),0) -> 0 | T44: =IFERROR(VLOOKUP($F44,'parm(hidden)'!$B$8:$C$10,2,FALSE)*VLOOKUP($K44,$V$22:$W$27,2,FALSE),0) -> 0 | U44: =IF($J44="N/A",0,VLOOKUP($F44,'parm(hidden)'!$B$8:$C$10,2,FALSE))*1 -> 0
A45: =ChkList!A29 -> 패치 관리 | B45: =ChkList!B29 -> D-25 | C45: =ChkList!C29 -> 주기적 보안 패치 및 벤더 권고 사항 적용 | F45: =ChkList!D29 -> H | G45: =ChkList!E29 -> 3 | H45: Y | I45: 보안 패치가 적용된 버전을 사용하고있으므로 양호함 | J45: Y | K45: =IF($J45="", "", IF(OR($H45="Y", $H45="N/A",$H45="Y(즉시조치)"), $H45, IF(AND($H45="N", $J45="Y"), "조치", IF(AND($H45="N",$J45="N/A"), "N/A", IF(IFERROR(FIND("위험수용", $L45), 0), "위험수용", "미조치"))))) -> Y | L45: 현재 8.0.44 버전 사용 중, 다수 취약점이 해결되었다는 릴리즈 노트 내용이 있으므로 양호 | Q45: =IF($J45="",IF(OR($H45="N",$H45="인터뷰"), ChkList!$F29, ""), IF(OR($J45="N",$J45="인터뷰"), ChkList!$F29, ""))
A46: =ChkList!A30 -> 패치 관리 | B46: =ChkList!B30 -> D-26 | C46: =ChkList!C30 -> 데이터베이스의 접근, 변경, 삭제 등의 감사 기록이 기관의 감사 기록 정책에 적합하도록 설정 | F46: =ChkList!D30 -> H | G46: =ChkList!E30 -> 3 | H46: N/A | I46: 해당사항 없음 | J46: N/A | K46: =IF($J46="", "", IF(OR($H46="Y", $H46="N/A",$H46="Y(즉시조치)"), $H46, IF(AND($H46="N", $J46="Y"), "조치", IF(AND($H46="N",$J46="N/A"), "N/A", IF(IFERROR(FIND("위험수용", $L46), 0), "위험수용", "미조치"))))) -> N/A | L46: Audit 기능 없음 | Q46: =IF($J46="",IF(OR($H46="N",$H46="인터뷰"), ChkList!$F30, ""), IF(OR($J46="N",$J46="인터뷰"), ChkList!$F30, ""))

Sheet DB_BR_Rocky
A1: ="■ " & $B$4 & " 상세 진단결과" -> ■ DB_BR_Rocky 상세 진단결과
A3: 1) 시스템 현황 | R3: ※ 자산 평가
A4: HostName | B4: =REPLACE(CELL("filename",A1),1,FIND("]",CELL("filename",A1)),"") -> DB_BR_Rocky | D4: 운영자산 명 | F4: =IFERROR(VLOOKUP($B$4,자산목록!$B$1:$Q$832,8,FALSE),"N/A") -> DB / php 서비스 Maria | R4: 기밀성 | S4: =IFERROR(VLOOKUP($B$4,자산목록!$B$1:$Q$832,13,FALSE),"N/A") -> 3 | T4: 자산등급 | U4: =IFERROR(VLOOKUP($B$4,자산목록!$B$1:$Q$832,16,FALSE),"N/A") -> H
A5: OS 종류 및 버전 | B5: =IFERROR(VLOOKUP($B$4,자산목록!$B$1:$Q$832,6,FALSE)&" "&VLOOKUP($B$4,자산목록!$B$1:$Q$832,7,FALSE),"N/A") -> MariaDB Server 10.3.39 | D5: IP Address | F5: =IFERROR(VLOOKUP($B$4,자산목록!$B$1:$Q$832,2,FALSE),"N/A") -> 10.200.40.18 | R5: 무결성 | S5: =IFERROR(VLOOKUP($B$4,자산목록!$B$1:$Q$832,14,FALSE),"N/A") -> 3
A6: 담당자 | B6: =IFERROR(VLOOKUP($B$4,자산목록!$B$1:$Q$832,11,FALSE),"N/A") -> 김승우 | D6: 설치 위치 | F6: =IFERROR(VLOOKUP($B$4,자산목록!$B$1:$Q$832,9,FALSE),"N/A") -> 지사 내부 서버망 | R6: 가용성 | S6: =IFERROR(VLOOKUP($B$4,자산목록!$B$1:$Q$832,15,FALSE),"N/A") -> 3
A8: 2) 진단 결과
A9: ① 부분별 진단 결과
A10: 분류 | D10: 본진단 결과 (이행 전) | I10: 영역별 수준 그래프 | J10: 이행 결과 | R10: 결과 점수 | V10: 영역별 수준 그래프
D11: 전체 | E11: 양호 | F11: 취약 | G11: N/A | H11: 수준 | J11: 조치 | K11: 미조치 | L11: 위험수용 | M11: N/A | N11: 이행율 | O11: 수준 | R11: 전체점수(이행 전) | S11: 평가점수 (이행 전) | T11: 평가점수 (이행 후) | U11: 전체점수(이행 후) | V11: 분류 | X11: 본진단 결과 (이행 전) | Y11: 이행 결과
A12: 계정 관리 | D12: =COUNTIF($A$21:INDIRECT(ADDRESS(MATCH("",$A:$A,-1),1,1,1)),$A12) -> 9 | E12: =COUNTIFS($A$21:INDIRECT(ADDRESS(MATCH("",$A:$A,-1),1,1,1)),$A12,$H$21:INDIRECT(ADDRESS(MATCH("",$A:$A,-1),8,1,1)),"Y")+COUNTIFS($A$21:INDIRECT(ADDRESS(MATCH("",$A:$A,-1),1,1,1)),$A12,$H$21:INDIRECT(ADDRESS(MATCH("",$A:$A,-1),8,1,1)),"Y(즉시조치)") -> 3 | F12: =COUNTIFS($A$21:INDIRECT(ADDRESS(MATCH("",$A:$A,-1),1,1,1)),$A12&"*",$H$21:INDIRECT(ADDRESS(MATCH("",$A:$A,-1),8,1,1)),"N") -> 2 | G12: =COUNTIFS($A$21:INDIRECT(ADDRESS(MATCH("",$A:$A,-1),1,1,1)),$A12&"*",$H$21:INDIRECT(ADDRESS(MATCH("",$A:$A,-1),8,1,1)),"N/A") -> 2 | H12: =IF($G12=$D12, "N/A", (S12/R12)) -> 0.47368421 | J12: =COUNTIFS($A$21:INDIRECT(ADDRESS(MATCH("",$A:$A,-1),1,1,1)),$A12,$K$21:INDIRECT(ADDRESS(MATCH("",$B:$B,-1),11,1,1)),"조치") -> 2 | K12: =COUNTIFS($A$21:INDIRECT(ADDRESS(MATCH("",$A:$A,-1),1,1,1)),$A12,$K$21:INDIRECT(ADDRESS(MATCH("",$B:$B,-1),11,1,1)),"미조치") -> 2 | L12: =COUNTIFS($A$21:INDIRECT(ADDRESS(MATCH("",$A:$A,-1),1,1,1)),$A12,$K$21:INDIRECT(ADDRESS(MATCH("",$B:$B,-1),11,1,1)),"위험수용") -> 0 | M12: =COUNTIFS($A$21:INDIRECT(ADDRESS(MATCH("",$A:$A,-1),1,1,1)),$A12,$K$21:INDIRECT(ADDRESS(MATCH("",$B:$B,-1),11,1,1)),"N/A") -> 2 | N12: =IFERROR($J12/($F12-(M12-G12)),"N/A") -> 1 | O12: =IF(OR($G12=$D12,$D12=$M12),"N/A", ($T12/$U12)) -> 0.73684211 | R12: =SUMIF($A$21:INDIRECT(ADDRESS(MATCH("",$A:$A,-1),1,1,1)),$A12,$R$21:INDIRECT(ADDRESS(MATCH("",$A:$A,-1),18,1,1))) -> 19 | S12: =SUMIF($A$21:INDIRECT(ADDRESS(MATCH("",$A:$A,-1),1,1,1)),$A12,$S$21:INDIRECT(ADDRESS(MATCH("",$A:$A,-1),19,1,1))) -> 9 | T12: =SUMIF($A$21:INDIRECT(ADDRESS(MATCH("",$A:$A,-1),1,1,1)),$A12,$T$21:INDIRECT(ADDRESS(MATCH("",$A:$A,-1),20,1,1))) -> 14 | U12: =SUMIF($A$21:INDIRECT(ADDRESS(MATCH("",$A:$A,-1),2,1,1)),$A12&"*",$U$21:INDIRECT(ADDRESS(MATCH("",$A:$A,-1),21,1,1))) -> 19 | V12: =B12 -> 0 | X12: =H12 -> 0.47368421 | Y12: =O12 -> 0.73684211
A13: 접근 관리 | D13: =COUNTIF($A$21:INDIRECT(ADDRESS(MATCH("",$A:$A,-1),1,1,1)),$A13) -> 7 | E13: =COUNTIFS($A$21:INDIRECT(ADDRESS(MATCH("",$A:$A,-1),1,1,1)),$A13,$H$21:INDIRECT(ADDRESS(MATCH("",$A:$A,-1),8,1,1)),"Y")+COUNTIFS($A$21:INDIRECT(ADDRESS(MATCH("",$A:$A,-1),1,1,1)),$A13,$H$21:INDIRECT(ADDRESS(MATCH("",$A:$A,-1),8,1,1)),"Y(즉시조치)") -> 3 | F13: =COUNTIFS($A$21:INDIRECT(ADDRESS(MATCH("",$A:$A,-1),1,1,1)),$A13&"*",$H$21:INDIRECT(ADDRESS(MATCH("",$A:$A,-1),8,1,1)),"N") -> 0 | G13: =COUNTIFS($A$21:INDIRECT(ADDRESS(MATCH("",$A:$A,-1),1,1,1)),$A13&"*",$H$21:INDIRECT(ADDRESS(MATCH("",$A:$A,-1),8,1,1)),"N/A") -> 4 | H13: =IF($G13=$D13, "N/A", (S13/R13)) -> 1 | J13: =COUNTIFS($A$21:INDIRECT(ADDRESS(MATCH("",$A:$A,-1),1,1,1)),$A13,$K$21:INDIRECT(ADDRESS(MATCH("",$B:$B,-1),11,1,1)),"조치") -> 0 | K13: =COUNTIFS($A$21:INDIRECT(ADDRESS(MATCH("",$A:$A,-1),1,1,1)),$A13,$K$21:INDIRECT(ADDRESS(MATCH("",$B:$B,-1),11,1,1)),"미조치") -> 0 | L13: =COUNTIFS($A$21:INDIRECT(ADDRESS(MATCH("",$A:$A,-1),1,1,1)),$A13,$K$21:INDIRECT(ADDRESS(MATCH("",$B:$B,-1),11,1,1)),"위험수용") -> 0 | M13: =COUNTIFS($A$21:INDIRECT(ADDRESS(MATCH("",$A:$A,-1),1,1,1)),$A13,$K$21:INDIRECT(ADDRESS(MATCH("",$B:$B,-1),11,1,1)),"N/A") -> 4 | N13: =IFERROR($J13/($F13-(M13-G13)),"N/A") -> N/A | O13: =IF(OR($G13=$D13,$D13=$M13),"N/A", ($T13/$U13)) -> 1.6 | R13: =SUMIF($A$21:INDIRECT(ADDRESS(MATCH("",$A:$A,-1),1,1,1)),$A13,$R$21:INDIRECT(ADDRESS(MATCH("",$A:$A,-1),18,1,1))) -> 8 | S13: =SUMIF($A$21:INDIRECT(ADDRESS(MATCH("",$A:$A,-1),1,1,1)),$A13,$S$21:INDIRECT(ADDRESS(MATCH("",$A:$A,-1),19,1,1))) -> 8 | T13: =SUMIF($A$21:INDIRECT(ADDRESS(MATCH("",$A:$A,-1),1,1,1)),$A13,$T$21:INDIRECT(ADDRESS(MATCH("",$A:$A,-1),20,1,1))) -> 8 | U13: =SUMIF($A$21:INDIRECT(ADDRESS(MATCH("",$A:$A,-1),2,1,1)),$A13&"*",$U$21:INDIRECT(ADDRESS(MATCH("",$A:$A,-1),21,1,1))) -> 5 | V13: =B13 -> 0 | X13: =H13 -> 1 | Y13: =O13 -> 1.6
A14: 옵션 관리 | D14: =COUNTIF($A$21:INDIRECT(ADDRESS(MATCH("",$A:$A,-1),1,1,1)),$A14) -> 8 | E14: =COUNTIFS($A$21:INDIRECT(ADDRESS(MATCH("",$A:$A,-1),1,1,1)),$A14,$H$21:INDIRECT(ADDRESS(MATCH("",$A:$A,-1),8,1,1)),"Y")+COUNTIFS($A$21:INDIRECT(ADDRESS(MATCH("",$A:$A,-1),1,1,1)),$A14,$H$21:INDIRECT(ADDRESS(MATCH("",$A:$A,-1),8,1,1)),"Y(즉시조치)") -> 0 | F14: =COUNTIFS($A$21:INDIRECT(ADDRESS(MATCH("",$A:$A,-1),1,1,1)),$A14&"*",$H$21:INDIRECT(ADDRESS(MATCH("",$A:$A,-1),8,1,1)),"N") -> 0 | G14: =COUNTIFS($A$21:INDIRECT(ADDRESS(MATCH("",$A:$A,-1),1,1,1)),$A14&"*",$H$21:INDIRECT(ADDRESS(MATCH("",$A:$A,-1),8,1,1)),"N/A") -> 8 | H14: =IF($G14=$D14, "N/A", (S14/R14)) -> N/A | J14: =COUNTIFS($A$21:INDIRECT(ADDRESS(MATCH("",$A:$A,-1),1,1,1)),$A14,$K$21:INDIRECT(ADDRESS(MATCH("",$B:$B,-1),11,1,1)),"조치") -> 0 | K14: =COUNTIFS($A$21:INDIRECT(ADDRESS(MATCH("",$A:$A,-1),1,1,1)),$A14,$K$21:INDIRECT(ADDRESS(MATCH("",$B:$B,-1),11,1,1)),"미조치") -> 0 | L14: =COUNTIFS($A$21:INDIRECT(ADDRESS(MATCH("",$A:$A,-1),1,1,1)),$A14,$K$21:INDIRECT(ADDRESS(MATCH("",$B:$B,-1),11,1,1)),"위험수용") -> 0 | M14: =COUNTIFS($A$21:INDIRECT(ADDRESS(MATCH("",$A:$A,-1),1,1,1)),$A14,$K$21:INDIRECT(ADDRESS(MATCH("",$B:$B,-1),11,1,1)),"N/A") -> 8 | N14: =IFERROR($J14/($F14-(M14-G14)),"N/A") -> N/A | O14: =IF(OR($G14=$D14,$D14=$M14),"N/A", ($T14/$U14)) -> N/A | R14: =SUMIF($A$21:INDIRECT(ADDRESS(MATCH("",$A:$A,-1),1,1,1)),$A14,$R$21:INDIRECT(ADDRESS(MATCH("",$A:$A,-1),18,1,1))) -> 0 | S14: =SUMIF($A$21:INDIRECT(ADDRESS(MATCH("",$A:$A,-1),1,1,1)),$A14,$S$21:INDIRECT(ADDRESS(MATCH("",$A:$A,-1),19,1,1))) -> 0 | T14: =SUMIF($A$21:INDIRECT(ADDRESS(MATCH("",$A:$A,-1),1,1,1)),$A14,$T$21:INDIRECT(ADDRESS(MATCH("",$A:$A,-1),20,1,1))) -> 0 | U14: =SUMIF($A$21:INDIRECT(ADDRESS(MATCH("",$A:$A,-1),2,1,1)),$A14&"*",$U$21:INDIRECT(ADDRESS(MATCH("",$A:$A,-1),21,1,1))) -> 8 | V14: =B14 -> 0 | X14: =H14 -> N/A | Y14: =O14 -> N/A
A15: 패치 관리 | D15: =COUNTIF($A$21:INDIRECT(ADDRESS(MATCH("",$A:$A,-1),1,1,1)),$A15) -> 2 | E15: =COUNTIFS($A$21:INDIRECT(ADDRESS(MATCH("",$A:$A,-1),1,1,1)),$A15,$H$21:INDIRECT(ADDRESS(MATCH("",$A:$A,-1),8,1,1)),"Y")+COUNTIFS($A$21:INDIRECT(ADDRESS(MATCH("",$A:$A,-1),1,1,1)),$A15,$H$21:INDIRECT(ADDRESS(MATCH("",$A:$A,-1),8,1,1)),"Y(즉시조치)") -> 1 | F15: =COUNTIFS($A$21:INDIRECT(ADDRESS(MATCH("",$A:$A,-1),1,1,1)),$A15&"*",$H$21:INDIRECT(ADDRESS(MATCH("",$A:$A,-1),8,1,1)),"N") -> 0 | G15: =COUNTIFS($A$21:INDIRECT(ADDRESS(MATCH("",$A:$A,-1),1,1,1)),$A15&"*",$H$21:INDIRECT(ADDRESS(MATCH("",$A:$A,-1),8,1,1)),"N/A") -> 1 | H15: =IF($G15=$D15, "N/A", (S15/R15)) -> #DIV/0! | J15: =COUNTIFS($A$21:INDIRECT(ADDRESS(MATCH("",$A:$A,-1),1,1,1)),$A15,$K$21:INDIRECT(ADDRESS(MATCH("",$B:$B,-1),11,1,1)),"조치") -> 0 | K15: =COUNTIFS($A$21:INDIRECT(ADDRESS(MATCH("",$A:$A,-1),1,1,1)),$A15,$K$21:INDIRECT(ADDRESS(MATCH("",$B:$B,-1),11,1,1)),"미조치") -> 0 | L15: =COUNTIFS($A$21:INDIRECT(ADDRESS(MATCH("",$A:$A,-1),1,1,1)),$A15,$K$21:INDIRECT(ADDRESS(MATCH("",$B:$B,-1),11,1,1)),"위험수용") -> 0 | M15: =COUNTIFS($A$21:INDIRECT(ADDRESS(MATCH("",$A:$A,-1),1,1,1)),$A15,$K$21:INDIRECT(ADDRESS(MATCH("",$B:$B,-1),11,1,1)),"N/A") -> 0 | N15: =IFERROR($J15/($F15-(M15-G15)),"N/A") -> 0 | O15: =IF(OR($G15=$D15,$D15=$M15),"N/A", ($T15/$U15)) -> #DIV/0! | R15: =SUMIF($A$21:INDIRECT(ADDRESS(MATCH("",$A:$A,-1),1,1,1)),$A15,$R$21:INDIRECT(ADDRESS(MATCH("",$A:$A,-1),18,1,1))) -> 0 | S15: =SUMIF($A$21:INDIRECT(ADDRESS(MATCH("",$A:$A,-1),1,1,1)),$A15,$S$21:INDIRECT(ADDRESS(MATCH("",$A:$A,-1),19,1,1))) -> 0 | T15: =SUMIF($A$21:INDIRECT(ADDRESS(MATCH("",$A:$A,-1),1,1,1)),$A15,$T$21:INDIRECT(ADDRESS(MATCH("",$A:$A,-1),20,1,1))) -> 0 | U15: =SUMIF($A$21:INDIRECT(ADDRESS(MATCH("",$A:$A,-1),2,1,1)),$A15&"*",$U$21:INDIRECT(ADDRESS(MATCH("",$A:$A,-1),21,1,1))) -> 0 | V15: =B15 -> 0 | X15: =H15 -> #DIV/0! | Y15: =O15 -> #DIV/0!
A16: 로그 관리 | D16: =COUNTIF($A$21:INDIRECT(ADDRESS(MATCH("",$A:$A,-1),1,1,1)),$A16) -> 0 | E16: =COUNTIFS($A$21:INDIRECT(ADDRESS(MATCH("",$A:$A,-1),1,1,1)),$A16,$H$21:INDIRECT(ADDRESS(MATCH("",$A:$A,-1),8,1,1)),"Y")+COUNTIFS($A$21:INDIRECT(ADDRESS(MATCH("",$A:$A,-1),1,1,1)),$A16,$H$21:INDIRECT(ADDRESS(MATCH("",$A:$A,-1),8,1,1)),"Y(즉시조치)") -> 0 | F16: =COUNTIFS($A$21:INDIRECT(ADDRESS(MATCH("",$A:$A,-1),1,1,1)),$A16&"*",$H$21:INDIRECT(ADDRESS(MATCH("",$A:$A,-1),8,1,1)),"N") -> 0 | G16: =COUNTIFS($A$21:INDIRECT(ADDRESS(MATCH("",$A:$A,-1),1,1,1)),$A16&"*",$H$21:INDIRECT(ADDRESS(MATCH("",$A:$A,-1),8,1,1)),"N/A") -> 0 | H16: =IF($G16=$D16, "N/A", (S16/R16)) -> N/A | J16: =COUNTIFS($A$21:INDIRECT(ADDRESS(MATCH("",$A:$A,-1),1,1,1)),$A16,$K$21:INDIRECT(ADDRESS(MATCH("",$B:$B,-1),11,1,1)),"조치") -> 0 | K16: =COUNTIFS($A$21:INDIRECT(ADDRESS(MATCH("",$A:$A,-1),1,1,1)),$A16,$K$21:INDIRECT(ADDRESS(MATCH("",$B:$B,-1),11,1,1)),"미조치") -> 0 | L16: =COUNTIFS($A$21:INDIRECT(ADDRESS(MATCH("",$A:$A,-1),1,1,1)),$A16,$K$21:INDIRECT(ADDRESS(MATCH("",$B:$B,-1),11,1,1)),"위험수용") -> 0 | M16: =COUNTIFS($A$21:INDIRECT(ADDRESS(MATCH("",$A:$A,-1),1,1,1)),$A16,$K$21:INDIRECT(ADDRESS(MATCH("",$B:$B,-1),11,1,1)),"N/A") -> 0 | N16: =IFERROR($J16/($F16-(M16-G16)),"N/A") -> N/A | O16: =IF(OR($G16=$D16,$D16=$M16),"N/A", ($T16/$U16)) -> N/A | R16: =SUMIF($A$21:INDIRECT(ADDRESS(MATCH("",$A:$A,-1),1,1,1)),$A16,$R$21:INDIRECT(ADDRESS(MATCH("",$A:$A,-1),18,1,1))) -> 0 | S16: =SUMIF($A$21:INDIRECT(ADDRESS(MATCH("",$A:$A,-1),1,1,1)),$A16,$S$21:INDIRECT(ADDRESS(MATCH("",$A:$A,-1),19,1,1))) -> 0 | T16: =SUMIF($A$21:INDIRECT(ADDRESS(MATCH("",$A:$A,-1),1,1,1)),$A16,$T$21:INDIRECT(ADDRESS(MATCH("",$A:$A,-1),20,1,1))) -> 0 | U16: =SUMIF($A$21:INDIRECT(ADDRESS(MATCH("",$A:$A,-1),2,1,1)),$A16&"*",$U$21:INDIRECT(ADDRESS(MATCH("",$A:$A,-1),21,1,1))) -> 0 | V16: =B16 -> 0 | X16: =H16 -> N/A | Y16: =O16 -> N/A
A17: 전체 보안 수준 | D17: =SUM(D12:D16) -> 26 | E17: =SUM(E12:E16) -> 7 | F17: =SUM(F12:F16) -> 2 | G17: =SUM(G12:G16) -> 15 | H17: =IF($G17=$D17, "N/A", (S17/R17)) -> 0.62962963 | J17: =SUM(J12:J16) -> 2 | K17: =SUM(K12:K16) -> 2 | L17: =SUM(L12:L16) -> 0 | M17: =SUM(M12:M16) -> 14 | N17: =IF($O17="N/A","N/A",IFERROR($J17/($F17-(M17-G17)),"N/A")) -> 0.66666667 | O17: =IF($G17=$D17, "N/A", IFERROR((T17/U17),"N/A")) -> 0.6875 | R17: =SUM(R12:R16) -> 27 | S17: =SUM(S12:S16) -> 17 | T17: =SUM(T12:T16) -> 22 | U17: =SUM(U12:U16) -> 32 | V17: 전채 보안 수준 | X17: =H17 -> 0.62962963 | Y17: =O17 -> 0.6875
A19: ② 상세 진단 현황 | R19: HIDDEN 필드입니다
A20: 분류 | C20: 진단 항목 | F20: 중요도 | H20: 진단 결과 | I20: 현황 및 문제점 | J20: 이행 결과 | K20: 이행여부 | L20: 조치 현황 | Q20: 개선방안 및 보호대책 | R20: 전체점수(이행전) | S20: 평가점수 (이행 전) | T20: 평가점수 (이행 후) | U20: 전체점수(이행 후) | V20: 이행 결과
A21: =ChkList!A5 -> 계정 관리 | B21: =ChkList!B5 -> D-01 | C21: =ChkList!C5 -> 기본 계정의 비밀번호, 정책 등을 변경하여 사용 | F21: =ChkList!D5 -> H | G21: =ChkList!E5 -> 3 | H21: Y | I21: 기본 계정인 root의 패스워드를 설정하여 양호함 기본 계정의 초기 비밀번호를 변경 | J21: Y | K21: =IF($J21="", "", IF(OR($H21="Y", $H21="N/A",$H21="Y(즉시조치)"), $H21, IF(AND($H21="N", $J21="Y"), "조치", IF(AND($H21="N",$J21="N/A"), "N/A", IF(IFERROR(FIND("위험수용", $L21), 0), "위험수용", "미조치"))))) -> Y | L21: 디폴트 패스워드 변경됨, root 계정으로 비밀번호 없이 로그인 불가능 | Q21: =IF($J21="",IF(OR($H21="N",$H21="인터뷰"), ChkList!$F5, ""), IF(OR($J21="N",$J21="인터뷰"), ChkList!$F5, "")) | R21: =IF($H21="N/A",0,VLOOKUP($F21,'parm(hidden)'!$B$8:$C$10,2,FALSE))*1 -> 3 | S21: =IFERROR(VLOOKUP($F21,'parm(hidden)'!$B$8:$C$10,2,FALSE)*VLOOKUP($H21,'parm(hidden)'!$B$15:$C$19,2,FALSE),0) -> 3 | T21: =IFERROR(VLOOKUP($F21,'parm(hidden)'!$B$8:$C$10,2,FALSE)*VLOOKUP($K21,$V$22:$W$27,2,FALSE),0) -> 3 | U21: =IF($J21="N/A",0,VLOOKUP($F21,'parm(hidden)'!$B$8:$C$10,2,FALSE))*1 -> 3 | V21: 결과 | W21: 점수
A22: =ChkList!A6 -> 계정 관리 | B22: =ChkList!B6 -> D-02 | C22: =ChkList!C6 -> 데이터베이스의 불필요 계정을 제거하거나, 잠금설정 후 사용 | F22: =ChkList!D6 -> H | G22: =ChkList!E6 -> 3 | H22: Y | I22: 불필요한 계정이 없으므로 양호함 | J22: Y | K22: =IF($J22="", "", IF(OR($H22="Y", $H22="N/A",$H22="Y(즉시조치)"), $H22, IF(AND($H22="N", $J22="Y"), "조치", IF(AND($H22="N",$J22="N/A"), "N/A", IF(IFERROR(FIND("위험수용", $L22), 0), "위험수용", "미조치"))))) -> Y | L22: 기본 계정, 직원용 계정 외 미사용 계정 없으므로 양호 | Q22: =IF($J22="",IF(OR($H22="N",$H22="인터뷰"), ChkList!$F6, ""), IF(OR($J22="N",$J22="인터뷰"), ChkList!$F6, "")) | R22: =IF($H22="N/A",0,VLOOKUP($F22,'parm(hidden)'!$B$8:$C$10,2,FALSE))*1 -> 3 | S22: =IFERROR(VLOOKUP($F22,'parm(hidden)'!$B$8:$C$10,2,FALSE)*VLOOKUP($H22,'parm(hidden)'!$B$15:$C$19,2,FALSE),0) -> 3 | T22: =IFERROR(VLOOKUP($F22,'parm(hidden)'!$B$8:$C$10,2,FALSE)*VLOOKUP($K22,$V$22:$W$27,2,FALSE),0) -> 3 | U22: =IF($J22="N/A",0,VLOOKUP($F22,'parm(hidden)'!$B$8:$C$10,2,FALSE))*1 -> 3 | V22: 조치 | W22: 1
A23: =ChkList!A7 -> 계정 관리 | B23: =ChkList!B7 -> D-03 | C23: =ChkList!C7 -> 비밀번호 사용 기간 및 복잡도를 기관의 정책에 맞도록 설정 | F23: =ChkList!D7 -> H | G23: =ChkList!E7 -> 3 | H23: 인터뷰 | I23: 비밀번호 복잡도, 사용기간 설정되어있지 않으므로 취약 기관 정책에 맞게 비밀번호 사용 기간 및 복잡도 정책 설정 필요 | J23: 인터뷰 | K23: =IF($J23="", "", IF(OR($H23="Y", $H23="N/A",$H23="Y(즉시조치)"), $H23, IF(AND($H23="N", $J23="Y"), "조치", IF(AND($H23="N",$J23="N/A"), "N/A", IF(IFERROR(FIND("위험수용", $L23), 0), "위험수용", "미조치"))))) -> 미조치 | L23: 8자리 이상, 숫자 포함, 특수문자 포함, 대소문자 조합을 만족하도록 복잡성 설정되어있으나 비밀번호 사용기간 변수가 없음 | Q23: =IF($J23="",IF(OR($H23="N",$H23="인터뷰"), ChkList!$F7, ""), IF(OR($J23="N",$J23="인터뷰"), ChkList!$F7, "")) -> 기관 정책에 맞게 비밀번호 사용 기간 및 복잡도 정책 설정 | R23: =IF($H23="N/A",0,VLOOKUP($F23,'parm(hidden)'!$B$8:$C$10,2,FALSE))*1 -> 3 | S23: =IFERROR(VLOOKUP($F23,'parm(hidden)'!$B$8:$C$10,2,FALSE)*VLOOKUP($H23,'parm(hidden)'!$B$15:$C$19,2,FALSE),0) -> 0 | T23: =IFERROR(VLOOKUP($F23,'parm(hidden)'!$B$8:$C$10,2,FALSE)*VLOOKUP($K23,$V$22:$W$27,2,FALSE),0) -> 0 | U23: =IF($J23="N/A",0,VLOOKUP($F23,'parm(hidden)'!$B$8:$C$10,2,FALSE))*1 -> 3 | V23: 미조치 | W23: 0
A24: =ChkList!A8 -> 계정 관리 | B24: =ChkList!B8 -> D-04 | C24: =ChkList!C8 -> 데이터베이스 관리자 권한을 꼭 필요한 계정 및 그룹에 대해서만 허용 | F24: =ChkList!D8 -> H | G24: =ChkList!E8 -> 3 | H24: Y | I24: 관리자 권한이 필요한 계정 및 그룹에만 관리자 권한이 부여되어있어 양호 root 계정 외에 부여된 계정 없음 | J24: Y | K24: =IF($J24="", "", IF(OR($H24="Y", $H24="N/A",$H24="Y(즉시조치)"), $H24, IF(AND($H24="N", $J24="Y"), "조치", IF(AND($H24="N",$J24="N/A"), "N/A", IF(IFERROR(FIND("위험수용", $L24), 0), "위험수용", "미조치"))))) -> Y | L24: 일반 사용자 계정에 관리자 권한 부여하지 않음 | Q24: =IF($J24="",IF(OR($H24="N",$H24="인터뷰"), ChkList!$F8, ""), IF(OR($J24="N",$J24="인터뷰"), ChkList!$F8, "")) | R24: =IF($H24="N/A",0,VLOOKUP($F24,'parm(hidden)'!$B$8:$C$10,2,FALSE))*1 -> 3 | S24: =IFERROR(VLOOKUP($F24,'parm(hidden)'!$B$8:$C$10,2,FALSE)*VLOOKUP($H24,'parm(hidden)'!$B$15:$C$19,2,FALSE),0) -> 3 | T24: =IFERROR(VLOOKUP($F24,'parm(hidden)'!$B$8:$C$10,2,FALSE)*VLOOKUP($K24,$V$22:$W$27,2,FALSE),0) -> 3 | U24: =IF($J24="N/A",0,VLOOKUP($F24,'parm(hidden)'!$B$8:$C$10,2,FALSE))*1 -> 3 | V24: 위험수용 | W24: 0
A25: =ChkList!A9 -> 계정 관리 | B25: =ChkList!B9 -> D-05 | C25: =ChkList!C9 -> 비밀번호 재사용에 대한 제약 설정 | F25: =ChkList!D9 -> M | G25: =ChkList!E9 -> 2 | H25: N/A | I25: 해당사항 없음 | J25: N/A | K25: =IF($J25="", "", IF(OR($H25="Y", $H25="N/A",$H25="Y(즉시조치)"), $H25, IF(AND($H25="N", $J25="Y"), "조치", IF(AND($H25="N",$J25="N/A"), "N/A", IF(IFERROR(FIND("위험수용", $L25), 0), "위험수용", "미조치"))))) -> N/A | L25: 해당사항 없음 | Q25: =IF($J25="",IF(OR($H25="N",$H25="인터뷰"), ChkList!$F9, ""), IF(OR($J25="N",$J25="인터뷰"), ChkList!$F9, "")) | R25: =IF($H25="N/A",0,VLOOKUP($F25,'parm(hidden)'!$B$8:$C$10,2,FALSE))*1 -> 0 | S25: =IFERROR(VLOOKUP($F25,'parm(hidden)'!$B$8:$C$10,2,FALSE)*VLOOKUP($H25,'parm(hidden)'!$B$15:$C$19,2,FALSE),0) -> 0 | T25: =IFERROR(VLOOKUP($F25,'parm(hidden)'!$B$8:$C$10,2,FALSE)*VLOOKUP($K25,$V$22:$W$27,2,FALSE),0) -> 0 | U25: =IF($J25="N/A",0,VLOOKUP($F25,'parm(hidden)'!$B$8:$C$10,2,FALSE))*1 -> 0 | V25: N/A | W25: 0
A26: =ChkList!A10 -> 계정 관리 | B26: =ChkList!B10 -> D-06 | C26: =ChkList!C10 -> DB 사용자 계정을 개별적으로 부여하여 사용 | F26: =ChkList!D10 -> M | G26: =ChkList!E10 -> 2 | H26: N | I26: 하나의 공용 계정 사용 중이므로 취약함 | J26: Y | K26: =IF($J26="", "", IF(OR($H26="Y", $H26="N/A",$H26="Y(즉시조치)"), $H26, IF(AND($H26="N", $J26="Y"), "조치", IF(AND($H26="N",$J26="N/A"), "N/A", IF(IFERROR(FIND("위험수용", $L26), 0), "위험수용", "미조치"))))) -> 조치 | L26: 여러 사용자에게 공통 적용되는 role을 제외하면 사용자별로 다른 계정을 사용 중이므로 양호 | Q26: =IF($J26="",IF(OR($H26="N",$H26="인터뷰"), ChkList!$F10, ""), IF(OR($J26="N",$J26="인터뷰"), ChkList!$F10, "")) | R26: =IF($H26="N/A",0,VLOOKUP($F26,'parm(hidden)'!$B$8:$C$10,2,FALSE))*1 -> 2 | S26: =IFERROR(VLOOKUP($F26,'parm(hidden)'!$B$8:$C$10,2,FALSE)*VLOOKUP($H26,'parm(hidden)'!$B$15:$C$19,2,FALSE),0) -> 0 | T26: =IFERROR(VLOOKUP($F26,'parm(hidden)'!$B$8:$C$10,2,FALSE)*VLOOKUP($K26,$V$22:$W$27,2,FALSE),0) -> 2 | U26: =IF($J26="N/A",0,VLOOKUP($F26,'parm(hidden)'!$B$8:$C$10,2,FALSE))*1 -> 2 | V26: Y | W26: 1
A27: =ChkList!A11 -> 계정 관리 | B27: =ChkList!B11 -> D-07 | C27: =ChkList!C11 -> root 권한으로 서비스 구동 제한 | F27: =ChkList!D11 -> M | G27: =ChkList!E11 -> 2 | H27: 인터뷰 | I27: DBMS가 root 계정 또는 root 권한으로 구동되고 있는지 확인 필요 | J27: Y | K27: =IF($J27="", "", IF(OR($H27="Y", $H27="N/A",$H27="Y(즉시조치)"), $H27, IF(AND($H27="N", $J27="Y"), "조치", IF(AND($H27="N",$J27="N/A"), "N/A", IF(IFERROR(FIND("위험수용", $L27), 0), "위험수용", "미조치"))))) -> 미조치 | L27: 원격에서의 DB 서버 접속 제한함 | Q27: =IF($J27="",IF(OR($H27="N",$H27="인터뷰"), ChkList!$F11, ""), IF(OR($J27="N",$J27="인터뷰"), ChkList!$F11, "")) | R27: =IF($H27="N/A",0,VLOOKUP($F27,'parm(hidden)'!$B$8:$C$10,2,FALSE))*1 -> 2 | S27: =IFERROR(VLOOKUP($F27,'parm(hidden)'!$B$8:$C$10,2,FALSE)*VLOOKUP($H27,'parm(hidden)'!$B$15:$C$19,2,FALSE),0) -> 0 | T27: =IFERROR(VLOOKUP($F27,'parm(hidden)'!$B$8:$C$10,2,FALSE)*VLOOKUP($K27,$V$22:$W$27,2,FALSE),0) -> 0 | U27: =IF($J27="N/A",0,VLOOKUP($F27,'parm(hidden)'!$B$8:$C$10,2,FALSE))*1 -> 2 | V27: Y(즉시조치) | W27: 1
A28: =ChkList!A12 -> 계정 관리 | B28: =ChkList!B12 -> D-08 | C28: =ChkList!C12 -> 안전한 암호화 알고리즘 사용 | F28: =ChkList!D12 -> H | G28: =ChkList!E12 -> 3 | H28: N | I28: 암호화 알고리즘 사용하지 않으므로 취약함 | J28: Y | K28: =IF($J28="", "", IF(OR($H28="Y", $H28="N/A",$H28="Y(즉시조치)"), $H28, IF(AND($H28="N", $J28="Y"), "조치", IF(AND($H28="N",$J28="N/A"), "N/A", IF(IFERROR(FIND("위험수용", $L28), 0), "위험수용", "미조치"))))) -> 조치 | L28: 전역 권한을 갖는 admin, root를 제외하면 사용자 계정 중 시스템 계정에 권한을 가진 계정 없으므로 양호 | Q28: =IF($J28="",IF(OR($H28="N",$H28="인터뷰"), ChkList!$F12, ""), IF(OR($J28="N",$J28="인터뷰"), ChkList!$F12, "")) | R28: =IF($H28="N/A",0,VLOOKUP($F28,'parm(hidden)'!$B$8:$C$10,2,FALSE))*1 -> 3 | S28: =IFERROR(VLOOKUP($F28,'parm(hidden)'!$B$8:$C$10,2,FALSE)*VLOOKUP($H28,'parm(hidden)'!$B$15:$C$19,2,FALSE),0) -> 0 | T28: =IFERROR(VLOOKUP($F28,'parm(hidden)'!$B$8:$C$10,2,FALSE)*VLOOKUP($K28,$V$22:$W$27,2,FALSE),0) -> 3 | U28: =IF($J28="N/A",0,VLOOKUP($F28,'parm(hidden)'!$B$8:$C$10,2,FALSE))*1 -> 3
A29: =ChkList!A13 -> 계정 관리 | B29: =ChkList!B13 -> D-09 | C29: =ChkList!C13 -> 일정 횟수의 로그인 실패 시 이에 대한 잠금정책 설정 | F29: =ChkList!D13 -> M | G29: =ChkList!E13 -> 2 | H29: N/A | I29: 해당사항 없음 | J29: N/A | K29: =IF($J29="", "", IF(OR($H29="Y", $H29="N/A",$H29="Y(즉시조치)"), $H29, IF(AND($H29="N", $J29="Y"), "조치", IF(AND($H29="N",$J29="N/A"), "N/A", IF(IFERROR(FIND("위험수용", $L29), 0), "위험수용", "미조치"))))) -> N/A | L29: 해당사항 없음 | Q29: =IF($J29="",IF(OR($H29="N",$H29="인터뷰"), ChkList!$F13, ""), IF(OR($J29="N",$J29="인터뷰"), ChkList!$F13, "")) | R29: =IF($H29="N/A",0,VLOOKUP($F29,'parm(hidden)'!$B$8:$C$10,2,FALSE))*1 -> 0 | S29: =IFERROR(VLOOKUP($F29,'parm(hidden)'!$B$8:$C$10,2,FALSE)*VLOOKUP($H29,'parm(hidden)'!$B$15:$C$19,2,FALSE),0) -> 0 | T29: =IFERROR(VLOOKUP($F29,'parm(hidden)'!$B$8:$C$10,2,FALSE)*VLOOKUP($K29,$V$22:$W$27,2,FALSE),0) -> 0 | U29: =IF($J29="N/A",0,VLOOKUP($F29,'parm(hidden)'!$B$8:$C$10,2,FALSE))*1 -> 0
A30: =ChkList!A14 -> 접근 관리 | B30: =ChkList!B14 -> D-10 | C30: =ChkList!C14 -> 원격에서 DB 서버로의 접속 제한 | F30: =ChkList!D14 -> H | G30: =ChkList!E14 -> 3 | H30: Y | I30: DB 서버에 지정된 IP주소에서만 접근 가능하도록 제한되어있어 양호함 | J30: N/A | K30: =IF($J30="", "", IF(OR($H30="Y", $H30="N/A",$H30="Y(즉시조치)"), $H30, IF(AND($H30="N", $J30="Y"), "조치", IF(AND($H30="N",$J30="N/A"), "N/A", IF(IFERROR(FIND("위험수용", $L30), 0), "위험수용", "미조치"))))) -> Y | L30: 리눅스 운영체제 사용 중이므로 해당사항 없음 | Q30: =IF($J30="",IF(OR($H30="N",$H30="인터뷰"), ChkList!$F14, ""), IF(OR($J30="N",$J30="인터뷰"), ChkList!$F14, "")) | R30: =IF($H30="N/A",0,VLOOKUP($F30,'parm(hidden)'!$B$8:$C$10,2,FALSE))*1 -> 3 | S30: =IFERROR(VLOOKUP($F30,'parm(hidden)'!$B$8:$C$10,2,FALSE)*VLOOKUP($H30,'parm(hidden)'!$B$15:$C$19,2,FALSE),0) -> 3 | T30: =IFERROR(VLOOKUP($F30,'parm(hidden)'!$B$8:$C$10,2,FALSE)*VLOOKUP($K30,$V$22:$W$27,2,FALSE),0) -> 3 | U30: =IF($J30="N/A",0,VLOOKUP($F30,'parm(hidden)'!$B$8:$C$10,2,FALSE))*1 -> 0
A31: =ChkList!A15 -> 접근 관리 | B31: =ChkList!B15 -> D-11 | C31: =ChkList!C15 -> DBA 이외의 인가되지 않은 사용자가 시스템 테이블에 접근할 수 없도록 설정 | F31: =ChkList!D15 -> H | G31: =ChkList!E15 -> 3 | H31: Y | I31: 회사에서 사용하는 데이터베이스의 테이블에만 접근 가능하도록 설정되어있어 양호함 | J31: N/A | K31: =IF($J31="", "", IF(OR($H31="Y", $H31="N/A",$H31="Y(즉시조치)"), $H31, IF(AND($H31="N", $J31="Y"), "조치", IF(AND($H31="N",$J31="N/A"), "N/A", IF(IFERROR(FIND("위험수용", $L31), 0), "위험수용", "미조치"))))) -> Y | L31: 해당사항 없음 | Q31: =IF($J31="",IF(OR($H31="N",$H31="인터뷰"), ChkList!$F15, ""), IF(OR($J31="N",$J31="인터뷰"), ChkList!$F15, "")) | R31: =IF($H31="N/A",0,VLOOKUP($F31,'parm(hidden)'!$B$8:$C$10,2,FALSE))*1 -> 3 | S31: =IFERROR(VLOOKUP($F31,'parm(hidden)'!$B$8:$C$10,2,FALSE)*VLOOKUP($H31,'parm(hidden)'!$B$15:$C$19,2,FALSE),0) -> 3 | T31: =IFERROR(VLOOKUP($F31,'parm(hidden)'!$B$8:$C$10,2,FALSE)*VLOOKUP($K31,$V$22:$W$27,2,FALSE),0) -> 3 | U31: =IF($J31="N/A",0,VLOOKUP($F31,'parm(hidden)'!$B$8:$C$10,2,FALSE))*1 -> 0
A32: =ChkList!A16 -> 접근 관리 | B32: =ChkList!B16 -> D-12 | C32: =ChkList!C16 -> 안전한 리스너 비밀번호 설정 및 사용 | F32: =ChkList!D16 -> H | G32: =ChkList!E16 -> 3 | H32: N/A | I32: 해당사항 없음 | J32: Y | K32: =IF($J32="", "", IF(OR($H32="Y", $H32="N/A",$H32="Y(즉시조치)"), $H32, IF(AND($H32="N", $J32="Y"), "조치", IF(AND($H32="N",$J32="N/A"), "N/A", IF(IFERROR(FIND("위험수용", $L32), 0), "위험수용", "미조치"))))) -> N/A | L32: umask가 022 이상으로 설정되어 있으므로 양호 | Q32: =IF($J32="",IF(OR($H32="N",$H32="인터뷰"), ChkList!$F16, ""), IF(OR($J32="N",$J32="인터뷰"), ChkList!$F16, "")) | R32: =IF($H32="N/A",0,VLOOKUP($F32,'parm(hidden)'!$B$8:$C$10,2,FALSE))*1 -> 0 | S32: =IFERROR(VLOOKUP($F32,'parm(hidden)'!$B$8:$C$10,2,FALSE)*VLOOKUP($H32,'parm(hidden)'!$B$15:$C$19,2,FALSE),0) -> 0 | T32: =IFERROR(VLOOKUP($F32,'parm(hidden)'!$B$8:$C$10,2,FALSE)*VLOOKUP($K32,$V$22:$W$27,2,FALSE),0) -> 0 | U32: =IF($J32="N/A",0,VLOOKUP($F32,'parm(hidden)'!$B$8:$C$10,2,FALSE))*1 -> 3
A33: =ChkList!A17 -> 접근 관리 | B33: =ChkList!B17 -> D-13 | C33: =ChkList!C17 -> 불필요한 ODBC/OLE-DB 데이터 소스와 드라이브를 제거하여 사용 | F33: =ChkList!D17 -> M | G33: =ChkList!E17 -> 2 | H33: N/A | I33: 해당사항 없음 | J33: Y | K33: =IF($J33="", "", IF(OR($H33="Y", $H33="N/A",$H33="Y(즉시조치)"), $H33, IF(AND($H33="N", $J33="Y"), "조치", IF(AND($H33="N",$J33="N/A"), "N/A", IF(IFERROR(FIND("위험수용", $L33), 0), "위험수용", "미조치"))))) -> N/A | L33: root만 주요 파일의 수정 권한을 가지도록 설정함 | Q33: =IF($J33="",IF(OR($H33="N",$H33="인터뷰"), ChkList!$F17, ""), IF(OR($J33="N",$J33="인터뷰"), ChkList!$F17, "")) | R33: =IF($H33="N/A",0,VLOOKUP($F33,'parm(hidden)'!$B$8:$C$10,2,FALSE))*1 -> 0 | S33: =IFERROR(VLOOKUP($F33,'parm(hidden)'!$B$8:$C$10,2,FALSE)*VLOOKUP($H33,'parm(hidden)'!$B$15:$C$19,2,FALSE),0) -> 0 | T33: =IFERROR(VLOOKUP($F33,'parm(hidden)'!$B$8:$C$10,2,FALSE)*VLOOKUP($K33,$V$22:$W$27,2,FALSE),0) -> 0 | U33: =IF($J33="N/A",0,VLOOKUP($F33,'parm(hidden)'!$B$8:$C$10,2,FALSE))*1 -> 2
A34: =ChkList!A18 -> 접근 관리 | B34: =ChkList!B18 -> D-14 | C34: =ChkList!C18 -> 데이터베이스의 주요 설정파일, 비밀번호 파일 등과 같은 주요 파일들의 접근 권한이 적절하게 설정 | F34: =ChkList!D18 -> M | G34: =ChkList!E18 -> 2 | H34: Y | I34: 주요 설정 파일 및 디렉터리의 권한 설정 시 일반 사용자의 수정 권한을 제거하여 양호함 my.cnf 설정 파일 접근권한을 600으로 설정 | J34: N/A | K34: =IF($J34="", "", IF(OR($H34="Y", $H34="N/A",$H34="Y(즉시조치)"), $H34, IF(AND($H34="N", $J34="Y"), "조치", IF(AND($H34="N",$J34="N/A"), "N/A", IF(IFERROR(FIND("위험수용", $L34), 0), "위험수용", "미조치"))))) -> Y | L34: 해당사항 없음 | Q34: =IF($J34="",IF(OR($H34="N",$H34="인터뷰"), ChkList!$F18, ""), IF(OR($J34="N",$J34="인터뷰"), ChkList!$F18, "")) | R34: =IF($H34="N/A",0,VLOOKUP($F34,'parm(hidden)'!$B$8:$C$10,2,FALSE))*1 -> 2 | S34: =IFERROR(VLOOKUP($F34,'parm(hidden)'!$B$8:$C$10,2,FALSE)*VLOOKUP($H34,'parm(hidden)'!$B$15:$C$19,2,FALSE),0) -> 2 | T34: =IFERROR(VLOOKUP($F34,'parm(hidden)'!$B$8:$C$10,2,FALSE)*VLOOKUP($K34,$V$22:$W$27,2,FALSE),0) -> 2 | U34: =IF($J34="N/A",0,VLOOKUP($F34,'parm(hidden)'!$B$8:$C$10,2,FALSE))*1 -> 0
A35: =ChkList!A19 -> 접근 관리 | B35: =ChkList!B19 -> D-15 | C35: =ChkList!C19 -> 관리자 이외의 사용자가 오라클 리스너의 접속을 통해 리스너 로그 및 trace 파일에 대한 변경 제한 | F35: =ChkList!D19 -> L | G35: =ChkList!E19 -> 1 | H35: N/A | I35: 해당사항 없음 | J35: N/A | K35: =IF($J35="", "", IF(OR($H35="Y", $H35="N/A",$H35="Y(즉시조치)"), $H35, IF(AND($H35="N", $J35="Y"), "조치", IF(AND($H35="N",$J35="N/A"), "N/A", IF(IFERROR(FIND("위험수용", $L35), 0), "위험수용", "미조치"))))) -> N/A | L35: 해당사항 없음 | Q35: =IF($J35="",IF(OR($H35="N",$H35="인터뷰"), ChkList!$F19, ""), IF(OR($J35="N",$J35="인터뷰"), ChkList!$F19, "")) | R35: =IF($H35="N/A",0,VLOOKUP($F35,'parm(hidden)'!$B$8:$C$10,2,FALSE))*1 -> 0 | S35: =IFERROR(VLOOKUP($F35,'parm(hidden)'!$B$8:$C$10,2,FALSE)*VLOOKUP($H35,'parm(hidden)'!$B$15:$C$19,2,FALSE),0) -> 0 | T35: =IFERROR(VLOOKUP($F35,'parm(hidden)'!$B$8:$C$10,2,FALSE)*VLOOKUP($K35,$V$22:$W$27,2,FALSE),0) -> 0 | U35: =IF($J35="N/A",0,VLOOKUP($F35,'parm(hidden)'!$B$8:$C$10,2,FALSE))*1 -> 0
A36: =ChkList!A20 -> 접근 관리 | B36: =ChkList!B20 -> D-16 | C36: =ChkList!C20 -> Windows 인증 모드 사용 | F36: =ChkList!D20 -> L | G36: =ChkList!E20 -> 1 | H36: N/A | I36: 해당사항 없음 | J36: N/A | K36: =IF($J36="", "", IF(OR($H36="Y", $H36="N/A",$H36="Y(즉시조치)"), $H36, IF(AND($H36="N", $J36="Y"), "조치", IF(AND($H36="N",$J36="N/A"), "N/A", IF(IFERROR(FIND("위험수용", $L36), 0), "위험수용", "미조치"))))) -> N/A | L36: 해당사항 없음 | Q36: =IF($J36="",IF(OR($H36="N",$H36="인터뷰"), ChkList!$F20, ""), IF(OR($J36="N",$J36="인터뷰"), ChkList!$F20, "")) | R36: =IF($H36="N/A",0,VLOOKUP($F36,'parm(hidden)'!$B$8:$C$10,2,FALSE))*1 -> 0 | S36: =IFERROR(VLOOKUP($F36,'parm(hidden)'!$B$8:$C$10,2,FALSE)*VLOOKUP($H36,'parm(hidden)'!$B$15:$C$19,2,FALSE),0) -> 0 | T36: =IFERROR(VLOOKUP($F36,'parm(hidden)'!$B$8:$C$10,2,FALSE)*VLOOKUP($K36,$V$22:$W$27,2,FALSE),0) -> 0 | U36: =IF($J36="N/A",0,VLOOKUP($F36,'parm(hidden)'!$B$8:$C$10,2,FALSE))*1 -> 0
A37: =ChkList!A21 -> 옵션 관리 | B37: =ChkList!B21 -> D-17 | C37: =ChkList!C21 -> Audit Table은 데이터베이스 관리자 계정에 접근하도록 제한 | F37: =ChkList!D21 -> L | G37: =ChkList!E21 -> 1 | H37: N/A | I37: 해당사항 없음 | J37: N/A | K37: =IF($J37="", "", IF(OR($H37="Y", $H37="N/A",$H37="Y(즉시조치)"), $H37, IF(AND($H37="N", $J37="Y"), "조치", IF(AND($H37="N",$J37="N/A"), "N/A", IF(IFERROR(FIND("위험수용", $L37), 0), "위험수용", "미조치"))))) -> N/A | L37: 해당사항 없음 | Q37: =IF($J37="",IF(OR($H37="N",$H37="인터뷰"), ChkList!$F21, ""), IF(OR($J37="N",$J37="인터뷰"), ChkList!$F21, "")) | R37: =IF($H37="N/A",0,VLOOKUP($F37,'parm(hidden)'!$B$8:$C$10,2,FALSE))*1 -> 0 | S37: =IFERROR(VLOOKUP($F37,'parm(hidden)'!$B$8:$C$10,2,FALSE)*VLOOKUP($H37,'parm(hidden)'!$B$15:$C$19,2,FALSE),0) -> 0 | T37: =IFERROR(VLOOKUP($F37,'parm(hidden)'!$B$8:$C$10,2,FALSE)*VLOOKUP($K37,$V$22:$W$27,2,FALSE),0) -> 0 | U37: =IF($J37="N/A",0,VLOOKUP($F37,'parm(hidden)'!$B$8:$C$10,2,FALSE))*1 -> 0
A38: =ChkList!A22 -> 옵션 관리 | B38: =ChkList!B22 -> D-18 | C38: =ChkList!C22 -> 응용프로그램 또는 DBA 계정의 Role이 Public으로 설정되지 않도록 조정 | F38: =ChkList!D22 -> H | G38: =ChkList!E22 -> 3 | H38: N/A | I38: 해당사항 없음 | J38: N/A | K38: =IF($J38="", "", IF(OR($H38="Y", $H38="N/A",$H38="Y(즉시조치)"), $H38, IF(AND($H38="N", $J38="Y"), "조치", IF(AND($H38="N",$J38="N/A"), "N/A", IF(IFERROR(FIND("위험수용", $L38), 0), "위험수용", "미조치"))))) -> N/A | L38: 해당사항 없음 | Q38: =IF($J38="",IF(OR($H38="N",$H38="인터뷰"), ChkList!$F22, ""), IF(OR($J38="N",$J38="인터뷰"), ChkList!$F22, "")) | R38: =IF($H38="N/A",0,VLOOKUP($F38,'parm(hidden)'!$B$8:$C$10,2,FALSE))*1 -> 0 | S38: =IFERROR(VLOOKUP($F38,'parm(hidden)'!$B$8:$C$10,2,FALSE)*VLOOKUP($H38,'parm(hidden)'!$B$15:$C$19,2,FALSE),0) -> 0 | T38: =IFERROR(VLOOKUP($F38,'parm(hidden)'!$B$8:$C$10,2,FALSE)*VLOOKUP($K38,$V$22:$W$27,2,FALSE),0) -> 0 | U38: =IF($J38="N/A",0,VLOOKUP($F38,'parm(hidden)'!$B$8:$C$10,2,FALSE))*1 -> 0
A39: =ChkList!A23 -> 옵션 관리 | B39: =ChkList!B23 -> D-19 | C39: =ChkList!C23 -> OS_ROLES, REMOTE_OS_AUTHENTICATION, REMOTE_OS_ROLES를 FALSE로 설정 | F39: =ChkList!D23 -> H | G39: =ChkList!E23 -> 3 | H39: N/A | I39: 해당사항 없음 | J39: Y | K39: =IF($J39="", "", IF(OR($H39="Y", $H39="N/A",$H39="Y(즉시조치)"), $H39, IF(AND($H39="N", $J39="Y"), "조치", IF(AND($H39="N",$J39="N/A"), "N/A", IF(IFERROR(FIND("위험수용", $L39), 0), "위험수용", "미조치"))))) -> N/A | L39: grant_priv 권한이 있는 일반 사용자 계정 없으므로 양호 | Q39: =IF($J39="",IF(OR($H39="N",$H39="인터뷰"), ChkList!$F23, ""), IF(OR($J39="N",$J39="인터뷰"), ChkList!$F23, "")) | R39: =IF($H39="N/A",0,VLOOKUP($F39,'parm(hidden)'!$B$8:$C$10,2,FALSE))*1 -> 0 | S39: =IFERROR(VLOOKUP($F39,'parm(hidden)'!$B$8:$C$10,2,FALSE)*VLOOKUP($H39,'parm(hidden)'!$B$15:$C$19,2,FALSE),0) -> 0 | T39: =IFERROR(VLOOKUP($F39,'parm(hidden)'!$B$8:$C$10,2,FALSE)*VLOOKUP($K39,$V$22:$W$27,2,FALSE),0) -> 0 | U39: =IF($J39="N/A",0,VLOOKUP($F39,'parm(hidden)'!$B$8:$C$10,2,FALSE))*1 -> 3
... A44: =ChkList!A28 -> 옵션 관리 | B44: =ChkList!B28 -> D-24 | C44: =ChkList!C28 -> Registry Procedure 권한 제한 | F44: =ChkList!D28 -> H | G44: =ChkList!E28 -> 3 | H44: N/A | I44: 해당사항 없음 | J44: N/A | K44: =IF($J44="", "", IF(OR($H44="Y", $H44="N/A",$H44="Y(즉시조치)"), $H44, IF(AND($H44="N", $J44="Y"), "조치", IF(AND($H44="N",$J44="N/A"), "N/A", IF(IFERROR(FIND("위험수용", $L44), 0), "위험수용", "미조치"))))) -> N/A | L44: Audit Table 사용하지 않음 | Q44: =IF($J44="",IF(OR($H44="N",$H44="인터뷰"), ChkList!$F28, ""), IF(OR($J44="N",$J44="인터뷰"), ChkList!$F28, "")) | R44: =IF($H44="N/A",0,VLOOKUP($F44,'parm(hidden)'!$B$8:$C$10,2,FALSE))*1 -> 0 | S44: =IFERROR(VLOOKUP($F44,'parm(hidden)'!$B$8:$C$10,2,FALSE)*VLOOKUP($H44,'parm(hidden)'!$B$15:$C$19,2,FALSE),0) -> 0 | T44: =IFERROR(VLOOKUP($F44,'parm(hidden)'!$B$8:$C$10,2,FALSE)*VLOOKUP($K44,$V$22:$W$27,2,FALSE),0) -> 0 | U44: =IF($J44="N/A",0,VLOOKUP($F44,'parm(hidden)'!$B$8:$C$10,2,FALSE))*1 -> 0
A45: =ChkList!A29 -> 패치 관리 | B45: =ChkList!B29 -> D-25 | C45: =ChkList!C29 -> 주기적 보안 패치 및 벤더 권고 사항 적용 | F45: =ChkList!D29 -> H | G45: =ChkList!E29 -> 3 | H45: Y | I45: 보안 패치가 적용된 버전을 사용하고있으므로 양호함
A46: =ChkList!A30 -> 패치 관리 | B46: =ChkList!B30 -> D-26 | C46: =ChkList!C30 -> 데이터베이스의 접근, 변경, 삭제 등의 감사 기록이 기관의 감사 기록 정책에 적합하도록 설정 | F46: =ChkList!D30 -> H | G46: =ChkList!E30 -> 3 | H46: N/A | I46: 해당사항 없음

Sheet BDB_HQ_Rocky
A1: ="■ " & $B$4 & " 상세 진단결과" -> ■ BDB_HQ_Rocky 상세 진단결과
A3: 1) 시스템 현황 | R3: ※ 자산 평가
A4: HostName | B4: =REPLACE(CELL("filename",A1),1,FIND("]",CELL("filename",A1)),"") -> BDB_HQ_Rocky | D4: 운영자산 명 | F4: =IFERROR(VLOOKUP($B$4,자산목록!$B$1:$Q$832,8,FALSE),"N/A") -> 지사 DB 데이터 백업 | R4: 기밀성 | S4: =IFERROR(VLOOKUP($B$4,자산목록!$B$1:$Q$832,13,FALSE),"N/A") -> 3 | T4: 자산등급 | U4: =IFERROR(VLOOKUP($B$4,자산목록!$B$1:$Q$832,16,FALSE),"N/A") -> H
A5: OS 종류 및 버전 | B5: =IFERROR(VLOOKUP($B$4,자산목록!$B$1:$Q$832,6,FALSE)&" "&VLOOKUP($B$4,자산목록!$B$1:$Q$832,7,FALSE),"N/A") -> MySQL Server 8.0.43 | D5: IP Address | F5: =IFERROR(VLOOKUP($B$4,자산목록!$B$1:$Q$832,2,FALSE),"N/A") -> 10.10.40.33 | R5: 무결성 | S5: =IFERROR(VLOOKUP($B$4,자산목록!$B$1:$Q$832,14,FALSE),"N/A") -> 3
A6: 담당자 | B6: =IFERROR(VLOOKUP($B$4,자산목록!$B$1:$Q$832,11,FALSE),"N/A") -> 이지훈 | D6: 설치 위치 | F6: =IFERROR(VLOOKUP($B$4,자산목록!$B$1:$Q$832,9,FALSE),"N/A") -> 본사 백업 서버망 | R6: 가용성 | S6: =IFERROR(VLOOKUP($B$4,자산목록!$B$1:$Q$832,15,FALSE),"N/A") -> 3
A8: 2) 진단 결과
A9: ① 부분별 진단 결과
A10: 분류 | D10: 본진단 결과 (이행 전) | I10: 영역별 수준 그래프 | J10: 이행 결과 | R10: 결과 점수 | V10: 영역별 수준 그래프
D11: 전체 | E11: 양호 | F11: 취약 | G11: N/A | H11: 수준 | J11: 조치 | K11: 미조치 | L11: 위험수용 | M11: N/A | N11: 이행율 | O11: 수준 | R11: 전체점수(이행 전) | S11: 평가점수 (이행 전) | T11: 평가점수 (이행 후) | U11: 전체점수(이행 후) | V11: 분류 | X11: 본진단 결과 (이행 전) | Y11: 이행 결과
A12: 계정 관리 | D12: =COUNTIF($A$21:INDIRECT(ADDRESS(MATCH("",$A:$A,-1),1,1,1)),$A12) -> 9 | E12: =COUNTIFS($A$21:INDIRECT(ADDRESS(MATCH("",$A:$A,-1),1,1,1)),$A12,$H$21:INDIRECT(ADDRESS(MATCH("",$A:$A,-1),8,1,1)),"Y")+COUNTIFS($A$21:INDIRECT(ADDRESS(MATCH("",$A:$A,-1),1,1,1)),$A12,$H$21:INDIRECT(ADDRESS(MATCH("",$A:$A,-1),8,1,1)),"Y(즉시조치)") -> 6 | F12: =COUNTIFS($A$21:INDIRECT(ADDRESS(MATCH("",$A:$A,-1),1,1,1)),$A12&"*",$H$21:INDIRECT(ADDRESS(MATCH("",$A:$A,-1),8,1,1)),"N") -> 0 | G12: =COUNTIFS($A$21:INDIRECT(ADDRESS(MATCH("",$A:$A,-1),1,1,1)),$A12&"*",$H$21:INDIRECT(ADDRESS(MATCH("",$A:$A,-1),8,1,1)),"N/A") -> 2 | H12: =IF($G12=$D12, "N/A", (S12/R12)) -> 0.84210526 | J12: =COUNTIFS($A$21:INDIRECT(ADDRESS(MATCH("",$A:$A,-1),1,1,1)),$A12,$K$21:INDIRECT(ADDRESS(MATCH("",$B:$B,-1),11,1,1)),"조치") -> 0 | K12: =COUNTIFS($A$21:INDIRECT(ADDRESS(MATCH("",$A:$A,-1),1,1,1)),$A12,$K$21:INDIRECT(ADDRESS(MATCH("",$B:$B,-1),11,1,1)),"미조치") -> 0 | L12: =COUNTIFS($A$21:INDIRECT(ADDRESS(MATCH("",$A:$A,-1),1,1,1)),$A12,$K$21:INDIRECT(ADDRESS(MATCH("",$B:$B,-1),11,1,1)),"위험수용") -> 0 | M12: =COUNTIFS($A$21:INDIRECT(ADDRESS(MATCH("",$A:$A,-1),1,1,1)),$A12,$K$21:INDIRECT(ADDRESS(MATCH("",$B:$B,-1),11,1,1)),"N/A") -> 0 | N12: =IFERROR($J12/($F12-(M12-G12)),"N/A") -> 0 | O12: =IF(OR($G12=$D12,$D12=$M12),"N/A", ($T12/$U12)) -> 0 | R12: =SUMIF($A$21:INDIRECT(ADDRESS(MATCH("",$A:$A,-1),1,1,1)),$A12,$R$21:INDIRECT(ADDRESS(MATCH("",$A:$A,-1),18,1,1))) -> 19 | S12: =SUMIF($A$21:INDIRECT(ADDRESS(MATCH("",$A:$A,-1),1,1,1)),$A12,$S$21:INDIRECT(ADDRESS(MATCH("",$A:$A,-1),19,1,1))) -> 16 | T12: =SUMIF($A$21:INDIRECT(ADDRESS(MATCH("",$A:$A,-1),1,1,1)),$A12,$T$21:INDIRECT(ADDRESS(MATCH("",$A:$A,-1),20,1,1))) -> 0 | U12: =SUMIF($A$21:INDIRECT(ADDRESS(MATCH("",$A:$A,-1),2,1,1)),$A12&"*",$U$21:INDIRECT(ADDRESS(MATCH("",$A:$A,-1),21,1,1))) -> 23 | V12: =B12 -> 0 | X12: =H12 -> 0.84210526 | Y12: =O12 -> 0
A13: 접근 관리 | D13: =COUNTIF($A$21:INDIRECT(ADDRESS(MATCH("",$A:$A,-1),1,1,1)),$A13) -> 7 | E13: =COUNTIFS($A$21:INDIRECT(ADDRESS(MATCH("",$A:$A,-1),1,1,1)),$A13,$H$21:INDIRECT(ADDRESS(MATCH("",$A:$A,-1),8,1,1)),"Y")+COUNTIFS($A$21:INDIRECT(ADDRESS(MATCH("",$A:$A,-1),1,1,1)),$A13,$H$21:INDIRECT(ADDRESS(MATCH("",$A:$A,-1),8,1,1)),"Y(즉시조치)") -> 2 | F13: =COUNTIFS($A$21:INDIRECT(ADDRESS(MATCH("",$A:$A,-1),1,1,1)),$A13&"*",$H$21:INDIRECT(ADDRESS(MATCH("",$A:$A,-1),8,1,1)),"N") -> 0 | G13: =COUNTIFS($A$21:INDIRECT(ADDRESS(MATCH("",$A:$A,-1),1,1,1)),$A13&"*",$H$21:INDIRECT(ADDRESS(MATCH("",$A:$A,-1),8,1,1)),"N/A") -> 5 | H13: =IF($G13=$D13, "N/A", (S13/R13)) -> 1 | J13: =COUNTIFS($A$21:INDIRECT(ADDRESS(MATCH("",$A:$A,-1),1,1,1)),$A13,$K$21:INDIRECT(ADDRESS(MATCH("",$B:$B,-1),11,1,1)),"조치") -> 0 | K13: =COUNTIFS($A$21:INDIRECT(ADDRESS(MATCH("",$A:$A,-1),1,1,1)),$A13,$K$21:INDIRECT(ADDRESS(MATCH("",$B:$B,-1),11,1,1)),"미조치") -> 0 | L13: =COUNTIFS($A$21:INDIRECT(ADDRESS(MATCH("",$A:$A,-1),1,1,1)),$A13,$K$21:INDIRECT(ADDRESS(MATCH("",$B:$B,-1),11,1,1)),"위험수용") -> 0 | M13: =COUNTIFS($A$21:INDIRECT(ADDRESS(MATCH("",$A:$A,-1),1,1,1)),$A13,$K$21:INDIRECT(ADDRESS(MATCH("",$B:$B,-1),11,1,1)),"N/A") -> 0 | N13: =IFERROR($J13/($F13-(M13-G13)),"N/A") -> 0 | O13: =IF(OR($G13=$D13,$D13=$M13),"N/A", ($T13/$U13)) -> 0 | R13: =SUMIF($A$21:INDIRECT(ADDRESS(MATCH("",$A:$A,-1),1,1,1)),$A13,$R$21:INDIRECT(ADDRESS(MATCH("",$A:$A,-1),18,1,1))) -> 5 | S13: =SUMIF($A$21:INDIRECT(ADDRESS(MATCH("",$A:$A,-1),1,1,1)),$A13,$S$21:INDIRECT(ADDRESS(MATCH("",$A:$A,-1),19,1,1))) -> 5 | T13: =SUMIF($A$21:INDIRECT(ADDRESS(MATCH("",$A:$A,-1),1,1,1)),$A13,$T$21:INDIRECT(ADDRESS(MATCH("",$A:$A,-1),20,1,1))) -> 0 | U13: =SUMIF($A$21:INDIRECT(ADDRESS(MATCH("",$A:$A,-1),2,1,1)),$A13&"*",$U$21:INDIRECT(ADDRESS(MATCH("",$A:$A,-1),21,1,1))) -> 15 | V13: =B13 -> 0 | X13: =H13 -> 1 | Y13: =O13 -> 0
A14: 옵션 관리 | D14: =COUNTIF($A$21:INDIRECT(ADDRESS(MATCH("",$A:$A,-1),1,1,1)),$A14) -> 8 | E14: =COUNTIFS($A$21:INDIRECT(ADDRESS(MATCH("",$A:$A,-1),1,1,1)),$A14,$H$21:INDIRECT(ADDRESS(MATCH("",$A:$A,-1),8,1,1)),"Y")+COUNTIFS($A$21:INDIRECT(ADDRESS(MATCH("",$A:$A,-1),1,1,1)),$A14,$H$21:INDIRECT(ADDRESS(MATCH("",$A:$A,-1),8,1,1)),"Y(즉시조치)") -> 1 | F14: =COUNTIFS($A$21:INDIRECT(ADDRESS(MATCH("",$A:$A,-1),1,1,1)),$A14&"*",$H$21:INDIRECT(ADDRESS(MATCH("",$A:$A,-1),8,1,1)),"N") -> 0 | G14: =COUNTIFS($A$21:INDIRECT(ADDRESS(MATCH("",$A:$A,-1),1,1,1)),$A14&"*",$H$21:INDIRECT(ADDRESS(MATCH("",$A:$A,-1),8,1,1)),"N/A") -> 5 | H14: =IF($G14=$D14, "N/A", (S14/R14)) -> 0.375 | J14: =COUNTIFS($A$21:INDIRECT(ADDRESS(MATCH("",$A:$A,-1),1,1,1)),$A14,$K$21:INDIRECT(ADDRESS(MATCH("",$B:$B,-1),11,1,1)),"조치") -> 0 | K14: =COUNTIFS($A$21:INDIRECT(ADDRESS(MATCH("",$A:$A,-1),1,1,1)),$A14,$K$21:INDIRECT(ADDRESS(MATCH("",$B:$B,-1),11,1,1)),"미조치") -> 0 | L14: =COUNTIFS($A$21:INDIRECT(ADDRESS(MATCH("",$A:$A,-1),1,1,1)),$A14,$K$21:INDIRECT(ADDRESS(MATCH("",$B:$B,-1),11,1,1)),"위험수용") -> 0 | M14: =COUNTIFS($A$21:INDIRECT(ADDRESS(MATCH("",$A:$A,-1),1,1,1)),$A14,$K$21:INDIRECT(ADDRESS(MATCH("",$B:$B,-1),11,1,1)),"N/A") -> 0 | N14: =IFERROR($J14/($F14-(M14-G14)),"N/A") -> 0 | O14: =IF(OR($G14=$D14,$D14=$M14),"N/A", ($T14/$U14)) -> 0 | R14: =SUMIF($A$21:INDIRECT(ADDRESS(MATCH("",$A:$A,-1),1,1,1)),$A14,$R$21:INDIRECT(ADDRESS(MATCH("",$A:$A,-1),18,1,1))) -> 8 | S14: =SUMIF($A$21:INDIRECT(ADDRESS(MATCH("",$A:$A,-1),1,1,1)),$A14,$S$21:INDIRECT(ADDRESS(MATCH("",$A:$A,-1),19,1,1))) -> 3 | T14: =SUMIF($A$21:INDIRECT(ADDRESS(MATCH("",$A:$A,-1),1,1,1)),$A14,$T$21:INDIRECT(ADDRESS(MATCH("",$A:$A,-1),20,1,1))) -> 0 | U14: =SUMIF($A$21:INDIRECT(ADDRESS(MATCH("",$A:$A,-1),2,1,1)),$A14&"*",$U$21:INDIRECT(ADDRESS(MATCH("",$A:$A,-1),21,1,1))) -> 17 | V14: =B14 -> 0 | X14: =H14 -> 0.375 | Y14: =O14 -> 0
A15: 패치 관리 | D15: =COUNTIF($A$21:INDIRECT(ADDRESS(MATCH("",$A:$A,-1),1,1,1)),$A15) -> 2 | E15: =COUNTIFS($A$21:INDIRECT(ADDRESS(MATCH("",$A:$A,-1),1,1,1)),$A15,$H$21:INDIRECT(ADDRESS(MATCH("",$A:$A,-1),8,1,1)),"Y")+COUNTIFS($A$21:INDIRECT(ADDRESS(MATCH("",$A:$A,-1),1,1,1)),$A15,$H$21:INDIRECT(ADDRESS(MATCH("",$A:$A,-1),8,1,1)),"Y(즉시조치)") -> 0 | F15: =COUNTIFS($A$21:INDIRECT(ADDRESS(MATCH("",$A:$A,-1),1,1,1)),$A15&"*",$H$21:INDIRECT(ADDRESS(MATCH("",$A:$A,-1),8,1,1)),"N") -> 0 | G15: =COUNTIFS($A$21:INDIRECT(ADDRESS(MATCH("",$A:$A,-1),1,1,1)),$A15&"*",$H$21:INDIRECT(ADDRESS(MATCH("",$A:$A,-1),8,1,1)),"N/A") -> 0 | H15: =IF($G15=$D15, "N/A", (S15/R15)) -> #DIV/0! | J15: =COUNTIFS($A$21:INDIRECT(ADDRESS(MATCH("",$A:$A,-1),1,1,1)),$A15,$K$21:INDIRECT(ADDRESS(MATCH("",$B:$B,-1),11,1,1)),"조치") -> 0 | K15: =COUNTIFS($A$21:INDIRECT(ADDRESS(MATCH("",$A:$A,-1),1,1,1)),$A15,$K$21:INDIRECT(ADDRESS(MATCH("",$B:$B,-1),11,1,1)),"미조치") -> 0 | L15: =COUNTIFS($A$21:INDIRECT(ADDRESS(MATCH("",$A:$A,-1),1,1,1)),$A15,$K$21:INDIRECT(ADDRESS(MATCH("",$B:$B,-1),11,1,1)),"위험수용") -> 0 | M15: =COUNTIFS($A$21:INDIRECT(ADDRESS(MATCH("",$A:$A,-1),1,1,1)),$A15,$K$21:INDIRECT(ADDRESS(MATCH("",$B:$B,-1),11,1,1)),"N/A") -> 0 | N15: =IFERROR($J15/($F15-(M15-G15)),"N/A") -> N/A | O15: =IF(OR($G15=$D15,$D15=$M15),"N/A", ($T15/$U15)) -> #DIV/0! | R15: =SUMIF($A$21:INDIRECT(ADDRESS(MATCH("",$A:$A,-1),1,1,1)),$A15,$R$21:INDIRECT(ADDRESS(MATCH("",$A:$A,-1),18,1,1))) -> 0 | S15: =SUMIF($A$21:INDIRECT(ADDRESS(MATCH("",$A:$A,-1),1,1,1)),$A15,$S$21:INDIRECT(ADDRESS(MATCH("",$A:$A,-1),19,1,1))) -> 0 | T15: =SUMIF($A$21:INDIRECT(ADDRESS(MATCH("",$A:$A,-1),1,1,1)),$A15,$T$21:INDIRECT(ADDRESS(MATCH("",$A:$A,-1),20,1,1))) -> 0 | U15: =SUMIF($A$21:INDIRECT(ADDRESS(MATCH("",$A:$A,-1),2,1,1)),$A15&"*",$U$21:INDIRECT(ADDRESS(MATCH("",$A:$A,-1),21,1,1))) -> 0 | V15: =B15 -> 0 | X15: =H15 -> #DIV/0! | Y15: =O15 -> #DIV/0!
A16: 로그 관리 | D16: =COUNTIF($A$21:INDIRECT(ADDRESS(MATCH("",$A:$A,-1),1,1,1)),$A16) -> 0 | E16: =COUNTIFS($A$21:INDIRECT(ADDRESS(MATCH("",$A:$A,-1),1,1,1)),$A16,$H$21:INDIRECT(ADDRESS(MATCH("",$A:$A,-1),8,1,1)),"Y")+COUNTIFS($A$21:INDIRECT(ADDRESS(MATCH("",$A:$A,-1),1,1,1)),$A16,$H$21:INDIRECT(ADDRESS(MATCH("",$A:$A,-1),8,1,1)),"Y(즉시조치)") -> 0 | F16: =COUNTIFS($A$21:INDIRECT(ADDRESS(MATCH("",$A:$A,-1),1,1,1)),$A16&"*",$H$21:INDIRECT(ADDRESS(MATCH("",$A:$A,-1),8,1,1)),"N") -> 0 | G16: =COUNTIFS($A$21:INDIRECT(ADDRESS(MATCH("",$A:$A,-1),1,1,1)),$A16&"*",$H$21:INDIRECT(ADDRESS(MATCH("",$A:$A,-1),8,1,1)),"N/A") -> 0 | H16: =IF($G16=$D16, "N/A", (S16/R16)) -> N/A | J16: =COUNTIFS($A$21:INDIRECT(ADDRESS(MATCH("",$A:$A,-1),1,1,1)),$A16,$K$21:INDIRECT(ADDRESS(MATCH("",$B:$B,-1),11,1,1)),"조치") -> 0 | K16: =COUNTIFS($A$21:INDIRECT(ADDRESS(MATCH("",$A:$A,-1),1,1,1)),$A16,$K$21:INDIRECT(ADDRESS(MATCH("",$B:$B,-1),11,1,1)),"미조치") -> 0 | L16: =COUNTIFS($A$21:INDIRECT(ADDRESS(MATCH("",$A:$A,-1),1,1,1)),$A16,$K$21:INDIRECT(ADDRESS(MATCH("",$B:$B,-1),11,1,1)),"위험수용") -> 0 | M16: =COUNTIFS($A$21:INDIRECT(ADDRESS(MATCH("",$A:$A,-1),1,1,1)),$A16,$K$21:INDIRECT(ADDRESS(MATCH("",$B:$B,-1),11,1,1)),"N/A") -> 0 | N16: =IFERROR($J16/($F16-(M16-G16)),"N/A") -> N/A | O16: =IF(OR($G16=$D16,$D16=$M16),"N/A", ($T16/$U16)) -> N/A | R16: =SUMIF($A$21:INDIRECT(ADDRESS(MATCH("",$A:$A,-1),1,1,1)),$A16,$R$21:INDIRECT(ADDRESS(MATCH("",$A:$A,-1),18,1,1))) -> 0 | S16: =SUMIF($A$21:INDIRECT(ADDRESS(MATCH("",$A:$A,-1),1,1,1)),$A16,$S$21:INDIRECT(ADDRESS(MATCH("",$A:$A,-1),19,1,1))) -> 0 | T16: =SUMIF($A$21:INDIRECT(ADDRESS(MATCH("",$A:$A,-1),1,1,1)),$A16,$T$21:INDIRECT(ADDRESS(MATCH("",$A:$A,-1),20,1,1))) -> 0 | U16: =SUMIF($A$21:INDIRECT(ADDRESS(MATCH("",$A:$A,-1),2,1,1)),$A16&"*",$U$21:INDIRECT(ADDRESS(MATCH("",$A:$A,-1),21,1,1))) -> 0 | V16: =B16 -> 0 | X16: =H16 -> N/A | Y16: =O16 -> N/A
A17: 전체 보안 수준 | D17: =SUM(D12:D16) -> 26 | E17: =SUM(E12:E16) -> 9 | F17: =SUM(F12:F16) -> 0 | G17: =SUM(G12:G16) -> 12 | H17: =IF($G17=$D17, "N/A", (S17/R17)) -> 0.75 | J17: =SUM(J12:J16) -> 0 | K17: =SUM(K12:K16) -> 0 | L17: =SUM(L12:L16) -> 0 | M17: =SUM(M12:M16) -> 0 | N17: =IF($O17="N/A","N/A",IFERROR($J17/($F17-(M17-G17)),"N/A")) -> 0 | O17: =IF($G17=$D17, "N/A", IFERROR((T17/U17),"N/A")) -> 0 | R17: =SUM(R12:R16) -> 32 | S17: =SUM(S12:S16) -> 24 | T17: =SUM(T12:T16) -> 0 | U17: =SUM(U12:U16) -> 55 | V17: 전채 보안 수준 | X17: =H17 -> 0.75 | Y17: =O17 -> 0
A19: ② 상세 진단 현황 | R19: HIDDEN 필드입니다
A20: 분류 | C20: 진단 항목 | F20: 중요도 | H20: 진단 결과 | I20: 현황 및 문제점 | J20: 이행 결과 | K20: 이행여부 | L20: 조치 현황 | Q20: 개선방안 및 보호대책 | R20: 전체점수(이행전) | S20: 평가점수 (이행 전) | T20: 평가점수 (이행 후) | U20: 전체점수(이행 후) | V20: 이행 결과
A21: =ChkList!A5 -> 계정 관리 | B21: =ChkList!B5 -> D-01 | C21: =ChkList!C5 -> 기본 계정의 비밀번호, 정책 등을 변경하여 사용 | F21: =ChkList!D5 -> H | G21: =ChkList!E5 -> 3 | H21: Y | I21: 디폴트 패스워드 변경됨, root 계정으로 비밀번호 없이 로그인 불가능 | J21: =IF(OR(ISBLANK($L21), $L21=" - 이행진단 시 평가 - "), "", IF(OR($H21="Y",$H21="N/A",$H21="Y(즉시조치)"),$H21,IF(IFERROR(FIND("양호함",$L21),0),"Y",IF(IFERROR(FIND("해당사항",$L21),0),"N/A",IF(IFERROR(FIND("해당 사항",$L21),0),"N/A","N"))))) | K21: =IF($J21="", "", IF(OR($H21="Y", $H21="N/A",$H21="Y(즉시조치)"), $H21, IF(AND($H21="N", $J21="Y"), "조치", IF(AND($H21="N",$J21="N/A"), "N/A", IF(IFERROR(FIND("위험수용", $L21), 0), "위험수용", "미조치"))))) | Q21: =IF($J21="",IF(OR($H21="N",$H21="인터뷰"), ChkList!$F5, ""), IF(OR($J21="N",$J21="인터뷰"), ChkList!$F5, "")) | R21: =IF($H21="N/A",0,VLOOKUP($F21,'parm(hidden)'!$B$8:$C$10,2,FALSE))*1 -> 3 | S21: =IFERROR(VLOOKUP($F21,'parm(hidden)'!$B$8:$C$10,2,FALSE)*VLOOKUP($H21,'parm(hidden)'!$B$15:$C$19,2,FALSE),0) -> 3 | T21: =IFERROR(VLOOKUP($F21,'parm(hidden)'!$B$8:$C$10,2,FALSE)*VLOOKUP($K21,$V$22:$W$27,2,FALSE),0) -> 0 | U21: =IF($J21="N/A",0,VLOOKUP($F21,'parm(hidden)'!$B$8:$C$10,2,FALSE))*1 -> 3 | V21: 결과 | W21: 점수
A22: =ChkList!A6 -> 계정 관리 | B22: =ChkList!B6 -> D-02 | C22: =ChkList!C6 -> 데이터베이스의 불필요 계정을 제거하거나, 잠금설정 후 사용 | F22: =ChkList!D6 -> H | G22: =ChkList!E6 -> 3 | H22: Y | I22: 기본 계정, 직원용 계정 외 미사용 계정 없으므로 양호 root, br_cont_dev, admin, br_dev_1, br_dev_2. br_dev_3, br_dev_4, br_dev_5 | J22: =IF(OR(ISBLANK($L22), $L22=" - 이행진단 시 평가 - "), "", IF(OR($H22="Y",$H22="N/A",$H22="Y(즉시조치)"),$H22,IF(IFERROR(FIND("양호함",$L22),0),"Y",IF(IFERROR(FIND("해당사항",$L22),0),"N/A",IF(IFERROR(FIND("해당 사항",$L22),0),"N/A","N"))))) | K22: =IF($J22="", "", IF(OR($H22="Y", $H22="N/A",$H22="Y(즉시조치)"), $H22, IF(AND($H22="N", $J22="Y"), "조치", IF(AND($H22="N",$J22="N/A"), "N/A", IF(IFERROR(FIND("위험수용", $L22), 0), "위험수용", "미조치"))))) | Q22: =IF($J22="",IF(OR($H22="N",$H22="인터뷰"), ChkList!$F6, ""), IF(OR($J22="N",$J22="인터뷰"), ChkList!$F6, "")) | R22: =IF($H22="N/A",0,VLOOKUP($F22,'parm(hidden)'!$B$8:$C$10,2,FALSE))*1 -> 3 | S22: =IFERROR(VLOOKUP($F22,'parm(hidden)'!$B$8:$C$10,2,FALSE)*VLOOKUP($H22,'parm(hidden)'!$B$15:$C$19,2,FALSE),0) -> 3 | T22: =IFERROR(VLOOKUP($F22,'parm(hidden)'!$B$8:$C$10,2,FALSE)*VLOOKUP($K22,$V$22:$W$27,2,FALSE),0) -> 0 | U22: =IF($J22="N/A",0,VLOOKUP($F22,'parm(hidden)'!$B$8:$C$10,2,FALSE))*1 -> 3 | V22: 조치 | W22: 1
A23: =ChkList!A7 -> 계정 관리 | B23: =ChkList!B7 -> D-03 | C23: =ChkList!C7 -> 비밀번호 사용 기간 및 복잡도를 기관의 정책에 맞도록 설정 | F23: =ChkList!D7 -> H | G23: =ChkList!E7 -> 3 | H23: 인터뷰 | I23: 8자리 이상, 숫자 포함, 특수문자 포함, 대소문자 조합을 만족하도록 복잡성 설정되어있으나 비밀번호 사용기간 변수가 없음 | J23: =IF(OR(ISBLANK($L23), $L23=" - 이행진단 시 평가 - "), "", IF(OR($H23="Y",$H23="N/A",$H23="Y(즉시조치)"),$H23,IF(IFERROR(FIND("양호함",$L23),0),"Y",IF(IFERROR(FIND("해당사항",$L23),0),"N/A",IF(IFERROR(FIND("해당 사항",$L23),0),"N/A","N"))))) | K23: =IF($J23="", "", IF(OR($H23="Y", $H23="N/A",$H23="Y(즉시조치)"), $H23, IF(AND($H23="N", $J23="Y"), "조치", IF(AND($H23="N",$J23="N/A"), "N/A", IF(IFERROR(FIND("위험수용", $L23), 0), "위험수용", "미조치"))))) | Q23: =IF($J23="",IF(OR($H23="N",$H23="인터뷰"), ChkList!$F7, ""), IF(OR($J23="N",$J23="인터뷰"), ChkList!$F7, "")) -> 기관 정책에 맞게 비밀번호 사용 기간 및 복잡도 정책 설정 | R23: =IF($H23="N/A",0,VLOOKUP($F23,'parm(hidden)'!$B$8:$C$10,2,FALSE))*1 -> 3 | S23: =IFERROR(VLOOKUP($F23,'parm(hidden)'!$B$8:$C$10,2,FALSE)*VLOOKUP($H23,'parm(hidden)'!$B$15:$C$19,2,FALSE),0) -> 0 | T23: =IFERROR(VLOOKUP($F23,'parm(hidden)'!$B$8:$C$10,2,FALSE)*VLOOKUP($K23,$V$22:$W$27,2,FALSE),0) -> 0 | U23: =IF($J23="N/A",0,VLOOKUP($F23,'parm(hidden)'!$B$8:$C$10,2,FALSE))*1 -> 3 | V23: 미조치 | W23: 0
A24: =ChkList!A8 -> 계정 관리 | B24: =ChkList!B8 -> D-04 | C24: =ChkList!C8 -> 데이터베이스 관리자 권한을 꼭 필요한 계정 및 그룹에 대해서만 허용 | F24: =ChkList!D8 -> H | G24: =ChkList!E8 -> 3 | H24: Y | I24: 일반 사용자 계정에 관리자 권한 부여하지 않음 | J24: =IF(OR(ISBLANK($L24), $L24=" - 이행진단 시 평가 - "), "", IF(OR($H24="Y",$H24="N/A",$H24="Y(즉시조치)"),$H24,IF(IFERROR(FIND("양호함",$L24),0),"Y",IF(IFERROR(FIND("해당사항",$L24),0),"N/A",IF(IFERROR(FIND("해당 사항",$L24),0),"N/A","N"))))) | K24: =IF($J24="", "", IF(OR($H24="Y", $H24="N/A",$H24="Y(즉시조치)"), $H24, IF(AND($H24="N", $J24="Y"), "조치", IF(AND($H24="N",$J24="N/A"), "N/A", IF(IFERROR(FIND("위험수용", $L24), 0), "위험수용", "미조치"))))) | Q24: =IF($J24="",IF(OR($H24="N",$H24="인터뷰"), ChkList!$F8, ""), IF(OR($J24="N",$J24="인터뷰"), ChkList!$F8, "")) | R24: =IF($H24="N/A",0,VLOOKUP($F24,'parm(hidden)'!$B$8:$C$10,2,FALSE))*1 -> 3 | S24: =IFERROR(VLOOKUP($F24,'parm(hidden)'!$B$8:$C$10,2,FALSE)*VLOOKUP($H24,'parm(hidden)'!$B$15:$C$19,2,FALSE),0) -> 3 | T24: =IFERROR(VLOOKUP($F24,'parm(hidden)'!$B$8:$C$10,2,FALSE)*VLOOKUP($K24,$V$22:$W$27,2,FALSE),0) -> 0 | U24: =IF($J24="N/A",0,VLOOKUP($F24,'parm(hidden)'!$B$8:$C$10,2,FALSE))*1 -> 3 | V24: 위험수용 | W24: 0
A25: =ChkList!A9 -> 계정 관리 | B25: =ChkList!B9 -> D-05 | C25: =ChkList!C9 -> 비밀번호 재사용에 대한 제약 설정 | F25: =ChkList!D9 -> M | G25: =ChkList!E9 -> 2 | H25: N/A | I25: 해당사항 없음 | J25: =IF(OR(ISBLANK($L25), $L25=" - 이행진단 시 평가 - "), "", IF(OR($H25="Y",$H25="N/A",$H25="Y(즉시조치)"),$H25,IF(IFERROR(FIND("양호함",$L25),0),"Y",IF(IFERROR(FIND("해당사항",$L25),0),"N/A",IF(IFERROR(FIND("해당 사항",$L25),0),"N/A","N"))))) | K25: =IF($J25="", "", IF(OR($H25="Y", $H25="N/A",$H25="Y(즉시조치)"), $H25, IF(AND($H25="N", $J25="Y"), "조치", IF(AND($H25="N",$J25="N/A"), "N/A", IF(IFERROR(FIND("위험수용", $L25), 0), "위험수용", "미조치"))))) | Q25: =IF($J25="",IF(OR($H25="N",$H25="인터뷰"), ChkList!$F9, ""), IF(OR($J25="N",$J25="인터뷰"), ChkList!$F9, "")) | R25: =IF($H25="N/A",0,VLOOKUP($F25,'parm(hidden)'!$B$8:$C$10,2,FALSE))*1 -> 0 | S25: =IFERROR(VLOOKUP($F25,'parm(hidden)'!$B$8:$C$10,2,FALSE)*VLOOKUP($H25,'parm(hidden)'!$B$15:$C$19,2,FALSE),0) -> 0 | T25: =IFERROR(VLOOKUP($F25,'parm(hidden)'!$B$8:$C$10,2,FALSE)*VLOOKUP($K25,$V$22:$W$27,2,FALSE),0) -> 0 | U25: =IF($J25="N/A",0,VLOOKUP($F25,'parm(hidden)'!$B$8:$C$10,2,FALSE))*1 -> 2 | V25: N/A | W25: 0
A26: =ChkList!A10 -> 계정 관리 | B26: =ChkList!B10 -> D-06 | C26: =ChkList!C10 -> DB 사용자 계정을 개별적으로 부여하여 사용 | F26: =ChkList!D10 -> M | G26: =ChkList!E10 -> 2 | H26: Y | I26: 여러 사용자에게 공통 적용되는 role을 제외하면 사용자별로 다른 계정을 사용 중이므로 양호 | J26: =IF(OR(ISBLANK($L26), $L26=" - 이행진단 시 평가 - "), "", IF(OR($H26="Y",$H26="N/A",$H26="Y(즉시조치)"),$H26,IF(IFERROR(FIND("양호함",$L26),0),"Y",IF(IFERROR(FIND("해당사항",$L26),0),"N/A",IF(IFERROR(FIND("해당 사항",$L26),0),"N/A","N"))))) | K26: =IF($J26="", "", IF(OR($H26="Y", $H26="N/A",$H26="Y(즉시조치)"), $H26, IF(AND($H26="N", $J26="Y"), "조치", IF(AND($H26="N",$J26="N/A"), "N/A", IF(IFERROR(FIND("위험수용", $L26), 0), "위험수용", "미조치"))))) | Q26: =IF($J26="",IF(OR($H26="N",$H26="인터뷰"), ChkList!$F10, ""), IF(OR($J26="N",$J26="인터뷰"), ChkList!$F10, "")) | R26: =IF($H26="N/A",0,VLOOKUP($F26,'parm(hidden)'!$B$8:$C$10,2,FALSE))*1 -> 2 | S26: =IFERROR(VLOOKUP($F26,'parm(hidden)'!$B$8:$C$10,2,FALSE)*VLOOKUP($H26,'parm(hidden)'!$B$15:$C$19,2,FALSE),0) -> 2 | T26: =IFERROR(VLOOKUP($F26,'parm(hidden)'!$B$8:$C$10,2,FALSE)*VLOOKUP($K26,$V$22:$W$27,2,FALSE),0) -> 0 | U26: =IF($J26="N/A",0,VLOOKUP($F26,'parm(hidden)'!$B$8:$C$10,2,FALSE))*1 -> 2 | V26: Y | W26: 1
A27: =ChkList!A11 -> 계정 관리 | B27: =ChkList!B11 -> D-07 | C27: =ChkList!C11 -> root 권한으로 서비스 구동 제한 | F27: =ChkList!D11 -> M | G27: =ChkList!E11 -> 2 | H27: Y | I27: 원격에서의 DB 서버 접속 제한함 | J27: =IF(OR(ISBLANK($L27), $L27=" - 이행진단 시 평가 - "), "", IF(OR($H27="Y",$H27="N/A",$H27="Y(즉시조치)"),$H27,IF(IFERROR(FIND("양호함",$L27),0),"Y",IF(IFERROR(FIND("해당사항",$L27),0),"N/A",IF(IFERROR(FIND("해당 사항",$L27),0),"N/A","N"))))) | K27: =IF($J27="", "", IF(OR($H27="Y", $H27="N/A",$H27="Y(즉시조치)"), $H27, IF(AND($H27="N", $J27="Y"), "조치", IF(AND($H27="N",$J27="N/A"), "N/A", IF(IFERROR(FIND("위험수용", $L27), 0), "위험수용", "미조치"))))) | Q27: =IF($J27="",IF(OR($H27="N",$H27="인터뷰"), ChkList!$F11, ""), IF(OR($J27="N",$J27="인터뷰"), ChkList!$F11, "")) | R27: =IF($H27="N/A",0,VLOOKUP($F27,'parm(hidden)'!$B$8:$C$10,2,FALSE))*1 -> 2 | S27: =IFERROR(VLOOKUP($F27,'parm(hidden)'!$B$8:$C$10,2,FALSE)*VLOOKUP($H27,'parm(hidden)'!$B$15:$C$19,2,FALSE),0) -> 2 | T27: =IFERROR(VLOOKUP($F27,'parm(hidden)'!$B$8:$C$10,2,FALSE)*VLOOKUP($K27,$V$22:$W$27,2,FALSE),0) -> 0 | U27: =IF($J27="N/A",0,VLOOKUP($F27,'parm(hidden)'!$B$8:$C$10,2,FALSE))*1 -> 2 | V27: Y(즉시조치) | W27: 1
A28: =ChkList!A12 -> 계정 관리 | B28: =ChkList!B12 -> D-08 | C28: =ChkList!C12 -> 안전한 암호화 알고리즘 사용 | F28: =ChkList!D12 -> H | G28: =ChkList!E12 -> 3 | H28: Y | I28: 전역 권한을 갖는 admin, root를 제외하면 사용자 계정 중 시스템 계정에 권한을 가진 계정 없으므로 양호 | J28: =IF(OR(ISBLANK($L28), $L28=" - 이행진단 시 평가 - "), "", IF(OR($H28="Y",$H28="N/A",$H28="Y(즉시조치)"),$H28,IF(IFERROR(FIND("양호함",$L28),0),"Y",IF(IFERROR(FIND("해당사항",$L28),0),"N/A",IF(IFERROR(FIND("해당 사항",$L28),0),"N/A","N"))))) | K28: =IF($J28="", "", IF(OR($H28="Y", $H28="N/A",$H28="Y(즉시조치)"), $H28, IF(AND($H28="N", $J28="Y"), "조치", IF(AND($H28="N",$J28="N/A"), "N/A", IF(IFERROR(FIND("위험수용", $L28), 0), "위험수용", "미조치"))))) | Q28: =IF($J28="",IF(OR($H28="N",$H28="인터뷰"), ChkList!$F12, ""), IF(OR($J28="N",$J28="인터뷰"), ChkList!$F12, "")) | R28: =IF($H28="N/A",0,VLOOKUP($F28,'parm(hidden)'!$B$8:$C$10,2,FALSE))*1 -> 3 | S28: =IFERROR(VLOOKUP($F28,'parm(hidden)'!$B$8:$C$10,2,FALSE)*VLOOKUP($H28,'parm(hidden)'!$B$15:$C$19,2,FALSE),0) -> 3 | T28: =IFERROR(VLOOKUP($F28,'parm(hidden)'!$B$8:$C$10,2,FALSE)*VLOOKUP($K28,$V$22:$W$27,2,FALSE),0) -> 0 | U28: =IF($J28="N/A",0,VLOOKUP($F28,'parm(hidden)'!$B$8:$C$10,2,FALSE))*1 -> 3
A29: =ChkList!A13 -> 계정 관리 | B29: =ChkList!B13 -> D-09 | C29: =ChkList!C13 -> 일정 횟수의 로그인 실패 시 이에 대한 잠금정책 설정 | F29: =ChkList!D13 -> M | G29: =ChkList!E13 -> 2 | H29: N/A | I29: 해당사항 없음 | J29: =IF(OR(ISBLANK($L29), $L29=" - 이행진단 시 평가 - "), "", IF(OR($H29="Y",$H29="N/A",$H29="Y(즉시조치)"),$H29,IF(IFERROR(FIND("양호함",$L29),0),"Y",IF(IFERROR(FIND("해당사항",$L29),0),"N/A",IF(IFERROR(FIND("해당 사항",$L29),0),"N/A","N"))))) | K29: =IF($J29="", "", IF(OR($H29="Y", $H29="N/A",$H29="Y(즉시조치)"), $H29, IF(AND($H29="N", $J29="Y"), "조치", IF(AND($H29="N",$J29="N/A"), "N/A", IF(IFERROR(FIND("위험수용", $L29), 0), "위험수용", "미조치"))))) | Q29: =IF($J29="",IF(OR($H29="N",$H29="인터뷰"), ChkList!$F13, ""), IF(OR($J29="N",$J29="인터뷰"), ChkList!$F13, "")) | R29: =IF($H29="N/A",0,VLOOKUP($F29,'parm(hidden)'!$B$8:$C$10,2,FALSE))*1 -> 0 | S29: =IFERROR(VLOOKUP($F29,'parm(hidden)'!$B$8:$C$10,2,FALSE)*VLOOKUP($H29,'parm(hidden)'!$B$15:$C$19,2,FALSE),0) -> 0 | T29: =IFERROR(VLOOKUP($F29,'parm(hidden)'!$B$8:$C$10,2,FALSE)*VLOOKUP($K29,$V$22:$W$27,2,FALSE),0) -> 0 | U29: =IF($J29="N/A",0,VLOOKUP($F29,'parm(hidden)'!$B$8:$C$10,2,FALSE))*1 -> 2
A30: =ChkList!A14 -> 접근 관리 | B30: =ChkList!B14 -> D-10 | C30: =ChkList!C14 -> 원격에서 DB 서버로의 접속 제한 | F30: =ChkList!D14 -> H | G30: =ChkList!E14 -> 3 | H30: N/A | I30: 리눅스 운영체제 사용 중이므로 해당사항 없음 | J30: =IF(OR(ISBLANK($L30), $L30=" - 이행진단 시 평가 - "), "", IF(OR($H30="Y",$H30="N/A",$H30="Y(즉시조치)"),$H30,IF(IFERROR(FIND("양호함",$L30),0),"Y",IF(IFERROR(FIND("해당사항",$L30),0),"N/A",IF(IFERROR(FIND("해당 사항",$L30),0),"N/A","N"))))) | K30: =IF($J30="", "", IF(OR($H30="Y", $H30="N/A",$H30="Y(즉시조치)"), $H30, IF(AND($H30="N", $J30="Y"), "조치", IF(AND($H30="N",$J30="N/A"), "N/A", IF(IFERROR(FIND("위험수용", $L30), 0), "위험수용", "미조치"))))) | Q30: =IF($J30="",IF(OR($H30="N",$H30="인터뷰"), ChkList!$F14, ""), IF(OR($J30="N",$J30="인터뷰"), ChkList!$F14, "")) | R30: =IF($H30="N/A",0,VLOOKUP($F30,'parm(hidden)'!$B$8:$C$10,2,FALSE))*1 -> 0 | S30: =IFERROR(VLOOKUP($F30,'parm(hidden)'!$B$8:$C$10,2,FALSE)*VLOOKUP($H30,'parm(hidden)'!$B$15:$C$19,2,FALSE),0) -> 0 | T30: =IFERROR(VLOOKUP($F30,'parm(hidden)'!$B$8:$C$10,2,FALSE)*VLOOKUP($K30,$V$22:$W$27,2,FALSE),0) -> 0 | U30: =IF($J30="N/A",0,VLOOKUP($F30,'parm(hidden)'!$B$8:$C$10,2,FALSE))*1 -> 3
A31: =ChkList!A15 -> 접근 관리 | B31: =ChkList!B15 -> D-11 | C31: =ChkList!C15 -> DBA 이외의 인가되지 않은 사용자가 시스템 테이블에 접근할 수 없도록 설정 | F31: =ChkList!D15 -> H | G31: =ChkList!E15 -> 3 | H31: N/A | I31: 해당사항 없음 | J31: =IF(OR(ISBLANK($L31), $L31=" - 이행진단 시 평가 - "), "", IF(OR($H31="Y",$H31="N/A",$H31="Y(즉시조치)"),$H31,IF(IFERROR(FIND("양호함",$L31),0),"Y",IF(IFERROR(FIND("해당사항",$L31),0),"N/A",IF(IFERROR(FIND("해당 사항",$L31),0),"N/A","N"))))) | K31: =IF($J31="", "", IF(OR($H31="Y", $H31="N/A",$H31="Y(즉시조치)"), $H31, IF(AND($H31="N", $J31="Y"), "조치", IF(AND($H31="N",$J31="N/A"), "N/A", IF(IFERROR(FIND("위험수용", $L31), 0), "위험수용", "미조치"))))) | Q31: =IF($J31="",IF(OR($H31="N",$H31="인터뷰"), ChkList!$F15, ""), IF(OR($J31="N",$J31="인터뷰"), ChkList!$F15, "")) | R31: =IF($H31="N/A",0,VLOOKUP($F31,'parm(hidden)'!$B$8:$C$10,2,FALSE))*1 -> 0 | S31: =IFERROR(VLOOKUP($F31,'parm(hidden)'!$B$8:$C$10,2,FALSE)*VLOOKUP($H31,'parm(hidden)'!$B$15:$C$19,2,FALSE),0) -> 0 | T31: =IFERROR(VLOOKUP($F31,'parm(hidden)'!$B$8:$C$10,2,FALSE)*VLOOKUP($K31,$V$22:$W$27,2,FALSE),0) -> 0 | U31: =IF($J31="N/A",0,VLOOKUP($F31,'parm(hidden)'!$B$8:$C$10,2,FALSE))*1 -> 3
A32: =ChkList!A16 -> 접근 관리 | B32: =ChkList!B16 -> D-12 | C32: =ChkList!C16 -> 안전한 리스너 비밀번호 설정 및 사용 | F32: =ChkList!D16 -> H | G32: =ChkList!E16 -> 3 | H32: Y | I32: umask가 022 이상으로 설정되어 있으므로 양호 | J32: =IF(OR(ISBLANK($L32), $L32=" - 이행진단 시 평가 - "), "", IF(OR($H32="Y",$H32="N/A",$H32="Y(즉시조치)"),$H32,IF(IFERROR(FIND("양호함",$L32),0),"Y",IF(IFERROR(FIND("해당사항",$L32),0),"N/A",IF(IFERROR(FIND("해당 사항",$L32),0),"N/A","N"))))) | K32: =IF($J32="", "", IF(OR($H32="Y", $H32="N/A",$H32="Y(즉시조치)"), $H32, IF(AND($H32="N", $J32="Y"), "조치", IF(AND($H32="N",$J32="N/A"), "N/A", IF(IFERROR(FIND("위험수용", $L32), 0), "위험수용", "미조치"))))) | Q32: =IF($J32="",IF(OR($H32="N",$H32="인터뷰"), ChkList!$F16, ""), IF(OR($J32="N",$J32="인터뷰"), ChkList!$F16, "")) | R32: =IF($H32="N/A",0,VLOOKUP($F32,'parm(hidden)'!$B$8:$C$10,2,FALSE))*1 -> 3 | S32: =IFERROR(VLOOKUP($F32,'parm(hidden)'!$B$8:$C$10,2,FALSE)*VLOOKUP($H32,'parm(hidden)'!$B$15:$C$19,2,FALSE),0) -> 3 | T32: =IFERROR(VLOOKUP($F32,'parm(hidden)'!$B$8:$C$10,2,FALSE)*VLOOKUP($K32,$V$22:$W$27,2,FALSE),0) -> 0 | U32: =IF($J32="N/A",0,VLOOKUP($F32,'parm(hidden)'!$B$8:$C$10,2,FALSE))*1 -> 3
A33: =ChkList!A17 -> 접근 관리 | B33: =ChkList!B17 -> D-13 | C33: =ChkList!C17 -> 불필요한 ODBC/OLE-DB 데이터 소스와 드라이브를 제거하여 사용 | F33: =ChkList!D17 -> M | G33: =ChkList!E17 -> 2 | H33: Y | I33: root만 주요 파일의 수정 권한을 가지도록 설정함 | J33: =IF(OR(ISBLANK($L33), $L33=" - 이행진단 시 평가 - "), "", IF(OR($H33="Y",$H33="N/A",$H33="Y(즉시조치)"),$H33,IF(IFERROR(FIND("양호함",$L33),0),"Y",IF(IFERROR(FIND("해당사항",$L33),0),"N/A",IF(IFERROR(FIND("해당 사항",$L33),0),"N/A","N"))))) | K33: =IF($J33="", "", IF(OR($H33="Y", $H33="N/A",$H33="Y(즉시조치)"), $H33, IF(AND($H33="N", $J33="Y"), "조치", IF(AND($H33="N",$J33="N/A"), "N/A", IF(IFERROR(FIND("위험수용", $L33), 0), "위험수용", "미조치"))))) | Q33: =IF($J33="",IF(OR($H33="N",$H33="인터뷰"), ChkList!$F17, ""), IF(OR($J33="N",$J33="인터뷰"), ChkList!$F17, "")) | R33: =IF($H33="N/A",0,VLOOKUP($F33,'parm(hidden)'!$B$8:$C$10,2,FALSE))*1 -> 2 | S33: =IFERROR(VLOOKUP($F33,'parm(hidden)'!$B$8:$C$10,2,FALSE)*VLOOKUP($H33,'parm(hidden)'!$B$15:$C$19,2,FALSE),0) -> 2 | T33: =IFERROR(VLOOKUP($F33,'parm(hidden)'!$B$8:$C$10,2,FALSE)*VLOOKUP($K33,$V$22:$W$27,2,FALSE),0) -> 0 | U33: =IF($J33="N/A",0,VLOOKUP($F33,'parm(hidden)'!$B$8:$C$10,2,FALSE))*1 -> 2
A34: =ChkList!A18 -> 접근 관리 | B34: =ChkList!B18 -> D-14 | C34: =ChkList!C18 -> 데이터베이스의 주요 설정파일, 비밀번호 파일 등과 같은 주요 파일들의 접근 권한이 적절하게 설정 | F34: =ChkList!D18 -> M | G34: =ChkList!E18 -> 2 | H34: N/A | I34: 해당사항 없음 | J34: =IF(OR(ISBLANK($L34), $L34=" - 이행진단 시 평가 - "), "", IF(OR($H34="Y",$H34="N/A",$H34="Y(즉시조치)"),$H34,IF(IFERROR(FIND("양호함",$L34),0),"Y",IF(IFERROR(FIND("해당사항",$L34),0),"N/A",IF(IFERROR(FIND("해당 사항",$L34),0),"N/A","N"))))) | K34: =IF($J34="", "", IF(OR($H34="Y", $H34="N/A",$H34="Y(즉시조치)"), $H34, IF(AND($H34="N", $J34="Y"), "조치", IF(AND($H34="N",$J34="N/A"), "N/A", IF(IFERROR(FIND("위험수용", $L34), 0), "위험수용", "미조치"))))) | Q34: =IF($J34="",IF(OR($H34="N",$H34="인터뷰"), ChkList!$F18, ""), IF(OR($J34="N",$J34="인터뷰"), ChkList!$F18, "")) | R34: =IF($H34="N/A",0,VLOOKUP($F34,'parm(hidden)'!$B$8:$C$10,2,FALSE))*1 -> 0 | S34: =IFERROR(VLOOKUP($F34,'parm(hidden)'!$B$8:$C$10,2,FALSE)*VLOOKUP($H34,'parm(hidden)'!$B$15:$C$19,2,FALSE),0) -> 0 | T34: =IFERROR(VLOOKUP($F34,'parm(hidden)'!$B$8:$C$10,2,FALSE)*VLOOKUP($K34,$V$22:$W$27,2,FALSE),0) -> 0 | U34: =IF($J34="N/A",0,VLOOKUP($F34,'parm(hidden)'!$B$8:$C$10,2,FALSE))*1 -> 2
A35: =ChkList!A19 -> 접근 관리 | B35: =ChkList!B19 -> D-15 | C35: =ChkList!C19 -> 관리자 이외의 사용자가 오라클 리스너의 접속을 통해 리스너 로그 및 trace 파일에 대한 변경 제한 | F35: =ChkList!D19 -> L | G35: =ChkList!E19 -> 1 | H35: N/A | I35: 해당사항 없음 | J35: =IF(OR(ISBLANK($L35), $L35=" - 이행진단 시 평가 - "), "", IF(OR($H35="Y",$H35="N/A",$H35="Y(즉시조치)"),$H35,IF(IFERROR(FIND("양호함",$L35),0),"Y",IF(IFERROR(FIND("해당사항",$L35),0),"N/A",IF(IFERROR(FIND("해당 사항",$L35),0),"N/A","N"))))) | K35: =IF($J35="", "", IF(OR($H35="Y", $H35="N/A",$H35="Y(즉시조치)"), $H35, IF(AND($H35="N", $J35="Y"), "조치", IF(AND($H35="N",$J35="N/A"), "N/A", IF(IFERROR(FIND("위험수용", $L35), 0), "위험수용", "미조치"))))) | Q35: =IF($J35="",IF(OR($H35="N",$H35="인터뷰"), ChkList!$F19, ""), IF(OR($J35="N",$J35="인터뷰"), ChkList!$F19, "")) | R35: =IF($H35="N/A",0,VLOOKUP($F35,'parm(hidden)'!$B$8:$C$10,2,FALSE))*1 -> 0 | S35: =IFERROR(VLOOKUP($F35,'parm(hidden)'!$B$8:$C$10,2,FALSE)*VLOOKUP($H35,'parm(hidden)'!$B$15:$C$19,2,FALSE),0) -> 0 | T35: =IFERROR(VLOOKUP($F35,'parm(hidden)'!$B$8:$C$10,2,FALSE)*VLOOKUP($K35,$V$22:$W$27,2,FALSE),0) -> 0 | U35: =IF($J35="N/A",0,VLOOKUP($F35,'parm(hidden)'!$B$8:$C$10,2,FALSE))*1 -> 1
A36: =ChkList!A20 -> 접근 관리 | B36: =ChkList!B20 -> D-16 | C36: =ChkList!C20 -> Windows 인증 모드 사용 | F36: =ChkList!D20 -> L | G36: =ChkList!E20 -> 1 | H36: N/A | I36: 해당사항 없음 | J36: =IF(OR(ISBLANK($L36), $L36=" - 이행진단 시 평가 - "), "", IF(OR($H36="Y",$H36="N/A",$H36="Y(즉시조치)"),$H36,IF(IFERROR(FIND("양호함",$L36),0),"Y",IF(IFERROR(FIND("해당사항",$L36),0),"N/A",IF(IFERROR(FIND("해당 사항",$L36),0),"N/A","N"))))) | K36: =IF($J36="", "", IF(OR($H36="Y", $H36="N/A",$H36="Y(즉시조치)"), $H36, IF(AND($H36="N", $J36="Y"), "조치", IF(AND($H36="N",$J36="N/A"), "N/A", IF(IFERROR(FIND("위험수용", $L36), 0), "위험수용", "미조치"))))) | Q36: =IF($J36="",IF(OR($H36="N",$H36="인터뷰"), ChkList!$F20, ""), IF(OR($J36="N",$J36="인터뷰"), ChkList!$F20, "")) | R36: =IF($H36="N/A",0,VLOOKUP($F36,'parm(hidden)'!$B$8:$C$10,2,FALSE))*1 -> 0 | S36: =IFERROR(VLOOKUP($F36,'parm(hidden)'!$B$8:$C$10,2,FALSE)*VLOOKUP($H36,'parm(hidden)'!$B$15:$C$19,2,FALSE),0) -> 0 | T36: =IFERROR(VLOOKUP($F36,'parm(hidden)'!$B$8:$C$10,2,FALSE)*VLOOKUP($K36,$V$22:$W$27,2,FALSE),0) -> 0 | U36: =IF($J36="N/A",0,VLOOKUP($F36,'parm(hidden)'!$B$8:$C$10,2,FALSE))*1 -> 1
A37: =ChkList!A21 -> 옵션 관리 | B37: =ChkList!B21 -> D-17 | C37: =ChkList!C21 -> Audit Table은 데이터베이스 관리자 계정에 접근하도록 제한 | F37: =ChkList!D21 -> L | G37: =ChkList!E21 -> 1 | H37: N/A | I37: 해당사항 없음 | J37: =IF(OR(ISBLANK($L37), $L37=" - 이행진단 시 평가 - "), "", IF(OR($H37="Y",$H37="N/A",$H37="Y(즉시조치)"),$H37,IF(IFERROR(FIND("양호함",$L37),0),"Y",IF(IFERROR(FIND("해당사항",$L37),0),"N/A",IF(IFERROR(FIND("해당 사항",$L37),0),"N/A","N"))))) | K37: =IF($J37="", "", IF(OR($H37="Y", $H37="N/A",$H37="Y(즉시조치)"), $H37, IF(AND($H37="N", $J37="Y"), "조치", IF(AND($H37="N",$J37="N/A"), "N/A", IF(IFERROR(FIND("위험수용", $L37), 0), "위험수용", "미조치"))))) | Q37: =IF($J37="",IF(OR($H37="N",$H37="인터뷰"), ChkList!$F21, ""), IF(OR($J37="N",$J37="인터뷰"), ChkList!$F21, "")) | R37: =IF($H37="N/A",0,VLOOKUP($F37,'parm(hidden)'!$B$8:$C$10,2,FALSE))*1 -> 0 | S37: =IFERROR(VLOOKUP($F37,'parm(hidden)'!$B$8:$C$10,2,FALSE)*VLOOKUP($H37,'parm(hidden)'!$B$15:$C$19,2,FALSE),0) -> 0 | T37: =IFERROR(VLOOKUP($F37,'parm(hidden)'!$B$8:$C$10,2,FALSE)*VLOOKUP($K37,$V$22:$W$27,2,FALSE),0) -> 0 | U37: =IF($J37="N/A",0,VLOOKUP($F37,'parm(hidden)'!$B$8:$C$10,2,FALSE))*1 -> 1
A38: =ChkList!A22 -> 옵션 관리 | B38: =ChkList!B22 -> D-18 | C38: =ChkList!C22 -> 응용프로그램 또는 DBA 계정의 Role이 Public으로 설정되지 않도록 조정 | F38: =ChkList!D22 -> H | G38: =ChkList!E22 -> 3 | H38: N/A | I38: 해당사항 없음 | J38: =IF(OR(ISBLANK($L38), $L38=" - 이행진단 시 평가 - "), "", IF(OR($H38="Y",$H38="N/A",$H38="Y(즉시조치)"),$H38,IF(IFERROR(FIND("양호함",$L38),0),"Y",IF(IFERROR(FIND("해당사항",$L38),0),"N/A",IF(IFERROR(FIND("해당 사항",$L38),0),"N/A","N"))))) | K38: =IF($J38="", "", IF(OR($H38="Y", $H38="N/A",$H38="Y(즉시조치)"), $H38, IF(AND($H38="N", $J38="Y"), "조치", IF(AND($H38="N",$J38="N/A"), "N/A", IF(IFERROR(FIND("위험수용", $L38), 0), "위험수용", "미조치"))))) | Q38: =IF($J38="",IF(OR($H38="N",$H38="인터뷰"), ChkList!$F22, ""), IF(OR($J38="N",$J38="인터뷰"), ChkList!$F22, "")) | R38: =IF($H38="N/A",0,VLOOKUP($F38,'parm(hidden)'!$B$8:$C$10,2,FALSE))*1 -> 0 | S38: =IFERROR(VLOOKUP($F38,'parm(hidden)'!$B$8:$C$10,2,FALSE)*VLOOKUP($H38,'parm(hidden)'!$B$15:$C$19,2,FALSE),0) -> 0 | T38: =IFERROR(VLOOKUP($F38,'parm(hidden)'!$B$8:$C$10,2,FALSE)*VLOOKUP($K38,$V$22:$W$27,2,FALSE),0) -> 0 | U38: =IF($J38="N/A",0,VLOOKUP($F38,'parm(hidden)'!$B$8:$C$10,2,FALSE))*1 -> 3
A39: =ChkList!A23 -> 옵션 관리 | B39: =ChkList!B23 -> D-19 | C39: =ChkList!C23 -> OS_ROLES, REMOTE_OS_AUTHENTICATION, REMOTE_OS_ROLES를 FALSE로 설정 | F39: =ChkList!D23 -> H | G39: =ChkList!E23 -> 3 | H39: Y | I39: grant_priv 권한이 있는 일반 사용자 계정 없으므로 양호 | J39: =IF(OR(ISBLANK($L39), $L39=" - 이행진단 시 평가 - "), "", IF(OR($H39="Y",$H39="N/A",$H39="Y(즉시조치)"),$H39,IF(IFERROR(FIND("양호함",$L39),0),"Y",IF(IFERROR(FIND("해당사항",$L39),0),"N/A",IF(IFERROR(FIND("해당 사항",$L39),0),"N/A","N"))))) | K39: =IF($J39="", "", IF(OR($H39="Y", $H39="N/A",$H39="Y(즉시조치)"), $H39, IF(AND($H39="N", $J39="Y"), "조치", IF(AND($H39="N",$J39="N/A"), "N/A", IF(IFERROR(FIND("위험수용", $L39), 0), "위험수용", "미조치"))))) | Q39: =IF($J39="",IF(OR($H39="N",$H39="인터뷰"), ChkList!$F23, ""), IF(OR($J39="N",$J39="인터뷰"), ChkList!$F23, "")) | R39: =IF($H39="N/A",0,VLOOKUP($F39,'parm(hidden)'!$B$8:$C$10,2,FALSE))*1 -> 3 | S39: =IFERROR(VLOOKUP($F39,'parm(hidden)'!$B$8:$C$10,2,FALSE)*VLOOKUP($H39,'parm(hidden)'!$B$15:$C$19,2,FALSE),0) -> 3 | T39: =IFERROR(VLOOKUP($F39,'parm(hidden)'!$B$8:$C$10,2,FALSE)*VLOOKUP($K39,$V$22:$W$27,2,FALSE),0) -> 0 | U39: =IF($J39="N/A",0,VLOOKUP($F39,'parm(hidden)'!$B$8:$C$10,2,FALSE))*1 -> 3
... A44: =ChkList!A28 -> 옵션 관리 | B44: =ChkList!B28 -> D-24 | C44: =ChkList!C28 -> Registry Procedure 권한 제한 | F44: =ChkList!D28 -> H | G44: =ChkList!E28 -> 3 | H44: N/A | I44: Audit Table 사용하지 않음 | J44: =IF(OR(ISBLANK($L44), $L44=" - 이행진단 시 평가 - "), "", IF(OR($H44="Y",$H44="N/A",$H44="Y(즉시조치)"),$H44,IF(IFERROR(FIND("양호함",$L44),0),"Y",IF(IFERROR(FIND("해당사항",$L44),0),"N/A",IF(IFERROR(FIND("해당 사항",$L44),0),"N/A","N"))))) | K44: =IF($J44="", "", IF(OR($H44="Y", $H44="N/A",$H44="Y(즉시조치)"), $H44, IF(AND($H44="N", $J44="Y"), "조치", IF(AND($H44="N",$J44="N/A"), "N/A", IF(IFERROR(FIND("위험수용", $L44), 0), "위험수용", "미조치"))))) | Q44: =IF($J44="",IF(OR($H44="N",$H44="인터뷰"), ChkList!$F28, ""), IF(OR($J44="N",$J44="인터뷰"), ChkList!$F28, "")) | R44: =IF($H44="N/A",0,VLOOKUP($F44,'parm(hidden)'!$B$8:$C$10,2,FALSE))*1 -> 0 | S44: =IFERROR(VLOOKUP($F44,'parm(hidden)'!$B$8:$C$10,2,FALSE)*VLOOKUP($H44,'parm(hidden)'!$B$15:$C$19,2,FALSE),0) -> 0 | T44: =IFERROR(VLOOKUP($F44,'parm(hidden)'!$B$8:$C$10,2,FALSE)*VLOOKUP($K44,$V$22:$W$27,2,FALSE),0) -> 0 | U44: =IF($J44="N/A",0,VLOOKUP($F44,'parm(hidden)'!$B$8:$C$10,2,FALSE))*1 -> 3
A45: =ChkList!A29 -> 패치 관리 | B45: =ChkList!B29 -> D-25 | C45: =ChkList!C29 -> 주기적 보안 패치 및 벤더 권고 사항 적용 | F45: =ChkList!D29 -> H | G45: =ChkList!E29 -> 3
A46: =ChkList!A30 -> 패치 관리 | B46: =ChkList!B30 -> D-26 | C46: =ChkList!C30 -> 데이터베이스의 접근, 변경, 삭제 등의 감사 기록이 기관의 감사 기록 정책에 적합하도록 설정 | F46: =ChkList!D30 -> H | G46: =ChkList!E30 -> 3

Sheet BDB_BR_Rocky
A1: ="■ " & $B$4 & " 상세 진단결과" -> ■ BDB_BR_Rocky 상세 진단결과
A3: 1) 시스템 현황 | R3: ※ 자산 평가
A4: HostName | B4: =REPLACE(CELL("filename",A1),1,FIND("]",CELL("filename",A1)),"") -> BDB_BR_Rocky | D4: 운영자산 명 | F4: =IFERROR(VLOOKUP($B$4,자산목록!$B$1:$Q$832,8,FALSE),"N/A") -> 본사 DB 데이터 백업 | R4: 기밀성 | S4: =IFERROR(VLOOKUP($B$4,자산목록!$B$1:$Q$832,13,FALSE),"N/A") -> 3 | T4: 자산등급 | U4: =IFERROR(VLOOKUP($B$4,자산목록!$B$1:$Q$832,16,FALSE),"N/A") -> H
A5: OS 종류 및 버전 | B5: =IFERROR(VLOOKUP($B$4,자산목록!$B$1:$Q$832,6,FALSE)&" "&VLOOKUP($B$4,자산목록!$B$1:$Q$832,7,FALSE),"N/A") -> MariaDB Server 10.3.39 | D5: IP Address | F5: =IFERROR(VLOOKUP($B$4,자산목록!$B$1:$Q$832,2,FALSE),"N/A") -> 10.200.40.33 | R5: 무결성 | S5: =IFERROR(VLOOKUP($B$4,자산목록!$B$1:$Q$832,14,FALSE),"N/A") -> 3
A6: 담당자 | B6: =IFERROR(VLOOKUP($B$4,자산목록!$B$1:$Q$832,11,FALSE),"N/A") -> 김승우 | D6: 설치 위치 | F6: =IFERROR(VLOOKUP($B$4,자산목록!$B$1:$Q$832,9,FALSE),"N/A") -> 지사 백업 서버망 | R6: 가용성 | S6: =IFERROR(VLOOKUP($B$4,자산목록!$B$1:$Q$832,15,FALSE),"N/A") -> 3
A8: 2) 진단 결과
A9: ① 부분별 진단 결과
A10: 분류 | D10: 본진단 결과 (이행 전) | I10: 영역별 수준 그래프 | J10: 이행 결과 | R10: 결과 점수 | V10: 영역별 수준 그래프
D11: 전체 | E11: 양호 | F11: 취약 | G11: N/A | H11: 수준 | J11: 조치 | K11: 미조치 | L11: 위험수용 | M11: N/A | N11: 이행율 | O11: 수준 | R11: 전체점수(이행 전) | S11: 평가점수 (이행 전) | T11: 평가점수 (이행 후) | U11: 전체점수(이행 후) | V11: 분류 | X11: 본진단 결과 (이행 전) | Y11: 이행 결과
A12: 계정 관리 | D12: =COUNTIF($A$21:INDIRECT(ADDRESS(MATCH("",$A:$A,-1),1,1,1)),$A12) -> 9 | E12: =COUNTIFS($A$21:INDIRECT(ADDRESS(MATCH("",$A:$A,-1),1,1,1)),$A12,$H$21:INDIRECT(ADDRESS(MATCH("",$A:$A,-1),8,1,1)),"Y")+COUNTIFS($A$21:INDIRECT(ADDRESS(MATCH("",$A:$A,-1),1,1,1)),$A12,$H$21:INDIRECT(ADDRESS(MATCH("",$A:$A,-1),8,1,1)),"Y(즉시조치)") -> 7 | F12: =COUNTIFS($A$21:INDIRECT(ADDRESS(MATCH("",$A:$A,-1),1,1,1)),$A12&"*",$H$21:INDIRECT(ADDRESS(MATCH("",$A:$A,-1),8,1,1)),"N") -> 0 | G12: =COUNTIFS($A$21:INDIRECT(ADDRESS(MATCH("",$A:$A,-1),1,1,1)),$A12&"*",$H$21:INDIRECT(ADDRESS(MATCH("",$A:$A,-1),8,1,1)),"N/A") -> 2 | H12: =IF($G12=$D12, "N/A", (S12/R12)) -> 1 | J12: =COUNTIFS($A$21:INDIRECT(ADDRESS(MATCH("",$A:$A,-1),1,1,1)),$A12,$K$21:INDIRECT(ADDRESS(MATCH("",$B:$B,-1),11,1,1)),"조치") -> 0 | K12: =COUNTIFS($A$21:INDIRECT(ADDRESS(MATCH("",$A:$A,-1),1,1,1)),$A12,$K$21:INDIRECT(ADDRESS(MATCH("",$B:$B,-1),11,1,1)),"미조치") -> 0 | L12: =COUNTIFS($A$21:INDIRECT(ADDRESS(MATCH("",$A:$A,-1),1,1,1)),$A12,$K$21:INDIRECT(ADDRESS(MATCH("",$B:$B,-1),11,1,1)),"위험수용") -> 0 | M12: =COUNTIFS($A$21:INDIRECT(ADDRESS(MATCH("",$A:$A,-1),1,1,1)),$A12,$K$21:INDIRECT(ADDRESS(MATCH("",$B:$B,-1),11,1,1)),"N/A") -> 0 | N12: =IFERROR($J12/($F12-(M12-G12)),"N/A") -> 0 | O12: =IF(OR($G12=$D12,$D12=$M12),"N/A", ($T12/$U12)) -> 0 | R12: =SUMIF($A$21:INDIRECT(ADDRESS(MATCH("",$A:$A,-1),1,1,1)),$A12,$R$21:INDIRECT(ADDRESS(MATCH("",$A:$A,-1),18,1,1))) -> 19 | S12: =SUMIF($A$21:INDIRECT(ADDRESS(MATCH("",$A:$A,-1),1,1,1)),$A12,$S$21:INDIRECT(ADDRESS(MATCH("",$A:$A,-1),19,1,1))) -> 19 | T12: =SUMIF($A$21:INDIRECT(ADDRESS(MATCH("",$A:$A,-1),1,1,1)),$A12,$T$21:INDIRECT(ADDRESS(MATCH("",$A:$A,-1),20,1,1))) -> 0 | U12: =SUMIF($A$21:INDIRECT(ADDRESS(MATCH("",$A:$A,-1),2,1,1)),$A12&"*",$U$21:INDIRECT(ADDRESS(MATCH("",$A:$A,-1),21,1,1))) -> 23 | V12: =B12 -> 0 | X12: =H12 -> 1 | Y12: =O12 -> 0
A13: 접근 관리 | D13: =COUNTIF($A$21:INDIRECT(ADDRESS(MATCH("",$A:$A,-1),1,1,1)),$A13) -> 7 | E13: =COUNTIFS($A$21:INDIRECT(ADDRESS(MATCH("",$A:$A,-1),1,1,1)),$A13,$H$21:INDIRECT(ADDRESS(MATCH("",$A:$A,-1),8,1,1)),"Y")+COUNTIFS($A$21:INDIRECT(ADDRESS(MATCH("",$A:$A,-1),1,1,1)),$A13,$H$21:INDIRECT(ADDRESS(MATCH("",$A:$A,-1),8,1,1)),"Y(즉시조치)") -> 2 | F13: =COUNTIFS($A$21:INDIRECT(ADDRESS(MATCH("",$A:$A,-1),1,1,1)),$A13&"*",$H$21:INDIRECT(ADDRESS(MATCH("",$A:$A,-1),8,1,1)),"N") -> 0 | G13: =COUNTIFS($A$21:INDIRECT(ADDRESS(MATCH("",$A:$A,-1),1,1,1)),$A13&"*",$H$21:INDIRECT(ADDRESS(MATCH("",$A:$A,-1),8,1,1)),"N/A") -> 5 | H13: =IF($G13=$D13, "N/A", (S13/R13)) -> 0.4 | J13: =COUNTIFS($A$21:INDIRECT(ADDRESS(MATCH("",$A:$A,-1),1,1,1)),$A13,$K$21:INDIRECT(ADDRESS(MATCH("",$B:$B,-1),11,1,1)),"조치") -> 0 | K13: =COUNTIFS($A$21:INDIRECT(ADDRESS(MATCH("",$A:$A,-1),1,1,1)),$A13,$K$21:INDIRECT(ADDRESS(MATCH("",$B:$B,-1),11,1,1)),"미조치") -> 0 | L13: =COUNTIFS($A$21:INDIRECT(ADDRESS(MATCH("",$A:$A,-1),1,1,1)),$A13,$K$21:INDIRECT(ADDRESS(MATCH("",$B:$B,-1),11,1,1)),"위험수용") -> 0 | M13: =COUNTIFS($A$21:INDIRECT(ADDRESS(MATCH("",$A:$A,-1),1,1,1)),$A13,$K$21:INDIRECT(ADDRESS(MATCH("",$B:$B,-1),11,1,1)),"N/A") -> 0 | N13: =IFERROR($J13/($F13-(M13-G13)),"N/A") -> 0 | O13: =IF(OR($G13=$D13,$D13=$M13),"N/A", ($T13/$U13)) -> 0 | R13: =SUMIF($A$21:INDIRECT(ADDRESS(MATCH("",$A:$A,-1),1,1,1)),$A13,$R$21:INDIRECT(ADDRESS(MATCH("",$A:$A,-1),18,1,1))) -> 5 | S13: =SUMIF($A$21:INDIRECT(ADDRESS(MATCH("",$A:$A,-1),1,1,1)),$A13,$S$21:INDIRECT(ADDRESS(MATCH("",$A:$A,-1),19,1,1))) -> 2 | T13: =SUMIF($A$21:INDIRECT(ADDRESS(MATCH("",$A:$A,-1),1,1,1)),$A13,$T$21:INDIRECT(ADDRESS(MATCH("",$A:$A,-1),20,1,1))) -> 0 | U13: =SUMIF($A$21:INDIRECT(ADDRESS(MATCH("",$A:$A,-1),2,1,1)),$A13&"*",$U$21:INDIRECT(ADDRESS(MATCH("",$A:$A,-1),21,1,1))) -> 15 | V13: =B13 -> 0 | X13: =H13 -> 0.4 | Y13: =O13 -> 0
A14: 옵션 관리 | D14: =COUNTIF($A$21:INDIRECT(ADDRESS(MATCH("",$A:$A,-1),1,1,1)),$A14) -> 8 | E14: =COUNTIFS($A$21:INDIRECT(ADDRESS(MATCH("",$A:$A,-1),1,1,1)),$A14,$H$21:INDIRECT(ADDRESS(MATCH("",$A:$A,-1),8,1,1)),"Y")+COUNTIFS($A$21:INDIRECT(ADDRESS(MATCH("",$A:$A,-1),1,1,1)),$A14,$H$21:INDIRECT(ADDRESS(MATCH("",$A:$A,-1),8,1,1)),"Y(즉시조치)") -> 2 | F14: =COUNTIFS($A$21:INDIRECT(ADDRESS(MATCH("",$A:$A,-1),1,1,1)),$A14&"*",$H$21:INDIRECT(ADDRESS(MATCH("",$A:$A,-1),8,1,1)),"N") -> 0 | G14: =COUNTIFS($A$21:INDIRECT(ADDRESS(MATCH("",$A:$A,-1),1,1,1)),$A14&"*",$H$21:INDIRECT(ADDRESS(MATCH("",$A:$A,-1),8,1,1)),"N/A") -> 5 | H14: =IF($G14=$D14, "N/A", (S14/R14)) -> 0.75 | J14: =COUNTIFS($A$21:INDIRECT(ADDRESS(MATCH("",$A:$A,-1),1,1,1)),$A14,$K$21:INDIRECT(ADDRESS(MATCH("",$B:$B,-1),11,1,1)),"조치") -> 0 | K14: =COUNTIFS($A$21:INDIRECT(ADDRESS(MATCH("",$A:$A,-1),1,1,1)),$A14,$K$21:INDIRECT(ADDRESS(MATCH("",$B:$B,-1),11,1,1)),"미조치") -> 0 | L14: =COUNTIFS($A$21:INDIRECT(ADDRESS(MATCH("",$A:$A,-1),1,1,1)),$A14,$K$21:INDIRECT(ADDRESS(MATCH("",$B:$B,-1),11,1,1)),"위험수용") -> 0 | M14: =COUNTIFS($A$21:INDIRECT(ADDRESS(MATCH("",$A:$A,-1),1,1,1)),$A14,$K$21:INDIRECT(ADDRESS(MATCH("",$B:$B,-1),11,1,1)),"N/A") -> 0 | N14: =IFERROR($J14/($F14-(M14-G14)),"N/A") -> 0 | O14: =IF(OR($G14=$D14,$D14=$M14),"N/A", ($T14/$U14)) -> 0 | R14: =SUMIF($A$21:INDIRECT(ADDRESS(MATCH("",$A:$A,-1),1,1,1)),$A14,$R$21:INDIRECT(ADDRESS(MATCH("",$A:$A,-1),18,1,1))) -> 8 | S14: =SUMIF($A$21:INDIRECT(ADDRESS(MATCH("",$A:$A,-1),1,1,1)),$A14,$S$21:INDIRECT(ADDRESS(MATCH("",$A:$A,-1),19,1,1))) -> 6 | T14: =SUMIF($A$21:INDIRECT(ADDRESS(MATCH("",$A:$A,-1),1,1,1)),$A14,$T$21:INDIRECT(ADDRESS(MATCH("",$A:$A,-1),20,1,1))) -> 0 | U14: =SUMIF($A$21:INDIRECT(ADDRESS(MATCH("",$A:$A,-1),2,1,1)),$A14&"*",$U$21:INDIRECT(ADDRESS(MATCH("",$A:$A,-1),21,1,1))) -> 17 | V14: =B14 -> 0 | X14: =H14 -> 0.75 | Y14: =O14 -> 0
A15: 패치 관리 | D15: =COUNTIF($A$21:INDIRECT(ADDRESS(MATCH("",$A:$A,-1),1,1,1)),$A15) -> 2 | E15: =COUNTIFS($A$21:INDIRECT(ADDRESS(MATCH("",$A:$A,-1),1,1,1)),$A15,$H$21:INDIRECT(ADDRESS(MATCH("",$A:$A,-1),8,1,1)),"Y")+COUNTIFS($A$21:INDIRECT(ADDRESS(MATCH("",$A:$A,-1),1,1,1)),$A15,$H$21:INDIRECT(ADDRESS(MATCH("",$A:$A,-1),8,1,1)),"Y(즉시조치)") -> 0 | F15: =COUNTIFS($A$21:INDIRECT(ADDRESS(MATCH("",$A:$A,-1),1,1,1)),$A15&"*",$H$21:INDIRECT(ADDRESS(MATCH("",$A:$A,-1),8,1,1)),"N") -> 0 | G15: =COUNTIFS($A$21:INDIRECT(ADDRESS(MATCH("",$A:$A,-1),1,1,1)),$A15&"*",$H$21:INDIRECT(ADDRESS(MATCH("",$A:$A,-1),8,1,1)),"N/A") -> 0 | H15: =IF($G15=$D15, "N/A", (S15/R15)) -> #DIV/0! | J15: =COUNTIFS($A$21:INDIRECT(ADDRESS(MATCH("",$A:$A,-1),1,1,1)),$A15,$K$21:INDIRECT(ADDRESS(MATCH("",$B:$B,-1),11,1,1)),"조치") -> 0 | K15: =COUNTIFS($A$21:INDIRECT(ADDRESS(MATCH("",$A:$A,-1),1,1,1)),$A15,$K$21:INDIRECT(ADDRESS(MATCH("",$B:$B,-1),11,1,1)),"미조치") -> 0 | L15: =COUNTIFS($A$21:INDIRECT(ADDRESS(MATCH("",$A:$A,-1),1,1,1)),$A15,$K$21:INDIRECT(ADDRESS(MATCH("",$B:$B,-1),11,1,1)),"위험수용") -> 0 | M15: =COUNTIFS($A$21:INDIRECT(ADDRESS(MATCH("",$A:$A,-1),1,1,1)),$A15,$K$21:INDIRECT(ADDRESS(MATCH("",$B:$B,-1),11,1,1)),"N/A") -> 0 | N15: =IFERROR($J15/($F15-(M15-G15)),"N/A") -> N/A | O15: =IF(OR($G15=$D15,$D15=$M15),"N/A", ($T15/$U15)) -> #DIV/0! | R15: =SUMIF($A$21:INDIRECT(ADDRESS(MATCH("",$A:$A,-1),1,1,1)),$A15,$R$21:INDIRECT(ADDRESS(MATCH("",$A:$A,-1),18,1,1))) -> 0 | S15: =SUMIF($A$21:INDIRECT(ADDRESS(MATCH("",$A:$A,-1),1,1,1)),$A15,$S$21:INDIRECT(ADDRESS(MATCH("",$A:$A,-1),19,1,1))) -> 0 | T15: =SUMIF($A$21:INDIRECT(ADDRESS(MATCH("",$A:$A,-1),1,1,1)),$A15,$T$21:INDIRECT(ADDRESS(MATCH("",$A:$A,-1),20,1,1))) -> 0 | U15: =SUMIF($A$21:INDIRECT(ADDRESS(MATCH("",$A:$A,-1),2,1,1)),$A15&"*",$U$21:INDIRECT(ADDRESS(MATCH("",$A:$A,-1),21,1,1))) -> 0 | V15: =B15 -> 0 | X15: =H15 -> #DIV/0! | Y15: =O15 -> #DIV/0!
A16: 로그 관리 | D16: =COUNTIF($A$21:INDIRECT(ADDRESS(MATCH("",$A:$A,-1),1,1,1)),$A16) -> 0 | E16: =COUNTIFS($A$21:INDIRECT(ADDRESS(MATCH("",$A:$A,-1),1,1,1)),$A16,$H$21:INDIRECT(ADDRESS(MATCH("",$A:$A,-1),8,1,1)),"Y")+COUNTIFS($A$21:INDIRECT(ADDRESS(MATCH("",$A:$A,-1),1,1,1)),$A16,$H$21:INDIRECT(ADDRESS(MATCH("",$A:$A,-1),8,1,1)),"Y(즉시조치)") -> 0 | F16: =COUNTIFS($A$21:INDIRECT(ADDRESS(MATCH("",$A:$A,-1),1,1,1)),$A16&"*",$H$21:INDIRECT(ADDRESS(MATCH("",$A:$A,-1),8,1,1)),"N") -> 0 | G16: =COUNTIFS($A$21:INDIRECT(ADDRESS(MATCH("",$A:$A,-1),1,1,1)),$A16&"*",$H$21:INDIRECT(ADDRESS(MATCH("",$A:$A,-1),8,1,1)),"N/A") -> 0 | H16: =IF($G16=$D16, "N/A", (S16/R16)) -> N/A | J16: =COUNTIFS($A$21:INDIRECT(ADDRESS(MATCH("",$A:$A,-1),1,1,1)),$A16,$K$21:INDIRECT(ADDRESS(MATCH("",$B:$B,-1),11,1,1)),"조치") -> 0 | K16: =COUNTIFS($A$21:INDIRECT(ADDRESS(MATCH("",$A:$A,-1),1,1,1)),$A16,$K$21:INDIRECT(ADDRESS(MATCH("",$B:$B,-1),11,1,1)),"미조치") -> 0 | L16: =COUNTIFS($A$21:INDIRECT(ADDRESS(MATCH("",$A:$A,-1),1,1,1)),$A16,$K$21:INDIRECT(ADDRESS(MATCH("",$B:$B,-1),11,1,1)),"위험수용") -> 0 | M16: =COUNTIFS($A$21:INDIRECT(ADDRESS(MATCH("",$A:$A,-1),1,1,1)),$A16,$K$21:INDIRECT(ADDRESS(MATCH("",$B:$B,-1),11,1,1)),"N/A") -> 0 | N16: =IFERROR($J16/($F16-(M16-G16)),"N/A") -> N/A | O16: =IF(OR($G16=$D16,$D16=$M16),"N/A", ($T16/$U16)) -> N/A | R16: =SUMIF($A$21:INDIRECT(ADDRESS(MATCH("",$A:$A,-1),1,1,1)),$A16,$R$21:INDIRECT(ADDRESS(MATCH("",$A:$A,-1),18,1,1))) -> 0 | S16: =SUMIF($A$21:INDIRECT(ADDRESS(MATCH("",$A:$A,-1),1,1,1)),$A16,$S$21:INDIRECT(ADDRESS(MATCH("",$A:$A,-1),19,1,1))) -> 0 | T16: =SUMIF($A$21:INDIRECT(ADDRESS(MATCH("",$A:$A,-1),1,1,1)),$A16,$T$21:INDIRECT(ADDRESS(MATCH("",$A:$A,-1),20,1,1))) -> 0 | U16: =SUMIF($A$21:INDIRECT(ADDRESS(MATCH("",$A:$A,-1),2,1,1)),$A16&"*",$U$21:INDIRECT(ADDRESS(MATCH("",$A:$A,-1),21,1,1))) -> 0 | V16: =B16 -> 0 | X16: =H16 -> N/A | Y16: =O16 -> N/A
A17: 전체 보안 수준 | D17: =SUM(D12:D16) -> 26 | E17: =SUM(E12:E16) -> 11 | F17: =SUM(F12:F16) -> 0 | G17: =SUM(G12:G16) -> 12 | H17: =IF($G17=$D17, "N/A", (S17/R17)) -> 0.84375 | J17: =SUM(J12:J16) -> 0 | K17: =SUM(K12:K16) -> 0 | L17: =SUM(L12:L16) -> 0 | M17: =SUM(M12:M16) -> 0 | N17: =IF($O17="N/A","N/A",IFERROR($J17/($F17-(M17-G17)),"N/A")) -> 0 | O17: =IF($G17=$D17, "N/A", IFERROR((T17/U17),"N/A")) -> 0 | R17: =SUM(R12:R16) -> 32 | S17: =SUM(S12:S16) -> 27 | T17: =SUM(T12:T16) -> 0 | U17: =SUM(U12:U16) -> 55 | V17: 전채 보안 수준 | X17: =H17 -> 0.84375 | Y17: =O17 -> 0
A19: ② 상세 진단 현황 | R19: HIDDEN 필드입니다
A20: 분류 | C20: 진단 항목 | F20: 중요도 | H20: 진단 결과 | I20: 현황 및 문제점 | J20: 이행 결과 | K20: 이행여부 | L20: 조치 현황 | Q20: 개선방안 및 보호대책 | R20: 전체점수(이행전) | S20: 평가점수 (이행 전) | T20: 평가점수 (이행 후) | U20: 전체점수(이행 후) | V20: 이행 결과
A21: =ChkList!A5 -> 계정 관리 | B21: =ChkList!B5 -> D-01 | C21: =ChkList!C5 -> 기본 계정의 비밀번호, 정책 등을 변경하여 사용 | F21: =ChkList!D5 -> H | G21: =ChkList!E5 -> 3 | H21: Y | I21: 디폴트 패스워드 변경됨, root 계정으로 비밀번호 없이 로그인 불가능 | J21: =IF(OR(ISBLANK($L21), $L21=" - 이행진단 시 평가 - "), "", IF(OR($H21="Y",$H21="N/A",$H21="Y(즉시조치)"),$H21,IF(IFERROR(FIND("양호함",$L21),0),"Y",IF(IFERROR(FIND("해당사항",$L21),0),"N/A",IF(IFERROR(FIND("해당 사항",$L21),0),"N/A","N"))))) | K21: =IF($J21="", "", IF(OR($H21="Y", $H21="N/A",$H21="Y(즉시조치)"), $H21, IF(AND($H21="N", $J21="Y"), "조치", IF(AND($H21="N",$J21="N/A"), "N/A", IF(IFERROR(FIND("위험수용", $L21), 0), "위험수용", "미조치"))))) | Q21: =IF($J21="",IF(OR($H21="N",$H21="인터뷰"), ChkList!$F5, ""), IF(OR($J21="N",$J21="인터뷰"), ChkList!$F5, "")) | R21: =IF($H21="N/A",0,VLOOKUP($F21,'parm(hidden)'!$B$8:$C$10,2,FALSE))*1 -> 3 | S21: =IFERROR(VLOOKUP($F21,'parm(hidden)'!$B$8:$C$10,2,FALSE)*VLOOKUP($H21,'parm(hidden)'!$B$15:$C$19,2,FALSE),0) -> 3 | T21: =IFERROR(VLOOKUP($F21,'parm(hidden)'!$B$8:$C$10,2,FALSE)*VLOOKUP($K21,$V$22:$W$27,2,FALSE),0) -> 0 | U21: =IF($J21="N/A",0,VLOOKUP($F21,'parm(hidden)'!$B$8:$C$10,2,FALSE))*1 -> 3 | V21: 결과 | W21: 점수
A22: =ChkList!A6 -> 계정 관리 | B22: =ChkList!B6 -> D-02 | C22: =ChkList!C6 -> 데이터베이스의 불필요 계정을 제거하거나, 잠금설정 후 사용 | F22: =ChkList!D6 -> H | G22: =ChkList!E6 -> 3 | H22: Y | I22: 기본 계정, 직원용 계정 외 미사용 계정 없으므로 양호 root, br_cont_dev, admin, br_dev_1, br_dev_2. br_dev_3, br_dev_4, br_dev_5 | J22: =IF(OR(ISBLANK($L22), $L22=" - 이행진단 시 평가 - "), "", IF(OR($H22="Y",$H22="N/A",$H22="Y(즉시조치)"),$H22,IF(IFERROR(FIND("양호함",$L22),0),"Y",IF(IFERROR(FIND("해당사항",$L22),0),"N/A",IF(IFERROR(FIND("해당 사항",$L22),0),"N/A","N"))))) | K22: =IF($J22="", "", IF(OR($H22="Y", $H22="N/A",$H22="Y(즉시조치)"), $H22, IF(AND($H22="N", $J22="Y"), "조치", IF(AND($H22="N",$J22="N/A"), "N/A", IF(IFERROR(FIND("위험수용", $L22), 0), "위험수용", "미조치"))))) | Q22: =IF($J22="",IF(OR($H22="N",$H22="인터뷰"), ChkList!$F6, ""), IF(OR($J22="N",$J22="인터뷰"), ChkList!$F6, "")) | R22: =IF($H22="N/A",0,VLOOKUP($F22,'parm(hidden)'!$B$8:$C$10,2,FALSE))*1 -> 3 | S22: =IFERROR(VLOOKUP($F22,'parm(hidden)'!$B$8:$C$10,2,FALSE)*VLOOKUP($H22,'parm(hidden)'!$B$15:$C$19,2,FALSE),0) -> 3 | T22: =IFERROR(VLOOKUP($F22,'parm(hidden)'!$B$8:$C$10,2,FALSE)*VLOOKUP($K22,$V$22:$W$27,2,FALSE),0) -> 0 | U22: =IF($J22="N/A",0,VLOOKUP($F22,'parm(hidden)'!$B$8:$C$10,2,FALSE))*1 -> 3 | V22: 조치 | W22: 1
